0.0192967;-0.303736;-0.397139
0.0194382;-0.303736;-0.397092
0.01958;-0.303736;-0.397045
0.0191476;-0.303197;-0.397508
0.019757;-0.303197;-0.3973
0.0203692;-0.303197;-0.397092
0.0190547;-0.302657;-0.397876
0.0201065;-0.302657;-0.397507
0.0211654;-0.302657;-0.397139
0.0227116;-0.326437;-0.378613
0.0232982;-0.326437;-0.3784
0.0238872;-0.326437;-0.378187
0.0224963;-0.324241;-0.380285
0.0249527;-0.324241;-0.379342
0.0274444;-0.324241;-0.378399
0.0225802;-0.322045;-0.381947
0.0267292;-0.322045;-0.380279
0.030957;-0.322045;-0.37861
0.0248843;-0.303736;-0.3949
0.0421148;-0.303736;-0.387578
0.0581549;-0.303736;-0.380256
0.0257867;-0.303197;-0.3949
0.0429578;-0.303197;-0.387578
0.0589748;-0.303197;-0.380256
0.0266869;-0.302657;-0.3949
0.0437936;-0.302657;-0.387578
0.0597888;-0.302657;-0.380256
0.0230734;-0.319433;-0.383862
0.0290382;-0.319433;-0.381358
0.0350879;-0.319433;-0.378854
0.0244298;-0.31265;-0.388734
0.0351124;-0.31265;-0.384103
0.0454893;-0.31265;-0.379472
0.0246828;-0.305867;-0.393522
0.0404839;-0.305867;-0.386801
0.055232;-0.305867;-0.380081
0.0306836;-0.378613;-0.326437
0.0312793;-0.3784;-0.326437
0.0318786;-0.378187;-0.326437
0.0303901;-0.380285;-0.324241
0.0327692;-0.379342;-0.324241
0.035227;-0.378399;-0.324241
0.0307572;-0.381947;-0.322045
0.0344559;-0.380279;-0.322045
0.0384777;-0.37861;-0.322045
0.0335469;-0.397139;-0.303736
0.0336918;-0.397092;-0.303736
0.0338373;-0.397045;-0.303736
0.0338337;-0.397508;-0.303197
0.0344204;-0.3973;-0.303197
0.0350171;-0.397092;-0.303197
0.0343645;-0.397876;-0.302657
0.0353013;-0.397507;-0.302657
0.0362712;-0.397139;-0.302657
0.0384001;-0.3949;-0.303736
0.0538152;-0.387578;-0.303736
0.0691218;-0.380256;-0.303736
0.039513;-0.3949;-0.303197
0.0545318;-0.387578;-0.303197
0.0698845;-0.380256;-0.303197
0.0406546;-0.3949;-0.302657
0.0552358;-0.387578;-0.302657
0.0706336;-0.380256;-0.302657
0.0331378;-0.383862;-0.319433
0.0379854;-0.381358;-0.319433
0.0432881;-0.378854;-0.319433
0.0375662;-0.388734;-0.31265
0.0471108;-0.384103;-0.31265
0.0558208;-0.379472;-0.31265
0.0375029;-0.393522;-0.305867
0.0525343;-0.386801;-0.305867
0.0663177;-0.380081;-0.305867
0.0257089;-0.346897;-0.359929
0.0264191;-0.346897;-0.359619
0.0271274;-0.346897;-0.359309
0.0259968;-0.344023;-0.36236
0.0291368;-0.344023;-0.360989
0.0322392;-0.344023;-0.359618
0.0264024;-0.341149;-0.364771
0.0319126;-0.341149;-0.362348
0.0373181;-0.341149;-0.359924
0.0278475;-0.359929;-0.346897
0.0285653;-0.359619;-0.346897
0.0292854;-0.359309;-0.346897
0.0287294;-0.36236;-0.344023
0.0317091;-0.360989;-0.344023
0.034705;-0.359618;-0.344023
0.0299264;-0.364771;-0.341149
0.0350112;-0.362348;-0.341149
0.0400762;-0.359924;-0.341149
0.0340744;-0.357088;-0.346897
0.0488583;-0.349766;-0.346897
0.0621708;-0.342443;-0.346897
0.0400601;-0.357088;-0.344023
0.0545396;-0.349766;-0.344023
0.0676035;-0.342443;-0.344023
0.0458834;-0.357088;-0.341149
0.0599824;-0.349766;-0.341149
0.0728367;-0.342443;-0.341149
0.0280609;-0.348062;-0.357924
0.0348288;-0.344679;-0.357924
0.0414629;-0.341297;-0.357924
0.0302981;-0.352034;-0.353476
0.040476;-0.346918;-0.353476
0.0500837;-0.341801;-0.353476
0.0319303;-0.355956;-0.349027
0.0457191;-0.349128;-0.349027
0.0582572;-0.342299;-0.349027
0.0290697;-0.326437;-0.375994
0.0455336;-0.326437;-0.368672
0.060979;-0.326437;-0.36135
0.0331514;-0.324241;-0.375994
0.0494294;-0.324241;-0.368672
0.06459;-0.324241;-0.36135
0.03715;-0.322045;-0.375994
0.0532486;-0.322045;-0.368672
0.0681004;-0.322045;-0.36135
0.0267469;-0.338821;-0.366675
0.0341286;-0.338821;-0.36342
0.04134;-0.338821;-0.360166
0.0272871;-0.333694;-0.370779
0.0387189;-0.333694;-0.365733
0.0497607;-0.333694;-0.360687
0.0277565;-0.328568;-0.374827
0.0431266;-0.328568;-0.368014
0.0576887;-0.328568;-0.361201
0.0420329;-0.319275;-0.375994
0.0542821;-0.311953;-0.375994
0.0656352;-0.304631;-0.375994
0.0578609;-0.319275;-0.368672
0.0693021;-0.311953;-0.368672
0.0797497;-0.304631;-0.368672
0.0723244;-0.319275;-0.36135
0.0828611;-0.311953;-0.36135
0.0925701;-0.304631;-0.36135
0.0491698;-0.338182;-0.357088
0.0621283;-0.330859;-0.357088
0.0739025;-0.323537;-0.357088
0.0639108;-0.338182;-0.349766
0.0758565;-0.330859;-0.349766
0.0867001;-0.323537;-0.349766
0.0774693;-0.338182;-0.342443
0.0885126;-0.330859;-0.342443
0.0982975;-0.323537;-0.342443
0.0801714;-0.319275;-0.357088
0.0902212;-0.311953;-0.357088
0.0995269;-0.304631;-0.357088
0.0925435;-0.319275;-0.349766
0.101911;-0.311953;-0.349766
0.110388;-0.304631;-0.349766
0.103665;-0.319275;-0.342443
0.112383;-0.311953;-0.342443
0.119917;-0.304631;-0.342443
0.0368303;-0.375994;-0.326437
0.0522934;-0.368672;-0.326437
0.0662859;-0.36135;-0.326437
0.0407901;-0.375994;-0.324241
0.0563394;-0.368672;-0.324241
0.0702425;-0.36135;-0.324241
0.044603;-0.375994;-0.322045
0.0602655;-0.368672;-0.322045
0.0741117;-0.36135;-0.322045
0.0311014;-0.366675;-0.338821
0.0378169;-0.36342;-0.338821
0.0444431;-0.360166;-0.338821
0.0336526;-0.370779;-0.333694
0.0439233;-0.365733;-0.333694
0.0537816;-0.360687;-0.333694
0.0353835;-0.374827;-0.328568
0.0495678;-0.368014;-0.328568
0.0626297;-0.361201;-0.328568
0.0518458;-0.357088;-0.338182
0.0655057;-0.349766;-0.338182
0.0780509;-0.342443;-0.338182
0.0658329;-0.357088;-0.330859
0.0783887;-0.349766;-0.330859
0.0898462;-0.342443;-0.330859
0.0787912;-0.357088;-0.323537
0.090206;-0.349766;-0.323537
0.100247;-0.342443;-0.323537
0.0497594;-0.375994;-0.319275
0.0646495;-0.368672;-0.319275
0.078571;-0.36135;-0.319275
0.0632857;-0.375994;-0.311953
0.0762739;-0.368672;-0.311953
0.0891179;-0.36135;-0.311953
0.0762508;-0.375994;-0.304631
0.0886751;-0.368672;-0.304631
0.0983546;-0.36135;-0.304631
0.0857296;-0.357088;-0.319275
0.0963682;-0.349766;-0.319275
0.106008;-0.342443;-0.319275
0.0958588;-0.357088;-0.311953
0.105786;-0.349766;-0.311953
0.115019;-0.342443;-0.311953
0.104156;-0.357088;-0.304631
0.114558;-0.349766;-0.304631
0.122385;-0.342443;-0.304631
0.08475;-0.338182;-0.338182
0.0952367;-0.330859;-0.338182
0.104626;-0.323537;-0.338182
0.0959423;-0.338182;-0.330859
0.105594;-0.330859;-0.330859
0.114398;-0.323537;-0.330859
0.105866;-0.338182;-0.323537
0.115054;-0.330859;-0.323537
0.122725;-0.323537;-0.323537
0.109698;-0.319275;-0.338182
0.117839;-0.311953;-0.338182
0.125025;-0.304631;-0.338182
0.118982;-0.319275;-0.330859
0.12614;-0.311953;-0.330859
0.132792;-0.304631;-0.330859
0.126842;-0.319275;-0.323537
0.133572;-0.311953;-0.323537
0.13915;-0.304631;-0.323537
0.111333;-0.338182;-0.319275
0.11986;-0.330859;-0.319275
0.127193;-0.323537;-0.319275
0.119731;-0.338182;-0.311953
0.12696;-0.330859;-0.311953
0.133949;-0.323537;-0.311953
0.126488;-0.338182;-0.304631
0.133543;-0.330859;-0.304631
0.139191;-0.323537;-0.304631
0.131088;-0.319275;-0.319275
0.137282;-0.311953;-0.319275
0.142495;-0.304631;-0.319275
0.137475;-0.319275;-0.311953
0.142571;-0.311953;-0.311953
0.147416;-0.304631;-0.311953
0.142258;-0.319275;-0.304631
0.147239;-0.311953;-0.304631
0.150932;-0.304631;-0.304631
0.0100733;-0.209736;-0.453844
0.0101853;-0.209736;-0.453803
0.0102974;-0.209736;-0.453762
0.0100461;-0.208965;-0.454169
0.0105381;-0.208965;-0.453986
0.0110305;-0.208965;-0.453803
0.0100257;-0.208193;-0.454493
0.0108903;-0.208193;-0.454169
0.0117562;-0.208193;-0.453844
0.0101779;-0.205838;-0.455415
0.0120707;-0.205838;-0.454688
0.0139663;-0.205838;-0.453961
0.0108709;-0.198516;-0.458239
0.0157667;-0.198516;-0.456279
0.0206154;-0.198516;-0.45432
0.0113133;-0.191193;-0.46103
0.0191803;-0.191193;-0.457852
0.0268452;-0.191193;-0.454675
0.0075837;-0.161543;-0.47305
0.00801568;-0.161543;-0.472878
0.00844781;-0.161543;-0.472706
0.00777055;-0.15705;-0.474398
0.00966074;-0.15705;-0.473638
0.0115513;-0.15705;-0.472878
0.00783658;-0.152557;-0.475739
0.0111479;-0.152557;-0.474394
0.014452;-0.152557;-0.473048
0.0115201;-0.186932;-0.462574
0.0210342;-0.186932;-0.458722
0.0302476;-0.186932;-0.454871
0.0119563;-0.179609;-0.465092
0.0240758;-0.179609;-0.460141
0.0357114;-0.179609;-0.455191
0.0121557;-0.172287;-0.467583
0.0267719;-0.172287;-0.461545
0.0406851;-0.172287;-0.455507
0.0137985;-0.161543;-0.470525
0.0310885;-0.161543;-0.463203
0.0473903;-0.161543;-0.455881
0.0172543;-0.15705;-0.470525
0.0342784;-0.15705;-0.463203
0.0502856;-0.15705;-0.455881
0.0205108;-0.152557;-0.470525
0.0373075;-0.152557;-0.463203
0.0530224;-0.152557;-0.455881
0.0122478;-0.169333;-0.468554
0.0278008;-0.169333;-0.462092
0.0425617;-0.169333;-0.45563
0.0124894;-0.166503;-0.469417
0.0288403;-0.166503;-0.462578
0.0443238;-0.166503;-0.45574
0.0127009;-0.163673;-0.470276
0.029845;-0.163673;-0.463063
0.0460317;-0.163673;-0.455849
0.00513501;-0.0894368;-0.491832
0.00540792;-0.0894368;-0.491714
0.00568092;-0.0894368;-0.491597
0.00531758;-0.0834081;-0.492756
0.00651441;-0.0834081;-0.492235
0.00771194;-0.0834081;-0.491714
0.00531575;-0.0773793;-0.493677
0.00741717;-0.0773793;-0.492754
0.00951748;-0.0773793;-0.491831
0.00801332;-0.149119;-0.476693
0.0123087;-0.149119;-0.474931
0.0165817;-0.149119;-0.473169
0.00848967;-0.141797;-0.478622
0.0147362;-0.141797;-0.476018
0.0208982;-0.141797;-0.473414
0.00867777;-0.134475;-0.480536
0.0168544;-0.134475;-0.477096
0.0248387;-0.134475;-0.473657
0.00881915;-0.130213;-0.481573
0.0180272;-0.130213;-0.477681
0.0269699;-0.130213;-0.473789
0.0091837;-0.122891;-0.483228
0.0199914;-0.122891;-0.478614
0.0304054;-0.122891;-0.473999
0.00931162;-0.115568;-0.484871
0.021677;-0.115568;-0.479539
0.0335162;-0.115568;-0.474208
0.0228787;-0.149119;-0.470525
0.0276122;-0.141797;-0.470525
0.0319045;-0.134475;-0.470525
0.0395073;-0.149119;-0.463203
0.0438403;-0.141797;-0.463203
0.0476905;-0.134475;-0.463203
0.0550108;-0.149119;-0.455881
0.058966;-0.141797;-0.455881
0.0625314;-0.134475;-0.455881
0.0342316;-0.130213;-0.470525
0.0379978;-0.122891;-0.470525
0.0413966;-0.115568;-0.470525
0.0498018;-0.130213;-0.463203
0.0532684;-0.122891;-0.463203
0.0563233;-0.115568;-0.463203
0.0644625;-0.130213;-0.455881
0.0675569;-0.122891;-0.455881
0.0702784;-0.115568;-0.455881
0.00942861;-0.111307;-0.485752
0.0225935;-0.111307;-0.480036
0.0351699;-0.111307;-0.47432
0.00972906;-0.103984;-0.487139
0.0241003;-0.103984;-0.480817
0.0377819;-0.103984;-0.474496
0.00981179;-0.096662;-0.488517
0.0253678;-0.096662;-0.481594
0.0401086;-0.096662;-0.474671
0.0106595;-0.0894368;-0.489432
0.026897;-0.0894368;-0.482109
0.0422259;-0.0894368;-0.474787
0.0128918;-0.0834081;-0.489432
0.028894;-0.0834081;-0.482109
0.0439833;-0.0834081;-0.474787
0.0149;-0.0773793;-0.489432
0.0306876;-0.0773793;-0.482109
0.0455472;-0.0773793;-0.474787
0.00981237;-0.0941548;-0.488975
0.0257578;-0.0941548;-0.481852
0.0408398;-0.0941548;-0.474729
0.00988512;-0.0928612;-0.489174
0.0259898;-0.0928612;-0.481964
0.0412113;-0.0928612;-0.474754
0.0099508;-0.0915676;-0.489374
0.0262146;-0.0915676;-0.482077
0.0415749;-0.0915676;-0.47478
0.0431915;-0.111307;-0.470525
0.046019;-0.103984;-0.470525
0.0485503;-0.096662;-0.470525
0.0579217;-0.111307;-0.463203
0.0604536;-0.103984;-0.463203
0.0627004;-0.096662;-0.463203
0.0717052;-0.111307;-0.455881
0.0739494;-0.103984;-0.455881
0.0758986;-0.096662;-0.455881
0.0498758;-0.0924005;-0.470525
0.0519315;-0.0850781;-0.470525
0.0537207;-0.0777558;-0.470525
0.0638672;-0.0924005;-0.463203
0.0656644;-0.0850781;-0.463203
0.0672109;-0.0777558;-0.463203
0.0769166;-0.0924005;-0.455881
0.0784814;-0.0850781;-0.455881
0.0797573;-0.0777558;-0.455881
0.0054038;-0.0734942;-0.494198
0.00800668;-0.0734942;-0.493048
0.0106048;-0.0734942;-0.491897
0.00566117;-0.0661719;-0.495067
0.00908287;-0.0661719;-0.493537
0.0124867;-0.0661719;-0.492008
0.00564917;-0.0588495;-0.495933
0.00987329;-0.0588495;-0.494025
0.0140566;-0.0588495;-0.492118
0.00570027;-0.054588;-0.496365
0.0103128;-0.054588;-0.494269
0.0148678;-0.054588;-0.492172
0.00590226;-0.0472656;-0.496983
0.011054;-0.0472656;-0.494617
0.0161197;-0.0472656;-0.492251
0.00583975;-0.0399433;-0.497599
0.0115241;-0.0399433;-0.494964
0.017094;-0.0399433;-0.492329
0.00585983;-0.0356817;-0.497886
0.0117809;-0.0356817;-0.495126
0.0175747;-0.0356817;-0.492366
0.00600369;-0.0283594;-0.498255
0.0122069;-0.0283594;-0.495334
0.0182667;-0.0283594;-0.492413
0.00588519;-0.021037;-0.498624
0.0123634;-0.021037;-0.495542
0.0186849;-0.021037;-0.492459
0.00587901;-0.0167755;-0.498767
0.0124464;-0.0167755;-0.495623
0.0188538;-0.0167755;-0.492478
0.00597947;-0.00945312;-0.49889
0.0125846;-0.00945312;-0.495692
0.0190309;-0.00945312;-0.492493
0.00580515;-0.00213077;-0.499013
0.0124501;-0.00213077;-0.495761
0.01894;-0.00213077;-0.492509
0.0160926;-0.0734942;-0.489432
0.0181258;-0.0661719;-0.489432
0.0198324;-0.0588495;-0.489432
0.0317446;-0.0734942;-0.482109
0.0335155;-0.0661719;-0.482109
0.0349601;-0.0588495;-0.482109
0.0464644;-0.0734942;-0.474787
0.047995;-0.0661719;-0.474787
0.0492273;-0.0588495;-0.474787
0.0207051;-0.054588;-0.489432
0.0220447;-0.0472656;-0.489432
0.0231121;-0.0399433;-0.489432
0.0356982;-0.054588;-0.482109
0.0368433;-0.0472656;-0.482109
0.0377228;-0.0399433;-0.482109
0.049855;-0.054588;-0.474787
0.0507991;-0.0472656;-0.474787
0.0514548;-0.0399433;-0.474787
0.0546371;-0.0734942;-0.470525
0.0560202;-0.0661719;-0.470525
0.0571555;-0.0588495;-0.470525
0.0679782;-0.0734942;-0.463203
0.0691148;-0.0661719;-0.463203
0.0700561;-0.0588495;-0.463203
0.080393;-0.0734942;-0.455881
0.0813341;-0.0661719;-0.455881
0.0820162;-0.0588495;-0.455881
0.0577173;-0.054588;-0.470525
0.0585193;-0.0472656;-0.470525
0.0590668;-0.0399433;-0.470525
0.0704889;-0.054588;-0.463203
0.0710545;-0.0472656;-0.463203
0.0714398;-0.0399433;-0.463203
0.0823229;-0.054588;-0.455881
0.0827225;-0.0472656;-0.455881
0.0828865;-0.0399433;-0.455881
0.0236154;-0.0356817;-0.489432
0.0243102;-0.0283594;-0.489432
0.0247661;-0.021037;-0.489432
0.0381006;-0.0356817;-0.482109
0.0385851;-0.0283594;-0.482109
0.0388868;-0.021037;-0.482109
0.051727;-0.0356817;-0.474787
0.0520558;-0.0283594;-0.474787
0.0521551;-0.021037;-0.474787
0.0249295;-0.0167755;-0.489432
0.0250544;-0.00945312;-0.489432
0.0249527;-0.00213077;-0.489432
0.0389524;-0.0167755;-0.482109
0.038898;-0.00945312;-0.482109
0.0386763;-0.00213077;-0.482109
0.0521298;-0.0167755;-0.474787
0.0519569;-0.00945312;-0.474787
0.0515571;-0.00213077;-0.474787
0.0592799;-0.0356817;-0.470525
0.0595022;-0.0283594;-0.470525
0.0595108;-0.021037;-0.470525
0.0715501;-0.0356817;-0.463203
0.0715793;-0.0283594;-0.463203
0.0714657;-0.021037;-0.463203
0.0829038;-0.0356817;-0.455881
0.0828199;-0.0283594;-0.455881
0.0825137;-0.021037;-0.455881
0.0594327;-0.0167755;-0.470525
0.059169;-0.00945312;-0.470525
0.0586947;-0.00213077;-0.470525
0.0712987;-0.0167755;-0.463203
0.0708609;-0.00945312;-0.463203
0.0702973;-0.00213077;-0.463203
0.0822664;-0.0167755;-0.455881
0.0817441;-0.00945312;-0.455881
0.0810147;-0.00213077;-0.455881
0.0162984;-0.275952;-0.41677
0.0172363;-0.275952;-0.416407
0.0181756;-0.275952;-0.416043
0.0167097;-0.271035;-0.419612
0.0208414;-0.271035;-0.418008
0.0250016;-0.271035;-0.416404
0.0168417;-0.266118;-0.422425
0.0239985;-0.266118;-0.419593
0.0311752;-0.266118;-0.416762
0.012941;-0.246663;-0.434901
0.0130117;-0.246663;-0.434876
0.0130823;-0.246663;-0.434851
0.0129165;-0.246278;-0.435099
0.013227;-0.246278;-0.434987
0.0135379;-0.246278;-0.434876
0.0129003;-0.245893;-0.435296
0.0134464;-0.245893;-0.435099
0.0139935;-0.245893;-0.434901
0.0130106;-0.24365;-0.436382
0.0147985;-0.24365;-0.435711
0.0165912;-0.24365;-0.435039
0.013907;-0.236328;-0.439885
0.0194266;-0.236328;-0.437685
0.0248586;-0.236328;-0.435484
0.0144146;-0.229006;-0.443341
0.0237059;-0.229006;-0.439632
0.0326473;-0.229006;-0.435923
0.0185861;-0.246663;-0.432713
0.0365455;-0.246663;-0.425391
0.0532223;-0.246663;-0.418068
0.0190963;-0.246278;-0.432713
0.0370162;-0.246278;-0.425391
0.0536735;-0.246278;-0.418068
0.019605;-0.245893;-0.432713
0.0374842;-0.245893;-0.425391
0.0541226;-0.245893;-0.418068
0.0172152;-0.262669;-0.424323
0.0263032;-0.262669;-0.420663
0.0352858;-0.262669;-0.417003
0.018141;-0.255731;-0.428019
0.0310626;-0.255731;-0.422746
0.0433725;-0.255731;-0.417472
0.0184239;-0.248793;-0.431663
0.0352961;-0.248793;-0.424799
0.0509818;-0.248793;-0.417935
0.0224939;-0.24365;-0.432713
0.0316119;-0.236328;-0.432713
0.0402481;-0.229006;-0.432713
0.0401816;-0.24365;-0.425391
0.0486852;-0.236328;-0.425391
0.0567142;-0.229006;-0.425391
0.0567178;-0.24365;-0.418068
0.0646747;-0.236328;-0.418068
0.0718241;-0.229006;-0.418068
0.0191169;-0.300369;-0.399377
0.0217999;-0.300369;-0.398353
0.0245041;-0.300369;-0.397329
0.0208718;-0.293047;-0.404113
0.0282261;-0.293047;-0.401022
0.0352206;-0.293047;-0.397931
0.0212265;-0.285725;-0.408769
0.0339591;-0.285725;-0.403645
0.0454802;-0.285725;-0.398522
0.0237029;-0.275952;-0.413807
0.0412252;-0.275952;-0.406484
0.0580391;-0.275952;-0.399162
0.0312384;-0.271035;-0.413807
0.0480825;-0.271035;-0.406484
0.0644045;-0.271035;-0.399162
0.0382611;-0.266118;-0.413807
0.0547503;-0.266118;-0.406484
0.0703175;-0.266118;-0.399162
0.0209766;-0.282894;-0.410528
0.035713;-0.282894;-0.404637
0.0492101;-0.282894;-0.398746
0.0210807;-0.280488;-0.411964
0.0372306;-0.280488;-0.405446
0.0522939;-0.280488;-0.398928
0.0213221;-0.278082;-0.413393
0.0387498;-0.278082;-0.406251
0.0552603;-0.278082;-0.399109
0.0304432;-0.300369;-0.3949
0.0421715;-0.293047;-0.3949
0.0534688;-0.285725;-0.3949
0.0473681;-0.300369;-0.387578
0.0584721;-0.293047;-0.387578
0.0690397;-0.285725;-0.387578
0.0632401;-0.300369;-0.380256
0.0736407;-0.293047;-0.380256
0.0830231;-0.285725;-0.380256
0.0596618;-0.281463;-0.3949
0.0692996;-0.274141;-0.3949
0.0779637;-0.266818;-0.3949
0.0745489;-0.281463;-0.387578
0.0830321;-0.274141;-0.387578
0.0911774;-0.266818;-0.387578
0.0881303;-0.281463;-0.380256
0.0963296;-0.274141;-0.380256
0.10354;-0.266818;-0.380256
0.0430678;-0.262557;-0.413807
0.0524054;-0.255234;-0.413807
0.0609742;-0.247912;-0.413807
0.0594183;-0.262557;-0.406484
0.0682182;-0.255234;-0.406484
0.075917;-0.247912;-0.406484
0.0743943;-0.262557;-0.399162
0.082364;-0.255234;-0.399162
0.0896765;-0.247912;-0.399162
0.0657068;-0.24365;-0.413807
0.0733557;-0.236328;-0.413807
0.0801484;-0.229006;-0.413807
0.0801109;-0.24365;-0.406484
0.0871502;-0.236328;-0.406484
0.0935721;-0.229006;-0.406484
0.0936378;-0.24365;-0.399162
0.0999803;-0.236328;-0.399162
0.105718;-0.229006;-0.399162
0.0825766;-0.262557;-0.3949
0.0901086;-0.255234;-0.3949
0.0971934;-0.247912;-0.3949
0.0956479;-0.262557;-0.387578
0.102666;-0.255234;-0.387578
0.109048;-0.247912;-0.387578
0.107474;-0.262557;-0.380256
0.113932;-0.255234;-0.380256
0.11961;-0.247912;-0.380256
0.101006;-0.24365;-0.3949
0.106951;-0.236328;-0.3949
0.112332;-0.229006;-0.3949
0.11244;-0.24365;-0.387578
0.117826;-0.236328;-0.387578
0.122738;-0.229006;-0.387578
0.122662;-0.24365;-0.380256
0.127566;-0.236328;-0.380256
0.131813;-0.229006;-0.380256
0.0157178;-0.209736;-0.451619
0.0335251;-0.209736;-0.444297
0.0503027;-0.209736;-0.436975
0.0165506;-0.208965;-0.451619
0.0343063;-0.208965;-0.444297
0.0510112;-0.208965;-0.436975
0.0173752;-0.208193;-0.451619
0.0350811;-0.208193;-0.444297
0.051712;-0.208193;-0.436975
0.0145582;-0.224969;-0.44517
0.0258474;-0.224969;-0.440663
0.0366913;-0.224969;-0.436155
0.0150406;-0.218418;-0.448006
0.0292536;-0.218418;-0.442261
0.0428678;-0.218418;-0.436516
0.0154117;-0.211867;-0.45081
0.0324191;-0.211867;-0.443841
0.0485376;-0.211867;-0.436872
0.0198587;-0.205838;-0.451619
0.0272318;-0.198516;-0.451619
0.0340579;-0.191193;-0.451619
0.0374285;-0.205838;-0.444297
0.0443088;-0.198516;-0.444297
0.0505297;-0.191193;-0.444297
0.0538532;-0.205838;-0.436975
0.0601473;-0.198516;-0.436975
0.0658604;-0.191193;-0.436975
0.0449362;-0.224744;-0.432713
0.0523614;-0.217422;-0.432713
0.0592072;-0.2101;-0.432713
0.0609778;-0.224744;-0.425391
0.0676926;-0.217422;-0.425391
0.0740614;-0.2101;-0.425391
0.0757579;-0.224744;-0.418068
0.0821943;-0.217422;-0.418068
0.0879081;-0.2101;-0.418068
0.062911;-0.205838;-0.432713
0.0688681;-0.198516;-0.432713
0.074346;-0.191193;-0.432713
0.0775245;-0.205838;-0.425391
0.0830039;-0.198516;-0.425391
0.0880459;-0.191193;-0.425391
0.0910057;-0.205838;-0.418068
0.096055;-0.198516;-0.418068
0.100546;-0.191193;-0.418068
0.0377734;-0.186932;-0.451619
0.0437599;-0.179609;-0.451619
0.0492437;-0.172287;-0.451619
0.0539031;-0.186932;-0.444297
0.0594193;-0.179609;-0.444297
0.0644772;-0.172287;-0.444297
0.0689973;-0.186932;-0.436975
0.0741067;-0.179609;-0.436975
0.0786831;-0.172287;-0.436975
0.0521956;-0.168025;-0.451619
0.0569336;-0.160703;-0.451619
0.061268;-0.153381;-0.451619
0.0671896;-0.168025;-0.444297
0.0715199;-0.160703;-0.444297
0.0754781;-0.153381;-0.444297
0.0811483;-0.168025;-0.436975
0.085119;-0.160703;-0.436975
0.0886553;-0.153381;-0.436975
0.0773402;-0.186932;-0.432713
0.0821579;-0.179609;-0.432713
0.0864907;-0.172287;-0.432713
0.09074;-0.186932;-0.425391
0.0950238;-0.179609;-0.425391
0.0989627;-0.172287;-0.425391
0.10297;-0.186932;-0.418068
0.106875;-0.179609;-0.418068
0.110301;-0.172287;-0.418068
0.0888125;-0.168025;-0.432713
0.0925293;-0.160703;-0.432713
0.0958552;-0.153381;-0.432713
0.101043;-0.168025;-0.425391
0.104304;-0.160703;-0.425391
0.107288;-0.153381;-0.425391
0.112136;-0.168025;-0.418068
0.115075;-0.160703;-0.418068
0.117605;-0.153381;-0.418068
0.0838986;-0.224744;-0.413807
0.0900736;-0.217422;-0.413807
0.0954989;-0.2101;-0.413807
0.0969847;-0.224744;-0.406484
0.102431;-0.217422;-0.406484
0.107471;-0.2101;-0.406484
0.108828;-0.224744;-0.399162
0.113804;-0.217422;-0.399162
0.1182;-0.2101;-0.399162
0.0983995;-0.205838;-0.413807
0.103121;-0.198516;-0.413807
0.107352;-0.191193;-0.413807
0.110122;-0.205838;-0.406484
0.114266;-0.198516;-0.406484
0.118112;-0.191193;-0.406484
0.120569;-0.205838;-0.399162
0.124364;-0.198516;-0.399162
0.127637;-0.191193;-0.399162
0.115248;-0.224744;-0.3949
0.119903;-0.217422;-0.3949
0.123996;-0.2101;-0.3949
0.125306;-0.224744;-0.387578
0.129326;-0.217422;-0.387578
0.133033;-0.2101;-0.387578
0.134087;-0.224744;-0.380256
0.137723;-0.217422;-0.380256
0.140791;-0.2101;-0.380256
0.126191;-0.205838;-0.3949
0.129701;-0.198516;-0.3949
0.132725;-0.191193;-0.3949
0.134942;-0.205838;-0.387578
0.13786;-0.198516;-0.387578
0.140559;-0.191193;-0.387578
0.142427;-0.205838;-0.380256
0.145036;-0.198516;-0.380256
0.14715;-0.191193;-0.380256
0.109628;-0.186932;-0.413807
0.113261;-0.179609;-0.413807
0.116452;-0.172287;-0.413807
0.120128;-0.186932;-0.406484
0.123244;-0.179609;-0.406484
0.126105;-0.172287;-0.406484
0.129392;-0.186932;-0.399162
0.132201;-0.179609;-0.399162
0.134548;-0.172287;-0.399162
0.118148;-0.168025;-0.413807
0.120844;-0.160703;-0.413807
0.123168;-0.153381;-0.413807
0.127573;-0.168025;-0.406484
0.129804;-0.160703;-0.406484
0.131841;-0.153381;-0.406484
0.13579;-0.168025;-0.399162
0.137764;-0.160703;-0.399162
0.139343;-0.153381;-0.399162
0.134332;-0.186932;-0.3949
0.136881;-0.179609;-0.3949
0.139013;-0.172287;-0.3949
0.141918;-0.186932;-0.387578
0.143936;-0.179609;-0.387578
0.145796;-0.172287;-0.387578
0.148264;-0.186932;-0.380256
0.150032;-0.179609;-0.380256
0.151368;-0.172287;-0.380256
0.140126;-0.168025;-0.3949
0.141875;-0.160703;-0.3949
0.14327;-0.153381;-0.3949
0.146698;-0.168025;-0.387578
0.147975;-0.160703;-0.387578
0.14915;-0.153381;-0.387578
0.152058;-0.168025;-0.380256
0.15314;-0.160703;-0.380256
0.153849;-0.153381;-0.380256
0.0718477;-0.300369;-0.375994
0.0817514;-0.293047;-0.375994
0.09062;-0.285725;-0.375994
0.0853668;-0.300369;-0.368672
0.0944034;-0.293047;-0.368672
0.102729;-0.285725;-0.368672
0.0978207;-0.300369;-0.36135
0.106117;-0.293047;-0.36135
0.113518;-0.285725;-0.36135
0.0955161;-0.281463;-0.375994
0.103449;-0.274141;-0.375994
0.11029;-0.266818;-0.375994
0.107158;-0.281463;-0.368672
0.114158;-0.274141;-0.368672
0.120623;-0.266818;-0.368672
0.117532;-0.281463;-0.36135
0.123978;-0.274141;-0.36135
0.129592;-0.266818;-0.36135
0.104539;-0.300369;-0.357088
0.112386;-0.293047;-0.357088
0.119375;-0.285725;-0.357088
0.114867;-0.300369;-0.349766
0.121957;-0.293047;-0.349766
0.128438;-0.285725;-0.349766
0.123958;-0.300369;-0.342443
0.130478;-0.293047;-0.342443
0.136053;-0.285725;-0.342443
0.123145;-0.281463;-0.357088
0.129162;-0.274141;-0.357088
0.134391;-0.266818;-0.357088
0.131787;-0.281463;-0.349766
0.136951;-0.274141;-0.349766
0.141731;-0.266818;-0.349766
0.139041;-0.281463;-0.342443
0.143803;-0.274141;-0.342443
0.14771;-0.266818;-0.342443
0.113928;-0.262557;-0.375994
0.119912;-0.255234;-0.375994
0.125282;-0.247912;-0.375994
0.123988;-0.262557;-0.368672
0.129196;-0.255234;-0.368672
0.134046;-0.247912;-0.368672
0.132611;-0.262557;-0.36135
0.137435;-0.255234;-0.36135
0.14151;-0.247912;-0.36135
0.12815;-0.24365;-0.375994
0.132674;-0.236328;-0.375994
0.136629;-0.229006;-0.375994
0.136571;-0.24365;-0.368672
0.140427;-0.236328;-0.368672
0.143974;-0.229006;-0.368672
0.143692;-0.24365;-0.36135
0.147186;-0.236328;-0.36135
0.150027;-0.229006;-0.36135
0.137188;-0.262557;-0.357088
0.141646;-0.255234;-0.357088
0.14542;-0.247912;-0.357088
0.144164;-0.262557;-0.349766
0.147817;-0.255234;-0.349766
0.151212;-0.247912;-0.349766
0.149787;-0.262557;-0.342443
0.153105;-0.255234;-0.342443
0.155693;-0.247912;-0.342443
0.147411;-0.24365;-0.357088
0.150559;-0.236328;-0.357088
0.153127;-0.229006;-0.357088
0.152891;-0.24365;-0.349766
0.155314;-0.236328;-0.349766
0.157566;-0.229006;-0.349766
0.157052;-0.24365;-0.342443
0.159206;-0.236328;-0.342443
0.160725;-0.229006;-0.342443
0.128838;-0.300369;-0.338182
0.134853;-0.293047;-0.338182
0.140061;-0.285725;-0.338182
0.136196;-0.300369;-0.330859
0.141317;-0.293047;-0.330859
0.146073;-0.285725;-0.330859
0.142144;-0.300369;-0.323537
0.146946;-0.293047;-0.323537
0.150723;-0.285725;-0.323537
0.142837;-0.281463;-0.338182
0.147198;-0.274141;-0.338182
0.150784;-0.266818;-0.338182
0.148454;-0.281463;-0.330859
0.151943;-0.274141;-0.330859
0.155193;-0.266818;-0.330859
0.152719;-0.281463;-0.323537
0.155921;-0.274141;-0.323537
0.158268;-0.266818;-0.323537
0.14526;-0.300369;-0.319275
0.149614;-0.293047;-0.319275
0.153073;-0.285725;-0.319275
0.149786;-0.300369;-0.311953
0.153123;-0.293047;-0.311953
0.1563;-0.285725;-0.311953
0.152874;-0.300369;-0.304631
0.156038;-0.293047;-0.304631
0.158183;-0.285725;-0.304631
0.154868;-0.281463;-0.319275
0.157671;-0.274141;-0.319275
0.159714;-0.266818;-0.319275
0.157761;-0.281463;-0.311953
0.159639;-0.274141;-0.311953
0.161443;-0.266818;-0.311953
0.159281;-0.281463;-0.304631
0.16102;-0.274141;-0.304631
0.161895;-0.266818;-0.304631
0.152664;-0.262557;-0.338182
0.155619;-0.255234;-0.338182
0.157913;-0.247912;-0.338182
0.156744;-0.262557;-0.330859
0.158882;-0.255234;-0.330859
0.160893;-0.247912;-0.330859
0.159484;-0.262557;-0.323537
0.161401;-0.255234;-0.323537
0.162587;-0.247912;-0.323537
0.159093;-0.24365;-0.338182
0.160922;-0.236328;-0.338182
0.162183;-0.229006;-0.338182
0.161779;-0.24365;-0.330859
0.162854;-0.236328;-0.330859
0.163886;-0.229006;-0.330859
0.16317;-0.24365;-0.323537
0.164069;-0.236328;-0.323537
0.164349;-0.229006;-0.323537
0.160746;-0.262557;-0.319275
0.16232;-0.255234;-0.319275
0.163236;-0.247912;-0.319275
0.16217;-0.262557;-0.311953
0.162893;-0.255234;-0.311953
0.163621;-0.247912;-0.311953
0.162296;-0.262557;-0.304631
0.162901;-0.255234;-0.304631
0.162786;-0.247912;-0.304631
0.163655;-0.24365;-0.319275
0.164251;-0.236328;-0.319275
0.164291;-0.229006;-0.319275
0.163773;-0.24365;-0.311953
0.163595;-0.236328;-0.311953
0.16349;-0.229006;-0.311953
0.162652;-0.24365;-0.304631
0.162388;-0.236328;-0.304631
0.16152;-0.229006;-0.304631
0.138734;-0.224744;-0.375994
0.142056;-0.217422;-0.375994
0.14486;-0.2101;-0.375994
0.14577;-0.224744;-0.368672
0.14846;-0.217422;-0.368672
0.150942;-0.2101;-0.368672
0.151528;-0.224744;-0.36135
0.153917;-0.217422;-0.36135
0.15575;-0.2101;-0.36135
0.146339;-0.205838;-0.375994
0.148672;-0.198516;-0.375994
0.150552;-0.191193;-0.375994
0.152156;-0.205838;-0.368672
0.153898;-0.198516;-0.368672
0.155517;-0.191193;-0.368672
0.156704;-0.205838;-0.36135
0.158211;-0.198516;-0.36135
0.159239;-0.191193;-0.36135
0.154462;-0.224744;-0.357088
0.156547;-0.217422;-0.357088
0.158135;-0.2101;-0.357088
0.158623;-0.224744;-0.349766
0.160047;-0.217422;-0.349766
0.161383;-0.2101;-0.349766
0.161499;-0.224744;-0.342443
0.162712;-0.217422;-0.342443
0.163382;-0.2101;-0.342443
0.158943;-0.205838;-0.357088
0.160186;-0.198516;-0.357088
0.161;-0.191193;-0.357088
0.161946;-0.205838;-0.349766
0.162585;-0.198516;-0.349766
0.163205;-0.191193;-0.349766
0.163698;-0.205838;-0.342443
0.164177;-0.198516;-0.342443
0.164195;-0.191193;-0.342443
0.151527;-0.186932;-0.375994
0.153052;-0.179609;-0.375994
0.154187;-0.172287;-0.375994
0.156263;-0.186932;-0.368672
0.15725;-0.179609;-0.368672
0.158178;-0.172287;-0.368672
0.159757;-0.186932;-0.36135
0.160564;-0.179609;-0.36135
0.16096;-0.172287;-0.36135
0.154757;-0.168025;-0.375994
0.155628;-0.160703;-0.375994
0.156167;-0.153381;-0.375994
0.158552;-0.168025;-0.368672
0.158944;-0.160703;-0.368672
0.159325;-0.153381;-0.368672
0.161137;-0.168025;-0.36135
0.161399;-0.160703;-0.36135
0.161308;-0.153381;-0.36135
0.161391;-0.186932;-0.357088
0.161971;-0.179609;-0.357088
0.162184;-0.172287;-0.357088
0.163386;-0.186932;-0.349766
0.163419;-0.179609;-0.349766
0.16349;-0.172287;-0.349766
0.164162;-0.186932;-0.342443
0.164085;-0.179609;-0.342443
0.163617;-0.172287;-0.342443
0.162252;-0.168025;-0.357088
0.162319;-0.160703;-0.357088
0.162076;-0.153381;-0.357088
0.163381;-0.168025;-0.349766
0.162962;-0.160703;-0.349766
0.162624;-0.153381;-0.349766
0.163326;-0.168025;-0.342443
0.162842;-0.160703;-0.342443
0.162028;-0.153381;-0.342443
0.162801;-0.224744;-0.338182
0.163729;-0.217422;-0.338182
0.164174;-0.2101;-0.338182
0.164247;-0.224744;-0.330859
0.164491;-0.217422;-0.330859
0.16476;-0.2101;-0.330859
0.164443;-0.224744;-0.323537
0.164556;-0.217422;-0.323537
0.164145;-0.2101;-0.323537
0.164354;-0.205838;-0.338182
0.164586;-0.198516;-0.338182
0.164408;-0.191193;-0.338182
0.164717;-0.205838;-0.330859
0.164329;-0.198516;-0.330859
0.164026;-0.191193;-0.330859
0.163869;-0.205838;-0.323537
0.163395;-0.198516;-0.323537
0.16248;-0.191193;-0.323537
0.16424;-0.224744;-0.319275
0.164087;-0.217422;-0.319275
0.163467;-0.2101;-0.319275
0.163205;-0.224744;-0.311953
0.162349;-0.217422;-0.311953
0.161626;-0.2101;-0.311953
0.160982;-0.224744;-0.304631
0.160072;-0.217422;-0.304631
0.15866;-0.2101;-0.304631
0.163065;-0.205838;-0.319275
0.162361;-0.198516;-0.319275
0.161267;-0.191193;-0.319275
0.161022;-0.205838;-0.311953
0.159684;-0.198516;-0.311953
0.158529;-0.191193;-0.311953
0.157836;-0.205838;-0.304631
0.156478;-0.198516;-0.304631
0.154704;-0.191193;-0.304631
0.164258;-0.186932;-0.338182
0.163969;-0.179609;-0.338182
0.163336;-0.172287;-0.338182
0.163685;-0.186932;-0.330859
0.16284;-0.179609;-0.330859
0.162128;-0.172287;-0.330859
0.161939;-0.186932;-0.323537
0.16105;-0.179609;-0.323537
0.159793;-0.172287;-0.323537
0.162946;-0.168025;-0.338182
0.162284;-0.160703;-0.338182
0.161334;-0.153381;-0.338182
0.161579;-0.168025;-0.330859
0.160423;-0.160703;-0.330859
0.159439;-0.153381;-0.330859
0.159076;-0.168025;-0.323537
0.157916;-0.160703;-0.323537
0.156452;-0.153381;-0.323537
0.160619;-0.186932;-0.319275
0.159534;-0.179609;-0.319275
0.158126;-0.172287;-0.319275
0.157708;-0.186932;-0.311953
0.156055;-0.179609;-0.311953
0.154628;-0.172287;-0.311953
0.153695;-0.186932;-0.304631
0.152057;-0.179609;-0.304631
0.150078;-0.172287;-0.304631
0.157319;-0.168025;-0.319275
0.155998;-0.160703;-0.319275
0.154412;-0.153381;-0.319275
0.153679;-0.168025;-0.311953
0.151855;-0.160703;-0.311953
0.150291;-0.153381;-0.311953
0.148972;-0.168025;-0.304631
0.1472;-0.160703;-0.304631
0.145149;-0.153381;-0.304631
0.0635991;-0.149119;-0.451619
0.0673345;-0.141797;-0.451619
0.0707411;-0.134475;-0.451619
0.0775983;-0.149119;-0.444297
0.0809623;-0.141797;-0.444297
0.0839952;-0.134475;-0.444297
0.09055;-0.149119;-0.436975
0.0935712;-0.141797;-0.436975
0.0962099;-0.134475;-0.436975
0.0725611;-0.130213;-0.451619
0.0754246;-0.122891;-0.451619
0.077968;-0.115568;-0.451619
0.0855983;-0.130213;-0.444297
0.088115;-0.122891;-0.444297
0.0903503;-0.115568;-0.444297
0.0976055;-0.130213;-0.436975
0.0998158;-0.122891;-0.436975
0.101705;-0.115568;-0.436975
0.0976233;-0.149119;-0.432713
0.100418;-0.141797;-0.432713
0.102871;-0.134475;-0.432713
0.10885;-0.149119;-0.425391
0.111261;-0.141797;-0.425391
0.113423;-0.134475;-0.425391
0.118949;-0.149119;-0.418068
0.121082;-0.141797;-0.418068
0.122853;-0.134475;-0.418068
0.104153;-0.130213;-0.432713
0.106158;-0.122891;-0.432713
0.107884;-0.115568;-0.432713
0.114521;-0.130213;-0.425391
0.116182;-0.122891;-0.425391
0.117659;-0.115568;-0.425391
0.123776;-0.130213;-0.418068
0.125217;-0.122891;-0.418068
0.12634;-0.115568;-0.418068
0.0792949;-0.111307;-0.451619
0.0813582;-0.103984;-0.451619
0.0831564;-0.096662;-0.451619
0.0914994;-0.111307;-0.444297
0.093265;-0.103984;-0.444297
0.0948118;-0.096662;-0.444297
0.10269;-0.111307;-0.436975
0.104218;-0.103984;-0.436975
0.105452;-0.096662;-0.436975
0.0840846;-0.0924005;-0.451619
0.085492;-0.0850781;-0.451619
0.0866402;-0.0777558;-0.451619
0.0955818;-0.0924005;-0.444297
0.0967143;-0.0850781;-0.444297
0.0976632;-0.0777558;-0.444297
0.106073;-0.0924005;-0.436975
0.107007;-0.0850781;-0.436975
0.107677;-0.0777558;-0.436975
0.108775;-0.111307;-0.432713
0.110131;-0.103984;-0.432713
0.111224;-0.096662;-0.432713
0.118384;-0.111307;-0.425391
0.119429;-0.103984;-0.425391
0.120323;-0.096662;-0.425391
0.126907;-0.111307;-0.418068
0.127769;-0.103984;-0.418068
0.128352;-0.096662;-0.418068
0.111761;-0.0924005;-0.432713
0.112545;-0.0850781;-0.432713
0.113094;-0.0777558;-0.432713
0.120721;-0.0924005;-0.425391
0.121228;-0.0850781;-0.425391
0.121623;-0.0777558;-0.425391
0.12862;-0.0924005;-0.418068
0.128991;-0.0850781;-0.418068
0.129112;-0.0777558;-0.418068
0.124387;-0.149119;-0.413807
0.126301;-0.141797;-0.413807
0.127901;-0.134475;-0.413807
0.13286;-0.149119;-0.406484
0.134362;-0.141797;-0.406484
0.135722;-0.134475;-0.406484
0.140165;-0.149119;-0.399162
0.141457;-0.141797;-0.399162
0.142408;-0.134475;-0.399162
0.128723;-0.130213;-0.413807
0.129982;-0.122891;-0.413807
0.13096;-0.115568;-0.413807
0.136372;-0.130213;-0.406484
0.137272;-0.122891;-0.406484
0.138063;-0.115568;-0.406484
0.142886;-0.130213;-0.399162
0.143618;-0.122891;-0.399162
0.144052;-0.115568;-0.399162
0.143982;-0.149119;-0.3949
0.145078;-0.141797;-0.3949
0.145872;-0.134475;-0.3949
0.149681;-0.149119;-0.387578
0.150361;-0.141797;-0.387578
0.150981;-0.134475;-0.387578
0.154197;-0.149119;-0.380256
0.154728;-0.141797;-0.380256
0.154938;-0.134475;-0.380256
0.146255;-0.130213;-0.3949
0.146818;-0.122891;-0.3949
0.147121;-0.115568;-0.3949
0.15121;-0.130213;-0.387578
0.151408;-0.122891;-0.387578
0.151582;-0.115568;-0.387578
0.155015;-0.130213;-0.380256
0.155109;-0.122891;-0.380256
0.154925;-0.115568;-0.380256
0.131439;-0.111307;-0.413807
0.132143;-0.103984;-0.413807
0.132603;-0.096662;-0.413807
0.138396;-0.111307;-0.406484
0.138786;-0.103984;-0.406484
0.139103;-0.096662;-0.406484
0.144246;-0.111307;-0.399162
0.144513;-0.103984;-0.399162
0.144519;-0.096662;-0.399162
0.132799;-0.0924005;-0.413807
0.13304;-0.0850781;-0.413807
0.133062;-0.0777558;-0.413807
0.139178;-0.0924005;-0.406484
0.139145;-0.0850781;-0.406484
0.139068;-0.0777558;-0.406484
0.144479;-0.0924005;-0.399162
0.144364;-0.0850781;-0.399162
0.144018;-0.0777558;-0.399162
0.147237;-0.111307;-0.3949
0.147365;-0.103984;-0.3949
0.147265;-0.096662;-0.3949
0.151571;-0.111307;-0.387578
0.151382;-0.103984;-0.387578
0.151197;-0.096662;-0.387578
0.154788;-0.111307;-0.380256
0.154537;-0.103984;-0.380256
0.154043;-0.096662;-0.380256
0.147161;-0.0924005;-0.3949
0.146932;-0.0850781;-0.3949
0.146503;-0.0777558;-0.3949
0.150991;-0.0924005;-0.387578
0.150491;-0.0850781;-0.387578
0.150017;-0.0777558;-0.387578
0.153739;-0.0924005;-0.380256
0.153216;-0.0850781;-0.380256
0.152479;-0.0777558;-0.380256
0.0872019;-0.0734942;-0.451619
0.0880085;-0.0661719;-0.451619
0.0885737;-0.0588495;-0.451619
0.0980953;-0.0734942;-0.444297
0.0986614;-0.0661719;-0.444297
0.0990735;-0.0588495;-0.444297
0.107985;-0.0734942;-0.436975
0.108401;-0.0661719;-0.436975
0.108576;-0.0588495;-0.436975
0.0888101;-0.054588;-0.451619
0.0890904;-0.0472656;-0.451619
0.0891608;-0.0399433;-0.451619
0.0992016;-0.054588;-0.444297
0.0992662;-0.0472656;-0.444297
0.0992167;-0.0399433;-0.444297
0.108608;-0.054588;-0.436975
0.10857;-0.0472656;-0.436975
0.108308;-0.0399433;-0.436975
0.113331;-0.0734942;-0.432713
0.113623;-0.0661719;-0.432713
0.113703;-0.0588495;-0.432713
0.121744;-0.0734942;-0.425391
0.121794;-0.0661719;-0.425391
0.121762;-0.0588495;-0.425391
0.129126;-0.0734942;-0.418068
0.12908;-0.0661719;-0.418068
0.128809;-0.0588495;-0.418068
0.113681;-0.054588;-0.432713
0.113545;-0.0472656;-0.432713
0.113207;-0.0399433;-0.432713
0.121646;-0.054588;-0.425391
0.121301;-0.0472656;-0.425391
0.12089;-0.0399433;-0.425391
0.128605;-0.054588;-0.418068
0.128199;-0.0472656;-0.418068
0.127586;-0.0399433;-0.418068
0.0891247;-0.0356817;-0.451619
0.0889463;-0.0283594;-0.451619
0.0885644;-0.021037;-0.451619
0.0990894;-0.0356817;-0.444297
0.0987227;-0.0283594;-0.444297
0.0982573;-0.021037;-0.444297
0.108097;-0.0356817;-0.436975
0.107656;-0.0283594;-0.436975
0.10701;-0.021037;-0.436975
0.0882729;-0.0167755;-0.451619
0.0876732;-0.00945312;-0.451619
0.0868838;-0.00213077;-0.451619
0.097894;-0.0167755;-0.444297
0.0971331;-0.00945312;-0.444297
0.0962903;-0.00213077;-0.444297
0.106582;-0.0167755;-0.436975
0.105779;-0.00945312;-0.436975
0.104784;-0.00213077;-0.436975
0.11295;-0.0356817;-0.432713
0.112429;-0.0283594;-0.432713
0.111723;-0.021037;-0.432713
0.12056;-0.0356817;-0.425391
0.119861;-0.0283594;-0.425391
0.119114;-0.021037;-0.425391
0.12719;-0.0356817;-0.418068
0.126465;-0.0283594;-0.418068
0.125549;-0.021037;-0.418068
0.111261;-0.0167755;-0.432713
0.110396;-0.00945312;-0.432713
0.109358;-0.00213077;-0.432713
0.118597;-0.0167755;-0.425391
0.117585;-0.00945312;-0.425391
0.116534;-0.00213077;-0.425391
0.124983;-0.0167755;-0.418068
0.123973;-0.00945312;-0.418068
0.122785;-0.00213077;-0.418068
0.133017;-0.0734942;-0.413807
0.132864;-0.0661719;-0.413807
0.132513;-0.0588495;-0.413807
0.138925;-0.0734942;-0.406484
0.138537;-0.0661719;-0.406484
0.138125;-0.0588495;-0.406484
0.143784;-0.0734942;-0.399162
0.143352;-0.0661719;-0.399162
0.142711;-0.0588495;-0.399162
0.132261;-0.054588;-0.413807
0.131769;-0.0472656;-0.413807
0.131097;-0.0399433;-0.413807
0.137797;-0.054588;-0.406484
0.137105;-0.0472656;-0.406484
0.136406;-0.0399433;-0.406484
0.142314;-0.054588;-0.399162
0.141614;-0.0472656;-0.399162
0.140723;-0.0399433;-0.399162
0.146219;-0.0734942;-0.3949
0.145698;-0.0661719;-0.3949
0.144996;-0.0588495;-0.3949
0.149654;-0.0734942;-0.387578
0.148903;-0.0661719;-0.387578
0.148193;-0.0588495;-0.387578
0.152042;-0.0734942;-0.380256
0.151303;-0.0661719;-0.380256
0.150374;-0.0588495;-0.380256
0.144562;-0.054588;-0.3949
0.143795;-0.0472656;-0.3949
0.142863;-0.0399433;-0.3949
0.147703;-0.054588;-0.387578
0.146746;-0.0472656;-0.387578
0.145838;-0.0399433;-0.387578
0.149831;-0.054588;-0.380256
0.148918;-0.0472656;-0.380256
0.147832;-0.0399433;-0.380256
0.130665;-0.0356817;-0.413807
0.129877;-0.0283594;-0.413807
0.128919;-0.021037;-0.413807
0.13592;-0.0356817;-0.406484
0.134964;-0.0283594;-0.406484
0.134012;-0.021037;-0.406484
0.140187;-0.0356817;-0.399162
0.139254;-0.0283594;-0.399162
0.138146;-0.021037;-0.399162
0.128328;-0.0167755;-0.413807
0.127272;-0.00945312;-0.413807
0.126059;-0.00213077;-0.413807
0.133384;-0.0167755;-0.406484
0.132194;-0.00945312;-0.406484
0.131012;-0.00213077;-0.406484
0.137486;-0.0167755;-0.399162
0.136346;-0.00945312;-0.399162
0.135041;-0.00213077;-0.399162
0.142301;-0.0356817;-0.3949
0.141322;-0.0283594;-0.3949
0.14019;-0.021037;-0.3949
0.145241;-0.0356817;-0.387578
0.144108;-0.0283594;-0.387578
0.143029;-0.021037;-0.387578
0.147202;-0.0356817;-0.380256
0.146143;-0.0283594;-0.380256
0.144923;-0.021037;-0.380256
0.139516;-0.0167755;-0.3949
0.138348;-0.00945312;-0.3949
0.137036;-0.00213077;-0.3949
0.142337;-0.0167755;-0.387578
0.141049;-0.00945312;-0.387578
0.139815;-0.00213077;-0.387578
0.144217;-0.0167755;-0.380256
0.143027;-0.00945312;-0.380256
0.141686;-0.00213077;-0.380256
0.156414;-0.149119;-0.375994
0.156765;-0.141797;-0.375994
0.156834;-0.134475;-0.375994
0.159407;-0.149119;-0.368672
0.159336;-0.141797;-0.368672
0.159293;-0.134475;-0.368672
0.161224;-0.149119;-0.36135
0.161069;-0.141797;-0.36135
0.160612;-0.134475;-0.36135
0.156828;-0.130213;-0.375994
0.156772;-0.122891;-0.375994
0.156474;-0.115568;-0.375994
0.15915;-0.130213;-0.368672
0.158727;-0.122891;-0.368672
0.158361;-0.115568;-0.368672
0.160333;-0.130213;-0.36135
0.159867;-0.122891;-0.36135
0.159144;-0.115568;-0.36135
0.161901;-0.149119;-0.357088
0.161583;-0.141797;-0.357088
0.161003;-0.134475;-0.357088
0.162303;-0.149119;-0.349766
0.161557;-0.141797;-0.349766
0.160927;-0.134475;-0.349766
0.161556;-0.149119;-0.342443
0.160789;-0.141797;-0.342443
0.159744;-0.134475;-0.342443
0.16065;-0.130213;-0.357088
0.160052;-0.122891;-0.357088
0.159232;-0.115568;-0.357088
0.160457;-0.130213;-0.349766
0.159489;-0.122891;-0.349766
0.158661;-0.115568;-0.349766
0.159153;-0.130213;-0.342443
0.158203;-0.122891;-0.342443
0.157019;-0.115568;-0.342443
0.156269;-0.111307;-0.375994
0.155896;-0.103984;-0.375994
0.155314;-0.096662;-0.375994
0.158048;-0.111307;-0.368672
0.157358;-0.103984;-0.368672
0.156749;-0.096662;-0.368672
0.158722;-0.111307;-0.36135
0.158031;-0.103984;-0.36135
0.157117;-0.096662;-0.36135
0.154956;-0.0924005;-0.375994
0.154338;-0.0850781;-0.375994
0.153536;-0.0777558;-0.375994
0.156309;-0.0924005;-0.368672
0.155424;-0.0850781;-0.368672
0.154633;-0.0777558;-0.368672
0.156595;-0.0924005;-0.36135
0.155744;-0.0850781;-0.36135
0.154699;-0.0777558;-0.36135
0.158753;-0.111307;-0.357088
0.157958;-0.103984;-0.357088
0.156973;-0.096662;-0.357088
0.158093;-0.111307;-0.349766
0.156983;-0.103984;-0.349766
0.15603;-0.096662;-0.349766
0.156358;-0.111307;-0.342443
0.155306;-0.103984;-0.342443
0.154052;-0.096662;-0.342443
0.156409;-0.0924005;-0.357088
0.155481;-0.0850781;-0.357088
0.15439;-0.0777558;-0.357088
0.155403;-0.0924005;-0.349766
0.154212;-0.0850781;-0.349766
0.153188;-0.0777558;-0.349766
0.153361;-0.0924005;-0.342443
0.152263;-0.0850781;-0.342443
0.150992;-0.0777558;-0.342443
0.16078;-0.149119;-0.338182
0.159867;-0.141797;-0.338182
0.158715;-0.134475;-0.338182
0.158757;-0.149119;-0.330859
0.157412;-0.141797;-0.330859
0.156268;-0.134475;-0.330859
0.155633;-0.149119;-0.323537
0.154325;-0.141797;-0.323537
0.152764;-0.134475;-0.323537
0.15806;-0.130213;-0.338182
0.156996;-0.122891;-0.338182
0.155731;-0.115568;-0.338182
0.155514;-0.130213;-0.330859
0.154078;-0.122891;-0.330859
0.152863;-0.115568;-0.330859
0.151903;-0.130213;-0.323537
0.150544;-0.122891;-0.323537
0.148973;-0.115568;-0.323537
0.153521;-0.149119;-0.319275
0.152083;-0.141797;-0.319275
0.150429;-0.134475;-0.319275
0.149287;-0.149119;-0.311953
0.14741;-0.141797;-0.311953
0.145819;-0.134475;-0.311953
0.14402;-0.149119;-0.304631
0.142233;-0.141797;-0.304631
0.140221;-0.134475;-0.304631
0.149514;-0.130213;-0.319275
0.148055;-0.122891;-0.319275
0.146421;-0.115568;-0.319275
0.144821;-0.130213;-0.311953
0.142987;-0.122891;-0.311953
0.141456;-0.115568;-0.311953
0.139128;-0.130213;-0.304631
0.137423;-0.122891;-0.304631
0.135536;-0.115568;-0.304631
0.155024;-0.111307;-0.338182
0.153886;-0.103984;-0.338182
0.152579;-0.096662;-0.338182
0.152085;-0.111307;-0.330859
0.150633;-0.103984;-0.330859
0.149415;-0.096662;-0.330859
0.148118;-0.111307;-0.323537
0.146781;-0.103984;-0.323537
0.145267;-0.096662;-0.323537
0.151856;-0.0924005;-0.338182
0.150701;-0.0850781;-0.338182
0.149402;-0.0777558;-0.338182
0.148648;-0.0924005;-0.330859
0.147236;-0.0850781;-0.330859
0.146061;-0.0777558;-0.330859
0.144452;-0.0924005;-0.323537
0.143189;-0.0850781;-0.323537
0.141776;-0.0777558;-0.323537
0.145528;-0.111307;-0.319275
0.144122;-0.103984;-0.319275
0.142573;-0.096662;-0.319275
0.14051;-0.111307;-0.311953
0.138791;-0.103984;-0.311953
0.137384;-0.096662;-0.311953
0.134527;-0.111307;-0.304631
0.132975;-0.103984;-0.304631
0.131276;-0.096662;-0.304631
0.141736;-0.0924005;-0.319275
0.140434;-0.0850781;-0.319275
0.139011;-0.0777558;-0.319275
0.136522;-0.0924005;-0.311953
0.134968;-0.0850781;-0.311953
0.133724;-0.0777558;-0.311953
0.130382;-0.0924005;-0.304631
0.129032;-0.0850781;-0.304631
0.127559;-0.0777558;-0.304631
0.15306;-0.0734942;-0.375994
0.152251;-0.0661719;-0.375994
0.151279;-0.0588495;-0.375994
0.154099;-0.0734942;-0.368672
0.153068;-0.0661719;-0.368672
0.152141;-0.0588495;-0.368672
0.154107;-0.0734942;-0.36135
0.153145;-0.0661719;-0.36135
0.15201;-0.0588495;-0.36135
0.15071;-0.054588;-0.375994
0.149749;-0.0472656;-0.375994
0.14864;-0.0399433;-0.375994
0.151536;-0.054588;-0.368672
0.150395;-0.0472656;-0.368672
0.149363;-0.0399433;-0.368672
0.15137;-0.054588;-0.36135
0.150329;-0.0472656;-0.36135
0.149131;-0.0399433;-0.36135
0.15377;-0.0734942;-0.357088
0.152756;-0.0661719;-0.357088
0.151597;-0.0588495;-0.357088
0.152531;-0.0734942;-0.349766
0.151303;-0.0661719;-0.349766
0.150245;-0.0588495;-0.349766
0.150295;-0.0734942;-0.342443
0.149193;-0.0661719;-0.342443
0.147938;-0.0588495;-0.342443
0.150943;-0.054588;-0.357088
0.149873;-0.0472656;-0.357088
0.148671;-0.0399433;-0.357088
0.149575;-0.054588;-0.349766
0.148337;-0.0472656;-0.349766
0.147265;-0.0399433;-0.349766
0.147252;-0.054588;-0.342443
0.146169;-0.0472656;-0.342443
0.144946;-0.0399433;-0.342443
0.147995;-0.0356817;-0.375994
0.146909;-0.0283594;-0.375994
0.145684;-0.021037;-0.375994
0.148703;-0.0356817;-0.368672
0.147475;-0.0283594;-0.368672
0.146354;-0.021037;-0.368672
0.148457;-0.0356817;-0.36135
0.147355;-0.0283594;-0.36135
0.146108;-0.021037;-0.36135
0.144974;-0.0167755;-0.375994
0.143775;-0.00945312;-0.375994
0.142446;-0.00213077;-0.375994
0.145646;-0.0167755;-0.368672
0.144343;-0.00945312;-0.368672
0.143139;-0.00213077;-0.368672
0.145405;-0.0167755;-0.36135
0.14425;-0.00945312;-0.36135
0.142957;-0.00213077;-0.36135
0.147994;-0.0356817;-0.357088
0.146884;-0.0283594;-0.357088
0.145652;-0.021037;-0.357088
0.146592;-0.0356817;-0.349766
0.145357;-0.0283594;-0.349766
0.144279;-0.021037;-0.349766
0.144278;-0.0356817;-0.342443
0.143222;-0.0283594;-0.342443
0.142035;-0.021037;-0.342443
0.144956;-0.0167755;-0.357088
0.143811;-0.00945312;-0.357088
0.142549;-0.00213077;-0.357088
0.143606;-0.0167755;-0.349766
0.142373;-0.00945312;-0.349766
0.141286;-0.00213077;-0.349766
0.141385;-0.0167755;-0.342443
0.140352;-0.00945312;-0.342443
0.139194;-0.00213077;-0.342443
0.148688;-0.0734942;-0.338182
0.147554;-0.0661719;-0.338182
0.146294;-0.0588495;-0.338182
0.145328;-0.0734942;-0.330859
0.14399;-0.0661719;-0.330859
0.142886;-0.0588495;-0.330859
0.141022;-0.0734942;-0.323537
0.139866;-0.0661719;-0.323537
0.138578;-0.0588495;-0.323537
0.145604;-0.054588;-0.338182
0.144512;-0.0472656;-0.338182
0.143306;-0.0399433;-0.338182
0.142201;-0.054588;-0.330859
0.140955;-0.0472656;-0.330859
0.139932;-0.0399433;-0.330859
0.137897;-0.054588;-0.323537
0.13686;-0.0472656;-0.323537
0.135703;-0.0399433;-0.323537
0.138251;-0.0734942;-0.319275
0.137083;-0.0661719;-0.319275
0.135809;-0.0588495;-0.319275
0.132966;-0.0734942;-0.311953
0.131604;-0.0661719;-0.311953
0.130543;-0.0588495;-0.311953
0.126798;-0.0734942;-0.304631
0.125674;-0.0661719;-0.304631
0.124444;-0.0588495;-0.304631
0.135136;-0.054588;-0.319275
0.134112;-0.0472656;-0.319275
0.132992;-0.0399433;-0.319275
0.129896;-0.054588;-0.311953
0.128733;-0.0472656;-0.311953
0.127853;-0.0399433;-0.311953
0.123821;-0.054588;-0.304631
0.122925;-0.0472656;-0.304631
0.121932;-0.0399433;-0.304631
0.142647;-0.0356817;-0.338182
0.141603;-0.0283594;-0.338182
0.140451;-0.021037;-0.338182
0.139299;-0.0356817;-0.330859
0.138145;-0.0283594;-0.330859
0.137201;-0.021037;-0.330859
0.135095;-0.0356817;-0.323537
0.134175;-0.0283594;-0.323537
0.133141;-0.021037;-0.323537
0.13982;-0.0167755;-0.338182
0.138817;-0.00945312;-0.338182
0.13771;-0.00213077;-0.338182
0.136614;-0.0167755;-0.330859
0.135541;-0.00945312;-0.330859
0.134659;-0.00213077;-0.330859
0.132598;-0.0167755;-0.323537
0.131778;-0.00945312;-0.323537
0.130845;-0.00213077;-0.323537
0.132405;-0.0356817;-0.319275
0.131519;-0.0283594;-0.319275
0.130541;-0.021037;-0.319275
0.127314;-0.0356817;-0.311953
0.126338;-0.0283594;-0.311953
0.125621;-0.021037;-0.311953
0.12144;-0.0356817;-0.304631
0.120754;-0.0283594;-0.304631
0.119972;-0.021037;-0.304631
0.13003;-0.0167755;-0.319275
0.129262;-0.00945312;-0.319275
0.128401;-0.00213077;-0.319275
0.125177;-0.0167755;-0.311953
0.124361;-0.00945312;-0.311953
0.123778;-0.00213077;-0.311953
0.119594;-0.0167755;-0.304631
0.119085;-0.00945312;-0.304631
0.118478;-0.00213077;-0.304631
0.0387535;-0.453844;-0.209736
0.0388506;-0.453803;-0.209736
0.0389478;-0.453762;-0.209736
0.0389377;-0.454169;-0.208965
0.0393451;-0.453986;-0.208965
0.0397552;-0.453803;-0.208965
0.0392366;-0.454493;-0.208193
0.0399132;-0.454169;-0.208193
0.0405994;-0.453844;-0.208193
0.039434;-0.455415;-0.205838
0.0408958;-0.454688;-0.205838
0.0423866;-0.453961;-0.205838
0.0396108;-0.458239;-0.198516
0.0435925;-0.456279;-0.198516
0.0475027;-0.45432;-0.198516
0.040241;-0.46103;-0.191193
0.0464537;-0.457852;-0.191193
0.0524325;-0.454675;-0.191193
0.0408735;-0.462574;-0.186932
0.0480582;-0.458722;-0.186932
0.0549518;-0.454871;-0.186932
0.0404061;-0.465092;-0.179609
0.0496805;-0.460141;-0.179609
0.0582128;-0.455191;-0.179609
0.0398801;-0.467583;-0.172287
0.0506501;-0.461545;-0.172287
0.0606568;-0.455507;-0.172287
0.0360891;-0.47305;-0.161543
0.0363964;-0.472878;-0.161543
0.0367056;-0.472706;-0.161543
0.0356799;-0.474398;-0.15705
0.0370316;-0.473638;-0.15705
0.038419;-0.472878;-0.15705
0.0352468;-0.475739;-0.152557
0.0375068;-0.474394;-0.152557
0.0398628;-0.473048;-0.152557
0.0405629;-0.470525;-0.161543
0.052642;-0.463203;-0.161543
0.0634164;-0.455881;-0.161543
0.0425007;-0.470525;-0.15705
0.0541759;-0.463203;-0.15705
0.064424;-0.455881;-0.15705
0.0441264;-0.470525;-0.152557
0.0553977;-0.463203;-0.152557
0.0651811;-0.455881;-0.152557
0.0399432;-0.468554;-0.169333
0.051038;-0.462092;-0.169333
0.0614598;-0.45563;-0.169333
0.0400107;-0.469417;-0.166503
0.0515769;-0.462578;-0.166503
0.0622211;-0.45574;-0.166503
0.0399703;-0.470276;-0.163673
0.0520221;-0.463063;-0.163673
0.062896;-0.455849;-0.163673
0.0375447;-0.41677;-0.275952
0.0384563;-0.416407;-0.275952
0.0393682;-0.416043;-0.275952
0.0373331;-0.419612;-0.271035
0.0412717;-0.418008;-0.271035
0.0451766;-0.416404;-0.271035
0.0388383;-0.422425;-0.266118
0.0448619;-0.419593;-0.266118
0.0509771;-0.416762;-0.266118
0.0353175;-0.399377;-0.300369
0.0375212;-0.398353;-0.300369
0.0398761;-0.397329;-0.300369
0.0377854;-0.404113;-0.293047
0.0444961;-0.401022;-0.293047
0.0507688;-0.397931;-0.293047
0.0392213;-0.408769;-0.285725
0.0507364;-0.403645;-0.285725
0.0610256;-0.398522;-0.285725
0.0446797;-0.3949;-0.300369
0.0591629;-0.387578;-0.300369
0.0743243;-0.380256;-0.300369
0.0568356;-0.3949;-0.293047
0.0712435;-0.387578;-0.293047
0.0849387;-0.380256;-0.293047
0.0683609;-0.3949;-0.285725
0.0823467;-0.387578;-0.285725
0.0936719;-0.380256;-0.285725
0.044567;-0.413807;-0.275952
0.0602546;-0.406484;-0.275952
0.0739901;-0.399162;-0.275952
0.0511254;-0.413807;-0.271035
0.0665595;-0.406484;-0.271035
0.080234;-0.399162;-0.271035
0.0572473;-0.413807;-0.266118
0.0720208;-0.406484;-0.266118
0.0858848;-0.399162;-0.266118
0.0414087;-0.410528;-0.282894
0.0534568;-0.404637;-0.282894
0.0648266;-0.398746;-0.282894
0.042123;-0.411964;-0.280488
0.055695;-0.405446;-0.280488
0.0680737;-0.398928;-0.280488
0.042509;-0.413393;-0.278082
0.0577066;-0.406251;-0.278082
0.0711775;-0.399109;-0.278082
0.0742344;-0.3949;-0.281463
0.0873607;-0.387578;-0.281463
0.098671;-0.380256;-0.281463
0.0832232;-0.3949;-0.274141
0.0945892;-0.387578;-0.274141
0.106315;-0.380256;-0.274141
0.0923603;-0.3949;-0.266818
0.102816;-0.387578;-0.266818
0.111242;-0.380256;-0.266818
0.0384935;-0.434901;-0.246663
0.0385586;-0.434876;-0.246663
0.0386239;-0.434851;-0.246663
0.0386465;-0.435099;-0.246278
0.038927;-0.434987;-0.246278
0.0392092;-0.434876;-0.246278
0.0388405;-0.435296;-0.245893
0.0393219;-0.435099;-0.245893
0.0398092;-0.434901;-0.245893
0.0433056;-0.432713;-0.246663
0.0587305;-0.425391;-0.246663
0.0732523;-0.418068;-0.246663
0.0438844;-0.432713;-0.246278
0.0591522;-0.425391;-0.246278
0.0736396;-0.418068;-0.246278
0.0444702;-0.432713;-0.245893
0.0595718;-0.425391;-0.245893
0.074023;-0.418068;-0.245893
0.0410181;-0.424323;-0.262669
0.0481809;-0.420663;-0.262669
0.0554573;-0.417003;-0.262669
0.0423414;-0.428019;-0.255731
0.0536622;-0.422746;-0.255731
0.0640718;-0.417472;-0.255731
0.0426236;-0.431663;-0.248793
0.0575941;-0.424799;-0.248793
0.0712916;-0.417935;-0.248793
0.0393535;-0.436382;-0.24365
0.0408586;-0.435711;-0.24365
0.042404;-0.435039;-0.24365
0.0405765;-0.439885;-0.236328
0.0454045;-0.437685;-0.236328
0.0500818;-0.435484;-0.236328
0.0412568;-0.443341;-0.229006
0.0490707;-0.439632;-0.229006
0.0567121;-0.435923;-0.229006
0.0472711;-0.432713;-0.24365
0.0620646;-0.425391;-0.24365
0.0763067;-0.418068;-0.24365
0.0556868;-0.432713;-0.236328
0.069731;-0.425391;-0.236328
0.0827986;-0.418068;-0.236328
0.0632757;-0.432713;-0.229006
0.0767767;-0.425391;-0.229006
0.0879173;-0.418068;-0.229006
0.0619751;-0.413807;-0.262557
0.0761014;-0.406484;-0.262557
0.0896822;-0.399162;-0.262557
0.0714964;-0.413807;-0.255234
0.0844335;-0.406484;-0.255234
0.0964164;-0.399162;-0.255234
0.0798434;-0.413807;-0.247912
0.091787;-0.406484;-0.247912
0.101744;-0.399162;-0.247912
0.096846;-0.3949;-0.262557
0.106702;-0.387578;-0.262557
0.114236;-0.380256;-0.262557
0.102392;-0.3949;-0.255234
0.111241;-0.387578;-0.255234
0.119646;-0.380256;-0.255234
0.107201;-0.3949;-0.247912
0.116016;-0.387578;-0.247912
0.12288;-0.380256;-0.247912
0.083914;-0.413807;-0.24365
0.0950937;-0.406484;-0.24365
0.104647;-0.399162;-0.24365
0.0894826;-0.413807;-0.236328
0.0995803;-0.406484;-0.236328
0.109036;-0.399162;-0.236328
0.0940355;-0.413807;-0.229006
0.104052;-0.406484;-0.229006
0.111948;-0.399162;-0.229006
0.109888;-0.3949;-0.24365
0.118168;-0.387578;-0.24365
0.124562;-0.380256;-0.24365
0.113716;-0.3949;-0.236328
0.120578;-0.387578;-0.236328
0.127198;-0.380256;-0.236328
0.116159;-0.3949;-0.229006
0.123018;-0.387578;-0.229006
0.128213;-0.380256;-0.229006
0.0827685;-0.375994;-0.300369
0.094507;-0.368672;-0.300369
0.103685;-0.36135;-0.300369
0.0917929;-0.375994;-0.293047
0.101997;-0.368672;-0.293047
0.112058;-0.36135;-0.293047
0.0998996;-0.375994;-0.285725
0.11026;-0.368672;-0.285725
0.118392;-0.36135;-0.285725
0.109083;-0.357088;-0.300369
0.118772;-0.349766;-0.300369
0.12635;-0.342443;-0.300369
0.117159;-0.357088;-0.293047
0.124713;-0.349766;-0.293047
0.132314;-0.342443;-0.293047
0.122928;-0.357088;-0.285725
0.130658;-0.349766;-0.285725
0.136554;-0.342443;-0.285725
0.104785;-0.375994;-0.281463
0.114365;-0.368672;-0.281463
0.121943;-0.36135;-0.281463
0.111989;-0.375994;-0.274141
0.119659;-0.368672;-0.274141
0.127581;-0.36135;-0.274141
0.116333;-0.375994;-0.266818
0.125073;-0.368672;-0.266818
0.131238;-0.36135;-0.266818
0.126179;-0.357088;-0.281463
0.133352;-0.349766;-0.281463
0.138805;-0.342443;-0.281463
0.131401;-0.357088;-0.274141
0.136614;-0.349766;-0.274141
0.142167;-0.342443;-0.274141
0.134468;-0.357088;-0.266818
0.140033;-0.349766;-0.266818
0.143972;-0.342443;-0.266818
0.130257;-0.338182;-0.300369
0.136711;-0.330859;-0.300369
0.141962;-0.323537;-0.300369
0.135985;-0.338182;-0.293047
0.140975;-0.330859;-0.293047
0.146032;-0.323537;-0.293047
0.139727;-0.338182;-0.285725
0.144942;-0.330859;-0.285725
0.148621;-0.323537;-0.285725
0.144789;-0.319275;-0.300369
0.149304;-0.311953;-0.300369
0.152679;-0.304631;-0.300369
0.14848;-0.319275;-0.293047
0.151737;-0.311953;-0.293047
0.154962;-0.304631;-0.293047
0.15058;-0.319275;-0.285725
0.153842;-0.311953;-0.285725
0.155874;-0.304631;-0.285725
0.141737;-0.338182;-0.281463
0.146542;-0.330859;-0.281463
0.149896;-0.323537;-0.281463
0.144797;-0.338182;-0.274141
0.148091;-0.330859;-0.274141
0.151494;-0.323537;-0.274141
0.146101;-0.338182;-0.266818
0.149608;-0.330859;-0.266818
0.151677;-0.323537;-0.266818
0.151633;-0.319275;-0.281463
0.15447;-0.311953;-0.281463
0.156182;-0.304631;-0.281463
0.152942;-0.319275;-0.274141
0.154495;-0.311953;-0.274141
0.156174;-0.304631;-0.274141
0.152712;-0.319275;-0.266818
0.154392;-0.311953;-0.266818
0.154915;-0.304631;-0.266818
0.118921;-0.375994;-0.262557
0.127332;-0.368672;-0.262557
0.133147;-0.36135;-0.262557
0.123746;-0.375994;-0.255234
0.12979;-0.368672;-0.255234
0.136015;-0.36135;-0.255234
0.126595;-0.375994;-0.247912
0.132722;-0.368672;-0.247912
0.13725;-0.36135;-0.247912
0.136165;-0.357088;-0.262557
0.141348;-0.349766;-0.262557
0.144878;-0.342443;-0.262557
0.138843;-0.357088;-0.255234
0.142324;-0.349766;-0.255234
0.146023;-0.342443;-0.255234
0.139651;-0.357088;-0.247912
0.143444;-0.349766;-0.247912
0.145744;-0.342443;-0.247912
0.128076;-0.375994;-0.24365
0.133844;-0.368672;-0.24365
0.137863;-0.36135;-0.24365
0.130302;-0.375994;-0.236328
0.134481;-0.368672;-0.236328
0.138664;-0.36135;-0.236328
0.130946;-0.375994;-0.229006
0.135258;-0.368672;-0.229006
0.138107;-0.36135;-0.229006
0.140009;-0.357088;-0.24365
0.143503;-0.349766;-0.24365
0.145457;-0.342443;-0.24365
0.140476;-0.357088;-0.236328
0.142538;-0.349766;-0.236328
0.144677;-0.342443;-0.236328
0.139546;-0.357088;-0.229006
0.141766;-0.349766;-0.229006
0.142734;-0.342443;-0.229006
0.146762;-0.338182;-0.262557
0.149886;-0.330859;-0.262557
0.15162;-0.323537;-0.262557
0.147608;-0.338182;-0.255234
0.149284;-0.330859;-0.255234
0.151125;-0.323537;-0.255234
0.14691;-0.338182;-0.247912
0.14878;-0.330859;-0.247912
0.149403;-0.323537;-0.247912
0.152459;-0.319275;-0.262557
0.153798;-0.311953;-0.262557
0.154029;-0.304631;-0.262557
0.151707;-0.319275;-0.255234
0.151834;-0.311953;-0.255234
0.152125;-0.304631;-0.255234
0.149629;-0.319275;-0.247912
0.149914;-0.311953;-0.247912
0.149152;-0.304631;-0.247912
0.146424;-0.338182;-0.24365
0.147984;-0.330859;-0.24365
0.148303;-0.323537;-0.24365
0.145393;-0.338182;-0.236328
0.145718;-0.330859;-0.236328
0.146165;-0.323537;-0.236328
0.143128;-0.338182;-0.229006
0.143625;-0.330859;-0.229006
0.143053;-0.323537;-0.229006
0.148356;-0.319275;-0.24365
0.14836;-0.311953;-0.24365
0.147342;-0.304631;-0.24365
0.145992;-0.319275;-0.236328
0.144936;-0.311953;-0.236328
0.144023;-0.304631;-0.236328
0.142594;-0.319275;-0.229006
0.141696;-0.311953;-0.229006
0.139897;-0.304631;-0.229006
0.0433144;-0.451619;-0.209736
0.0577047;-0.444297;-0.209736
0.07131;-0.436975;-0.209736
0.0440721;-0.451619;-0.208965
0.0581728;-0.444297;-0.208965
0.0717637;-0.436975;-0.208965
0.0448388;-0.451619;-0.208193
0.0586252;-0.444297;-0.208193
0.0722016;-0.436975;-0.208193
0.0427647;-0.44517;-0.224969
0.0515412;-0.440663;-0.224969
0.0602708;-0.436155;-0.224969
0.043413;-0.448006;-0.218418
0.0552267;-0.442261;-0.218418
0.0658243;-0.436516;-0.218418
0.0430001;-0.45081;-0.211867
0.0572166;-0.443841;-0.211867
0.0701535;-0.436872;-0.211867
0.067072;-0.432713;-0.224744
0.0798442;-0.425391;-0.224744
0.090838;-0.418068;-0.224744
0.07282;-0.432713;-0.217422
0.0841056;-0.425391;-0.217422
0.0952071;-0.418068;-0.217422
0.0783663;-0.432713;-0.2101
0.089011;-0.425391;-0.2101
0.0976584;-0.418068;-0.2101
0.0468996;-0.451619;-0.205838
0.0605975;-0.444297;-0.205838
0.0737966;-0.436975;-0.205838
0.0527449;-0.451619;-0.198516
0.0660202;-0.444297;-0.198516
0.0779556;-0.436975;-0.198516
0.0579456;-0.451619;-0.191193
0.0701152;-0.444297;-0.191193
0.0808404;-0.436975;-0.191193
0.0809467;-0.432713;-0.205838
0.0911126;-0.425391;-0.205838
0.0989972;-0.418068;-0.205838
0.0839929;-0.432713;-0.198516
0.0930857;-0.425391;-0.198516
0.101288;-0.418068;-0.198516
0.0864863;-0.432713;-0.191193
0.0950993;-0.425391;-0.191193
0.102226;-0.418068;-0.191193
0.0967729;-0.413807;-0.224744
0.106088;-0.406484;-0.224744
0.11352;-0.399162;-0.224744
0.100731;-0.413807;-0.217422
0.108472;-0.406484;-0.217422
0.115846;-0.399162;-0.217422
0.102579;-0.413807;-0.2101
0.110731;-0.406484;-0.2101
0.11678;-0.399162;-0.2101
0.117486;-0.3949;-0.224744
0.12386;-0.387578;-0.224744
0.128644;-0.380256;-0.224744
0.11938;-0.3949;-0.217422
0.124314;-0.387578;-0.217422
0.129159;-0.380256;-0.217422
0.119873;-0.3949;-0.2101
0.124882;-0.387578;-0.2101
0.128496;-0.380256;-0.2101
0.103547;-0.413807;-0.205838
0.111382;-0.406484;-0.205838
0.117139;-0.399162;-0.205838
0.105376;-0.413807;-0.198516
0.111578;-0.406484;-0.198516
0.117455;-0.399162;-0.198516
0.106008;-0.413807;-0.191193
0.111989;-0.406484;-0.191193
0.116712;-0.399162;-0.191193
0.120067;-0.3949;-0.205838
0.124755;-0.387578;-0.205838
0.128012;-0.380256;-0.205838
0.120178;-0.3949;-0.198516
0.12371;-0.387578;-0.198516
0.126988;-0.380256;-0.198516
0.119124;-0.3949;-0.191193
0.122693;-0.387578;-0.191193
0.125074;-0.380256;-0.191193
0.0604826;-0.451619;-0.186932
0.0719597;-0.444297;-0.186932
0.0821799;-0.436975;-0.186932
0.0638933;-0.451619;-0.179609
0.074574;-0.444297;-0.179609
0.0840577;-0.436975;-0.179609
0.0665932;-0.451619;-0.172287
0.0765495;-0.444297;-0.172287
0.0851058;-0.436975;-0.172287
0.0876104;-0.432713;-0.186932
0.0958588;-0.425391;-0.186932
0.102604;-0.418068;-0.186932
0.0889076;-0.432713;-0.179609
0.0963491;-0.425391;-0.179609
0.102999;-0.418068;-0.179609
0.089619;-0.432713;-0.172287
0.0966261;-0.425391;-0.172287
0.10239;-0.418068;-0.172287
0.0677357;-0.451619;-0.168025
0.0772442;-0.444297;-0.168025
0.0855483;-0.436975;-0.168025
0.069184;-0.451619;-0.160703
0.0779299;-0.444297;-0.160703
0.0858599;-0.436975;-0.160703
0.0702348;-0.451619;-0.153381
0.0783227;-0.444297;-0.153381
0.0852699;-0.436975;-0.153381
0.0898887;-0.432713;-0.168025
0.0964621;-0.425391;-0.168025
0.101842;-0.418068;-0.168025
0.0898314;-0.432713;-0.160703
0.0956293;-0.425391;-0.160703
0.100712;-0.418068;-0.160703
0.0889138;-0.432713;-0.153381
0.094477;-0.425391;-0.153381
0.0989973;-0.418068;-0.153381
0.106205;-0.413807;-0.186932
0.111876;-0.406484;-0.186932
0.116172;-0.399162;-0.186932
0.106239;-0.413807;-0.179609
0.110919;-0.406484;-0.179609
0.115089;-0.399162;-0.179609
0.105351;-0.413807;-0.172287
0.109833;-0.406484;-0.172287
0.113262;-0.399162;-0.172287
0.118381;-0.3949;-0.186932
0.121732;-0.387578;-0.186932
0.123874;-0.380256;-0.186932
0.117008;-0.3949;-0.179609
0.119541;-0.387578;-0.179609
0.121706;-0.380256;-0.179609
0.114956;-0.3949;-0.172287
0.117409;-0.387578;-0.172287
0.118993;-0.380256;-0.172287
0.104633;-0.413807;-0.168025
0.108881;-0.406484;-0.168025
0.112084;-0.399162;-0.168025
0.103205;-0.413807;-0.160703
0.106835;-0.406484;-0.160703
0.109935;-0.399162;-0.160703
0.101275;-0.413807;-0.153381
0.104697;-0.406484;-0.153381
0.10737;-0.399162;-0.153381
0.113668;-0.3949;-0.168025
0.115954;-0.387578;-0.168025
0.11737;-0.380256;-0.168025
0.111345;-0.3949;-0.160703
0.11318;-0.387578;-0.160703
0.114574;-0.380256;-0.160703
0.108652;-0.3949;-0.153381
0.110409;-0.387578;-0.153381
0.111567;-0.380256;-0.153381
0.131186;-0.375994;-0.224744
0.135181;-0.368672;-0.224744
0.137676;-0.36135;-0.224744
0.131373;-0.375994;-0.217422
0.134106;-0.368672;-0.217422
0.136726;-0.36135;-0.217422
0.130348;-0.375994;-0.2101
0.133169;-0.368672;-0.2101
0.134743;-0.36135;-0.2101
0.138927;-0.357088;-0.224744
0.140866;-0.349766;-0.224744
0.141534;-0.342443;-0.224744
0.137709;-0.357088;-0.217422
0.138519;-0.349766;-0.217422
0.139322;-0.342443;-0.217422
0.135439;-0.357088;-0.2101
0.136372;-0.349766;-0.2101
0.136268;-0.342443;-0.2101
0.129675;-0.375994;-0.205838
0.132224;-0.368672;-0.205838
0.133524;-0.36135;-0.205838
0.128379;-0.375994;-0.198516
0.129937;-0.368672;-0.198516
0.131322;-0.36135;-0.198516
0.126202;-0.375994;-0.191193
0.127801;-0.368672;-0.191193
0.128433;-0.36135;-0.191193
0.13408;-0.357088;-0.205838
0.134798;-0.349766;-0.205838
0.134476;-0.342443;-0.205838
0.131683;-0.357088;-0.198516
0.131582;-0.349766;-0.198516
0.131372;-0.342443;-0.198516
0.128597;-0.357088;-0.191193
0.128593;-0.349766;-0.191193
0.127784;-0.342443;-0.191193
0.141767;-0.338182;-0.224744
0.142022;-0.330859;-0.224744
0.141206;-0.323537;-0.224744
0.139341;-0.338182;-0.217422
0.13862;-0.330859;-0.217422
0.137937;-0.323537;-0.217422
0.136046;-0.338182;-0.2101
0.135469;-0.330859;-0.2101
0.134017;-0.323537;-0.2101
0.140612;-0.319275;-0.224744
0.139497;-0.311953;-0.224744
0.137498;-0.304631;-0.224744
0.137168;-0.319275;-0.217422
0.135219;-0.311953;-0.217422
0.13335;-0.304631;-0.217422
0.133051;-0.319275;-0.2101
0.131258;-0.311953;-0.2101
0.12874;-0.304631;-0.2101
0.134138;-0.338182;-0.205838
0.133388;-0.330859;-0.205838
0.131773;-0.323537;-0.205838
0.130886;-0.338182;-0.198516
0.129463;-0.330859;-0.198516
0.127985;-0.323537;-0.198516
0.127156;-0.338182;-0.191193
0.125869;-0.330859;-0.191193
0.12393;-0.323537;-0.191193
0.130718;-0.319275;-0.205838
0.128788;-0.311953;-0.205838
0.126152;-0.304631;-0.205838
0.126829;-0.319275;-0.198516
0.124363;-0.311953;-0.198516
0.121883;-0.304631;-0.198516
0.122684;-0.319275;-0.191193
0.120389;-0.311953;-0.191193
0.117578;-0.304631;-0.191193
0.124878;-0.375994;-0.186932
0.12629;-0.368672;-0.186932
0.126732;-0.36135;-0.186932
0.122537;-0.375994;-0.179609
0.123309;-0.368672;-0.179609
0.12381;-0.36135;-0.179609
0.119671;-0.375994;-0.172287
0.120466;-0.368672;-0.172287
0.120555;-0.36135;-0.172287
0.126802;-0.357088;-0.186932
0.126667;-0.349766;-0.186932
0.125739;-0.342443;-0.186932
0.123759;-0.357088;-0.179609
0.12315;-0.349766;-0.179609
0.122338;-0.342443;-0.179609
0.120418;-0.357088;-0.172287
0.119901;-0.349766;-0.172287
0.118838;-0.342443;-0.172287
0.117971;-0.375994;-0.168025
0.118671;-0.368672;-0.168025
0.118686;-0.36135;-0.168025
0.115074;-0.375994;-0.160703
0.115501;-0.368672;-0.160703
0.115581;-0.36135;-0.160703
0.112025;-0.375994;-0.153381
0.112477;-0.368672;-0.153381
0.112503;-0.36135;-0.153381
0.118518;-0.357088;-0.168025
0.117967;-0.349766;-0.168025
0.116904;-0.342443;-0.168025
0.115393;-0.357088;-0.160703
0.114753;-0.349766;-0.160703
0.113825;-0.342443;-0.160703
0.112351;-0.357088;-0.153381
0.111826;-0.349766;-0.153381
0.11103;-0.342443;-0.153381
0.125054;-0.338182;-0.186932
0.123684;-0.330859;-0.186932
0.121687;-0.323537;-0.186932
0.121594;-0.338182;-0.179609
0.11991;-0.330859;-0.179609
0.118072;-0.323537;-0.179609
0.118073;-0.338182;-0.172287
0.116542;-0.330859;-0.172287
0.114613;-0.323537;-0.172287
0.120413;-0.319275;-0.186932
0.118082;-0.311953;-0.186932
0.11527;-0.304631;-0.186932
0.116796;-0.319275;-0.179609
0.114305;-0.311953;-0.179609
0.111694;-0.304631;-0.179609
0.113381;-0.319275;-0.172287
0.111098;-0.311953;-0.172287
0.108555;-0.304631;-0.172287
0.116149;-0.338182;-0.168025
0.114647;-0.330859;-0.168025
0.112792;-0.323537;-0.168025
0.113121;-0.338182;-0.160703
0.111711;-0.330859;-0.160703
0.110056;-0.323537;-0.160703
0.110439;-0.338182;-0.153381
0.10922;-0.330859;-0.153381
0.107881;-0.323537;-0.153381
0.111609;-0.319275;-0.168025
0.109416;-0.311953;-0.168025
0.107018;-0.304631;-0.168025
0.108994;-0.319275;-0.160703
0.107075;-0.311953;-0.160703
0.104936;-0.304631;-0.160703
0.107006;-0.319275;-0.153381
0.105344;-0.311953;-0.153381
0.103701;-0.304631;-0.153381
0.0349782;-0.476693;-0.149119
0.0378245;-0.474931;-0.149119
0.0407946;-0.473169;-0.149119
0.0343172;-0.478622;-0.141797
0.0383945;-0.476018;-0.141797
0.0425408;-0.473414;-0.141797
0.0337761;-0.480536;-0.134475
0.0389506;-0.477096;-0.134475
0.0440261;-0.473657;-0.134475
0.0452044;-0.470525;-0.149119
0.0562279;-0.463203;-0.149119
0.065573;-0.455881;-0.149119
0.0470516;-0.470525;-0.141797
0.0572937;-0.463203;-0.141797
0.0658981;-0.455881;-0.141797
0.0482095;-0.470525;-0.134475
0.0571768;-0.463203;-0.134475
0.0655688;-0.455881;-0.134475
0.0333311;-0.481573;-0.130213
0.0390019;-0.477681;-0.130213
0.0444441;-0.473789;-0.130213
0.0321607;-0.483228;-0.122891
0.0386064;-0.478614;-0.122891
0.0445577;-0.473999;-0.122891
0.031044;-0.484871;-0.115568
0.0381812;-0.479539;-0.115568
0.0445769;-0.474208;-0.115568
0.0485682;-0.470525;-0.130213
0.0570976;-0.463203;-0.130213
0.0651211;-0.455881;-0.130213
0.0488419;-0.470525;-0.122891
0.0571139;-0.463203;-0.122891
0.0641302;-0.455881;-0.122891
0.0486343;-0.470525;-0.115568
0.056115;-0.463203;-0.115568
0.0627834;-0.455881;-0.115568
0.0236478;-0.491832;-0.0894368
0.0237288;-0.491714;-0.0894368
0.0238132;-0.491597;-0.0894368
0.0224088;-0.492756;-0.0834081
0.0228466;-0.492235;-0.0834081
0.0233442;-0.491714;-0.0834081
0.0207895;-0.493677;-0.0773793
0.0215898;-0.492754;-0.0773793
0.0225461;-0.491831;-0.0773793
0.0302816;-0.485752;-0.111307
0.0376545;-0.480036;-0.111307
0.0442029;-0.47432;-0.111307
0.0288022;-0.487139;-0.103984
0.0363732;-0.480817;-0.103984
0.0430692;-0.474496;-0.103984
0.0274032;-0.488517;-0.096662
0.0350728;-0.481594;-0.096662
0.0419247;-0.474671;-0.096662
0.0481437;-0.470525;-0.111307
0.0552456;-0.463203;-0.111307
0.0617264;-0.455881;-0.111307
0.0469852;-0.470525;-0.103984
0.0537362;-0.463203;-0.103984
0.0596149;-0.455881;-0.103984
0.0456546;-0.470525;-0.096662
0.0517606;-0.463203;-0.096662
0.0573139;-0.455881;-0.096662
0.0261259;-0.489432;-0.0894368
0.0335463;-0.482109;-0.0894368
0.0403155;-0.474787;-0.0894368
0.0256384;-0.489432;-0.0834081
0.0325402;-0.482109;-0.0834081
0.0387936;-0.474787;-0.0834081
0.0249195;-0.489432;-0.0773793
0.0314307;-0.482109;-0.0773793
0.0370703;-0.474787;-0.0773793
0.0269119;-0.488975;-0.0941548
0.0345742;-0.481852;-0.0941548
0.0414738;-0.474729;-0.0941548
0.0266145;-0.489174;-0.0928612
0.0342472;-0.481964;-0.0928612
0.0411525;-0.474754;-0.0928612
0.0263204;-0.489374;-0.0915676
0.0339242;-0.482077;-0.0915676
0.040828;-0.47478;-0.0915676
0.0446728;-0.470525;-0.0924005
0.0504258;-0.463203;-0.0924005
0.0557861;-0.455881;-0.0924005
0.0426481;-0.470525;-0.0850781
0.0480436;-0.463203;-0.0850781
0.0529813;-0.455881;-0.0850781
0.040235;-0.470525;-0.0777558
0.0453086;-0.463203;-0.0777558
0.0500606;-0.455881;-0.0777558
0.0197748;-0.494198;-0.0734942
0.0207474;-0.493048;-0.0734942
0.0219239;-0.491897;-0.0734942
0.0180978;-0.495067;-0.0661719
0.0193234;-0.493537;-0.0661719
0.0207849;-0.492008;-0.0661719
0.016568;-0.495933;-0.0588495
0.0179374;-0.494025;-0.0588495
0.019503;-0.492118;-0.0588495
0.0154906;-0.496365;-0.054588
0.0168663;-0.494269;-0.054588
0.01837;-0.492172;-0.054588
0.0134564;-0.496983;-0.0472656
0.0148418;-0.494617;-0.0472656
0.0162104;-0.492251;-0.0472656
0.0116607;-0.497599;-0.0399433
0.0130634;-0.494964;-0.0399433
0.014335;-0.492329;-0.0399433
0.0243479;-0.489432;-0.0734942
0.0306496;-0.482109;-0.0734942
0.0358658;-0.474787;-0.0734942
0.0230643;-0.489432;-0.0661719
0.0286967;-0.482109;-0.0661719
0.0334484;-0.474787;-0.0661719
0.0212896;-0.489432;-0.0588495
0.025852;-0.482109;-0.0588495
0.0306373;-0.474787;-0.0588495
0.0386747;-0.470525;-0.0734942
0.0435762;-0.463203;-0.0734942
0.0481946;-0.455881;-0.0734942
0.0360583;-0.470525;-0.0661719
0.0406472;-0.463203;-0.0661719
0.0449567;-0.455881;-0.0661719
0.0332999;-0.470525;-0.0588495
0.0375197;-0.463203;-0.0588495
0.0418094;-0.455881;-0.0588495
0.0200398;-0.489432;-0.054588
0.024336;-0.482109;-0.054588
0.0288894;-0.474787;-0.054588
0.0179543;-0.489432;-0.0472656
0.0222505;-0.482109;-0.0472656
0.0260415;-0.474787;-0.0472656
0.0157487;-0.489432;-0.0399433
0.0194091;-0.482109;-0.0399433
0.0230961;-0.474787;-0.0399433
0.0314754;-0.470525;-0.054588
0.0356461;-0.463203;-0.054588
0.0398814;-0.455881;-0.054588
0.0283164;-0.470525;-0.0472656
0.0325515;-0.463203;-0.0472656
0.0366042;-0.455881;-0.0472656
0.0252869;-0.470525;-0.0399433
0.0292734;-0.463203;-0.0399433
0.0335493;-0.455881;-0.0399433
0.0104282;-0.497886;-0.0356817
0.0118068;-0.495126;-0.0356817
0.0130219;-0.492366;-0.0356817
0.00818756;-0.498255;-0.0283594
0.00944931;-0.495334;-0.0283594
0.0105367;-0.492413;-0.0283594
0.00623391;-0.498624;-0.021037
0.00730623;-0.495542;-0.021037
0.00826085;-0.492459;-0.021037
0.00499423;-0.498767;-0.0167755
0.0059191;-0.495623;-0.0167755
0.00680221;-0.492478;-0.0167755
0.00276807;-0.49889;-0.00945312
0.00347384;-0.495692;-0.00945312
0.00435379;-0.492493;-0.00945312
0.000639082;-0.499013;-0.00213077
0.00152351;-0.495761;-0.00213077
0.00276017;-0.492509;-0.00213077
0.0142626;-0.489432;-0.0356817
0.0175874;-0.482109;-0.0356817
0.0212098;-0.474787;-0.0356817
0.0116972;-0.489432;-0.0283594
0.0148113;-0.482109;-0.0283594
0.0180832;-0.474787;-0.0283594
0.00922376;-0.489432;-0.021037
0.0120213;-0.482109;-0.021037
0.0153437;-0.474787;-0.021037
0.0234076;-0.470525;-0.0356817
0.027388;-0.463203;-0.0356817
0.0317459;-0.455881;-0.0356817
0.0202798;-0.470525;-0.0283594
0.0245481;-0.463203;-0.0283594
0.0288783;-0.455881;-0.0283594
0.0175668;-0.470525;-0.021037
0.0218711;-0.463203;-0.021037
0.0265815;-0.455881;-0.021037
0.00771797;-0.489432;-0.0167755
0.0104766;-0.482109;-0.0167755
0.0138556;-0.474787;-0.0167755
0.0054024;-0.489432;-0.00945312
0.00838494;-0.482109;-0.00945312
0.0117915;-0.474787;-0.00945312
0.00397011;-0.489432;-0.00213077
0.00716006;-0.482109;-0.00213077
0.0108298;-0.474787;-0.00213077
0.0161284;-0.470525;-0.0167755
0.0205437;-0.463203;-0.0167755
0.0254015;-0.455881;-0.0167755
0.0142114;-0.470525;-0.00945312
0.0189931;-0.463203;-0.00945312
0.0238588;-0.455881;-0.00945312
0.0133129;-0.470525;-0.00213077
0.0181304;-0.463203;-0.00213077
0.0232837;-0.455881;-0.00213077
0.0704707;-0.451619;-0.149119
0.0782054;-0.444297;-0.149119
0.0847192;-0.436975;-0.149119
0.0703454;-0.451619;-0.141797
0.0774565;-0.444297;-0.141797
0.0835963;-0.436975;-0.141797
0.0699114;-0.451619;-0.134475
0.0763078;-0.444297;-0.134475
0.0819943;-0.436975;-0.134475
0.0881627;-0.432713;-0.149119
0.0935192;-0.425391;-0.149119
0.0978433;-0.418068;-0.149119
0.0867368;-0.432713;-0.141797
0.0915709;-0.425391;-0.141797
0.0956806;-0.418068;-0.141797
0.084945;-0.432713;-0.134475
0.0893854;-0.425391;-0.134475
0.0931875;-0.418068;-0.134475
0.0693003;-0.451619;-0.130213
0.0754482;-0.444297;-0.130213
0.0808752;-0.436975;-0.130213
0.0678287;-0.451619;-0.122891
0.0737435;-0.444297;-0.122891
0.0787433;-0.436975;-0.122891
0.0662396;-0.451619;-0.115568
0.0715704;-0.444297;-0.115568
0.0763448;-0.436975;-0.115568
0.0836985;-0.432713;-0.130213
0.0879621;-0.425391;-0.130213
0.0916057;-0.418068;-0.130213
0.0813335;-0.432713;-0.122891
0.085406;-0.425391;-0.122891
0.088799;-0.418068;-0.122891
0.0788126;-0.432713;-0.115568
0.0825617;-0.425391;-0.115568
0.0859184;-0.418068;-0.115568
0.10002;-0.413807;-0.149119
0.103277;-0.406484;-0.149119
0.105795;-0.399162;-0.149119
0.0976979;-0.413807;-0.141797
0.100655;-0.406484;-0.141797
0.103039;-0.399162;-0.141797
0.0950966;-0.413807;-0.134475
0.0978727;-0.406484;-0.134475
0.100156;-0.399162;-0.134475
0.107007;-0.3949;-0.149119
0.108687;-0.387578;-0.149119
0.109804;-0.380256;-0.149119
0.104156;-0.3949;-0.141797
0.105731;-0.387578;-0.141797
0.106844;-0.380256;-0.141797
0.101253;-0.3949;-0.134475
0.102777;-0.387578;-0.134475
0.103988;-0.380256;-0.134475
0.0934481;-0.413807;-0.130213
0.096154;-0.406484;-0.130213
0.0984154;-0.399162;-0.130213
0.0905413;-0.413807;-0.122891
0.0932619;-0.406484;-0.122891
0.0954428;-0.399162;-0.122891
0.0876421;-0.413807;-0.115568
0.0902359;-0.406484;-0.115568
0.0926044;-0.399162;-0.115568
0.0995146;-0.3949;-0.130213
0.101056;-0.387578;-0.130213
0.102341;-0.380256;-0.130213
0.09656;-0.3949;-0.122891
0.0983298;-0.387578;-0.122891
0.0996495;-0.380256;-0.122891
0.0938057;-0.3949;-0.115568
0.0955903;-0.387578;-0.115568
0.0973186;-0.380256;-0.115568
0.0650748;-0.451619;-0.111307
0.0701547;-0.444297;-0.111307
0.074771;-0.436975;-0.111307
0.0627333;-0.451619;-0.103984
0.0676824;-0.444297;-0.103984
0.0719262;-0.436975;-0.103984
0.0602464;-0.451619;-0.096662
0.0648242;-0.444297;-0.096662
0.0690086;-0.436975;-0.096662
0.077168;-0.432713;-0.111307
0.0808109;-0.425391;-0.111307
0.0841376;-0.418068;-0.111307
0.0741958;-0.432713;-0.103984
0.0778861;-0.425391;-0.103984
0.081047;-0.418068;-0.103984
0.0712194;-0.432713;-0.096662
0.0747249;-0.425391;-0.096662
0.0780841;-0.418068;-0.096662
0.0586281;-0.451619;-0.0924005
0.0630417;-0.444297;-0.0924005
0.0671655;-0.436975;-0.0924005
0.0556916;-0.451619;-0.0850781
0.0600461;-0.444297;-0.0850781
0.0639372;-0.436975;-0.0850781
0.0526338;-0.451619;-0.0777558
0.0567778;-0.444297;-0.0777558
0.0608023;-0.436975;-0.0777558
0.0693594;-0.432713;-0.0924005
0.0728502;-0.425391;-0.0924005
0.0762849;-0.418068;-0.0924005
0.0661297;-0.432713;-0.0850781
0.0698611;-0.425391;-0.0850781
0.0732352;-0.418068;-0.0850781
0.0630289;-0.432713;-0.0777558
0.0667151;-0.425391;-0.0777558
0.0704837;-0.418068;-0.0777558
0.0858601;-0.413807;-0.111307
0.0884642;-0.406484;-0.111307
0.0909174;-0.399162;-0.111307
0.0827806;-0.413807;-0.103984
0.0856647;-0.406484;-0.103984
0.0880973;-0.399162;-0.103984
0.0798867;-0.413807;-0.096662
0.0827459;-0.406484;-0.096662
0.0856161;-0.399162;-0.096662
0.0921787;-0.3949;-0.111307
0.0940744;-0.387578;-0.111307
0.0959911;-0.380256;-0.111307
0.0894788;-0.3949;-0.103984
0.0918824;-0.387578;-0.103984
0.0938814;-0.380256;-0.103984
0.0871678;-0.3949;-0.096662
0.089655;-0.387578;-0.096662
0.0923059;-0.380256;-0.096662
0.0781416;-0.413807;-0.0924005
0.0811001;-0.406484;-0.0924005
0.0841531;-0.399162;-0.0924005
0.0752056;-0.413807;-0.0850781
0.0786532;-0.406484;-0.0850781
0.081753;-0.399162;-0.0850781
0.0725935;-0.413807;-0.0777558
0.0761029;-0.406484;-0.0777558
0.0798287;-0.399162;-0.0777558
0.085816;-0.3949;-0.0924005
0.0884928;-0.387578;-0.0924005
0.09141;-0.380256;-0.0924005
0.0836237;-0.3949;-0.0850781
0.0870051;-0.387578;-0.0850781
0.0900234;-0.380256;-0.0850781
0.0819264;-0.3949;-0.0777558
0.085425;-0.387578;-0.0777558
0.0892364;-0.380256;-0.0777558
0.110252;-0.375994;-0.149119
0.110706;-0.368672;-0.149119
0.110778;-0.36135;-0.149119
0.1073;-0.375994;-0.141797
0.107853;-0.368672;-0.141797
0.108014;-0.36135;-0.141797
0.104516;-0.375994;-0.134475
0.105134;-0.368672;-0.134475
0.105599;-0.36135;-0.134475
0.110663;-0.357088;-0.149119
0.110215;-0.349766;-0.149119
0.109553;-0.342443;-0.149119
0.10799;-0.357088;-0.141797
0.107843;-0.349766;-0.141797
0.107351;-0.342443;-0.141797
0.105733;-0.357088;-0.134475
0.105741;-0.349766;-0.134475
0.105751;-0.342443;-0.134475
0.102923;-0.375994;-0.130213
0.103646;-0.368672;-0.130213
0.104283;-0.36135;-0.130213
0.100345;-0.375994;-0.122891
0.101511;-0.368672;-0.122891
0.102275;-0.36135;-0.122891
0.0981908;-0.375994;-0.115568
0.0994724;-0.368672;-0.115568
0.100849;-0.36135;-0.115568
0.104524;-0.357088;-0.130213
0.104716;-0.349766;-0.130213
0.104979;-0.342443;-0.130213
0.102714;-0.357088;-0.122891
0.10355;-0.349766;-0.122891
0.104003;-0.342443;-0.122891
0.101544;-0.357088;-0.115568
0.102559;-0.349766;-0.115568
0.103798;-0.342443;-0.115568
0.109047;-0.338182;-0.149119
0.107978;-0.330859;-0.149119
0.106851;-0.323537;-0.149119
0.107016;-0.338182;-0.141797
0.106444;-0.330859;-0.141797
0.105554;-0.323537;-0.141797
0.105652;-0.338182;-0.134475
0.105304;-0.330859;-0.134475
0.105095;-0.323537;-0.134475
0.106104;-0.319275;-0.149119
0.104661;-0.311953;-0.149119
0.103303;-0.304631;-0.149119
0.105048;-0.319275;-0.141797
0.104283;-0.311953;-0.141797
0.103209;-0.304631;-0.141797
0.104891;-0.319275;-0.134475
0.104393;-0.311953;-0.134475
0.104153;-0.304631;-0.134475
0.105029;-0.338182;-0.130213
0.104932;-0.330859;-0.130213
0.105042;-0.323537;-0.130213
0.10432;-0.338182;-0.122891
0.105037;-0.330859;-0.122891
0.10537;-0.323537;-0.122891
0.104429;-0.338182;-0.115568
0.105352;-0.330859;-0.115568
0.106599;-0.323537;-0.115568
0.105022;-0.319275;-0.130213
0.104826;-0.311953;-0.130213
0.104949;-0.304631;-0.130213
0.105663;-0.319275;-0.122891
0.10641;-0.311953;-0.122891
0.106755;-0.304631;-0.122891
0.10724;-0.319275;-0.115568
0.108182;-0.311953;-0.115568
0.10952;-0.304631;-0.115568
0.096978;-0.375994;-0.111307
0.098455;-0.368672;-0.111307
0.100102;-0.36135;-0.111307
0.0950783;-0.375994;-0.103984
0.0972662;-0.368672;-0.103984
0.0990536;-0.36135;-0.103984
0.0937529;-0.375994;-0.096662
0.0960826;-0.368672;-0.096662
0.0986891;-0.36135;-0.096662
0.100953;-0.357088;-0.111307
0.102227;-0.349766;-0.111307
0.103793;-0.342443;-0.111307
0.100179;-0.357088;-0.103984
0.102323;-0.349766;-0.103984
0.104047;-0.342443;-0.103984
0.100116;-0.357088;-0.096662
0.102412;-0.349766;-0.096662
0.105067;-0.342443;-0.096662
0.0930099;-0.375994;-0.0924005
0.0955899;-0.368672;-0.0924005
0.0985128;-0.36135;-0.0924005
0.0918906;-0.375994;-0.0850781
0.0953292;-0.368672;-0.0850781
0.0983557;-0.36135;-0.0850781
0.091377;-0.375994;-0.0777558
0.0949277;-0.368672;-0.0777558
0.0988505;-0.36135;-0.0777558
0.100116;-0.357088;-0.0924005
0.102695;-0.349766;-0.0924005
0.105684;-0.342443;-0.0924005
0.100254;-0.357088;-0.0850781
0.103784;-0.349766;-0.0850781
0.106841;-0.342443;-0.0850781
0.101039;-0.357088;-0.0777558
0.104636;-0.349766;-0.0777558
0.108636;-0.342443;-0.0777558
0.104609;-0.338182;-0.111307
0.105831;-0.330859;-0.111307
0.107434;-0.323537;-0.111307
0.105171;-0.338182;-0.103984
0.10737;-0.330859;-0.103984
0.10911;-0.323537;-0.103984
0.106516;-0.338182;-0.096662
0.108837;-0.330859;-0.096662
0.111564;-0.323537;-0.096662
0.108272;-0.319275;-0.111307
0.10953;-0.311953;-0.111307
0.111226;-0.304631;-0.111307
0.110267;-0.319275;-0.103984
0.112551;-0.311953;-0.103984
0.114334;-0.304631;-0.103984
0.113044;-0.319275;-0.096662
0.115392;-0.311953;-0.096662
0.118169;-0.304631;-0.096662
0.107317;-0.338182;-0.0924005
0.109925;-0.330859;-0.0924005
0.11298;-0.323537;-0.0924005
0.108769;-0.338182;-0.0850781
0.112367;-0.330859;-0.0850781
0.115428;-0.323537;-0.0850781
0.110846;-0.338182;-0.0777558
0.114443;-0.330859;-0.0777558
0.118449;-0.323537;-0.0777558
0.114637;-0.319275;-0.0924005
0.117259;-0.311953;-0.0924005
0.120338;-0.304631;-0.0924005
0.11736;-0.319275;-0.0850781
0.120967;-0.311953;-0.0850781
0.123981;-0.304631;-0.0850781
0.120642;-0.319275;-0.0777558
0.124169;-0.311953;-0.0777558
0.1281;-0.304631;-0.0777558
0.0507068;-0.451619;-0.0734942
0.054812;-0.444297;-0.0734942
0.0588798;-0.436975;-0.0734942
0.0474246;-0.451619;-0.0661719
0.0516352;-0.444297;-0.0661719
0.0556126;-0.436975;-0.0661719
0.0442381;-0.451619;-0.0588495
0.0483229;-0.444297;-0.0588495
0.0526024;-0.436975;-0.0588495
0.0611449;-0.432713;-0.0734942
0.0649128;-0.425391;-0.0734942
0.0688362;-0.418068;-0.0734942
0.0579771;-0.432713;-0.0661719
0.0621546;-0.425391;-0.0661719
0.0660997;-0.418068;-0.0661719
0.0550739;-0.432713;-0.0588495
0.0592936;-0.425391;-0.0588495
0.0637923;-0.418068;-0.0588495
0.0422918;-0.451619;-0.054588
0.0464169;-0.444297;-0.054588
0.0508033;-0.436975;-0.054588
0.039037;-0.451619;-0.0472656
0.043461;-0.444297;-0.0472656
0.0478379;-0.436975;-0.0472656
0.0360548;-0.451619;-0.0399433
0.0404691;-0.444297;-0.0399433
0.0453061;-0.436975;-0.0399433
0.0533495;-0.432713;-0.054588
0.0577198;-0.425391;-0.054588
0.0624299;-0.418068;-0.054588
0.0505464;-0.432713;-0.0472656
0.0554572;-0.425391;-0.0472656
0.0602209;-0.418068;-0.0472656
0.0481708;-0.432713;-0.0399433
0.0531583;-0.425391;-0.0399433
0.0585454;-0.418068;-0.0399433
0.0710409;-0.413807;-0.0734942
0.0747225;-0.406484;-0.0734942
0.0786939;-0.399162;-0.0734942
0.0684952;-0.413807;-0.0661719
0.0728123;-0.406484;-0.0661719
0.0768582;-0.399162;-0.0661719
0.0663798;-0.413807;-0.0588495
0.0707945;-0.406484;-0.0588495
0.0755623;-0.399162;-0.0588495
0.0809325;-0.3949;-0.0734942
0.0846626;-0.387578;-0.0734942
0.0887659;-0.380256;-0.0734942
0.0793487;-0.3949;-0.0661719
0.0838716;-0.387578;-0.0661719
0.0880381;-0.380256;-0.0661719
0.0782879;-0.3949;-0.0588495
0.0828934;-0.387578;-0.0588495
0.087881;-0.380256;-0.0588495
0.0651394;-0.413807;-0.054588
0.0697602;-0.406484;-0.054588
0.0747829;-0.399162;-0.054588
0.0631553;-0.413807;-0.0472656
0.0684652;-0.406484;-0.0472656
0.0735183;-0.399162;-0.0472656
0.061669;-0.413807;-0.0399433
0.0670302;-0.406484;-0.0399433
0.0727961;-0.399162;-0.0399433
0.0776483;-0.3949;-0.054588
0.0824782;-0.387578;-0.054588
0.0877287;-0.380256;-0.054588
0.0766254;-0.3949;-0.0472656
0.0822277;-0.387578;-0.0472656
0.0874451;-0.380256;-0.0472656
0.0760967;-0.3949;-0.0399433
0.0816804;-0.387578;-0.0399433
0.0876531;-0.380256;-0.0399433
0.0343108;-0.451619;-0.0356817
0.0388431;-0.444297;-0.0356817
0.0438533;-0.436975;-0.0356817
0.0315666;-0.451619;-0.0283594
0.0365425;-0.444297;-0.0283594
0.0415845;-0.436975;-0.0283594
0.0293819;-0.451619;-0.021037
0.0344101;-0.444297;-0.021037
0.0399539;-0.436975;-0.021037
0.04682;-0.432713;-0.0356817
0.0519819;-0.425391;-0.0356817
0.0575777;-0.418068;-0.0356817
0.0447414;-0.432713;-0.0283594
0.0504692;-0.425391;-0.0283594
0.0560564;-0.418068;-0.0283594
0.0432455;-0.432713;-0.021037
0.0489815;-0.425391;-0.021037
0.0551369;-0.418068;-0.021037
0.0282783;-0.451619;-0.0167755
0.0334279;-0.444297;-0.0167755
0.0391186;-0.436975;-0.0167755
0.0268677;-0.451619;-0.00945312
0.0323954;-0.444297;-0.00945312
0.0380022;-0.436975;-0.00945312
0.026315;-0.451619;-0.00213077
0.0317402;-0.444297;-0.00213077
0.0376854;-0.436975;-0.00213077
0.0424888;-0.432713;-0.0167755
0.0483465;-0.425391;-0.0167755
0.0546352;-0.418068;-0.0167755
0.0414983;-0.432713;-0.00945312
0.0477867;-0.425391;-0.00945312
0.0539016;-0.418068;-0.00945312
0.0411985;-0.432713;-0.00213077
0.0472958;-0.425391;-0.00213077
0.0538037;-0.418068;-0.00213077
0.0608147;-0.413807;-0.0356817
0.0663588;-0.406484;-0.0356817
0.0723336;-0.399162;-0.0356817
0.0594901;-0.413807;-0.0283594
0.0656637;-0.406484;-0.0283594
0.071552;-0.399162;-0.0283594
0.0586954;-0.413807;-0.021037
0.0647896;-0.406484;-0.021037
0.0712856;-0.399162;-0.021037
0.0757451;-0.3949;-0.0356817
0.0815017;-0.387578;-0.0356817
0.0876676;-0.380256;-0.0356817
0.0751473;-0.3949;-0.0283594
0.0815711;-0.387578;-0.0283594
0.0875679;-0.380256;-0.0283594
0.0749931;-0.3949;-0.021037
0.0812501;-0.387578;-0.021037
0.0878788;-0.380256;-0.021037
0.058263;-0.413807;-0.0167755
0.0644643;-0.406484;-0.0167755
0.0710771;-0.399162;-0.0167755
0.0576387;-0.413807;-0.00945312
0.0643138;-0.406484;-0.00945312
0.0706715;-0.399162;-0.00945312
0.0575531;-0.413807;-0.00213077
0.0639576;-0.406484;-0.00213077
0.0707568;-0.399162;-0.00213077
0.0748452;-0.3949;-0.0167755
0.081195;-0.387578;-0.0167755
0.0879246;-0.380256;-0.0167755
0.0745334;-0.3949;-0.00945312
0.0813954;-0.387578;-0.00945312
0.0878016;-0.380256;-0.00945312
0.0746291;-0.3949;-0.00213077
0.081153;-0.387578;-0.00213077
0.0880408;-0.380256;-0.00213077
0.0910673;-0.375994;-0.0734942
0.0948743;-0.368672;-0.0734942
0.0991015;-0.36135;-0.0734942
0.0906124;-0.375994;-0.0661719
0.0953004;-0.368672;-0.0661719
0.0995405;-0.36135;-0.0661719
0.0907015;-0.375994;-0.0588495
0.0954136;-0.368672;-0.0588495
0.100519;-0.36135;-0.0588495
0.101454;-0.357088;-0.0734942
0.105308;-0.349766;-0.0734942
0.109599;-0.342443;-0.0734942
0.10216;-0.357088;-0.0661719
0.10693;-0.349766;-0.0661719
0.111165;-0.342443;-0.0661719
0.103375;-0.357088;-0.0588495
0.108092;-0.349766;-0.0588495
0.113198;-0.342443;-0.0588495
0.0906899;-0.375994;-0.054588
0.0956209;-0.368672;-0.054588
0.100975;-0.36135;-0.054588
0.0906385;-0.375994;-0.0472656
0.0963788;-0.368672;-0.0472656
0.101622;-0.36135;-0.0472656
0.0910283;-0.375994;-0.0399433
0.0966661;-0.368672;-0.0399433
0.102678;-0.36135;-0.0399433
0.103962;-0.357088;-0.054588
0.10888;-0.349766;-0.054588
0.114209;-0.342443;-0.054588
0.10482;-0.357088;-0.0472656
0.110553;-0.349766;-0.0472656
0.115698;-0.342443;-0.0472656
0.10604;-0.357088;-0.0399433
0.11159;-0.349766;-0.0399433
0.117498;-0.342443;-0.0399433
0.111965;-0.338182;-0.0734942
0.115801;-0.330859;-0.0734942
0.120072;-0.323537;-0.0734942
0.113777;-0.338182;-0.0661719
0.118526;-0.330859;-0.0661719
0.122668;-0.323537;-0.0661719
0.116025;-0.338182;-0.0588495
0.120642;-0.330859;-0.0588495
0.125636;-0.323537;-0.0588495
0.122405;-0.319275;-0.0734942
0.126146;-0.311953;-0.0734942
0.130308;-0.304631;-0.0734942
0.125216;-0.319275;-0.0661719
0.129844;-0.311953;-0.0661719
0.133808;-0.304631;-0.0661719
0.128374;-0.319275;-0.0588495
0.132796;-0.311953;-0.0588495
0.137578;-0.304631;-0.0588495
0.117154;-0.338182;-0.054588
0.121947;-0.330859;-0.054588
0.127135;-0.323537;-0.054588
0.118824;-0.338182;-0.0472656
0.124421;-0.330859;-0.0472656
0.129358;-0.323537;-0.0472656
0.120768;-0.338182;-0.0399433
0.126111;-0.330859;-0.0399433
0.131794;-0.323537;-0.0399433
0.129974;-0.319275;-0.054588
0.134548;-0.311953;-0.054588
0.139494;-0.304631;-0.054588
0.13235;-0.319275;-0.0472656
0.137702;-0.311953;-0.0472656
0.142343;-0.304631;-0.0472656
0.134911;-0.319275;-0.0399433
0.139951;-0.311953;-0.0399433
0.145311;-0.304631;-0.0399433
0.091144;-0.375994;-0.0356817
0.0969365;-0.368672;-0.0356817
0.10312;-0.36135;-0.0356817
0.0912066;-0.375994;-0.0283594
0.0976851;-0.368672;-0.0283594
0.103625;-0.36135;-0.0283594
0.0916163;-0.375994;-0.021037
0.0978493;-0.368672;-0.021037
0.104433;-0.36135;-0.021037
0.10657;-0.357088;-0.0356817
0.112255;-0.349766;-0.0356817
0.118311;-0.342443;-0.0356817
0.107214;-0.357088;-0.0283594
0.113591;-0.349766;-0.0283594
0.11934;-0.342443;-0.0283594
0.108109;-0.357088;-0.021037
0.114175;-0.349766;-0.021037
0.120571;-0.342443;-0.021037
0.0917143;-0.375994;-0.0167755
0.0980264;-0.368672;-0.0167755
0.104697;-0.36135;-0.0167755
0.0916702;-0.375994;-0.00945312
0.0985246;-0.368672;-0.00945312
0.104816;-0.36135;-0.00945312
0.0919192;-0.375994;-0.00213077
0.09838;-0.368672;-0.00213077
0.105184;-0.36135;-0.00213077
0.108417;-0.357088;-0.0167755
0.11455;-0.349766;-0.0167755
0.121019;-0.342443;-0.0167755
0.108602;-0.357088;-0.00945312
0.115298;-0.349766;-0.00945312
0.121347;-0.342443;-0.00945312
0.10898;-0.357088;-0.00213077
0.115238;-0.349766;-0.00213077
0.12182;-0.342443;-0.00213077
0.121658;-0.338182;-0.0356817
0.127116;-0.330859;-0.0356817
0.132924;-0.323537;-0.0356817
0.122804;-0.338182;-0.0283594
0.128949;-0.330859;-0.0283594
0.134401;-0.323537;-0.0283594
0.12411;-0.338182;-0.021037
0.129891;-0.330859;-0.021037
0.135986;-0.323537;-0.021037
0.136106;-0.319275;-0.0356817
0.141242;-0.311953;-0.0356817
0.146707;-0.304631;-0.0356817
0.137678;-0.319275;-0.0283594
0.143489;-0.311953;-0.0283594
0.14856;-0.304631;-0.0283594
0.139328;-0.319275;-0.021037
0.144735;-0.311953;-0.021037
0.150437;-0.304631;-0.021037
0.124596;-0.338182;-0.0167755
0.130433;-0.330859;-0.0167755
0.136589;-0.323537;-0.0167755
0.124976;-0.338182;-0.00945312
0.131389;-0.330859;-0.00945312
0.137093;-0.323537;-0.00945312
0.12546;-0.338182;-0.00213077
0.131404;-0.330859;-0.00213077
0.137653;-0.323537;-0.00213077
0.139963;-0.319275;-0.0167755
0.145416;-0.311953;-0.0167755
0.151169;-0.304631;-0.0167755
0.140508;-0.319275;-0.00945312
0.146542;-0.311953;-0.00945312
0.151822;-0.304631;-0.00945312
0.141079;-0.319275;-0.00213077
0.146621;-0.311953;-0.00213077
0.152451;-0.304631;-0.00213077
0.154413;-0.300369;-0.300369
0.157155;-0.293047;-0.300369
0.158991;-0.285725;-0.300369
0.156382;-0.300369;-0.293047
0.15804;-0.293047;-0.293047
0.159718;-0.285725;-0.293047
0.156902;-0.300369;-0.285725
0.158551;-0.293047;-0.285725
0.159182;-0.285725;-0.285725
0.159899;-0.281463;-0.300369
0.161276;-0.274141;-0.300369
0.161876;-0.266818;-0.300369
0.160326;-0.281463;-0.293047
0.160736;-0.274141;-0.293047
0.161207;-0.266818;-0.293047
0.15944;-0.281463;-0.285725
0.159818;-0.274141;-0.285725
0.159355;-0.266818;-0.285725
0.157016;-0.300369;-0.281463
0.158302;-0.293047;-0.281463
0.158652;-0.285725;-0.281463
0.156727;-0.300369;-0.274141
0.156913;-0.293047;-0.274141
0.157224;-0.285725;-0.274141
0.155103;-0.300369;-0.266818
0.155362;-0.293047;-0.266818
0.154659;-0.285725;-0.266818
0.158735;-0.281463;-0.281463
0.158787;-0.274141;-0.281463
0.158068;-0.266818;-0.281463
0.157049;-0.281463;-0.274141
0.156131;-0.274141;-0.274141
0.155374;-0.266818;-0.274141
0.154169;-0.281463;-0.266818
0.153302;-0.274141;-0.266818
0.151641;-0.266818;-0.266818
0.162107;-0.262557;-0.300369
0.162392;-0.255234;-0.300369
0.162028;-0.247912;-0.300369
0.161171;-0.262557;-0.293047
0.160587;-0.255234;-0.293047
0.160121;-0.247912;-0.293047
0.159014;-0.262557;-0.285725
0.158405;-0.255234;-0.285725
0.157099;-0.247912;-0.285725
0.161742;-0.24365;-0.300369
0.161197;-0.236328;-0.300369
0.160108;-0.229006;-0.300369
0.159595;-0.24365;-0.293047
0.158262;-0.236328;-0.293047
0.157103;-0.229006;-0.293047
0.156303;-0.24365;-0.285725
0.15496;-0.236328;-0.285725
0.153038;-0.229006;-0.285725
0.157572;-0.262557;-0.281463
0.156675;-0.255234;-0.281463
0.15514;-0.247912;-0.281463
0.154642;-0.262557;-0.274141
0.152879;-0.255234;-0.274141
0.151318;-0.247912;-0.274141
0.15063;-0.262557;-0.266818
0.148912;-0.255234;-0.266818
0.146535;-0.247912;-0.266818
0.154205;-0.24365;-0.281463
0.152607;-0.236328;-0.281463
0.150481;-0.229006;-0.281463
0.150171;-0.24365;-0.274141
0.147789;-0.236328;-0.274141
0.145655;-0.229006;-0.274141
0.14514;-0.24365;-0.266818
0.142807;-0.236328;-0.266818
0.13993;-0.229006;-0.266818
0.154041;-0.300369;-0.262557
0.153987;-0.293047;-0.262557
0.153025;-0.285725;-0.262557
0.151896;-0.300369;-0.255234
0.150795;-0.293047;-0.255234
0.149871;-0.285725;-0.255234
0.148611;-0.300369;-0.247912
0.147632;-0.293047;-0.247912
0.145781;-0.285725;-0.247912
0.152379;-0.281463;-0.262557
0.151233;-0.274141;-0.262557
0.149341;-0.266818;-0.262557
0.149005;-0.281463;-0.255234
0.146937;-0.274141;-0.255234
0.145077;-0.266818;-0.255234
0.144641;-0.281463;-0.247912
0.142677;-0.274141;-0.247912
0.139988;-0.266818;-0.247912
0.146652;-0.300369;-0.24365
0.145417;-0.293047;-0.24365
0.143343;-0.285725;-0.24365
0.143134;-0.300369;-0.236328
0.14098;-0.293047;-0.236328
0.138996;-0.285725;-0.236328
0.138763;-0.300369;-0.229006
0.136754;-0.293047;-0.229006
0.133993;-0.285725;-0.229006
0.142073;-0.281463;-0.24365
0.139877;-0.274141;-0.24365
0.136993;-0.266818;-0.24365
0.137547;-0.281463;-0.236328
0.134543;-0.274141;-0.236328
0.13174;-0.266818;-0.236328
0.132332;-0.281463;-0.229006
0.129462;-0.274141;-0.229006
0.125968;-0.266818;-0.229006
0.148191;-0.262557;-0.262557
0.14622;-0.255234;-0.262557
0.143637;-0.247912;-0.262557
0.143725;-0.262557;-0.255234
0.14093;-0.255234;-0.255234
0.138379;-0.247912;-0.255234
0.138394;-0.262557;-0.247912
0.135692;-0.255234;-0.247912
0.132389;-0.247912;-0.247912
0.142118;-0.24365;-0.262557
0.139557;-0.236328;-0.262557
0.136495;-0.229006;-0.262557
0.136676;-0.24365;-0.255234
0.133367;-0.236328;-0.255234
0.130342;-0.229006;-0.255234
0.130469;-0.24365;-0.247912
0.127247;-0.236328;-0.247912
0.12353;-0.229006;-0.247912
0.135283;-0.262557;-0.24365
0.132371;-0.255234;-0.24365
0.128893;-0.247912;-0.24365
0.129869;-0.262557;-0.236328
0.126232;-0.255234;-0.236328
0.12283;-0.247912;-0.236328
0.12391;-0.262557;-0.229006
0.1204;-0.255234;-0.229006
0.116372;-0.247912;-0.229006
0.126867;-0.24365;-0.24365
0.123453;-0.236328;-0.24365
0.119576;-0.229006;-0.24365
0.120656;-0.24365;-0.236328
0.116579;-0.236328;-0.236328
0.112774;-0.229006;-0.236328
0.114031;-0.24365;-0.229006
0.11007;-0.236328;-0.229006
0.105684;-0.229006;-0.229006
0.159436;-0.224744;-0.300369
0.158281;-0.217422;-0.300369
0.156675;-0.2101;-0.300369
0.156219;-0.224744;-0.293047
0.154351;-0.217422;-0.293047
0.152707;-0.2101;-0.293047
0.151917;-0.224744;-0.285725
0.15006;-0.217422;-0.285725
0.147725;-0.2101;-0.285725
0.155734;-0.205838;-0.300369
0.154164;-0.198516;-0.300369
0.152223;-0.191193;-0.300369
0.151582;-0.205838;-0.293047
0.149367;-0.198516;-0.293047
0.147422;-0.191193;-0.293047
0.146392;-0.205838;-0.285725
0.144212;-0.198516;-0.285725
0.141642;-0.191193;-0.285725
0.149237;-0.224744;-0.281463
0.147154;-0.217422;-0.281463
0.144639;-0.2101;-0.281463
0.144221;-0.224744;-0.274141
0.141425;-0.217422;-0.274141
0.138923;-0.2101;-0.274141
0.138276;-0.224744;-0.266818
0.135538;-0.217422;-0.266818
0.132356;-0.2101;-0.266818
0.143198;-0.205838;-0.281463
0.140822;-0.198516;-0.281463
0.138096;-0.191193;-0.281463
0.137315;-0.205838;-0.274141
0.134289;-0.198516;-0.274141
0.131601;-0.191193;-0.274141
0.130552;-0.205838;-0.266818
0.127598;-0.198516;-0.266818
0.124285;-0.191193;-0.266818
0.151115;-0.186932;-0.300369
0.149298;-0.179609;-0.300369
0.14718;-0.172287;-0.300369
0.146157;-0.186932;-0.293047
0.14376;-0.179609;-0.293047
0.141673;-0.172287;-0.293047
0.140199;-0.186932;-0.285725
0.137866;-0.179609;-0.285725
0.135218;-0.172287;-0.285725
0.145991;-0.168025;-0.300369
0.144071;-0.160703;-0.300369
0.14191;-0.153381;-0.300369
0.140356;-0.168025;-0.293047
0.137921;-0.160703;-0.293047
0.135829;-0.153381;-0.293047
0.133753;-0.168025;-0.285725
0.131412;-0.160703;-0.285725
0.128824;-0.153381;-0.285725
0.13656;-0.186932;-0.281463
0.134057;-0.179609;-0.281463
0.131279;-0.172287;-0.281463
0.129919;-0.186932;-0.274141
0.126828;-0.179609;-0.274141
0.124115;-0.172287;-0.274141
0.122432;-0.186932;-0.266818
0.119432;-0.179609;-0.266818
0.11615;-0.172287;-0.266818
0.129736;-0.168025;-0.281463
0.127256;-0.160703;-0.281463
0.124563;-0.153381;-0.281463
0.122451;-0.168025;-0.274141
0.119442;-0.160703;-0.274141
0.116848;-0.153381;-0.274141
0.114339;-0.168025;-0.266818
0.111448;-0.160703;-0.266818
0.108342;-0.153381;-0.266818
0.134728;-0.224744;-0.262557
0.131786;-0.217422;-0.262557
0.128437;-0.2101;-0.262557
0.128408;-0.224744;-0.255234
0.124776;-0.217422;-0.255234
0.121473;-0.2101;-0.255234
0.121398;-0.224744;-0.247912
0.117852;-0.217422;-0.247912
0.113903;-0.2101;-0.247912
0.126532;-0.205838;-0.262557
0.123395;-0.198516;-0.262557
0.119933;-0.191193;-0.262557
0.119415;-0.205838;-0.255234
0.115638;-0.198516;-0.255234
0.112235;-0.191193;-0.255234
0.111663;-0.205838;-0.247912
0.107974;-0.198516;-0.247912
0.103961;-0.191193;-0.247912
0.117346;-0.224744;-0.24365
0.113621;-0.217422;-0.24365
0.109523;-0.2101;-0.24365
0.110404;-0.224744;-0.236328
0.106059;-0.217422;-0.236328
0.102027;-0.2101;-0.236328
0.103159;-0.224744;-0.229006
0.0989202;-0.217422;-0.229006
0.0943332;-0.2101;-0.229006
0.107191;-0.205838;-0.24365
0.103332;-0.198516;-0.24365
0.099178;-0.191193;-0.24365
0.0995605;-0.205838;-0.236328
0.0951071;-0.198516;-0.236328
0.0910121;-0.191193;-0.236328
0.0917151;-0.205838;-0.229006
0.0873527;-0.198516;-0.229006
0.082711;-0.191193;-0.229006
0.117991;-0.186932;-0.262557
0.114829;-0.179609;-0.262557
0.111417;-0.172287;-0.262557
0.110154;-0.186932;-0.255234
0.106396;-0.179609;-0.255234
0.10306;-0.172287;-0.255234
0.101711;-0.186932;-0.247912
0.0980472;-0.179609;-0.247912
0.0941338;-0.172287;-0.247912
0.109529;-0.168025;-0.262557
0.106498;-0.160703;-0.262557
0.103285;-0.153381;-0.262557
0.10105;-0.168025;-0.255234
0.0974693;-0.160703;-0.255234
0.0943584;-0.153381;-0.255234
0.0919699;-0.168025;-0.247912
0.088496;-0.160703;-0.247912
0.0848443;-0.153381;-0.247912
0.0968412;-0.186932;-0.24365
0.0930154;-0.179609;-0.24365
0.0889671;-0.172287;-0.24365
0.0885416;-0.186932;-0.236328
0.0841355;-0.179609;-0.236328
0.0801405;-0.172287;-0.236328
0.0800855;-0.186932;-0.229006
0.0757503;-0.179609;-0.229006
0.0712001;-0.172287;-0.229006
0.0867201;-0.168025;-0.24365
0.0830944;-0.160703;-0.24365
0.0793176;-0.153381;-0.24365
0.0777597;-0.168025;-0.236328
0.0735622;-0.160703;-0.236328
0.0698396;-0.153381;-0.236328
0.0686551;-0.168025;-0.229006
0.0645063;-0.160703;-0.229006
0.0602097;-0.153381;-0.229006
0.136249;-0.300369;-0.224744
0.13405;-0.293047;-0.224744
0.131123;-0.285725;-0.224744
0.131958;-0.300369;-0.217422
0.129047;-0.293047;-0.217422
0.126247;-0.285725;-0.217422
0.127189;-0.300369;-0.2101
0.124441;-0.293047;-0.2101
0.121096;-0.285725;-0.2101
0.129365;-0.281463;-0.224744
0.126328;-0.274141;-0.224744
0.122694;-0.266818;-0.224744
0.124369;-0.281463;-0.217422
0.12072;-0.274141;-0.217422
0.117212;-0.266818;-0.217422
0.119094;-0.281463;-0.2101
0.115612;-0.274141;-0.2101
0.111645;-0.266818;-0.2101
0.124536;-0.300369;-0.205838
0.121682;-0.293047;-0.205838
0.118259;-0.285725;-0.205838
0.120204;-0.300369;-0.198516
0.116938;-0.293047;-0.198516
0.113688;-0.285725;-0.198516
0.115856;-0.300369;-0.191193
0.112789;-0.293047;-0.191193
0.109331;-0.285725;-0.191193
0.116212;-0.281463;-0.205838
0.112652;-0.274141;-0.205838
0.10864;-0.266818;-0.205838
0.111612;-0.281463;-0.198516
0.107753;-0.274141;-0.198516
0.103931;-0.266818;-0.198516
0.107259;-0.281463;-0.191193
0.103626;-0.274141;-0.191193
0.0997111;-0.266818;-0.191193
0.120553;-0.262557;-0.224744
0.116892;-0.255234;-0.224744
0.112744;-0.247912;-0.224744
0.11497;-0.262557;-0.217422
0.110775;-0.255234;-0.217422
0.106749;-0.247912;-0.217422
0.109306;-0.262557;-0.2101
0.105281;-0.255234;-0.2101
0.100866;-0.247912;-0.2101
0.110328;-0.24365;-0.224744
0.106229;-0.236328;-0.224744
0.101735;-0.229006;-0.224744
0.104246;-0.24365;-0.217422
0.0996703;-0.236328;-0.217422
0.0952906;-0.229006;-0.217422
0.0982876;-0.24365;-0.2101
0.0938807;-0.236328;-0.2101
0.0891643;-0.229006;-0.2101
0.106274;-0.262557;-0.205838
0.102195;-0.255234;-0.205838
0.0977636;-0.247912;-0.205838
0.101567;-0.262557;-0.198516
0.0972885;-0.255234;-0.198516
0.0930642;-0.247912;-0.198516
0.097396;-0.262557;-0.191193
0.0933749;-0.255234;-0.191193
0.0891712;-0.247912;-0.191193
0.0951723;-0.24365;-0.205838
0.0907328;-0.236328;-0.205838
0.0860233;-0.229006;-0.205838
0.0905055;-0.24365;-0.198516
0.0859568;-0.236328;-0.198516
0.0814745;-0.229006;-0.198516
0.0867064;-0.24365;-0.191193
0.082452;-0.236328;-0.191193
0.0781074;-0.229006;-0.191193
0.113551;-0.300369;-0.186932
0.110494;-0.293047;-0.186932
0.107088;-0.285725;-0.186932
0.110027;-0.300369;-0.179609
0.106962;-0.293047;-0.179609
0.1038;-0.285725;-0.179609
0.106995;-0.300369;-0.172287
0.104191;-0.293047;-0.172287
0.101256;-0.285725;-0.172287
0.105048;-0.281463;-0.186932
0.101471;-0.274141;-0.186932
0.0976613;-0.266818;-0.186932
0.101865;-0.281463;-0.179609
0.0984294;-0.274141;-0.179609
0.0949115;-0.266818;-0.179609
0.0994922;-0.281463;-0.172287
0.0963724;-0.274141;-0.172287
0.0932435;-0.266818;-0.172287
0.105546;-0.300369;-0.168025
0.102894;-0.293047;-0.168025
0.100173;-0.285725;-0.168025
0.103653;-0.300369;-0.160703
0.101453;-0.293047;-0.160703
0.0990493;-0.285725;-0.160703
0.102676;-0.300369;-0.153381
0.100789;-0.293047;-0.153381
0.0990512;-0.285725;-0.153381
0.0985363;-0.281463;-0.168025
0.0956329;-0.274141;-0.168025
0.0927864;-0.266818;-0.168025
0.0976657;-0.281463;-0.160703
0.095388;-0.274141;-0.160703
0.0929124;-0.266818;-0.160703
0.0979897;-0.281463;-0.153381
0.0960687;-0.274141;-0.153381
0.0944103;-0.266818;-0.153381
0.0954082;-0.262557;-0.186932
0.0914902;-0.255234;-0.186932
0.0874471;-0.247912;-0.186932
0.0928186;-0.262557;-0.179609
0.0891957;-0.255234;-0.179609
0.0854997;-0.247912;-0.179609
0.0913884;-0.262557;-0.172287
0.08814;-0.255234;-0.172287
0.0849996;-0.247912;-0.172287
0.0850759;-0.24365;-0.186932
0.0809777;-0.236328;-0.186932
0.076855;-0.229006;-0.186932
0.0833489;-0.24365;-0.179609
0.0797084;-0.236328;-0.179609
0.0760006;-0.229006;-0.179609
0.0831566;-0.24365;-0.172287
0.079954;-0.236328;-0.172287
0.0769733;-0.229006;-0.172287
0.091097;-0.262557;-0.168025
0.0881297;-0.255234;-0.168025
0.0853382;-0.247912;-0.168025
0.0915367;-0.262557;-0.160703
0.0893576;-0.255234;-0.160703
0.0869814;-0.247912;-0.160703
0.0934098;-0.262557;-0.153381
0.0916123;-0.255234;-0.153381
0.0901744;-0.247912;-0.153381
0.0836985;-0.24365;-0.168025
0.0808402;-0.236328;-0.168025
0.0782692;-0.229006;-0.168025
0.0857076;-0.24365;-0.160703
0.0837786;-0.236328;-0.160703
0.0816475;-0.229006;-0.160703
0.0893114;-0.24365;-0.153381
0.0877605;-0.236328;-0.153381
0.0866445;-0.229006;-0.153381
0.0991401;-0.224744;-0.224744
0.094768;-0.217422;-0.224744
0.0900755;-0.2101;-0.224744
0.0926161;-0.224744;-0.217422
0.0878016;-0.217422;-0.217422
0.0832108;-0.2101;-0.217422
0.0864294;-0.224744;-0.2101
0.0817783;-0.217422;-0.2101
0.0768848;-0.2101;-0.2101
0.0873883;-0.205838;-0.224744
0.0828901;-0.198516;-0.224744
0.0781374;-0.191193;-0.224744
0.0804424;-0.205838;-0.217422
0.0755134;-0.198516;-0.217422
0.0708379;-0.191193;-0.217422
0.0740627;-0.205838;-0.2101
0.0692833;-0.198516;-0.2101
0.0643174;-0.191193;-0.2101
0.0832872;-0.224744;-0.205838
0.0786199;-0.217422;-0.205838
0.0737523;-0.2101;-0.205838
0.0787996;-0.224744;-0.198516
0.0741097;-0.217422;-0.198516
0.0694932;-0.2101;-0.198516
0.0755765;-0.224744;-0.191193
0.0712284;-0.217422;-0.191193
0.0668801;-0.2101;-0.191193
0.0709381;-0.205838;-0.205838
0.0661542;-0.198516;-0.205838
0.0612285;-0.191193;-0.205838
0.0667704;-0.205838;-0.198516
0.0620521;-0.198516;-0.198516
0.0574101;-0.191193;-0.198516
0.0643618;-0.205838;-0.191193
0.0600539;-0.198516;-0.191193
0.0558411;-0.191193;-0.191193
0.0754377;-0.186932;-0.224744
0.0709548;-0.179609;-0.224744
0.0662777;-0.172287;-0.224744
0.0680453;-0.186932;-0.217422
0.0631148;-0.179609;-0.217422
0.0584735;-0.172287;-0.217422
0.0614666;-0.186932;-0.2101
0.0566575;-0.179609;-0.2101
0.0517077;-0.172287;-0.2101
0.0636474;-0.168025;-0.224744
0.059329;-0.160703;-0.224744
0.0548799;-0.153381;-0.224744
0.0557239;-0.168025;-0.217422
0.0509048;-0.160703;-0.217422
0.0464251;-0.153381;-0.217422
0.0488784;-0.168025;-0.2101
0.0441252;-0.160703;-0.2101
0.0392688;-0.153381;-0.2101
0.0583919;-0.186932;-0.205838
0.0535834;-0.179609;-0.205838
0.0486826;-0.172287;-0.205838
0.0547011;-0.186932;-0.198516
0.05006;-0.179609;-0.198516
0.0454951;-0.172287;-0.198516
0.0534177;-0.186932;-0.191193
0.0492952;-0.179609;-0.191193
0.0453821;-0.172287;-0.191193
0.0458694;-0.168025;-0.205838
0.0411122;-0.160703;-0.205838
0.0363045;-0.153381;-0.205838
0.0428616;-0.168025;-0.198516
0.038413;-0.160703;-0.198516
0.0340444;-0.153381;-0.198516
0.0431557;-0.168025;-0.191193
0.0394096;-0.160703;-0.191193
0.0360309;-0.153381;-0.191193
0.0744539;-0.224744;-0.186932
0.0703248;-0.217422;-0.186932
0.0662716;-0.2101;-0.186932
0.0738879;-0.224744;-0.179609
0.0703955;-0.217422;-0.179609
0.0668407;-0.2101;-0.179609
0.0752403;-0.224744;-0.172287
0.07225;-0.217422;-0.172287
0.0695928;-0.2101;-0.172287
0.0639274;-0.205838;-0.186932
0.0599179;-0.198516;-0.186932
0.0560931;-0.191193;-0.186932
0.0648633;-0.205838;-0.179609
0.0616904;-0.198516;-0.179609
0.0584624;-0.191193;-0.179609
0.0680637;-0.205838;-0.172287
0.0654456;-0.198516;-0.172287
0.0632652;-0.191193;-0.172287
0.0767732;-0.224744;-0.168025
0.0741826;-0.217422;-0.168025
0.0719811;-0.2101;-0.168025
0.0805541;-0.224744;-0.160703
0.0789957;-0.217422;-0.160703
0.0772248;-0.2101;-0.160703
0.0859721;-0.224744;-0.153381
0.0847509;-0.217422;-0.153381
0.0840141;-0.2101;-0.153381
0.0707126;-0.205838;-0.168025
0.06853;-0.198516;-0.168025
0.0668223;-0.191193;-0.168025
0.0763694;-0.205838;-0.160703
0.075263;-0.198516;-0.160703
0.0739269;-0.191193;-0.160703
0.0835597;-0.205838;-0.153381
0.082707;-0.198516;-0.153381
0.0823608;-0.191193;-0.153381
0.0539011;-0.186932;-0.186932
0.0501824;-0.179609;-0.186932
0.0467776;-0.172287;-0.186932
0.0567248;-0.186932;-0.179609
0.054056;-0.179609;-0.179609
0.0513442;-0.172287;-0.179609
0.0620264;-0.186932;-0.172287
0.0599258;-0.179609;-0.172287
0.058351;-0.172287;-0.172287
0.0448568;-0.168025;-0.186932
0.0416498;-0.160703;-0.186932
0.0389196;-0.153381;-0.186932
0.0499588;-0.168025;-0.179609
0.0479866;-0.160703;-0.179609
0.0459845;-0.153381;-0.179609
0.0574721;-0.168025;-0.172287
0.055999;-0.160703;-0.172287
0.0551075;-0.153381;-0.172287
0.0658489;-0.186932;-0.168025
0.0641836;-0.179609;-0.168025
0.0630531;-0.172287;-0.168025
0.073342;-0.186932;-0.160703
0.0727205;-0.179609;-0.160703
0.0718462;-0.172287;-0.160703
0.082126;-0.186932;-0.153381
0.0816376;-0.179609;-0.153381
0.0816517;-0.172287;-0.153381
0.0624162;-0.168025;-0.168025
0.0613281;-0.160703;-0.168025
0.060799;-0.153381;-0.168025
0.0715345;-0.168025;-0.160703
0.0713798;-0.160703;-0.160703
0.070945;-0.153381;-0.160703
0.0816152;-0.168025;-0.153381
0.0814506;-0.160703;-0.153381
0.0817638;-0.153381;-0.153381
0.140715;-0.149119;-0.300369
0.138812;-0.141797;-0.300369
0.136718;-0.134475;-0.300369
0.134534;-0.149119;-0.293047
0.132182;-0.141797;-0.293047
0.130197;-0.134475;-0.293047
0.127412;-0.149119;-0.285725
0.12519;-0.141797;-0.285725
0.122775;-0.134475;-0.285725
0.135579;-0.130213;-0.300369
0.133788;-0.122891;-0.300369
0.131851;-0.115568;-0.300369
0.128987;-0.130213;-0.293047
0.126815;-0.122891;-0.293047
0.125027;-0.115568;-0.293047
0.121479;-0.130213;-0.285725
0.119478;-0.122891;-0.285725
0.117329;-0.115568;-0.285725
0.12309;-0.149119;-0.281463
0.120759;-0.141797;-0.281463
0.11827;-0.134475;-0.281463
0.115281;-0.149119;-0.274141
0.112485;-0.141797;-0.274141
0.110135;-0.134475;-0.274141
0.106656;-0.149119;-0.266818
0.104011;-0.141797;-0.266818
0.101213;-0.134475;-0.266818
0.116932;-0.130213;-0.281463
0.114854;-0.122891;-0.281463
0.112663;-0.115568;-0.281463
0.108732;-0.130213;-0.274141
0.106259;-0.122891;-0.274141
0.104253;-0.115568;-0.274141
0.0997248;-0.130213;-0.266818
0.0974467;-0.122891;-0.266818
0.0950664;-0.115568;-0.266818
0.130812;-0.111307;-0.300369
0.129207;-0.103984;-0.300369
0.127487;-0.096662;-0.300369
0.123949;-0.111307;-0.293047
0.122031;-0.103984;-0.293047
0.120503;-0.096662;-0.293047
0.116199;-0.111307;-0.285725
0.114493;-0.103984;-0.285725
0.112676;-0.096662;-0.285725
0.126581;-0.0924005;-0.300369
0.12521;-0.0850781;-0.300369
0.123746;-0.0777558;-0.300369
0.119589;-0.0924005;-0.293047
0.117972;-0.0850781;-0.293047
0.116741;-0.0777558;-0.293047
0.111745;-0.0924005;-0.285725
0.110384;-0.0850781;-0.285725
0.108935;-0.0777558;-0.285725
0.11151;-0.111307;-0.281463
0.109764;-0.103984;-0.281463
0.107939;-0.096662;-0.281463
0.10307;-0.111307;-0.274141
0.101005;-0.103984;-0.274141
0.0994159;-0.096662;-0.274141
0.0938364;-0.111307;-0.266818
0.0920186;-0.103984;-0.266818
0.0901391;-0.096662;-0.266818
0.107005;-0.0924005;-0.281463
0.105639;-0.0850781;-0.281463
0.104218;-0.0777558;-0.281463
0.0984891;-0.0924005;-0.274141
0.096885;-0.0850781;-0.274141
0.0957508;-0.0777558;-0.274141
0.0892081;-0.0924005;-0.266818
0.0879089;-0.0850781;-0.266818
0.0865743;-0.0777558;-0.266818
0.101536;-0.149119;-0.262557
0.0987808;-0.141797;-0.262557
0.0959037;-0.134475;-0.262557
0.0925091;-0.149119;-0.255234
0.0892573;-0.141797;-0.255234
0.086521;-0.134475;-0.255234
0.0828609;-0.149119;-0.247912
0.0797427;-0.141797;-0.247912
0.0765168;-0.134475;-0.247912
0.0943712;-0.130213;-0.262557
0.0920169;-0.122891;-0.262557
0.0895941;-0.115568;-0.262557
0.0849178;-0.130213;-0.255234
0.0821368;-0.122891;-0.255234
0.0799105;-0.115568;-0.255234
0.0748098;-0.130213;-0.247912
0.0722113;-0.122891;-0.247912
0.0695728;-0.115568;-0.247912
0.0772586;-0.149119;-0.24365
0.0740058;-0.141797;-0.24365
0.0706749;-0.134475;-0.24365
0.067651;-0.149119;-0.236328
0.0638428;-0.141797;-0.236328
0.0605882;-0.134475;-0.236328
0.0578465;-0.149119;-0.229006
0.0540739;-0.141797;-0.229006
0.0502359;-0.134475;-0.229006
0.0689073;-0.130213;-0.24365
0.0662074;-0.122891;-0.24365
0.0635033;-0.115568;-0.24365
0.0587099;-0.130213;-0.236328
0.0555037;-0.122891;-0.236328
0.0529419;-0.115568;-0.236328
0.0481863;-0.130213;-0.229006
0.0450416;-0.122891;-0.229006
0.0419441;-0.115568;-0.229006
0.0883421;-0.111307;-0.262557
0.0864906;-0.103984;-0.262557
0.084612;-0.096662;-0.262557
0.0786284;-0.111307;-0.255234
0.0764402;-0.103984;-0.255234
0.0748301;-0.096662;-0.255234
0.0682334;-0.111307;-0.247912
0.0663036;-0.103984;-0.247912
0.0643918;-0.096662;-0.247912
0.0836857;-0.0924005;-0.262557
0.0824009;-0.0850781;-0.262557
0.0811148;-0.0777558;-0.262557
0.0739243;-0.0924005;-0.255234
0.0724109;-0.0850781;-0.255234
0.0714734;-0.0777558;-0.255234
0.0634924;-0.0924005;-0.247912
0.0623355;-0.0850781;-0.247912
0.0612319;-0.0777558;-0.247912
0.0621314;-0.111307;-0.24365
0.0601577;-0.103984;-0.24365
0.0582457;-0.096662;-0.24365
0.0515089;-0.111307;-0.236328
0.0491424;-0.103984;-0.236328
0.0475032;-0.096662;-0.236328
0.0403891;-0.111307;-0.229006
0.0382069;-0.103984;-0.229006
0.0362111;-0.096662;-0.229006
0.0573569;-0.0924005;-0.24365
0.0562369;-0.0850781;-0.24365
0.0552184;-0.0777558;-0.24365
0.0466439;-0.0924005;-0.236328
0.0453221;-0.0850781;-0.236328
0.0447546;-0.0777558;-0.236328
0.0353621;-0.0924005;-0.229006
0.034479;-0.0850781;-0.229006
0.0338747;-0.0777558;-0.229006
0.12299;-0.0734942;-0.300369
0.121875;-0.0661719;-0.300369
0.12068;-0.0588495;-0.300369
0.116007;-0.0734942;-0.293047
0.114712;-0.0661719;-0.293047
0.113787;-0.0588495;-0.293047
0.108218;-0.0734942;-0.285725
0.107219;-0.0661719;-0.285725
0.106146;-0.0588495;-0.285725
0.120079;-0.054588;-0.300369
0.119218;-0.0472656;-0.300369
0.118284;-0.0399433;-0.300369
0.113235;-0.054588;-0.293047
0.112256;-0.0472656;-0.293047
0.111622;-0.0399433;-0.293047
0.105641;-0.054588;-0.285725
0.104991;-0.0472656;-0.285725
0.104272;-0.0399433;-0.285725
0.103519;-0.0734942;-0.281463
0.10255;-0.0661719;-0.281463
0.101537;-0.0588495;-0.281463
0.0950958;-0.0734942;-0.274141
0.0939697;-0.0661719;-0.274141
0.0932899;-0.0588495;-0.274141
0.0859593;-0.0734942;-0.266818
0.085193;-0.0661719;-0.266818
0.0844013;-0.0588495;-0.266818
0.101069;-0.054588;-0.281463
0.100482;-0.0472656;-0.281463
0.0998509;-0.0399433;-0.281463
0.0929004;-0.054588;-0.274141
0.0922305;-0.0472656;-0.274141
0.0919683;-0.0399433;-0.274141
0.0840922;-0.054588;-0.266818
0.0838263;-0.0472656;-0.266818
0.08353;-0.0399433;-0.266818
0.117827;-0.0356817;-0.300369
0.117199;-0.0283594;-0.300369
0.116497;-0.021037;-0.300369
0.111238;-0.0356817;-0.293047
0.110547;-0.0283594;-0.293047
0.110166;-0.021037;-0.293047
0.103963;-0.0356817;-0.285725
0.103624;-0.0283594;-0.285725
0.103213;-0.021037;-0.285725
0.116166;-0.0167755;-0.300369
0.115733;-0.00945312;-0.300369
0.115221;-0.00213077;-0.300369
0.109927;-0.0167755;-0.293047
0.109477;-0.00945312;-0.293047
0.109299;-0.00213077;-0.293047
0.103068;-0.0167755;-0.285725
0.102985;-0.00945312;-0.285725
0.102818;-0.00213077;-0.285725
0.0995934;-0.0356817;-0.281463
0.0993439;-0.0283594;-0.281463
0.0990421;-0.021037;-0.281463
0.0918171;-0.0356817;-0.274141
0.0915482;-0.0283594;-0.274141
0.0916369;-0.021037;-0.274141
0.0834912;-0.0356817;-0.266818
0.0836532;-0.0283594;-0.266818
0.0837685;-0.021037;-0.266818
0.0989609;-0.0167755;-0.281463
0.0989845;-0.00945312;-0.281463
0.0989424;-0.00213077;-0.281463
0.0916815;-0.0167755;-0.274141
0.0917346;-0.00945312;-0.274141
0.0920895;-0.00213077;-0.274141
0.0839464;-0.0167755;-0.266818
0.0844382;-0.00945312;-0.266818
0.0848612;-0.00213077;-0.266818
0.0805327;-0.0734942;-0.262557
0.079829;-0.0661719;-0.262557
0.0791315;-0.0588495;-0.262557
0.0709666;-0.0734942;-0.255234
0.0701487;-0.0661719;-0.255234
0.069872;-0.0588495;-0.255234
0.0608034;-0.0734942;-0.247912
0.0604407;-0.0661719;-0.247912
0.0601337;-0.0588495;-0.247912
0.0788808;-0.054588;-0.262557
0.0787192;-0.0472656;-0.262557
0.0785538;-0.0399433;-0.262557
0.0697458;-0.054588;-0.255234
0.0695726;-0.0472656;-0.255234
0.0698764;-0.0399433;-0.255234
0.0601491;-0.054588;-0.247912
0.0605014;-0.0472656;-0.247912
0.0608809;-0.0399433;-0.247912
0.0548514;-0.0734942;-0.24365
0.0546121;-0.0661719;-0.24365
0.0544714;-0.0588495;-0.24365
0.0445311;-0.0734942;-0.236328
0.0443108;-0.0661719;-0.236328
0.0447739;-0.0588495;-0.236328
0.0338474;-0.0734942;-0.229006
0.0343375;-0.0661719;-0.229006
0.0350566;-0.0588495;-0.229006
0.0545915;-0.054588;-0.24365
0.055132;-0.0472656;-0.24365
0.0557295;-0.0399433;-0.24365
0.0451275;-0.054588;-0.236328
0.0458511;-0.0472656;-0.236328
0.0471109;-0.0399433;-0.236328
0.0357291;-0.054588;-0.229006
0.0372652;-0.0472656;-0.229006
0.0388928;-0.0399433;-0.229006
0.0785928;-0.0356817;-0.262557
0.0788886;-0.0283594;-0.262557
0.0791584;-0.021037;-0.262557
0.0700747;-0.0356817;-0.255234
0.0704351;-0.0283594;-0.255234
0.0711909;-0.021037;-0.255234
0.0612609;-0.0356817;-0.247912
0.0621715;-0.0283594;-0.247912
0.063065;-0.021037;-0.247912
0.0794255;-0.0167755;-0.262557
0.0800665;-0.00945312;-0.262557
0.0806541;-0.00213077;-0.262557
0.0716341;-0.0167755;-0.255234
0.0723852;-0.00945312;-0.255234
0.0734471;-0.00213077;-0.255234
0.0637035;-0.0167755;-0.247912
0.0649872;-0.00945312;-0.247912
0.0662092;-0.00213077;-0.247912
0.0562373;-0.0356817;-0.24365
0.0573638;-0.0283594;-0.24365
0.0584897;-0.021037;-0.24365
0.047886;-0.0356817;-0.236328
0.0492631;-0.0283594;-0.236328
0.0510167;-0.021037;-0.236328
0.0399966;-0.0356817;-0.229006
0.0421134;-0.0283594;-0.229006
0.0442059;-0.021037;-0.229006
0.0592585;-0.0167755;-0.24365
0.0607539;-0.00945312;-0.24365
0.0621955;-0.00213077;-0.24365
0.0520393;-0.0167755;-0.236328
0.0537806;-0.00945312;-0.236328
0.0557675;-0.00213077;-0.236328
0.0455054;-0.0167755;-0.229006
0.0478474;-0.00945312;-0.229006
0.0500973;-0.00213077;-0.229006
0.0524153;-0.149119;-0.224744
0.0484457;-0.141797;-0.224744
0.0444276;-0.134475;-0.224744
0.0437953;-0.149119;-0.217422
0.039226;-0.141797;-0.217422
0.0350839;-0.134475;-0.217422
0.0365062;-0.149119;-0.2101
0.0318909;-0.141797;-0.2101
0.0272059;-0.134475;-0.2101
0.0422639;-0.130213;-0.224744
0.0389119;-0.122891;-0.224744
0.0356402;-0.115568;-0.224744
0.032691;-0.130213;-0.217422
0.0286101;-0.122891;-0.217422
0.0251475;-0.115568;-0.217422
0.0245615;-0.130213;-0.2101
0.0201957;-0.122891;-0.2101
0.0158195;-0.115568;-0.2101
0.0335524;-0.149119;-0.205838
0.0289081;-0.141797;-0.205838
0.0242498;-0.134475;-0.205838
0.0315669;-0.149119;-0.198516
0.0274852;-0.141797;-0.198516
0.0235224;-0.134475;-0.198516
0.0341558;-0.149119;-0.191193
0.031089;-0.141797;-0.191193
0.0286265;-0.134475;-0.191193
0.0215901;-0.130213;-0.205838
0.0171087;-0.122891;-0.205838
0.0126509;-0.115568;-0.205838
0.0213679;-0.130213;-0.198516
0.0180777;-0.122891;-0.198516
0.0151372;-0.115568;-0.198516
0.0273547;-0.130213;-0.191193
0.0254529;-0.122891;-0.191193
0.0244346;-0.115568;-0.191193
0.0339904;-0.111307;-0.224744
0.0316739;-0.103984;-0.224744
0.0296287;-0.096662;-0.224744
0.0232443;-0.111307;-0.217422
0.0202207;-0.103984;-0.217422
0.0182547;-0.096662;-0.217422
0.0134168;-0.111307;-0.2101
0.00970197;-0.103984;-0.2101
0.00655982;-0.096662;-0.2101
0.0287899;-0.0924005;-0.224744
0.0280055;-0.0850781;-0.224744
0.0276281;-0.0777558;-0.224744
0.0174322;-0.0924005;-0.217422
0.0166524;-0.0850781;-0.217422
0.0172625;-0.0777558;-0.217422
0.00562599;-0.0924005;-0.2101
0.0064412;-0.0850781;-0.2101
0.00904254;-0.0777558;-0.2101
0.0101137;-0.111307;-0.205838
0.00585032;-0.103984;-0.205838
0.00184005;-0.096662;-0.205838
0.0138417;-0.111307;-0.198516
0.0126599;-0.103984;-0.198516
0.012413;-0.096662;-0.198516
0.0240664;-0.111307;-0.191193
0.0237884;-0.103984;-0.191193
0.0244424;-0.096662;-0.191193
0.00135343;-0.0924005;-0.205838
0.00500951;-0.0850781;-0.205838
0.008991;-0.0777558;-0.205838
0.0129452;-0.0924005;-0.198516
0.0148285;-0.0850781;-0.198516
0.017043;-0.0777558;-0.198516
0.0249937;-0.0924005;-0.191193
0.0261591;-0.0850781;-0.191193
0.027985;-0.0777558;-0.191193
0.0374303;-0.149119;-0.186932
0.0350329;-0.141797;-0.186932
0.0333008;-0.134475;-0.186932
0.0450583;-0.149119;-0.179609
0.0439452;-0.141797;-0.179609
0.0428004;-0.134475;-0.179609
0.054624;-0.149119;-0.172287
0.0538239;-0.141797;-0.172287
0.0536143;-0.134475;-0.172287
0.0324352;-0.130213;-0.186932
0.0311759;-0.122891;-0.186932
0.0307119;-0.115568;-0.186932
0.0423975;-0.130213;-0.179609
0.0422007;-0.122891;-0.179609
0.041937;-0.115568;-0.179609
0.0535136;-0.130213;-0.172287
0.0533474;-0.122891;-0.172287
0.053733;-0.115568;-0.172287
0.060504;-0.149119;-0.168025
0.0599892;-0.141797;-0.168025
0.0600184;-0.134475;-0.168025
0.0708817;-0.149119;-0.160703
0.0711312;-0.141797;-0.160703
0.0710734;-0.134475;-0.160703
0.0818887;-0.149119;-0.153381
0.0819833;-0.141797;-0.153381
0.0825173;-0.134475;-0.153381
0.0600324;-0.130213;-0.168025
0.060024;-0.122891;-0.168025
0.0605124;-0.115568;-0.168025
0.0712133;-0.130213;-0.160703
0.0717757;-0.122891;-0.160703
0.0720088;-0.115568;-0.160703
0.0827586;-0.130213;-0.153381
0.0830371;-0.122891;-0.153381
0.0837097;-0.115568;-0.153381
0.0305923;-0.111307;-0.186932
0.0306049;-0.103984;-0.186932
0.0313629;-0.096662;-0.186932
0.0420356;-0.111307;-0.179609
0.0426523;-0.103984;-0.179609
0.0431381;-0.096662;-0.179609
0.0539562;-0.111307;-0.172287
0.0543117;-0.103984;-0.172287
0.055148;-0.096662;-0.172287
0.0319011;-0.0924005;-0.186932
0.0329426;-0.0850781;-0.186932
0.0345413;-0.0777558;-0.186932
0.0436319;-0.0924005;-0.179609
0.0448396;-0.0850781;-0.179609
0.0458517;-0.0777558;-0.179609
0.0556092;-0.0924005;-0.172287
0.0563382;-0.0850781;-0.172287
0.0574656;-0.0777558;-0.172287
0.0607741;-0.111307;-0.168025
0.0611627;-0.103984;-0.168025
0.0619826;-0.096662;-0.168025
0.0722964;-0.111307;-0.160703
0.0730709;-0.103984;-0.160703
0.0735017;-0.096662;-0.160703
0.0840218;-0.111307;-0.153381
0.0844092;-0.103984;-0.153381
0.0851441;-0.096662;-0.153381
0.0624185;-0.0924005;-0.168025
0.0630804;-0.0850781;-0.168025
0.0641036;-0.0777558;-0.168025
0.0738817;-0.0924005;-0.160703
0.0747725;-0.0850781;-0.160703
0.0753143;-0.0777558;-0.160703
0.0854853;-0.0924005;-0.153381
0.0859147;-0.0850781;-0.153381
0.0866469;-0.0777558;-0.153381
0.0277784;-0.0734942;-0.224744
0.0286284;-0.0661719;-0.224744
0.0297785;-0.0588495;-0.224744
0.0179605;-0.0734942;-0.217422
0.0196183;-0.0661719;-0.217422
0.0220456;-0.0588495;-0.217422
0.0109676;-0.0734942;-0.2101
0.0145023;-0.0661719;-0.2101
0.0180453;-0.0588495;-0.2101
0.0307061;-0.054588;-0.224744
0.0326622;-0.0472656;-0.224744
0.0347135;-0.0399433;-0.224744
0.0235575;-0.054588;-0.217422
0.0262529;-0.0472656;-0.217422
0.0292271;-0.0399433;-0.217422
0.0201135;-0.054588;-0.2101
0.0236341;-0.0472656;-0.2101
0.0270615;-0.0399433;-0.2101
0.0112474;-0.0734942;-0.205838
0.0150195;-0.0661719;-0.205838
0.018754;-0.0588495;-0.205838
0.0186036;-0.0734942;-0.198516
0.0215932;-0.0661719;-0.198516
0.0244592;-0.0588495;-0.198516
0.0291002;-0.0734942;-0.191193
0.031057;-0.0661719;-0.191193
0.0333993;-0.0588495;-0.191193
0.0208617;-0.054588;-0.205838
0.0243749;-0.0472656;-0.205838
0.0278277;-0.0399433;-0.205838
0.0262092;-0.054588;-0.198516
0.0293117;-0.0472656;-0.198516
0.0322081;-0.0399433;-0.198516
0.0347404;-0.054588;-0.191193
0.036988;-0.0472656;-0.191193
0.0394529;-0.0399433;-0.191193
0.036041;-0.0356817;-0.224744
0.0384966;-0.0283594;-0.224744
0.0409147;-0.021037;-0.224744
0.0309475;-0.0356817;-0.217422
0.0338672;-0.0283594;-0.217422
0.0368705;-0.021037;-0.217422
0.0290193;-0.0356817;-0.2101
0.0323118;-0.0283594;-0.2101
0.0354979;-0.021037;-0.2101
0.042378;-0.0167755;-0.224744
0.0449596;-0.00945312;-0.224744
0.0474402;-0.00213077;-0.224744
0.0385741;-0.0167755;-0.217422
0.0414219;-0.00945312;-0.217422
0.0442712;-0.00213077;-0.217422
0.0373041;-0.0167755;-0.2101
0.0403249;-0.00945312;-0.2101
0.0432349;-0.00213077;-0.2101
0.0297724;-0.0356817;-0.205838
0.0330073;-0.0283594;-0.205838
0.0361685;-0.021037;-0.205838
0.0339148;-0.0356817;-0.198516
0.0368698;-0.0283594;-0.198516
0.0396143;-0.021037;-0.198516
0.040833;-0.0356817;-0.191193
0.043107;-0.0283594;-0.191193
0.0455021;-0.021037;-0.191193
0.0379446;-0.0167755;-0.205838
0.0408926;-0.00945312;-0.205838
0.0437572;-0.00213077;-0.205838
0.041207;-0.0167755;-0.198516
0.0439321;-0.00945312;-0.198516
0.0464579;-0.00213077;-0.198516
0.0468295;-0.0167755;-0.191193
0.0489991;-0.00945312;-0.191193
0.0512311;-0.00213077;-0.191193
0.0354963;-0.0734942;-0.186932
0.0371461;-0.0661719;-0.186932
0.0391648;-0.0588495;-0.186932
0.046601;-0.0734942;-0.179609
0.0481561;-0.0661719;-0.179609
0.0494718;-0.0588495;-0.179609
0.0580757;-0.0734942;-0.172287
0.0590322;-0.0661719;-0.172287
0.0603087;-0.0588495;-0.172287
0.0403139;-0.054588;-0.186932
0.0422289;-0.0472656;-0.186932
0.0443784;-0.0399433;-0.186932
0.0503522;-0.054588;-0.179609
0.0520564;-0.0472656;-0.179609
0.0535015;-0.0399433;-0.179609
0.0609911;-0.054588;-0.172287
0.0620531;-0.0472656;-0.172287
0.0633674;-0.0399433;-0.172287
0.0646428;-0.0734942;-0.168025
0.0654625;-0.0661719;-0.168025
0.066578;-0.0588495;-0.168025
0.0757372;-0.0734942;-0.160703
0.0766626;-0.0661719;-0.160703
0.077242;-0.0588495;-0.160703
0.0869822;-0.0734942;-0.153381
0.0873979;-0.0661719;-0.153381
0.0880756;-0.0588495;-0.153381
0.0671607;-0.054588;-0.168025
0.0680427;-0.0472656;-0.168025
0.0691635;-0.0399433;-0.168025
0.0776673;-0.054588;-0.160703
0.0785625;-0.0472656;-0.160703
0.0791216;-0.0399433;-0.160703
0.0883775;-0.054588;-0.153381
0.0887359;-0.0472656;-0.153381
0.0893202;-0.0399433;-0.153381
0.0455773;-0.0356817;-0.186932
0.0475439;-0.0283594;-0.186932
0.0496566;-0.021037;-0.186932
0.0544215;-0.0356817;-0.179609
0.0561362;-0.0283594;-0.179609
0.0575895;-0.021037;-0.179609
0.064063;-0.0356817;-0.172287
0.0651379;-0.0283594;-0.172287
0.0664094;-0.021037;-0.172287
0.0508225;-0.0167755;-0.186932
0.0527181;-0.00945312;-0.186932
0.0547014;-0.00213077;-0.186932
0.0584879;-0.0167755;-0.179609
0.0601231;-0.00945312;-0.179609
0.0615052;-0.00213077;-0.179609
0.0670763;-0.0167755;-0.172287
0.068098;-0.00945312;-0.172287
0.0692717;-0.00213077;-0.172287
0.0697434;-0.0356817;-0.168025
0.0706146;-0.0283594;-0.168025
0.0716768;-0.021037;-0.168025
0.0795182;-0.0356817;-0.160703
0.0803352;-0.0283594;-0.160703
0.0808305;-0.021037;-0.160703
0.0895682;-0.0356817;-0.153381
0.0898374;-0.0283594;-0.153381
0.0903009;-0.021037;-0.153381
0.0722203;-0.0167755;-0.168025
0.0730279;-0.00945312;-0.168025
0.073987;-0.00213077;-0.168025
0.0811761;-0.0167755;-0.160703
0.0818808;-0.00945312;-0.160703
0.0822819;-0.00213077;-0.160703
0.0904809;-0.0167755;-0.153381
0.0906388;-0.00945312;-0.153381
0.0909639;-0.00213077;-0.153381
0.102443;-0.300369;-0.149119
0.100837;-0.293047;-0.149119
0.0994437;-0.285725;-0.149119
0.10265;-0.300369;-0.141797
0.101879;-0.293047;-0.141797
0.100798;-0.285725;-0.141797
0.103945;-0.300369;-0.134475
0.103456;-0.293047;-0.134475
0.103319;-0.285725;-0.134475
0.0985807;-0.281463;-0.149119
0.0969908;-0.274141;-0.149119
0.0957203;-0.266818;-0.149119
0.100277;-0.281463;-0.141797
0.0996416;-0.274141;-0.141797
0.098684;-0.266818;-0.141797
0.103178;-0.281463;-0.134475
0.102808;-0.274141;-0.134475
0.102859;-0.266818;-0.134475
0.104945;-0.300369;-0.130213
0.10479;-0.293047;-0.130213
0.105035;-0.285725;-0.130213
0.107089;-0.300369;-0.122891
0.107954;-0.293047;-0.122891
0.108391;-0.285725;-0.122891
0.11021;-0.300369;-0.115568
0.111228;-0.293047;-0.115568
0.112683;-0.285725;-0.115568
0.105106;-0.281463;-0.130213
0.105079;-0.274141;-0.130213
0.105504;-0.266818;-0.130213
0.108799;-0.281463;-0.122891
0.109817;-0.274141;-0.122891
0.110377;-0.266818;-0.122891
0.113433;-0.281463;-0.115568
0.114538;-0.274141;-0.115568
0.116096;-0.266818;-0.115568
0.0949406;-0.262557;-0.149119
0.0935078;-0.255234;-0.149119
0.092479;-0.247912;-0.149119
0.0982678;-0.262557;-0.141797
0.0978623;-0.255234;-0.141797
0.0971151;-0.247912;-0.141797
0.102826;-0.262557;-0.134475
0.102639;-0.255234;-0.134475
0.102911;-0.247912;-0.134475
0.0918457;-0.24365;-0.149119
0.0906704;-0.236328;-0.149119
0.0899579;-0.229006;-0.149119
0.0968427;-0.24365;-0.141797
0.0967132;-0.236328;-0.141797
0.0962183;-0.229006;-0.141797
0.103001;-0.24365;-0.134475
0.103015;-0.236328;-0.134475
0.103502;-0.229006;-0.134475
0.105677;-0.262557;-0.130213
0.105818;-0.255234;-0.130213
0.106437;-0.247912;-0.130213
0.110864;-0.262557;-0.122891
0.112028;-0.255234;-0.122891
0.112704;-0.247912;-0.122891
0.116895;-0.262557;-0.115568
0.118065;-0.255234;-0.115568
0.119684;-0.247912;-0.115568
0.106715;-0.24365;-0.130213
0.107024;-0.236328;-0.130213
0.107812;-0.229006;-0.130213
0.113258;-0.24365;-0.122891
0.114532;-0.236328;-0.122891
0.115291;-0.229006;-0.122891
0.120508;-0.24365;-0.115568
0.121702;-0.236328;-0.115568
0.123329;-0.229006;-0.115568
0.112112;-0.300369;-0.111307
0.113439;-0.293047;-0.111307
0.115231;-0.285725;-0.111307
0.115525;-0.300369;-0.103984
0.117881;-0.293047;-0.103984
0.119692;-0.285725;-0.103984
0.119663;-0.300369;-0.096662
0.122008;-0.293047;-0.096662
0.124784;-0.285725;-0.096662
0.116164;-0.281463;-0.111307
0.117554;-0.274141;-0.111307
0.119413;-0.266818;-0.111307
0.120901;-0.281463;-0.103984
0.123283;-0.274141;-0.103984
0.125086;-0.266818;-0.103984
0.126263;-0.281463;-0.096662
0.128556;-0.274141;-0.096662
0.131268;-0.266818;-0.096662
0.121993;-0.300369;-0.0924005
0.124586;-0.293047;-0.0924005
0.127627;-0.285725;-0.0924005
0.12588;-0.300369;-0.0850781
0.129421;-0.293047;-0.0850781
0.132326;-0.285725;-0.0850781
0.13023;-0.300369;-0.0777558
0.133617;-0.293047;-0.0777558
0.137392;-0.285725;-0.0777558
0.129246;-0.281463;-0.0924005
0.131754;-0.274141;-0.0924005
0.13469;-0.266818;-0.0924005
0.134152;-0.281463;-0.0850781
0.137553;-0.274141;-0.0850781
0.140286;-0.266818;-0.0850781
0.139416;-0.281463;-0.0777558
0.142594;-0.274141;-0.0777558
0.14614;-0.266818;-0.0777558
0.120373;-0.262557;-0.111307
0.121793;-0.255234;-0.111307
0.123668;-0.247912;-0.111307
0.126283;-0.262557;-0.103984
0.128632;-0.255234;-0.103984
0.130376;-0.247912;-0.103984
0.132697;-0.262557;-0.096662
0.134883;-0.255234;-0.096662
0.137467;-0.247912;-0.096662
0.124628;-0.24365;-0.111307
0.12603;-0.236328;-0.111307
0.127864;-0.229006;-0.111307
0.13153;-0.24365;-0.103984
0.133784;-0.236328;-0.103984
0.135418;-0.229006;-0.103984
0.13881;-0.24365;-0.096662
0.140834;-0.236328;-0.096662
0.143232;-0.229006;-0.096662
0.136236;-0.262557;-0.0924005
0.1386;-0.255234;-0.0924005
0.141366;-0.247912;-0.0924005
0.142001;-0.262557;-0.0850781
0.145193;-0.255234;-0.0850781
0.147698;-0.247912;-0.0850781
0.148019;-0.262557;-0.0777558
0.150931;-0.255234;-0.0777558
0.154186;-0.247912;-0.0777558
0.142804;-0.24365;-0.0924005
0.144971;-0.236328;-0.0924005
0.14751;-0.229006;-0.0924005
0.14927;-0.24365;-0.0850781
0.152194;-0.236328;-0.0850781
0.154425;-0.229006;-0.0850781
0.155889;-0.24365;-0.0777558
0.158487;-0.236328;-0.0777558
0.161404;-0.229006;-0.0777558
0.0895086;-0.224744;-0.149119
0.0886475;-0.217422;-0.149119
0.0882804;-0.2101;-0.149119
0.0961029;-0.224744;-0.141797
0.0962526;-0.217422;-0.141797
0.0960117;-0.2101;-0.141797
0.103709;-0.224744;-0.134475
0.103908;-0.217422;-0.134475
0.104575;-0.2101;-0.134475
0.0880269;-0.205838;-0.149119
0.0874934;-0.198516;-0.149119
0.087459;-0.191193;-0.149119
0.0960446;-0.205838;-0.141797
0.096442;-0.198516;-0.141797
0.0964256;-0.191193;-0.141797
0.104876;-0.205838;-0.134475
0.105221;-0.198516;-0.134475
0.106013;-0.191193;-0.134475
0.10818;-0.224744;-0.130213
0.108629;-0.217422;-0.130213
0.109542;-0.2101;-0.130213
0.115887;-0.224744;-0.122891
0.117216;-0.217422;-0.122891
0.118013;-0.2101;-0.122891
0.124147;-0.224744;-0.115568
0.125315;-0.217422;-0.115568
0.126891;-0.2101;-0.115568
0.109972;-0.205838;-0.130213
0.110515;-0.198516;-0.130213
0.111493;-0.191193;-0.130213
0.11862;-0.205838;-0.122891
0.119946;-0.198516;-0.122891
0.120729;-0.191193;-0.122891
0.12767;-0.205838;-0.115568
0.128762;-0.198516;-0.115568
0.130231;-0.191193;-0.115568
0.0873902;-0.186932;-0.149119
0.0871602;-0.179609;-0.149119
0.0874129;-0.172287;-0.149119
0.0965818;-0.186932;-0.141797
0.0971724;-0.179609;-0.141797
0.0973304;-0.172287;-0.141797
0.106377;-0.186932;-0.134475
0.106815;-0.179609;-0.134475
0.10767;-0.172287;-0.134475
0.0874999;-0.168025;-0.149119
0.0875223;-0.160703;-0.149119
0.0879954;-0.153381;-0.149119
0.0975759;-0.168025;-0.141797
0.0982936;-0.160703;-0.141797
0.0985665;-0.153381;-0.141797
0.108062;-0.168025;-0.134475
0.108537;-0.160703;-0.134475
0.109396;-0.153381;-0.134475
0.111953;-0.186932;-0.130213
0.112537;-0.179609;-0.130213
0.113521;-0.172287;-0.130213
0.121315;-0.186932;-0.122891
0.12258;-0.179609;-0.122891
0.123299;-0.172287;-0.122891
0.130944;-0.186932;-0.115568
0.131912;-0.179609;-0.115568
0.133227;-0.172287;-0.115568
0.113978;-0.168025;-0.130213
0.114548;-0.160703;-0.130213
0.115483;-0.153381;-0.130213
0.123834;-0.168025;-0.122891
0.124987;-0.160703;-0.122891
0.125598;-0.153381;-0.122891
0.133846;-0.168025;-0.115568
0.134652;-0.160703;-0.115568
0.135774;-0.153381;-0.115568
0.12879;-0.224744;-0.111307
0.130124;-0.217422;-0.111307
0.131859;-0.2101;-0.111307
0.136495;-0.224744;-0.103984
0.138596;-0.217422;-0.103984
0.14007;-0.2101;-0.103984
0.144459;-0.224744;-0.096662
0.146273;-0.217422;-0.096662
0.148434;-0.2101;-0.096662
0.132721;-0.205838;-0.111307
0.133936;-0.198516;-0.111307
0.135519;-0.191193;-0.111307
0.141042;-0.205838;-0.103984
0.14294;-0.198516;-0.103984
0.144213;-0.191193;-0.103984
0.149519;-0.205838;-0.096662
0.151084;-0.198516;-0.096662
0.152967;-0.191193;-0.096662
0.14881;-0.224744;-0.0924005
0.150734;-0.217422;-0.0924005
0.152999;-0.2101;-0.0924005
0.155825;-0.224744;-0.0850781
0.158435;-0.217422;-0.0850781
0.160354;-0.2101;-0.0850781
0.162906;-0.224744;-0.0777558
0.165153;-0.217422;-0.0777558
0.167696;-0.2101;-0.0777558
0.154138;-0.205838;-0.0924005
0.155781;-0.198516;-0.0924005
0.157737;-0.191193;-0.0924005
0.161562;-0.205838;-0.0850781
0.163823;-0.198516;-0.0850781
0.165404;-0.191193;-0.0850781
0.168979;-0.205838;-0.0777558
0.170849;-0.198516;-0.0777558
0.172992;-0.191193;-0.0777558
0.136289;-0.186932;-0.111307
0.137342;-0.179609;-0.111307
0.138731;-0.172287;-0.111307
0.145055;-0.186932;-0.103984
0.14671;-0.179609;-0.103984
0.147748;-0.172287;-0.103984
0.15389;-0.186932;-0.096662
0.155174;-0.179609;-0.096662
0.156751;-0.172287;-0.096662
0.139386;-0.168025;-0.111307
0.140242;-0.160703;-0.111307
0.141402;-0.153381;-0.111307
0.148442;-0.168025;-0.103984
0.149822;-0.160703;-0.103984
0.1506;-0.153381;-0.103984
0.157496;-0.168025;-0.096662
0.158477;-0.160703;-0.096662
0.159727;-0.153381;-0.096662
0.158695;-0.186932;-0.0924005
0.160029;-0.179609;-0.0924005
0.16165;-0.172287;-0.0924005
0.166403;-0.186932;-0.0850781
0.168291;-0.179609;-0.0850781
0.169515;-0.172287;-0.0850781
0.174044;-0.186932;-0.0777558
0.17552;-0.179609;-0.0777558
0.17725;-0.172287;-0.0777558
0.162415;-0.168025;-0.0924005
0.163422;-0.160703;-0.0924005
0.164691;-0.153381;-0.0924005
0.170298;-0.168025;-0.0850781
0.171798;-0.160703;-0.0850781
0.172654;-0.153381;-0.0850781
0.178064;-0.168025;-0.0777558
0.179138;-0.160703;-0.0777558
0.180446;-0.153381;-0.0777558
0.132559;-0.300369;-0.0734942
0.136129;-0.293047;-0.0734942
0.140099;-0.285725;-0.0734942
0.136241;-0.300369;-0.0661719
0.140656;-0.293047;-0.0661719
0.144368;-0.285725;-0.0661719
0.140174;-0.300369;-0.0588495
0.144321;-0.293047;-0.0588495
0.148807;-0.285725;-0.0588495
0.142225;-0.281463;-0.0734942
0.145556;-0.274141;-0.0734942
0.149261;-0.266818;-0.0734942
0.146642;-0.281463;-0.0661719
0.150767;-0.274141;-0.0661719
0.154166;-0.266818;-0.0661719
0.151219;-0.281463;-0.0588495
0.155025;-0.274141;-0.0588495
0.15915;-0.266818;-0.0588495
0.142176;-0.300369;-0.054588
0.146449;-0.293047;-0.054588
0.151071;-0.285725;-0.054588
0.14515;-0.300369;-0.0472656
0.150169;-0.293047;-0.0472656
0.154443;-0.285725;-0.0472656
0.148224;-0.300369;-0.0399433
0.152885;-0.293047;-0.0399433
0.157848;-0.285725;-0.0399433
0.153553;-0.281463;-0.054588
0.157463;-0.274141;-0.054588
0.161698;-0.266818;-0.054588
0.157025;-0.281463;-0.0472656
0.161642;-0.274141;-0.0472656
0.165495;-0.266818;-0.0472656
0.160519;-0.281463;-0.0399433
0.164743;-0.274141;-0.0399433
0.169251;-0.266818;-0.0399433
0.151223;-0.262557;-0.0734942
0.154259;-0.255234;-0.0734942
0.157641;-0.247912;-0.0734942
0.156246;-0.262557;-0.0661719
0.160021;-0.255234;-0.0661719
0.163057;-0.247912;-0.0661719
0.161343;-0.262557;-0.0588495
0.164758;-0.255234;-0.0588495
0.168472;-0.247912;-0.0588495
0.15941;-0.24365;-0.0734942
0.162103;-0.236328;-0.0734942
0.165117;-0.229006;-0.0734942
0.164915;-0.24365;-0.0661719
0.168292;-0.236328;-0.0661719
0.170931;-0.229006;-0.0661719
0.17042;-0.24365;-0.0588495
0.173407;-0.236328;-0.0588495
0.176672;-0.229006;-0.0588495
0.163946;-0.262557;-0.054588
0.167444;-0.255234;-0.054588
0.171243;-0.247912;-0.054588
0.167822;-0.262557;-0.0472656
0.171987;-0.255234;-0.0472656
0.17538;-0.247912;-0.0472656
0.17165;-0.262557;-0.0399433
0.175397;-0.255234;-0.0399433
0.17941;-0.247912;-0.0399433
0.173235;-0.24365;-0.054588
0.176286;-0.236328;-0.054588
0.179615;-0.229006;-0.054588
0.17743;-0.24365;-0.0472656
0.181106;-0.236328;-0.0472656
0.184014;-0.229006;-0.0472656
0.181517;-0.24365;-0.0399433
0.184758;-0.236328;-0.0399433
0.188247;-0.229006;-0.0399433
0.149674;-0.300369;-0.0356817
0.154414;-0.293047;-0.0356817
0.159462;-0.285725;-0.0356817
0.151603;-0.300369;-0.0283594
0.157001;-0.293047;-0.0283594
0.161627;-0.285725;-0.0283594
0.153536;-0.300369;-0.021037
0.158499;-0.293047;-0.021037
0.163741;-0.285725;-0.021037
0.162176;-0.281463;-0.0356817
0.166465;-0.274141;-0.0356817
0.171042;-0.266818;-0.0356817
0.164401;-0.281463;-0.0283594
0.169324;-0.274141;-0.0283594
0.173461;-0.266818;-0.0283594
0.166562;-0.281463;-0.021037
0.171031;-0.274141;-0.021037
0.175761;-0.266818;-0.021037
0.154294;-0.300369;-0.0167755
0.159295;-0.293047;-0.0167755
0.164578;-0.285725;-0.0167755
0.154979;-0.300369;-0.00945312
0.160558;-0.293047;-0.00945312
0.165355;-0.285725;-0.00945312
0.155619;-0.300369;-0.00213077
0.160693;-0.293047;-0.00213077
0.166038;-0.285725;-0.00213077
0.16742;-0.281463;-0.0167755
0.17192;-0.274141;-0.0167755
0.176683;-0.266818;-0.0167755
0.168221;-0.281463;-0.00945312
0.17329;-0.274141;-0.00945312
0.177562;-0.266818;-0.00945312
0.168916;-0.281463;-0.00213077
0.173473;-0.274141;-0.00213077
0.178286;-0.266818;-0.00213077
0.173476;-0.262557;-0.0356817
0.177273;-0.255234;-0.0356817
0.181338;-0.247912;-0.0356817
0.175939;-0.262557;-0.0283594
0.180344;-0.255234;-0.0283594
0.183959;-0.247912;-0.0283594
0.17828;-0.262557;-0.021037
0.182219;-0.255234;-0.021037
0.186403;-0.247912;-0.021037
0.183473;-0.24365;-0.0356817
0.186752;-0.236328;-0.0356817
0.190281;-0.229006;-0.0356817
0.186125;-0.24365;-0.0283594
0.189983;-0.236328;-0.0283594
0.193056;-0.229006;-0.0283594
0.188603;-0.24365;-0.021037
0.191989;-0.236328;-0.021037
0.195607;-0.229006;-0.021037
0.179218;-0.262557;-0.0167755
0.183181;-0.255234;-0.0167755
0.187391;-0.247912;-0.0167755
0.180114;-0.262557;-0.00945312
0.184633;-0.255234;-0.00945312
0.188353;-0.247912;-0.00945312
0.180849;-0.262557;-0.00213077
0.184858;-0.255234;-0.00213077
0.189107;-0.247912;-0.00213077
0.189604;-0.24365;-0.0167755
0.193009;-0.236328;-0.0167755
0.196645;-0.229006;-0.0167755
0.190576;-0.24365;-0.00945312
0.19452;-0.236328;-0.00945312
0.197671;-0.229006;-0.00945312
0.19134;-0.24365;-0.00213077
0.194779;-0.236328;-0.00213077
0.198444;-0.229006;-0.00213077
0.166669;-0.224744;-0.0734942
0.168987;-0.217422;-0.0734942
0.1716;-0.2101;-0.0734942
0.172547;-0.224744;-0.0661719
0.175493;-0.217422;-0.0661719
0.177708;-0.2101;-0.0661719
0.178358;-0.224744;-0.0588495
0.180892;-0.217422;-0.0588495
0.183685;-0.2101;-0.0588495
0.172919;-0.205838;-0.0734942
0.174838;-0.198516;-0.0734942
0.177028;-0.191193;-0.0734942
0.179069;-0.205838;-0.0661719
0.181562;-0.198516;-0.0661719
0.183339;-0.191193;-0.0661719
0.185097;-0.205838;-0.0588495
0.187164;-0.198516;-0.0588495
0.189471;-0.191193;-0.0588495
0.181333;-0.224744;-0.054588
0.183914;-0.217422;-0.054588
0.186753;-0.2101;-0.054588
0.185772;-0.224744;-0.0472656
0.188936;-0.217422;-0.0472656
0.191343;-0.2101;-0.0472656
0.190051;-0.224744;-0.0399433
0.192769;-0.217422;-0.0399433
0.19572;-0.2101;-0.0399433
0.188187;-0.205838;-0.054588
0.190285;-0.198516;-0.054588
0.192621;-0.191193;-0.054588
0.192802;-0.205838;-0.0472656
0.195441;-0.198516;-0.0472656
0.197341;-0.191193;-0.0472656
0.197213;-0.205838;-0.0399433
0.199402;-0.198516;-0.0399433
0.201809;-0.191193;-0.0399433
0.178103;-0.186932;-0.0734942
0.179609;-0.179609;-0.0734942
0.181364;-0.172287;-0.0734942
0.184437;-0.186932;-0.0661719
0.186465;-0.179609;-0.0661719
0.187797;-0.172287;-0.0661719
0.190603;-0.186932;-0.0588495
0.192196;-0.179609;-0.0588495
0.194013;-0.172287;-0.0588495
0.18219;-0.168025;-0.0734942
0.183277;-0.160703;-0.0734942
0.184593;-0.153381;-0.0734942
0.188629;-0.168025;-0.0661719
0.19019;-0.160703;-0.0661719
0.191078;-0.153381;-0.0661719
0.194865;-0.168025;-0.0588495
0.195985;-0.160703;-0.0588495
0.197315;-0.153381;-0.0588495
0.193768;-0.186932;-0.054588
0.195378;-0.179609;-0.054588
0.19721;-0.172287;-0.054588
0.198498;-0.186932;-0.0472656
0.20061;-0.179609;-0.0472656
0.202004;-0.172287;-0.0472656
0.20299;-0.186932;-0.0399433
0.204651;-0.179609;-0.0399433
0.206517;-0.172287;-0.0399433
0.198069;-0.168025;-0.054588
0.199195;-0.160703;-0.054588
0.200527;-0.153381;-0.054588
0.202862;-0.168025;-0.0472656
0.204451;-0.160703;-0.0472656
0.205348;-0.153381;-0.0472656
0.207389;-0.168025;-0.0399433
0.20853;-0.160703;-0.0399433
0.209863;-0.153381;-0.0399433
0.192104;-0.224744;-0.0356817
0.194851;-0.217422;-0.0356817
0.197829;-0.2101;-0.0356817
0.1949;-0.224744;-0.0283594
0.198195;-0.217422;-0.0283594
0.200718;-0.2101;-0.0283594
0.197478;-0.224744;-0.021037
0.200301;-0.217422;-0.021037
0.203341;-0.2101;-0.021037
0.199336;-0.205838;-0.0356817
0.201543;-0.198516;-0.0356817
0.203967;-0.191193;-0.0356817
0.202235;-0.205838;-0.0283594
0.20496;-0.198516;-0.0283594
0.206932;-0.191193;-0.0283594
0.204879;-0.205838;-0.021037
0.207137;-0.198516;-0.021037
0.209598;-0.191193;-0.021037
0.198525;-0.224744;-0.0167755
0.201361;-0.217422;-0.0167755
0.204414;-0.2101;-0.0167755
0.199556;-0.224744;-0.00945312
0.202912;-0.217422;-0.00945312
0.205489;-0.2101;-0.00945312
0.200339;-0.224744;-0.00213077
0.2032;-0.217422;-0.00213077
0.206273;-0.2101;-0.00213077
0.205959;-0.205838;-0.0167755
0.208225;-0.198516;-0.0167755
0.210694;-0.191193;-0.0167755
0.207034;-0.205838;-0.00945312
0.209799;-0.198516;-0.00945312
0.211804;-0.191193;-0.00945312
0.207828;-0.205838;-0.00213077
0.21011;-0.198516;-0.00213077
0.212591;-0.191193;-0.00213077
0.205156;-0.186932;-0.0356817
0.206827;-0.179609;-0.0356817
0.208701;-0.172287;-0.0356817
0.208124;-0.186932;-0.0283594
0.210281;-0.179609;-0.0283594
0.211709;-0.172287;-0.0283594
0.210805;-0.186932;-0.021037
0.212503;-0.179609;-0.021037
0.214393;-0.172287;-0.021037
0.209576;-0.168025;-0.0356817
0.21072;-0.160703;-0.0356817
0.212053;-0.153381;-0.0356817
0.21258;-0.168025;-0.0283594
0.214179;-0.160703;-0.0283594
0.215076;-0.153381;-0.0283594
0.215274;-0.168025;-0.021037
0.216424;-0.160703;-0.021037
0.217755;-0.153381;-0.021037
0.211905;-0.186932;-0.0167755
0.213607;-0.179609;-0.0167755
0.215501;-0.172287;-0.0167755
0.213011;-0.186932;-0.00945312
0.215189;-0.179609;-0.00945312
0.216631;-0.172287;-0.00945312
0.213807;-0.186932;-0.00213077
0.215518;-0.179609;-0.00213077
0.217416;-0.172287;-0.00213077
0.216383;-0.168025;-0.0167755
0.217533;-0.160703;-0.0167755
0.218864;-0.153381;-0.0167755
0.217507;-0.168025;-0.00945312
0.21911;-0.160703;-0.00945312
0.220005;-0.153381;-0.00945312
0.2183;-0.168025;-0.00213077
0.219452;-0.160703;-0.00213077
0.220782;-0.153381;-0.00213077
0.0881996;-0.149119;-0.149119
0.0884083;-0.141797;-0.149119
0.0890271;-0.134475;-0.149119
0.0988637;-0.149119;-0.141797
0.0996411;-0.141797;-0.141797
0.0999684;-0.134475;-0.141797
0.109782;-0.149119;-0.134475
0.110241;-0.141797;-0.134475
0.111048;-0.134475;-0.134475
0.0893062;-0.130213;-0.149119
0.0896316;-0.122891;-0.149119
0.0903228;-0.115568;-0.149119
0.100282;-0.130213;-0.141797
0.101056;-0.122891;-0.141797
0.101383;-0.115568;-0.141797
0.1114;-0.130213;-0.134475
0.111795;-0.122891;-0.134475
0.112504;-0.115568;-0.134475
0.115906;-0.149119;-0.130213
0.116414;-0.141797;-0.130213
0.117251;-0.134475;-0.130213
0.126058;-0.149119;-0.122891
0.127056;-0.141797;-0.122891
0.127523;-0.134475;-0.122891
0.13628;-0.149119;-0.115568
0.13689;-0.141797;-0.115568
0.13779;-0.134475;-0.115568
0.117614;-0.130213;-0.130213
0.118019;-0.122891;-0.130213
0.118719;-0.115568;-0.130213
0.127886;-0.130213;-0.122891
0.128697;-0.122891;-0.122891
0.128991;-0.115568;-0.122891
0.138167;-0.130213;-0.115568
0.13856;-0.122891;-0.115568
0.139216;-0.115568;-0.115568
0.0906367;-0.111307;-0.149119
0.0910133;-0.103984;-0.149119
0.0917122;-0.096662;-0.149119
0.10168;-0.111307;-0.141797
0.102399;-0.103984;-0.141797
0.102678;-0.096662;-0.141797
0.112797;-0.111307;-0.134475
0.113091;-0.103984;-0.134475
0.113666;-0.096662;-0.134475
0.0920257;-0.0924005;-0.149119
0.0923971;-0.0850781;-0.149119
0.0930502;-0.0777558;-0.149119
0.102933;-0.0924005;-0.141797
0.103555;-0.0850781;-0.141797
0.103749;-0.0777558;-0.141797
0.113881;-0.0924005;-0.134475
0.114044;-0.0850781;-0.134475
0.114458;-0.0777558;-0.134475
0.119002;-0.111307;-0.130213
0.119271;-0.103984;-0.130213
0.119804;-0.096662;-0.130213
0.129243;-0.111307;-0.122891
0.129844;-0.103984;-0.122891
0.129945;-0.096662;-0.122891
0.139453;-0.111307;-0.115568
0.139614;-0.103984;-0.115568
0.140013;-0.096662;-0.115568
0.119992;-0.0924005;-0.130213
0.120101;-0.0850781;-0.130213
0.120448;-0.0777558;-0.130213
0.130076;-0.0924005;-0.122891
0.130449;-0.0850781;-0.122891
0.130346;-0.0777558;-0.122891
0.140105;-0.0924005;-0.115568
0.140024;-0.0850781;-0.115568
0.140161;-0.0777558;-0.115568
0.141924;-0.149119;-0.111307
0.142554;-0.141797;-0.111307
0.143461;-0.134475;-0.111307
0.151132;-0.149119;-0.103984
0.152217;-0.141797;-0.103984
0.152717;-0.134475;-0.103984
0.160284;-0.149119;-0.096662
0.160949;-0.141797;-0.096662
0.161861;-0.134475;-0.096662
0.143838;-0.130213;-0.111307
0.144224;-0.122891;-0.111307
0.144861;-0.115568;-0.111307
0.153079;-0.130213;-0.103984
0.153856;-0.122891;-0.103984
0.154069;-0.115568;-0.103984
0.162225;-0.130213;-0.096662
0.162567;-0.122891;-0.096662
0.163136;-0.115568;-0.096662
0.165255;-0.149119;-0.0924005
0.165925;-0.141797;-0.0924005
0.166833;-0.134475;-0.0924005
0.173215;-0.149119;-0.0850781
0.174321;-0.141797;-0.0850781
0.174806;-0.134475;-0.0850781
0.181021;-0.149119;-0.0777558
0.181691;-0.141797;-0.0777558
0.182579;-0.134475;-0.0777558
0.167192;-0.130213;-0.0924005
0.16752;-0.122891;-0.0924005
0.168067;-0.115568;-0.0924005
0.175145;-0.130213;-0.0850781
0.175857;-0.122891;-0.0850781
0.175975;-0.115568;-0.0850781
0.182915;-0.130213;-0.0777558
0.183188;-0.122891;-0.0777558
0.183662;-0.115568;-0.0777558
0.145085;-0.111307;-0.111307
0.145215;-0.103984;-0.111307
0.145573;-0.096662;-0.111307
0.154256;-0.111307;-0.103984
0.154718;-0.103984;-0.103984
0.154642;-0.096662;-0.103984
0.163306;-0.111307;-0.096662
0.163324;-0.103984;-0.096662
0.163552;-0.096662;-0.096662
0.145639;-0.0924005;-0.111307
0.145509;-0.0850781;-0.111307
0.145587;-0.0777558;-0.111307
0.154654;-0.0924005;-0.103984
0.154802;-0.0850781;-0.103984
0.154438;-0.0777558;-0.103984
0.163529;-0.0924005;-0.096662
0.163229;-0.0850781;-0.096662
0.163123;-0.0777558;-0.096662
0.168222;-0.111307;-0.0924005
0.16821;-0.103984;-0.0924005
0.168401;-0.096662;-0.0924005
0.176094;-0.111307;-0.0850781
0.176419;-0.103984;-0.0850781
0.176177;-0.096662;-0.0850781
0.183765;-0.111307;-0.0777558
0.183649;-0.103984;-0.0777558
0.183722;-0.096662;-0.0777558
0.168355;-0.0924005;-0.0924005
0.168011;-0.0850781;-0.0924005
0.167854;-0.0777558;-0.0924005
0.176083;-0.0924005;-0.0850781
0.176032;-0.0850781;-0.0850781
0.175443;-0.0777558;-0.0850781
0.183598;-0.0924005;-0.0777558
0.183108;-0.0850781;-0.0777558
0.182795;-0.0777558;-0.0777558
0.0933345;-0.0734942;-0.149119
0.0936552;-0.0661719;-0.149119
0.0942209;-0.0588495;-0.149119
0.103941;-0.0734942;-0.141797
0.104433;-0.0661719;-0.141797
0.104514;-0.0588495;-0.141797
0.114582;-0.0734942;-0.134475
0.114593;-0.0661719;-0.134475
0.114829;-0.0588495;-0.134475
0.0944542;-0.054588;-0.149119
0.0946895;-0.0472656;-0.149119
0.0951375;-0.0399433;-0.149119
0.10463;-0.054588;-0.141797
0.104969;-0.0472656;-0.141797
0.104918;-0.0399433;-0.141797
0.114853;-0.054588;-0.134475
0.114699;-0.0472656;-0.134475
0.114747;-0.0399433;-0.134475
0.120529;-0.0734942;-0.130213
0.120463;-0.0661719;-0.130213
0.12061;-0.0588495;-0.130213
0.130349;-0.0734942;-0.122891
0.130488;-0.0661719;-0.122891
0.130173;-0.0588495;-0.122891
0.140106;-0.0734942;-0.115568
0.139781;-0.0661719;-0.115568
0.139657;-0.0588495;-0.115568
0.120579;-0.054588;-0.130213
0.120328;-0.0472656;-0.130213
0.120269;-0.0399433;-0.130213
0.130046;-0.054588;-0.122891
0.129949;-0.0472656;-0.122891
0.129423;-0.0399433;-0.122891
0.139455;-0.054588;-0.115568
0.13889;-0.0472656;-0.115568
0.138508;-0.0399433;-0.115568
0.0953039;-0.0356817;-0.149119
0.0954291;-0.0283594;-0.149119
0.0957391;-0.021037;-0.149119
0.104947;-0.0356817;-0.141797
0.105121;-0.0283594;-0.141797
0.104926;-0.021037;-0.141797
0.114666;-0.0356817;-0.134475
0.11434;-0.0283594;-0.134475
0.114196;-0.021037;-0.134475
0.0958281;-0.0167755;-0.149119
0.0958273;-0.00945312;-0.149119
0.095987;-0.00213077;-0.149119
0.104863;-0.0167755;-0.141797
0.104865;-0.00945312;-0.141797
0.10452;-0.00213077;-0.141797
0.114009;-0.0167755;-0.134475
0.113511;-0.00945312;-0.134475
0.113177;-0.00213077;-0.134475
0.120124;-0.0356817;-0.130213
0.119687;-0.0283594;-0.130213
0.119422;-0.021037;-0.130213
0.129167;-0.0356817;-0.122891
0.128838;-0.0283594;-0.122891
0.128104;-0.021037;-0.122891
0.138164;-0.0356817;-0.115568
0.137366;-0.0283594;-0.115568
0.136737;-0.021037;-0.115568
0.119163;-0.0167755;-0.130213
0.118541;-0.00945312;-0.130213
0.118075;-0.00213077;-0.130213
0.127723;-0.0167755;-0.122891
0.127169;-0.00945312;-0.122891
0.126237;-0.00213077;-0.122891
0.136256;-0.0167755;-0.115568
0.135236;-0.00945312;-0.115568
0.134374;-0.00213077;-0.115568
0.145495;-0.0734942;-0.111307
0.145105;-0.0661719;-0.111307
0.144905;-0.0588495;-0.111307
0.154277;-0.0734942;-0.103984
0.154118;-0.0661719;-0.103984
0.153473;-0.0588495;-0.103984
0.162914;-0.0734942;-0.096662
0.162304;-0.0661719;-0.096662
0.161876;-0.0588495;-0.096662
0.144658;-0.054588;-0.111307
0.144013;-0.0472656;-0.111307
0.143544;-0.0399433;-0.111307
0.153144;-0.054588;-0.103984
0.152688;-0.0472656;-0.103984
0.151774;-0.0399433;-0.103984
0.161487;-0.054588;-0.096662
0.160582;-0.0472656;-0.096662
0.159847;-0.0399433;-0.096662
0.167613;-0.0734942;-0.0924005
0.166948;-0.0661719;-0.0924005
0.166457;-0.0588495;-0.0924005
0.175143;-0.0734942;-0.0850781
0.174731;-0.0661719;-0.0850781
0.173811;-0.0588495;-0.0850781
0.182456;-0.0734942;-0.0777558
0.181609;-0.0661719;-0.0777558
0.18093;-0.0588495;-0.0777558
0.16603;-0.054588;-0.0924005
0.16506;-0.0472656;-0.0924005
0.164253;-0.0399433;-0.0924005
0.173315;-0.054588;-0.0850781
0.172562;-0.0472656;-0.0850781
0.17133;-0.0399433;-0.0850781
0.180386;-0.054588;-0.0777558
0.179202;-0.0472656;-0.0777558
0.178178;-0.0399433;-0.0777558
0.143147;-0.0356817;-0.111307
0.142258;-0.0283594;-0.111307
0.141531;-0.021037;-0.111307
0.151285;-0.0356817;-0.103984
0.150546;-0.0283594;-0.103984
0.149377;-0.021037;-0.103984
0.159287;-0.0356817;-0.096662
0.158103;-0.0283594;-0.096662
0.157079;-0.021037;-0.096662
0.140992;-0.0167755;-0.111307
0.139871;-0.00945312;-0.111307
0.138902;-0.00213077;-0.111307
0.148737;-0.0167755;-0.103984
0.147732;-0.00945312;-0.103984
0.146325;-0.00213077;-0.103984
0.156358;-0.0167755;-0.096662
0.154914;-0.00945312;-0.096662
0.153621;-0.00213077;-0.096662
0.163649;-0.0356817;-0.0924005
0.162391;-0.0283594;-0.0924005
0.161287;-0.021037;-0.0924005
0.17065;-0.0356817;-0.0850781
0.169576;-0.0283594;-0.0850781
0.168053;-0.021037;-0.0850781
0.177443;-0.0356817;-0.0777558
0.175946;-0.0283594;-0.0777558
0.174601;-0.021037;-0.0777558
0.160519;-0.0167755;-0.0924005
0.158993;-0.00945312;-0.0924005
0.157613;-0.00213077;-0.0924005
0.167202;-0.0167755;-0.0850781
0.165831;-0.00945312;-0.0850781
0.164039;-0.00213077;-0.0850781
0.173688;-0.0167755;-0.0777558
0.171901;-0.00945312;-0.0777558
0.170261;-0.00213077;-0.0777558
0.185169;-0.149119;-0.0734942
0.185838;-0.141797;-0.0734942
0.186718;-0.134475;-0.0734942
0.191645;-0.149119;-0.0661719
0.192742;-0.141797;-0.0661719
0.193192;-0.134475;-0.0661719
0.19789;-0.149119;-0.0588495
0.198546;-0.141797;-0.0588495
0.199397;-0.134475;-0.0588495
0.187048;-0.130213;-0.0734942
0.187305;-0.122891;-0.0734942
0.187758;-0.115568;-0.0734942
0.1935;-0.130213;-0.0661719
0.194143;-0.122891;-0.0661719
0.194168;-0.115568;-0.0661719
0.199702;-0.130213;-0.0588495
0.199905;-0.122891;-0.0588495
0.200293;-0.115568;-0.0588495
0.201102;-0.149119;-0.054588
0.201753;-0.141797;-0.054588
0.202596;-0.134475;-0.054588
0.205912;-0.149119;-0.0472656
0.206988;-0.141797;-0.0472656
0.207401;-0.134475;-0.0472656
0.210433;-0.149119;-0.0399433
0.211068;-0.141797;-0.0399433
0.211884;-0.134475;-0.0399433
0.202894;-0.130213;-0.054588
0.203084;-0.122891;-0.054588
0.203454;-0.115568;-0.054588
0.20768;-0.130213;-0.0472656
0.20826;-0.122891;-0.0472656
0.208207;-0.115568;-0.0472656
0.212162;-0.130213;-0.0399433
0.212309;-0.122891;-0.0399433
0.212627;-0.115568;-0.0399433
0.187847;-0.111307;-0.0734942
0.187704;-0.103984;-0.0734942
0.187745;-0.096662;-0.0734942
0.194224;-0.111307;-0.0661719
0.194427;-0.103984;-0.0661719
0.194042;-0.096662;-0.0661719
0.200336;-0.111307;-0.0588495
0.200105;-0.103984;-0.0588495
0.200048;-0.096662;-0.0588495
0.187601;-0.0924005;-0.0734942
0.187074;-0.0850781;-0.0734942
0.186719;-0.0777558;-0.0734942
0.193857;-0.0924005;-0.0661719
0.193639;-0.0850781;-0.0661719
0.192865;-0.0777558;-0.0661719
0.199841;-0.0924005;-0.0588495
0.199196;-0.0850781;-0.0588495
0.198715;-0.0777558;-0.0588495
0.203486;-0.111307;-0.054588
0.203233;-0.103984;-0.054588
0.20315;-0.096662;-0.054588
0.208212;-0.111307;-0.0472656
0.208316;-0.103984;-0.0472656
0.207819;-0.096662;-0.0472656
0.212624;-0.111307;-0.0399433
0.212304;-0.103984;-0.0399433
0.212148;-0.096662;-0.0399433
0.202927;-0.0924005;-0.054588
0.202253;-0.0850781;-0.054588
0.20174;-0.0777558;-0.054588
0.207563;-0.0924005;-0.0472656
0.207214;-0.0850781;-0.0472656
0.206296;-0.0777558;-0.0472656
0.211878;-0.0924005;-0.0399433
0.211117;-0.0850781;-0.0399433
0.210512;-0.0777558;-0.0399433
0.212622;-0.149119;-0.0356817
0.213253;-0.141797;-0.0356817
0.214062;-0.134475;-0.0356817
0.215634;-0.149119;-0.0283594
0.216691;-0.141797;-0.0283594
0.217075;-0.134475;-0.0283594
0.218319;-0.149119;-0.021037
0.218938;-0.141797;-0.021037
0.219729;-0.134475;-0.021037
0.214335;-0.130213;-0.0356817
0.214471;-0.122891;-0.0356817
0.214777;-0.115568;-0.0356817
0.217331;-0.130213;-0.0283594
0.217865;-0.122891;-0.0283594
0.217757;-0.115568;-0.0283594
0.219987;-0.130213;-0.021037
0.220096;-0.122891;-0.021037
0.220369;-0.115568;-0.021037
0.219428;-0.149119;-0.0167755
0.220044;-0.141797;-0.0167755
0.220831;-0.134475;-0.0167755
0.220559;-0.149119;-0.00945312
0.221605;-0.141797;-0.00945312
0.221972;-0.134475;-0.00945312
0.221343;-0.149119;-0.00213077
0.221955;-0.141797;-0.00213077
0.222736;-0.134475;-0.00213077
0.221087;-0.130213;-0.0167755
0.221191;-0.122891;-0.0167755
0.221457;-0.115568;-0.0167755
0.222216;-0.130213;-0.00945312
0.222726;-0.122891;-0.00945312
0.222589;-0.115568;-0.00945312
0.222987;-0.130213;-0.00213077
0.223081;-0.122891;-0.00213077
0.223336;-0.115568;-0.00213077
0.214766;-0.111307;-0.0356817
0.214431;-0.103984;-0.0356817
0.214257;-0.096662;-0.0356817
0.217725;-0.111307;-0.0283594
0.21776;-0.103984;-0.0283594
0.217184;-0.096662;-0.0283594
0.220336;-0.111307;-0.021037
0.21996;-0.103984;-0.021037
0.219741;-0.096662;-0.021037
0.213976;-0.0924005;-0.0356817
0.213195;-0.0850781;-0.0356817
0.212568;-0.0777558;-0.0356817
0.216879;-0.0924005;-0.0283594
0.216442;-0.0850781;-0.0283594
0.215426;-0.0777558;-0.0283594
0.219431;-0.0924005;-0.021037
0.218597;-0.0850781;-0.021037
0.217914;-0.0777558;-0.021037
0.22142;-0.111307;-0.0167755
0.221036;-0.103984;-0.0167755
0.220808;-0.096662;-0.0167755
0.222538;-0.111307;-0.00945312
0.222538;-0.103984;-0.00945312
0.221922;-0.096662;-0.00945312
0.223291;-0.111307;-0.00213077
0.222893;-0.103984;-0.00213077
0.22265;-0.096662;-0.00213077
0.220492;-0.0924005;-0.0167755
0.219648;-0.0850781;-0.0167755
0.218954;-0.0777558;-0.0167755
0.221592;-0.0924005;-0.00945312
0.221109;-0.0850781;-0.00945312
0.220044;-0.0777558;-0.00945312
0.222325;-0.0924005;-0.00213077
0.221462;-0.0850781;-0.00213077
0.220749;-0.0777558;-0.00213077
0.186354;-0.0734942;-0.0734942
0.185462;-0.0661719;-0.0734942
0.184731;-0.0588495;-0.0734942
0.19245;-0.0734942;-0.0661719
0.191833;-0.0661719;-0.0661719
0.19069;-0.0588495;-0.0661719
0.198271;-0.0734942;-0.0588495
0.197235;-0.0661719;-0.0588495
0.196356;-0.0588495;-0.0588495
0.184157;-0.054588;-0.0734942
0.182921;-0.0472656;-0.0734942
0.181839;-0.0399433;-0.0734942
0.190059;-0.054588;-0.0661719
0.189067;-0.0472656;-0.0661719
0.18758;-0.0399433;-0.0661719
0.195689;-0.054588;-0.0588495
0.194287;-0.0472656;-0.0588495
0.193036;-0.0399433;-0.0588495
0.201277;-0.0734942;-0.054588
0.200205;-0.0661719;-0.054588
0.199288;-0.0588495;-0.054588
0.205794;-0.0734942;-0.0472656
0.205019;-0.0661719;-0.0472656
0.203707;-0.0588495;-0.0472656
0.209991;-0.0734942;-0.0399433
0.208815;-0.0661719;-0.0399433
0.207789;-0.0588495;-0.0399433
0.198598;-0.054588;-0.054588
0.197156;-0.0472656;-0.054588
0.195861;-0.0399433;-0.054588
0.202974;-0.054588;-0.0472656
0.201801;-0.0472656;-0.0472656
0.200122;-0.0399433;-0.0472656
0.207033;-0.054588;-0.0399433
0.205471;-0.0472656;-0.0399433
0.204055;-0.0399433;-0.0399433
0.181069;-0.0356817;-0.0734942
0.179513;-0.0283594;-0.0734942
0.178105;-0.021037;-0.0734942
0.186749;-0.0356817;-0.0661719
0.185408;-0.0283594;-0.0661719
0.183603;-0.021037;-0.0661719
0.192162;-0.0356817;-0.0588495
0.190421;-0.0283594;-0.0588495
0.188826;-0.021037;-0.0588495
0.177154;-0.0167755;-0.0734942
0.175303;-0.00945312;-0.0734942
0.173594;-0.00213077;-0.0734942
0.182585;-0.0167755;-0.0661719
0.180923;-0.00945312;-0.0661719
0.178827;-0.00213077;-0.0661719
0.187762;-0.0167755;-0.0588495
0.185709;-0.00945312;-0.0588495
0.183799;-0.00213077;-0.0588495
0.194962;-0.0356817;-0.054588
0.193176;-0.0283594;-0.054588
0.191533;-0.021037;-0.054588
0.199176;-0.0356817;-0.0472656
0.197634;-0.0283594;-0.0472656
0.195618;-0.021037;-0.0472656
0.203081;-0.0356817;-0.0399433
0.201163;-0.0283594;-0.0399433
0.199386;-0.021037;-0.0399433
0.190441;-0.0167755;-0.054588
0.18834;-0.00945312;-0.054588
0.186378;-0.00213077;-0.054588
0.194476;-0.0167755;-0.0472656
0.192596;-0.00945312;-0.0472656
0.190273;-0.00213077;-0.0472656
0.198213;-0.0167755;-0.0399433
0.195968;-0.00945312;-0.0399433
0.193863;-0.00213077;-0.0399433
0.212034;-0.0734942;-0.0356817
0.210834;-0.0661719;-0.0356817
0.209783;-0.0588495;-0.0356817
0.214864;-0.0734942;-0.0283594
0.213983;-0.0661719;-0.0283594
0.212556;-0.0588495;-0.0283594
0.217344;-0.0734942;-0.021037
0.216081;-0.0661719;-0.021037
0.214964;-0.0588495;-0.021037
0.209011;-0.054588;-0.0356817
0.207422;-0.0472656;-0.0356817
0.205976;-0.0399433;-0.0356817
0.211755;-0.054588;-0.0283594
0.21046;-0.0472656;-0.0283594
0.208653;-0.0399433;-0.0283594
0.214152;-0.054588;-0.021037
0.212491;-0.0472656;-0.021037
0.210971;-0.0399433;-0.021037
0.218377;-0.0734942;-0.0167755
0.217102;-0.0661719;-0.0167755
0.215972;-0.0588495;-0.0167755
0.219452;-0.0734942;-0.00945312
0.218517;-0.0661719;-0.00945312
0.217033;-0.0588495;-0.00945312
0.220161;-0.0734942;-0.00213077
0.218865;-0.0661719;-0.00213077
0.217713;-0.0588495;-0.00213077
0.215153;-0.054588;-0.0167755
0.213478;-0.0472656;-0.0167755
0.211943;-0.0399433;-0.0167755
0.216196;-0.054588;-0.00945312
0.214841;-0.0472656;-0.00945312
0.212969;-0.0399433;-0.00945312
0.21688;-0.054588;-0.00213077
0.21518;-0.0472656;-0.00213077
0.213622;-0.0399433;-0.00213077
0.204986;-0.0356817;-0.0356817
0.203037;-0.0283594;-0.0356817
0.201228;-0.021037;-0.0356817
0.207629;-0.0356817;-0.0283594
0.205953;-0.0283594;-0.0283594
0.203796;-0.021037;-0.0283594
0.209936;-0.0356817;-0.021037
0.207907;-0.0283594;-0.021037
0.206018;-0.021037;-0.021037
0.200037;-0.0167755;-0.0356817
0.19776;-0.00945312;-0.0356817
0.19562;-0.00213077;-0.0356817
0.20257;-0.0167755;-0.0283594
0.200545;-0.00945312;-0.0283594
0.198071;-0.00213077;-0.0283594
0.204778;-0.0167755;-0.021037
0.202415;-0.00945312;-0.021037
0.200188;-0.00213077;-0.021037
0.210899;-0.0356817;-0.0167755
0.208856;-0.0283594;-0.0167755
0.206951;-0.021037;-0.0167755
0.211907;-0.0356817;-0.00945312
0.210163;-0.0283594;-0.00945312
0.207936;-0.021037;-0.00945312
0.212563;-0.0356817;-0.00213077
0.210492;-0.0283594;-0.00213077
0.20856;-0.021037;-0.00213077
0.205701;-0.0167755;-0.0167755
0.203322;-0.00945312;-0.0167755
0.201078;-0.00213077;-0.0167755
0.206668;-0.0167755;-0.00945312
0.20457;-0.00945312;-0.00945312
0.202019;-0.00213077;-0.00945312
0.207294;-0.0167755;-0.00213077
0.204886;-0.00945312;-0.00213077
0.202614;-0.00213077;-0.00213077
0.0057698;0.00213077;-0.499013
0.012373;0.00213077;-0.495761
0.0188269;0.00213077;-0.492509
0.00582679;0.00945312;-0.49889
0.0122492;0.00945312;-0.495692
0.0185355;0.00945312;-0.492493
0.00559807;0.0167755;-0.498767
0.011847;0.0167755;-0.495623
0.0179695;0.0167755;-0.492478
0.00553666;0.021037;-0.498624
0.0116231;0.021037;-0.495542
0.0175902;0.021037;-0.492459
0.00555733;0.0283594;-0.498255
0.0112656;0.0283594;-0.495334
0.0168684;0.0283594;-0.492413
0.00528313;0.0356817;-0.497886
0.0106295;0.0356817;-0.495126
0.0158806;0.0356817;-0.492366
0.00519091;0.0399433;-0.497599
0.0102695;0.0399433;-0.494964
0.0152601;0.0399433;-0.492329
0.0051622;0.0472656;-0.496983
0.00968063;0.0472656;-0.494617
0.0141214;0.0472656;-0.492251
0.00484993;0.054588;-0.496365
0.0088165;0.054588;-0.494269
0.0127105;0.054588;-0.492172
0.00473914;0.0588495;-0.495933
0.00832529;0.0588495;-0.494025
0.0118439;0.0588495;-0.492118
0.00468168;0.0661719;-0.495067
0.00752689;0.0661719;-0.493537
0.0103206;0.0661719;-0.492008
0.00436149;0.0734942;-0.494198
0.00648719;0.0734942;-0.493048
0.00857877;0.0734942;-0.491897
0.0248031;0.00213077;-0.489432
0.0244037;0.00945312;-0.489432
0.0237808;0.0167755;-0.489432
0.0384406;0.00213077;-0.482109
0.0378785;0.00945312;-0.482109
0.0371721;0.0167755;-0.482109
0.0512459;0.00213077;-0.474787
0.050597;0.00945312;-0.474787
0.0497365;0.0167755;-0.474787
0.0233371;0.021037;-0.489432
0.0224535;0.0283594;-0.489432
0.0213583;0.0356817;-0.489432
0.0366617;0.021037;-0.482109
0.0356327;0.0283594;-0.482109
0.0344713;0.0356817;-0.482109
0.0491645;0.021037;-0.474787
0.0480753;0.0283594;-0.474787
0.0467823;0.0356817;-0.474787
0.0583414;0.00213077;-0.470525
0.0576197;0.00945312;-0.470525
0.0566983;0.0167755;-0.470525
0.0698736;0.00213077;-0.463203
0.0690024;0.00945312;-0.463203
0.0680208;0.0167755;-0.463203
0.0805279;0.00213077;-0.455881
0.079603;0.00945312;-0.455881
0.078482;0.0167755;-0.455881
0.0560922;0.021037;-0.470525
0.0549459;0.0283594;-0.470525
0.0536058;0.0356817;-0.470525
0.0673599;0.021037;-0.463203
0.0660867;0.0283594;-0.463203
0.0647113;0.0356817;-0.463203
0.0777715;0.021037;-0.455881
0.0764696;0.0283594;-0.455881
0.0749834;0.0356817;-0.455881
0.0206442;0.0399433;-0.489432
0.0192958;0.0472656;-0.489432
0.0177364;0.054588;-0.489432
0.0336984;0.0399433;-0.482109
0.0322287;0.0472656;-0.482109
0.0306495;0.054588;-0.482109
0.0459603;0.0399433;-0.474787
0.0444561;0.0472656;-0.474787
0.0427745;0.054588;-0.474787
0.0167546;0.0588495;-0.489432
0.0149706;0.0661719;-0.489432
0.013007;0.0734942;-0.489432
0.0296374;0.0588495;-0.482109
0.027738;0.0661719;-0.482109
0.0257127;0.0734942;-0.482109
0.0417221;0.0588495;-0.474787
0.0398089;0.0661719;-0.474787
0.037736;0.0734942;-0.474787
0.0527599;0.0399433;-0.470525
0.051214;0.0472656;-0.470525
0.0494907;0.054588;-0.470525
0.0638274;0.0399433;-0.463203
0.062178;0.0472656;-0.463203
0.0604291;0.054588;-0.463203
0.0740633;0.0399433;-0.455881
0.0724043;0.0472656;-0.455881
0.0705701;0.054588;-0.455881
0.0484198;0.0588495;-0.470525
0.0464873;0.0661719;-0.470525
0.0443987;0.0734942;-0.470525
0.0593365;0.0588495;-0.463203
0.0573319;0.0661719;-0.463203
0.0552144;0.0734942;-0.463203
0.0694472;0.0588495;-0.455881
0.0674411;0.0661719;-0.455881
0.0652729;0.0734942;-0.455881
0.00421075;0.0773793;-0.493677
0.00591101;0.0773793;-0.492754
0.00758771;0.0773793;-0.491831
0.00408505;0.0834081;-0.492756
0.00504358;0.0834081;-0.492235
0.00599412;0.0834081;-0.491714
0.00385034;0.0894368;-0.491832
0.00406856;0.0894368;-0.491714
0.00428637;0.0894368;-0.491597
0.0118961;0.0773793;-0.489432
0.0245853;0.0773793;-0.482109
0.0365724;0.0773793;-0.474787
0.0100888;0.0834081;-0.489432
0.0227486;0.0834081;-0.482109
0.0346896;0.0834081;-0.474787
0.00816191;0.0894368;-0.489432
0.0207937;0.0894368;-0.482109
0.0327016;0.0894368;-0.474787
0.00755407;0.0915676;-0.489374
0.0201284;0.0915676;-0.482077
0.0319846;0.0915676;-0.47478
0.00746782;0.0928612;-0.489174
0.0198716;0.0928612;-0.481964
0.0315753;0.0928612;-0.474754
0.00737513;0.0941548;-0.488975
0.0196089;0.0941548;-0.481852
0.0311608;0.0941548;-0.474729
0.00732868;0.096662;-0.488517
0.0191671;0.096662;-0.481594
0.030375;0.096662;-0.474671
0.00711029;0.103984;-0.487139
0.0177975;0.103984;-0.480817
0.0279824;0.103984;-0.474496
0.00666347;0.111307;-0.485752
0.0162439;0.111307;-0.480036
0.0254127;0.111307;-0.47432
0.043104;0.0777558;-0.470525
0.0407667;0.0850781;-0.470525
0.0382939;0.0924005;-0.470525
0.0539121;0.0777558;-0.463203
0.0515591;0.0850781;-0.463203
0.0490844;0.0924005;-0.463203
0.0639567;0.0777558;-0.455881
0.0616167;0.0850781;-0.455881
0.0591231;0.0924005;-0.455881
0.0367953;0.096662;-0.470525
0.034115;0.103984;-0.470525
0.0312787;0.111307;-0.470525
0.0475749;0.096662;-0.463203
0.0448765;0.103984;-0.463203
0.0420616;0.111307;-0.463203
0.0576177;0.096662;-0.455881
0.0549466;0.103984;-0.455881
0.052121;0.111307;-0.455881
0.00646682;0.115568;-0.484871
0.0153496;0.115568;-0.479539
0.0238757;0.115568;-0.474208
0.00621784;0.122891;-0.483228
0.0138272;0.122891;-0.478614
0.0211702;0.122891;-0.473999
0.00574542;0.130213;-0.481573
0.0121174;0.130213;-0.477681
0.0182849;0.130213;-0.473789
0.00553407;0.134475;-0.480536
0.0111318;0.134475;-0.477096
0.0165639;0.134475;-0.473657
0.00525776;0.141797;-0.478622
0.00945242;0.141797;-0.476018
0.0135469;0.141797;-0.473414
0.00477558;0.149119;-0.476693
0.00759312;0.149119;-0.474931
0.0103586;0.149119;-0.473169
0.0295646;0.115568;-0.470525
0.0265209;0.122891;-0.470525
0.0233239;0.130213;-0.470525
0.0403507;0.115568;-0.463203
0.0373016;0.122891;-0.463203
0.0341445;0.130213;-0.463203
0.0504203;0.115568;-0.455881
0.0474138;0.122891;-0.455881
0.0442585;0.130213;-0.455881
0.0213983;0.134475;-0.470525
0.0179899;0.141797;-0.470525
0.0144339;0.149119;-0.470525
0.0322302;0.134475;-0.463203
0.0288174;0.141797;-0.463203
0.0252955;0.149119;-0.463203
0.0423621;0.134475;-0.455881
0.0390138;0.141797;-0.455881
0.0355244;0.149119;-0.455881
0.00456474;0.152557;-0.475739
0.00670604;0.152557;-0.474394
0.00881542;0.152557;-0.473048
0.00438556;0.15705;-0.474398
0.00558695;0.15705;-0.473638
0.00677822;0.15705;-0.472878
0.00414584;0.161543;-0.47305
0.00441701;0.161543;-0.472878
0.00468766;0.161543;-0.472706
0.012714;0.152557;-0.470525
0.0235997;0.152557;-0.463203
0.0338352;0.152557;-0.455881
0.010423;0.15705;-0.470525
0.0213337;0.15705;-0.463203
0.0315838;0.15705;-0.455881
0.00807511;0.161543;-0.470525
0.0190123;0.161543;-0.463203
0.029283;0.161543;-0.455881
0.00732514;0.163673;-0.470276
0.0180951;0.163673;-0.463063
0.0282171;0.163673;-0.455849
0.00711817;0.166503;-0.469417
0.0172877;0.166503;-0.462578
0.0268747;0.166503;-0.45574
0.00688711;0.169333;-0.468554
0.0164595;0.169333;-0.462092
0.0255124;0.169333;-0.45563
0.00673953;0.172287;-0.467583
0.0156311;0.172287;-0.461545
0.0240834;0.172287;-0.455507
0.00633079;0.179609;-0.465092
0.013542;0.179609;-0.460141
0.0204732;0.179609;-0.455191
0.00575736;0.186932;-0.462574
0.0113381;0.186932;-0.458722
0.0167419;0.186932;-0.454871
0.00547521;0.191193;-0.46103
0.0100573;0.191193;-0.457852
0.014517;0.191193;-0.454675
0.00507382;0.198516;-0.458239
0.0078629;0.198516;-0.456279
0.0105976;0.198516;-0.45432
0.00452546;0.205838;-0.455415
0.00553179;0.205838;-0.454688
0.00652738;0.205838;-0.453961
0.00430392;0.208193;-0.454493
0.00474586;0.208193;-0.454169
0.00518538;0.208193;-0.453844
0.00425713;0.208965;-0.454169
0.00450446;0.208965;-0.453986
0.004751;0.208965;-0.453803
0.00420376;0.209736;-0.453844
0.00425912;0.209736;-0.453803
0.00431443;0.209736;-0.453762
0.0863627;0.00213077;-0.451619
0.085378;0.00945312;-0.451619
0.0842117;0.0167755;-0.451619
0.0957142;0.00213077;-0.444297
0.0945943;0.00945312;-0.444297
0.0934014;0.0167755;-0.444297
0.104159;0.00213077;-0.436975
0.103024;0.00945312;-0.436975
0.101708;0.0167755;-0.436975
0.0834756;0.021037;-0.451619
0.0821297;0.0283594;-0.451619
0.0806121;0.0356817;-0.451619
0.0926267;0.021037;-0.444297
0.0911718;0.0283594;-0.444297
0.0896487;0.0356817;-0.444297
0.100899;0.021037;-0.436975
0.0994517;0.0283594;-0.436975
0.0978334;0.0356817;-0.436975
0.108708;0.00213077;-0.432713
0.107528;0.00945312;-0.432713
0.106183;0.0167755;-0.432713
0.115846;0.00213077;-0.425391
0.114546;0.00945312;-0.425391
0.113214;0.0167755;-0.425391
0.122064;0.00213077;-0.418068
0.120791;0.00945312;-0.418068
0.119351;0.0167755;-0.418068
0.105357;0.021037;-0.432713
0.103881;0.0283594;-0.432713
0.102248;0.0356817;-0.432713
0.112366;0.021037;-0.425391
0.110797;0.0283594;-0.425391
0.109196;0.0356817;-0.425391
0.118484;0.021037;-0.418068
0.116964;0.0283594;-0.418068
0.115284;0.0356817;-0.418068
0.0796745;0.0399433;-0.451619
0.0779855;0.0472656;-0.451619
0.0761319;0.054588;-0.451619
0.0886873;0.0399433;-0.444297
0.0869153;0.0472656;-0.444297
0.0850718;0.054588;-0.444297
0.0968496;0.0399433;-0.436975
0.0951036;0.0472656;-0.436975
0.0931956;0.054588;-0.436975
0.0749961;0.0588495;-0.451619
0.0729702;0.0661719;-0.451619
0.0708001;0.0734942;-0.451619
0.083928;0.0588495;-0.444297
0.0818509;0.0661719;-0.444297
0.0797007;0.0734942;-0.444297
0.0920438;0.0588495;-0.436975
0.0900084;0.0661719;-0.436975
0.0878177;0.0734942;-0.436975
0.101255;0.0399433;-0.432713
0.0994933;0.0472656;-0.432713
0.0975845;0.054588;-0.432713
0.108196;0.0399433;-0.425391
0.106369;0.0472656;-0.425391
0.104507;0.054588;-0.425391
0.114278;0.0399433;-0.418068
0.112517;0.0472656;-0.418068
0.110603;0.054588;-0.418068
0.0964315;0.0588495;-0.432713
0.0943919;0.0661719;-0.432713
0.0922106;0.0734942;-0.432713
0.103359;0.0588495;-0.425391
0.10128;0.0661719;-0.425391
0.0991571;0.0734942;-0.425391
0.10946;0.0588495;-0.418068
0.107459;0.0661719;-0.418068
0.10531;0.0734942;-0.418068
0.125322;0.00213077;-0.413807
0.124021;0.00945312;-0.413807
0.12257;0.0167755;-0.413807
0.130256;0.00213077;-0.406484
0.12885;0.00945312;-0.406484
0.127453;0.0167755;-0.406484
0.134269;0.00213077;-0.399162
0.132936;0.00945312;-0.399162
0.131447;0.0167755;-0.399162
0.121697;0.021037;-0.413807
0.120162;0.0283594;-0.413807
0.118485;0.0356817;-0.413807
0.126575;0.021037;-0.406484
0.124966;0.0283594;-0.406484
0.12336;0.0356817;-0.406484
0.130568;0.021037;-0.399162
0.129049;0.0283594;-0.399162
0.127382;0.0356817;-0.399162
0.136258;0.00213077;-0.3949
0.134914;0.00945312;-0.3949
0.133433;0.0167755;-0.3949
0.139036;0.00213077;-0.387578
0.137604;0.00945312;-0.387578
0.136221;0.0167755;-0.387578
0.140909;0.00213077;-0.380256
0.139596;0.00945312;-0.380256
0.138138;0.0167755;-0.380256
0.132557;0.021037;-0.3949
0.131041;0.0283594;-0.3949
0.129394;0.0356817;-0.3949
0.135358;0.021037;-0.387578
0.133784;0.0283594;-0.387578
0.132251;0.0356817;-0.387578
0.137292;0.021037;-0.380256
0.135853;0.0283594;-0.380256
0.134275;0.0356817;-0.380256
0.11748;0.0399433;-0.413807
0.115718;0.0472656;-0.413807
0.113819;0.054588;-0.413807
0.122364;0.0399433;-0.406484
0.120554;0.0472656;-0.406484
0.118741;0.054588;-0.406484
0.126396;0.0399433;-0.399162
0.124692;0.0472656;-0.399162
0.122844;0.054588;-0.399162
0.112683;0.0588495;-0.413807
0.110693;0.0661719;-0.413807
0.108569;0.0734942;-0.413807
0.117626;0.0588495;-0.406484
0.115613;0.0661719;-0.406484
0.113588;0.0734942;-0.406484
0.121751;0.0588495;-0.399162
0.119856;0.0661719;-0.399162
0.11782;0.0734942;-0.399162
0.128419;0.0399433;-0.3949
0.126731;0.0472656;-0.3949
0.124914;0.054588;-0.3949
0.131303;0.0399433;-0.387578
0.129583;0.0472656;-0.387578
0.127894;0.054588;-0.387578
0.133355;0.0399433;-0.380256
0.131784;0.0472656;-0.380256
0.130075;0.054588;-0.380256
0.123839;0.0588495;-0.3949
0.121971;0.0661719;-0.3949
0.119976;0.0734942;-0.3949
0.126856;0.0588495;-0.387578
0.124981;0.0661719;-0.387578
0.123123;0.0734942;-0.387578
0.129076;0.0588495;-0.380256
0.127359;0.0661719;-0.380256
0.125507;0.0734942;-0.380256
0.0694797;0.0777558;-0.451619
0.0671287;0.0850781;-0.451619
0.0646442;0.0924005;-0.451619
0.0783832;0.0777558;-0.444297
0.0760108;0.0850781;-0.444297
0.0735558;0.0924005;-0.444297
0.0865005;0.0777558;-0.436975
0.0841775;0.0850781;-0.436975
0.0817039;0.0924005;-0.436975
0.063144;0.096662;-0.451619
0.060475;0.103984;-0.451619
0.0576621;0.111307;-0.451619
0.0720617;0.096662;-0.444297
0.0693872;0.103984;-0.444297
0.0666214;0.111307;-0.444297
0.0802197;0.096662;-0.436975
0.0776046;0.103984;-0.436975
0.074843;0.111307;-0.436975
0.0908969;0.0777558;-0.432713
0.0885775;0.0850781;-0.432713
0.0861229;0.0924005;-0.432713
0.0978585;0.0777558;-0.425391
0.095525;0.0850781;-0.425391
0.0931391;0.0924005;-0.425391
0.104028;0.0777558;-0.418068
0.101784;0.0850781;-0.418068
0.0993957;0.0924005;-0.418068
0.0846488;0.096662;-0.432713
0.0820482;0.103984;-0.432713
0.0793149;0.111307;-0.432713
0.0916891;0.096662;-0.425391
0.089097;0.103984;-0.425391
0.0864437;0.111307;-0.425391
0.0979718;0.096662;-0.418068
0.0954778;0.103984;-0.418068
0.0928425;0.111307;-0.418068
0.0559696;0.115568;-0.451619
0.0529751;0.122891;-0.451619
0.0498368;0.130213;-0.451619
0.0649457;0.115568;-0.444297
0.0619607;0.122891;-0.444297
0.0588807;0.130213;-0.444297
0.0731891;0.115568;-0.436975
0.0702766;0.122891;-0.436975
0.0672191;0.130213;-0.436975
0.0479544;0.134475;-0.451619
0.0446342;0.141797;-0.451619
0.041173;0.149119;-0.451619
0.0570245;0.134475;-0.444297
0.0537276;0.141797;-0.444297
0.0503244;0.149119;-0.444297
0.0653888;0.134475;-0.436975
0.0621697;0.141797;-0.436975
0.0588123;0.149119;-0.436975
0.0776774;0.115568;-0.432713
0.0747906;0.122891;-0.432713
0.071768;0.130213;-0.432713
0.0848389;0.115568;-0.425391
0.0819791;0.122891;-0.425391
0.0790454;0.130213;-0.425391
0.0912711;0.115568;-0.418068
0.0885163;0.122891;-0.418068
0.0856221;0.130213;-0.418068
0.0699578;0.134475;-0.432713
0.0667729;0.141797;-0.432713
0.0634594;0.149119;-0.432713
0.0772779;0.134475;-0.425391
0.0741401;0.141797;-0.425391
0.0709175;0.149119;-0.425391
0.0838963;0.134475;-0.418068
0.0808688;0.141797;-0.418068
0.0777033;0.149119;-0.418068
0.107301;0.0777558;-0.413807
0.105078;0.0850781;-0.413807
0.102725;0.0924005;-0.413807
0.11235;0.0777558;-0.406484
0.110128;0.0850781;-0.406484
0.107882;0.0924005;-0.406484
0.116615;0.0777558;-0.399162
0.11452;0.0850781;-0.399162
0.112286;0.0924005;-0.399162
0.10132;0.096662;-0.413807
0.0988563;0.103984;-0.413807
0.0962632;0.111307;-0.413807
0.106517;0.096662;-0.406484
0.104075;0.103984;-0.406484
0.101595;0.111307;-0.406484
0.110961;0.096662;-0.399162
0.108652;0.103984;-0.399162
0.106206;0.111307;-0.399162
0.118793;0.0777558;-0.3949
0.116734;0.0850781;-0.3949
0.11455;0.0924005;-0.3949
0.121987;0.0777558;-0.387578
0.119943;0.0850781;-0.387578
0.117903;0.0924005;-0.387578
0.124418;0.0777558;-0.380256
0.12254;0.0850781;-0.380256
0.120526;0.0924005;-0.380256
0.113253;0.096662;-0.3949
0.110988;0.103984;-0.3949
0.108599;0.111307;-0.3949
0.11666;0.096662;-0.387578
0.114432;0.103984;-0.387578
0.112191;0.111307;-0.387578
0.119339;0.096662;-0.380256
0.11728;0.103984;-0.380256
0.115085;0.111307;-0.380256
0.0947153;0.115568;-0.413807
0.0919985;0.122891;-0.413807
0.089154;0.130213;-0.413807
0.100095;0.115568;-0.406484
0.0974193;0.122891;-0.406484
0.0946937;0.130213;-0.406484
0.104753;0.115568;-0.399162
0.102216;0.122891;-0.399162
0.0995414;0.130213;-0.399162
0.087456;0.134475;-0.413807
0.0844734;0.141797;-0.413807
0.0813629;0.149119;-0.413807
0.0930498;0.134475;-0.406484
0.0901258;0.141797;-0.406484
0.0871357;0.149119;-0.406484
0.0979509;0.134475;-0.399162
0.0951677;0.141797;-0.399162
0.0922468;0.149119;-0.399162
0.107178;0.115568;-0.3949
0.104692;0.122891;-0.3949
0.102081;0.130213;-0.3949
0.110832;0.115568;-0.387578
0.1084;0.122891;-0.387578
0.10594;0.130213;-0.387578
0.113787;0.115568;-0.380256
0.111527;0.122891;-0.380256
0.109131;0.130213;-0.380256
0.100525;0.134475;-0.3949
0.0977991;0.141797;-0.3949
0.0949469;0.149119;-0.3949
0.104452;0.134475;-0.387578
0.101797;0.141797;-0.387578
0.0990971;0.149119;-0.387578
0.107709;0.134475;-0.380256
0.105227;0.141797;-0.380256
0.102606;0.149119;-0.380256
0.141675;0.00213077;-0.375994
0.140368;0.00945312;-0.375994
0.138936;0.0167755;-0.375994
0.142387;0.00213077;-0.368672
0.141009;0.00945312;-0.368672
0.139721;0.0167755;-0.368672
0.142224;0.00213077;-0.36135
0.141013;0.00945312;-0.36135
0.139668;0.0167755;-0.36135
0.138103;0.021037;-0.375994
0.136686;0.0283594;-0.375994
0.135145;0.0356817;-0.375994
0.13892;0.021037;-0.368672
0.137461;0.0283594;-0.368672
0.136079;0.0356817;-0.368672
0.138901;0.021037;-0.36135
0.137623;0.0283594;-0.36135
0.136214;0.0356817;-0.36135
0.141833;0.00213077;-0.357088
0.140648;0.00945312;-0.357088
0.139347;0.0167755;-0.357088
0.140608;0.00213077;-0.349766
0.139369;0.00945312;-0.349766
0.138259;0.0167755;-0.349766
0.138556;0.00213077;-0.342443
0.137532;0.00945312;-0.342443
0.136384;0.0167755;-0.342443
0.138605;0.021037;-0.357088
0.137366;0.0283594;-0.357088
0.136013;0.0356817;-0.357088
0.137569;0.021037;-0.349766
0.136306;0.0283594;-0.349766
0.135155;0.0356817;-0.349766
0.135746;0.021037;-0.342443
0.13471;0.0283594;-0.342443
0.13355;0.0356817;-0.342443
0.134246;0.0399433;-0.375994
0.132708;0.0472656;-0.375994
0.131048;0.054588;-0.375994
0.135224;0.0399433;-0.368672
0.133671;0.0472656;-0.368672
0.13218;0.054588;-0.368672
0.135404;0.0399433;-0.36135
0.134042;0.0472656;-0.36135
0.13255;0.054588;-0.36135
0.130075;0.0588495;-0.375994
0.128402;0.0661719;-0.375994
0.126607;0.0734942;-0.375994
0.131261;0.0588495;-0.368672
0.129597;0.0661719;-0.368672
0.127978;0.0734942;-0.368672
0.131686;0.0588495;-0.36135
0.13022;0.0661719;-0.36135
0.128623;0.0734942;-0.36135
0.135235;0.0399433;-0.357088
0.133923;0.0472656;-0.357088
0.132496;0.054588;-0.357088
0.134439;0.0399433;-0.349766
0.13313;0.0472656;-0.349766
0.131913;0.054588;-0.349766
0.132898;0.0399433;-0.342443
0.131823;0.0472656;-0.342443
0.130622;0.054588;-0.342443
0.131669;0.0588495;-0.357088
0.130263;0.0661719;-0.357088
0.128739;0.0734942;-0.357088
0.131157;0.0588495;-0.349766
0.129777;0.0661719;-0.349766
0.128467;0.0734942;-0.349766
0.129938;0.0588495;-0.342443
0.128795;0.0661719;-0.342443
0.127523;0.0734942;-0.342443
0.1371;0.00213077;-0.338182
0.136121;0.00945312;-0.338182
0.135038;0.0167755;-0.338182
0.134108;0.00213077;-0.330859
0.133095;0.00945312;-0.330859
0.13225;0.0167755;-0.330859
0.130354;0.00213077;-0.323537
0.129606;0.00945312;-0.323537
0.128744;0.0167755;-0.323537
0.134435;0.021037;-0.338182
0.133458;0.0283594;-0.338182
0.132372;0.0356817;-0.338182
0.131719;0.021037;-0.330859
0.130737;0.0283594;-0.330859
0.129898;0.0356817;-0.330859
0.128285;0.021037;-0.323537
0.127575;0.0283594;-0.323537
0.126749;0.0356817;-0.323537
0.12795;0.00213077;-0.319275
0.127269;0.00945312;-0.319275
0.126491;0.0167755;-0.319275
0.123408;0.00213077;-0.311953
0.122716;0.00945312;-0.311953
0.122225;0.0167755;-0.311953
0.11819;0.00213077;-0.304631
0.117813;0.00945312;-0.304631
0.117333;0.0167755;-0.304631
0.12608;0.021037;-0.319275
0.125448;0.0283594;-0.319275
0.124715;0.0356817;-0.319275
0.121906;0.021037;-0.311953
0.121293;0.0283594;-0.311953
0.12085;0.0356817;-0.311953
0.117106;0.021037;-0.304631
0.116812;0.0283594;-0.304631
0.116405;0.0356817;-0.304631
0.131761;0.0399433;-0.338182
0.130755;0.0472656;-0.338182
0.129637;0.054588;-0.338182
0.129368;0.0399433;-0.330859
0.128383;0.0472656;-0.330859
0.127515;0.054588;-0.330859
0.1263;0.0399433;-0.323537
0.12559;0.0472656;-0.323537
0.124758;0.054588;-0.323537
0.128999;0.0588495;-0.338182
0.127931;0.0661719;-0.338182
0.126748;0.0734942;-0.338182
0.126966;0.0588495;-0.330859
0.125942;0.0661719;-0.330859
0.125009;0.0734942;-0.330859
0.124297;0.0588495;-0.323537
0.123547;0.0661719;-0.323537
0.122669;0.0734942;-0.323537
0.124318;0.0399433;-0.319275
0.123695;0.0472656;-0.319275
0.122963;0.054588;-0.319275
0.120553;0.0399433;-0.311953
0.119973;0.0472656;-0.311953
0.119529;0.054588;-0.311953
0.116209;0.0399433;-0.304631
0.115943;0.0472656;-0.304631
0.115557;0.054588;-0.304631
0.122557;0.0588495;-0.319275
0.121899;0.0661719;-0.319275
0.121125;0.0734942;-0.319275
0.119228;0.0588495;-0.311953
0.118632;0.0661719;-0.311953
0.118142;0.0734942;-0.311953
0.115361;0.0588495;-0.304631
0.115073;0.0661719;-0.304631
0.114655;0.0734942;-0.304631
0.12555;0.0777558;-0.375994
0.123724;0.0850781;-0.375994
0.121775;0.0924005;-0.375994
0.126984;0.0777558;-0.368672
0.125188;0.0850781;-0.368672
0.123419;0.0924005;-0.368672
0.127692;0.0777558;-0.36135
0.126098;0.0850781;-0.36135
0.124372;0.0924005;-0.36135
0.120623;0.096662;-0.375994
0.118623;0.103984;-0.375994
0.1165;0.111307;-0.375994
0.122337;0.096662;-0.368672
0.120387;0.103984;-0.368672
0.118446;0.111307;-0.368672
0.123359;0.096662;-0.36135
0.121613;0.103984;-0.36135
0.119731;0.111307;-0.36135
0.127849;0.0777558;-0.357088
0.126322;0.0850781;-0.357088
0.124674;0.0924005;-0.357088
0.127655;0.0777558;-0.349766
0.126174;0.0850781;-0.349766
0.124742;0.0924005;-0.349766
0.126789;0.0777558;-0.342443
0.125546;0.0850781;-0.342443
0.124171;0.0924005;-0.342443
0.123706;0.096662;-0.357088
0.122032;0.103984;-0.357088
0.120235;0.111307;-0.357088
0.123857;0.096662;-0.349766
0.122247;0.103984;-0.349766
0.120664;0.111307;-0.349766
0.123369;0.096662;-0.342443
0.121994;0.103984;-0.342443
0.120483;0.111307;-0.342443
0.115241;0.115568;-0.375994
0.113046;0.122891;-0.375994
0.110725;0.130213;-0.375994
0.117262;0.115568;-0.368672
0.115134;0.122891;-0.368672
0.112996;0.130213;-0.368672
0.118621;0.115568;-0.36135
0.116697;0.122891;-0.36135
0.114634;0.130213;-0.36135
0.109346;0.134475;-0.375994
0.106933;0.141797;-0.375994
0.104393;0.149119;-0.375994
0.111696;0.134475;-0.368672
0.109365;0.141797;-0.368672
0.107007;0.149119;-0.368672
0.113413;0.134475;-0.36135
0.111283;0.141797;-0.36135
0.109014;0.149119;-0.36135
0.119172;0.115568;-0.357088
0.117325;0.122891;-0.357088
0.11535;0.130213;-0.357088
0.119689;0.115568;-0.349766
0.11792;0.122891;-0.349766
0.116157;0.130213;-0.349766
0.119595;0.115568;-0.342443
0.118058;0.122891;-0.342443
0.116381;0.130213;-0.342443
0.114177;0.134475;-0.357088
0.112129;0.141797;-0.357088
0.10995;0.149119;-0.357088
0.115075;0.134475;-0.349766
0.113118;0.141797;-0.349766
0.111147;0.149119;-0.349766
0.115388;0.134475;-0.342443
0.113659;0.141797;-0.342443
0.111785;0.149119;-0.342443
0.126064;0.0777558;-0.338182
0.124903;0.0850781;-0.338182
0.12362;0.0924005;-0.338182
0.124418;0.0777558;-0.330859
0.123317;0.0850781;-0.330859
0.122283;0.0924005;-0.330859
0.122171;0.0777558;-0.323537
0.121341;0.0850781;-0.323537
0.120378;0.0924005;-0.323537
0.122871;0.096662;-0.338182
0.121582;0.103984;-0.338182
0.120167;0.111307;-0.338182
0.12163;0.096662;-0.330859
0.120417;0.103984;-0.330859
0.119246;0.111307;-0.330859
0.11982;0.096662;-0.323537
0.118872;0.103984;-0.323537
0.117784;0.111307;-0.323537
0.120685;0.0777558;-0.319275
0.11995;0.0850781;-0.319275
0.119093;0.0924005;-0.319275
0.117809;0.0777558;-0.311953
0.11715;0.0850781;-0.311953
0.116569;0.0924005;-0.311953
0.114429;0.0777558;-0.304631
0.114069;0.0850781;-0.304631
0.113572;0.0924005;-0.304631
0.118594;0.096662;-0.319275
0.117743;0.103984;-0.319275
0.116762;0.111307;-0.319275
0.116179;0.096662;-0.311953
0.115415;0.103984;-0.311953
0.114702;0.111307;-0.311953
0.113288;0.096662;-0.304631
0.112812;0.103984;-0.304631
0.112191;0.111307;-0.304631
0.119333;0.115568;-0.338182
0.117884;0.122891;-0.338182
0.116305;0.130213;-0.338182
0.11851;0.115568;-0.330859
0.11715;0.122891;-0.330859
0.115809;0.130213;-0.330859
0.117146;0.115568;-0.323537
0.116043;0.122891;-0.323537
0.114795;0.130213;-0.323537
0.115367;0.134475;-0.338182
0.113728;0.141797;-0.338182
0.111954;0.149119;-0.338182
0.114971;0.134475;-0.330859
0.11343;0.141797;-0.330859
0.111888;0.149119;-0.330859
0.114055;0.134475;-0.323537
0.112764;0.141797;-0.323537
0.111324;0.149119;-0.323537
0.116183;0.115568;-0.319275
0.115178;0.122891;-0.319275
0.114037;0.130213;-0.319275
0.114231;0.115568;-0.311953
0.113322;0.122891;-0.311953
0.112439;0.130213;-0.311953
0.111825;0.115568;-0.304631
0.111192;0.122891;-0.304631
0.110408;0.130213;-0.304631
0.113357;0.134475;-0.319275
0.112164;0.141797;-0.319275
0.11083;0.149119;-0.319275
0.111866;0.134475;-0.311953
0.110776;0.141797;-0.311953
0.10969;0.149119;-0.311953
0.109939;0.134475;-0.304631
0.109113;0.141797;-0.304631
0.108131;0.149119;-0.304631
0.0390885;0.153381;-0.451619
0.0354037;0.160703;-0.451619
0.0315911;0.168025;-0.451619
0.0482843;0.153381;-0.444297
0.0446705;0.160703;-0.444297
0.0409272;0.168025;-0.444297
0.0568049;0.153381;-0.436975
0.0532723;0.160703;-0.436975
0.0496022;0.168025;-0.436975
0.0293134;0.172287;-0.451619
0.0253053;0.179609;-0.451619
0.0211667;0.186932;-0.451619
0.0386877;0.172287;-0.444297
0.0347441;0.179609;-0.444297
0.0306718;0.186932;-0.444297
0.0474086;0.172287;-0.436975
0.0435479;0.179609;-0.436975
0.0395496;0.186932;-0.436975
0.0614746;0.153381;-0.432713
0.057979;0.160703;-0.432713
0.0543598;0.168025;-0.432713
0.0689832;0.153381;-0.425391
0.065556;0.160703;-0.425391
0.062026;0.168025;-0.425391
0.0758149;0.153381;-0.418068
0.0724982;0.160703;-0.418068
0.0690425;0.168025;-0.418068
0.0521956;0.172287;-0.432713
0.0483793;0.179609;-0.432713
0.0444307;0.186932;-0.432713
0.059912;0.172287;-0.425391
0.0561755;0.179609;-0.425391
0.0523202;0.186932;-0.425391
0.0669791;0.172287;-0.418068
0.0633541;0.179609;-0.418068
0.0595947;0.186932;-0.418068
0.0186826;0.191193;-0.451619
0.0142901;0.198516;-0.451619
0.00976463;0.205838;-0.451619
0.0282206;0.191193;-0.444297
0.0239004;0.198516;-0.444297
0.0194883;0.205838;-0.444297
0.0371537;0.191193;-0.436975
0.0329315;0.198516;-0.436975
0.0285806;0.205838;-0.436975
0.00828062;0.208193;-0.451619
0.0180472;0.208193;-0.444297
0.0271515;0.208193;-0.436975
0.00779346;0.208965;-0.451619
0.0175685;0.208965;-0.444297
0.0266771;0.208965;-0.436975
0.00730429;0.209736;-0.451619
0.0170878;0.209736;-0.444297
0.0262015;0.209736;-0.436975
0.00706077;0.211867;-0.45081
0.0163395;0.211867;-0.443841
0.0250058;0.211867;-0.436872
0.00662244;0.218418;-0.448006
0.0141814;0.218418;-0.442261
0.0213263;0.218418;-0.436516
0.0060516;0.224969;-0.44517
0.0119361;0.224969;-0.440663
0.0175788;0.224969;-0.436155
0.0420704;0.191193;-0.432713
0.0379069;0.198516;-0.432713
0.0335979;0.205838;-0.432713
0.0500155;0.191193;-0.425391
0.0459522;0.198516;-0.425391
0.04176;0.205838;-0.425391
0.0573501;0.191193;-0.418068
0.0534056;0.198516;-0.418068
0.0493307;0.205838;-0.418068
0.0310249;0.2101;-0.432713
0.0265115;0.217422;-0.432713
0.0218711;0.224744;-0.432713
0.0392712;0.2101;-0.425391
0.0348758;0.217422;-0.425391
0.0302861;0.224744;-0.425391
0.0468924;0.2101;-0.418068
0.0425935;0.217422;-0.418068
0.0381617;0.224744;-0.418068
0.0795045;0.153381;-0.413807
0.0762372;0.160703;-0.413807
0.0728427;0.168025;-0.413807
0.0853374;0.153381;-0.406484
0.0821468;0.160703;-0.406484
0.0788743;0.168025;-0.406484
0.0905076;0.153381;-0.399162
0.0874593;0.160703;-0.399162
0.0842735;0.168025;-0.399162
0.0708136;0.172287;-0.413807
0.0672453;0.179609;-0.413807
0.0635539;0.186932;-0.413807
0.0769115;0.172287;-0.406484
0.0734384;0.179609;-0.406484
0.0698692;0.186932;-0.406484
0.082375;0.172287;-0.399162
0.079044;0.179609;-0.399162
0.0755757;0.186932;-0.399162
0.0932459;0.153381;-0.3949
0.0902602;0.160703;-0.3949
0.0871479;0.168025;-0.3949
0.0974685;0.153381;-0.387578
0.0945701;0.160703;-0.387578
0.0916092;0.168025;-0.387578
0.101049;0.153381;-0.380256
0.0983219;0.160703;-0.380256
0.0954552;0.168025;-0.380256
0.0852902;0.172287;-0.3949
0.0820255;0.179609;-0.3949
0.0786334;0.186932;-0.3949
0.0898279;0.172287;-0.387578
0.0866646;0.179609;-0.387578
0.083421;0.186932;-0.387578
0.0937482;0.172287;-0.380256
0.0907545;0.179609;-0.380256
0.0876188;0.186932;-0.380256
0.061349;0.191193;-0.413807
0.0574675;0.198516;-0.413807
0.0534583;0.205838;-0.413807
0.0677347;0.191193;-0.406484
0.0639602;0.198516;-0.406484
0.0600639;0.205838;-0.406484
0.0735068;0.191193;-0.399162
0.0698702;0.198516;-0.399162
0.0660936;0.205838;-0.399162
0.0510527;0.2101;-0.413807
0.0468172;0.217422;-0.413807
0.0424782;0.224744;-0.413807
0.0577375;0.2101;-0.406484
0.053639;0.217422;-0.406484
0.0494077;0.224744;-0.406484
0.0638401;0.2101;-0.399162
0.0598789;0.217422;-0.399162
0.0557777;0.224744;-0.399162
0.0766063;0.191193;-0.3949
0.0730396;0.198516;-0.3949
0.0693464;0.205838;-0.3949
0.0814741;0.191193;-0.387578
0.0780241;0.198516;-0.387578
0.0744767;0.205838;-0.387578
0.0857496;0.191193;-0.380256
0.0824667;0.198516;-0.380256
0.0790397;0.205838;-0.380256
0.0671376;0.2101;-0.3949
0.0632479;0.217422;-0.3949
0.0592329;0.224744;-0.3949
0.0723517;0.2101;-0.387578
0.0685932;0.217422;-0.387578
0.0647216;0.224744;-0.387578
0.0769956;0.2101;-0.380256
0.0734015;0.217422;-0.380256
0.0696592;0.224744;-0.380256
0.00572841;0.229006;-0.443341
0.0105491;0.229006;-0.439632
0.0152225;0.229006;-0.435923
0.00523459;0.236328;-0.439885
0.00806686;0.236328;-0.437685
0.0108408;0.236328;-0.435484
0.00465581;0.24365;-0.436382
0.00548591;0.24365;-0.435711
0.00630688;0.24365;-0.435039
0.0044074;0.245893;-0.435296
0.00464517;0.245893;-0.435099
0.00488202;0.245893;-0.434901
0.00437826;0.246278;-0.435099
0.00451141;0.246278;-0.434987
0.00464425;0.246278;-0.434876
0.00434563;0.246663;-0.434901
0.00437544;0.246663;-0.434876
0.00440524;0.246663;-0.434851
0.0191167;0.229006;-0.432713
0.0142577;0.236328;-0.432713
0.00921016;0.24365;-0.432713
0.0275772;0.229006;-0.425391
0.0228652;0.236328;-0.425391
0.017962;0.24365;-0.425391
0.0355164;0.229006;-0.418068
0.0308667;0.236328;-0.418068
0.0260878;0.24365;-0.418068
0.00762737;0.245893;-0.432713
0.0164211;0.245893;-0.425391
0.0245971;0.245893;-0.418068
0.00735877;0.246278;-0.432713
0.0161547;0.246278;-0.425391
0.0243395;0.246278;-0.418068
0.00708934;0.246663;-0.432713
0.0158879;0.246663;-0.425391
0.0240816;0.246663;-0.418068
0.00688318;0.248793;-0.431663
0.0150909;0.248793;-0.424799
0.0227905;0.248793;-0.417935
0.00632826;0.255731;-0.428019
0.0125904;0.255731;-0.422746
0.0185422;0.255731;-0.417472
0.00574189;0.262669;-0.424323
0.0100529;0.262669;-0.420663
0.0141681;0.262669;-0.417003
0.00547693;0.266118;-0.422425
0.00877147;0.266118;-0.419593
0.0119317;0.266118;-0.416762
0.00508568;0.271035;-0.419612
0.00692001;0.271035;-0.418008
0.0087091;0.271035;-0.416404
0.00466701;0.275952;-0.41677
0.00508144;0.275952;-0.416407
0.00549366;0.275952;-0.416043
0.0398768;0.229006;-0.413807
0.0352797;0.236328;-0.413807
0.0305729;0.24365;-0.413807
0.0468834;0.229006;-0.406484
0.0424448;0.236328;-0.406484
0.0378702;0.24365;-0.406484
0.0533327;0.229006;-0.399162
0.0490319;0.236328;-0.399162
0.0445814;0.24365;-0.399162
0.0277651;0.247912;-0.413807
0.0228131;0.255234;-0.413807
0.017727;0.262557;-0.413807
0.0351114;0.247912;-0.406484
0.0302578;0.255234;-0.406484
0.0253396;0.262557;-0.406484
0.041926;0.247912;-0.399162
0.0372515;0.255234;-0.399162
0.0324192;0.262557;-0.399162
0.0568346;0.229006;-0.3949
0.052605;0.236328;-0.3949
0.0482357;0.24365;-0.3949
0.0624044;0.229006;-0.387578
0.0583123;0.236328;-0.387578
0.0540962;0.24365;-0.387578
0.0674253;0.229006;-0.380256
0.0634974;0.236328;-0.380256
0.0594226;0.24365;-0.380256
0.0456397;0.247912;-0.3949
0.0410636;0.255234;-0.3949
0.0363017;0.262557;-0.3949
0.0515757;0.247912;-0.387578
0.0471321;0.255234;-0.387578
0.0425582;0.262557;-0.387578
0.0569902;0.247912;-0.380256
0.0527151;0.255234;-0.380256
0.0482983;0.262557;-0.380256
0.0151941;0.266118;-0.413807
0.0229135;0.266118;-0.406484
0.0300003;0.266118;-0.399162
0.0116364;0.271035;-0.413807
0.0194712;0.271035;-0.406484
0.0265995;0.271035;-0.399162
0.0080333;0.275952;-0.413807
0.0159212;0.275952;-0.406484
0.0231573;0.275952;-0.399162
0.00691929;0.278082;-0.413393
0.0145905;0.278082;-0.406251
0.0217024;0.278082;-0.399109
0.00669621;0.280488;-0.411964
0.0136264;0.280488;-0.405446
0.020171;0.280488;-0.398928
0.00642686;0.282894;-0.410528
0.0126476;0.282894;-0.404637
0.0186381;0.282894;-0.398746
0.00611172;0.285725;-0.408769
0.0115155;0.285725;-0.403645
0.0168172;0.285725;-0.398522
0.00546689;0.293047;-0.404113
0.00877558;0.293047;-0.401022
0.012023;0.293047;-0.397931
0.00499037;0.300369;-0.399377
0.00600568;0.300369;-0.398353
0.00699762;0.300369;-0.397329
0.0334426;0.266818;-0.3949
0.0284429;0.274141;-0.3949
0.0233475;0.281463;-0.3949
0.0398473;0.266818;-0.387578
0.0350339;0.274141;-0.387578
0.0299729;0.281463;-0.387578
0.0456448;0.266818;-0.380256
0.0409541;0.274141;-0.380256
0.0361306;0.281463;-0.380256
0.0203569;0.285725;-0.3949
0.0150556;0.293047;-0.3949
0.00946606;0.300369;-0.3949
0.0270144;0.285725;-0.387578
0.021913;0.293047;-0.387578
0.0165674;0.300369;-0.387578
0.0332641;0.285725;-0.380256
0.0282333;0.293047;-0.380256
0.023055;0.300369;-0.380256
0.10288;0.153381;-0.375994
0.100226;0.160703;-0.375994
0.0974432;0.168025;-0.375994
0.105577;0.153381;-0.368672
0.103019;0.160703;-0.368672
0.100415;0.168025;-0.368672
0.107665;0.153381;-0.36135
0.105306;0.160703;-0.36135
0.102804;0.168025;-0.36135
0.0957827;0.172287;-0.375994
0.0928652;0.179609;-0.375994
0.0898169;0.186932;-0.375994
0.0988409;0.172287;-0.368672
0.0960319;0.179609;-0.368672
0.0931597;0.186932;-0.368672
0.101314;0.172287;-0.36135
0.0987007;0.179609;-0.36135
0.0959407;0.186932;-0.36135
0.108652;0.153381;-0.357088
0.106376;0.160703;-0.357088
0.103967;0.168025;-0.357088
0.109943;0.153381;-0.349766
0.107769;0.160703;-0.349766
0.105565;0.168025;-0.349766
0.110671;0.153381;-0.342443
0.108721;0.160703;-0.342443
0.106623;0.168025;-0.342443
0.102529;0.172287;-0.357088
0.100001;0.179609;-0.357088
0.0973365;0.186932;-0.357088
0.104221;0.172287;-0.349766
0.101806;0.179609;-0.349766
0.0993414;0.186932;-0.349766
0.105372;0.172287;-0.342443
0.103174;0.179609;-0.342443
0.100824;0.186932;-0.342443
0.0879959;0.191193;-0.375994
0.0847919;0.198516;-0.375994
0.081455;0.205838;-0.375994
0.0914274;0.191193;-0.368672
0.0883436;0.198516;-0.368672
0.0851795;0.205838;-0.368672
0.0942949;0.191193;-0.36135
0.0914031;0.198516;-0.36135
0.0883614;0.205838;-0.36135
0.0794604;0.2101;-0.375994
0.0759469;0.217422;-0.375994
0.0722968;0.224744;-0.375994
0.0832754;0.2101;-0.368672
0.0798929;0.217422;-0.368672
0.0764141;0.224744;-0.368672
0.0865459;0.2101;-0.36135
0.0833524;0.217422;-0.36135
0.0800059;0.224744;-0.36135
0.0957437;0.191193;-0.357088
0.0929386;0.198516;-0.357088
0.0899941;0.205838;-0.357088
0.0978444;0.191193;-0.349766
0.0951616;0.198516;-0.349766
0.092413;0.205838;-0.349766
0.099421;0.191193;-0.342443
0.0969512;0.198516;-0.342443
0.0943251;0.205838;-0.342443
0.0882326;0.2101;-0.357088
0.0851275;0.217422;-0.357088
0.08188;0.224744;-0.357088
0.0907485;0.2101;-0.349766
0.0877743;0.217422;-0.349766
0.0847189;0.224744;-0.349766
0.0927554;0.2101;-0.342443
0.0899898;0.217422;-0.342443
0.0870639;0.224744;-0.342443
0.110896;0.153381;-0.338182
0.109037;0.160703;-0.338182
0.10704;0.168025;-0.338182
0.110931;0.153381;-0.330859
0.109179;0.160703;-0.330859
0.107407;0.168025;-0.330859
0.110465;0.153381;-0.323537
0.108955;0.160703;-0.323537
0.107292;0.168025;-0.323537
0.105845;0.172287;-0.338182
0.10374;0.179609;-0.338182
0.101492;0.186932;-0.338182
0.106313;0.172287;-0.330859
0.104323;0.179609;-0.330859
0.102294;0.186932;-0.330859
0.106296;0.172287;-0.323537
0.104541;0.179609;-0.323537
0.102626;0.186932;-0.323537
0.11003;0.153381;-0.319275
0.108618;0.160703;-0.319275
0.10706;0.168025;-0.319275
0.108996;0.153381;-0.311953
0.107693;0.160703;-0.311953
0.106375;0.168025;-0.311953
0.107539;0.153381;-0.304631
0.10649;0.160703;-0.304631
0.105279;0.168025;-0.304631
0.106124;0.172287;-0.319275
0.104465;0.179609;-0.319275
0.102656;0.186932;-0.319275
0.105542;0.172287;-0.311953
0.103997;0.179609;-0.311953
0.10242;0.186932;-0.311953
0.104548;0.172287;-0.304631
0.103247;0.179609;-0.304631
0.101781;0.186932;-0.304631
0.100145;0.191193;-0.338182
0.0977679;0.198516;-0.338182
0.0952442;0.205838;-0.338182
0.101048;0.191193;-0.330859
0.0987927;0.198516;-0.330859
0.0964827;0.205838;-0.330859
0.101479;0.191193;-0.323537
0.0994519;0.198516;-0.323537
0.0972617;0.205838;-0.323537
0.0937313;0.2101;-0.338182
0.0910589;0.217422;-0.338182
0.0882363;0.224744;-0.338182
0.0950709;0.2101;-0.330859
0.0925264;0.217422;-0.330859
0.0899127;0.224744;-0.330859
0.0959485;0.2101;-0.323537
0.0936269;0.217422;-0.323537
0.0911375;0.224744;-0.323537
0.101567;0.191193;-0.319275
0.0996363;0.198516;-0.319275
0.0975512;0.205838;-0.319275
0.101434;0.191193;-0.311953
0.0996216;0.198516;-0.311953
0.0977617;0.205838;-0.311953
0.100895;0.191193;-0.304631
0.0993183;0.198516;-0.304631
0.0975722;0.205838;-0.304631
0.0962962;0.2101;-0.319275
0.0940704;0.217422;-0.319275
0.091686;0.224744;-0.319275
0.0966088;0.2101;-0.311953
0.094505;0.217422;-0.311953
0.0923407;0.224744;-0.311953
0.0965187;0.2101;-0.304631
0.0946447;0.217422;-0.304631
0.0925968;0.224744;-0.304631
0.0701148;0.229006;-0.375994
0.0662719;0.236328;-0.375994
0.0622909;0.24365;-0.375994
0.0743251;0.229006;-0.368672
0.0706232;0.236328;-0.368672
0.0668125;0.24365;-0.368672
0.0780077;0.229006;-0.36135
0.0744922;0.236328;-0.36135
0.0708226;0.24365;-0.36135
0.0599152;0.247912;-0.375994
0.0557302;0.255234;-0.375994
0.051395;0.262557;-0.375994
0.0645321;0.247912;-0.368672
0.0604897;0.255234;-0.368672
0.056305;0.262557;-0.368672
0.0686304;0.247912;-0.36135
0.0647668;0.255234;-0.36135
0.060742;0.262557;-0.36135
0.0799369;0.229006;-0.357088
0.0765111;0.236328;-0.357088
0.0729406;0.24365;-0.357088
0.0828742;0.229006;-0.349766
0.0795864;0.236328;-0.349766
0.076202;0.24365;-0.349766
0.0853147;0.229006;-0.342443
0.0822312;0.236328;-0.342443
0.0789826;0.24365;-0.342443
0.0708026;0.247912;-0.357088
0.0670302;0.255234;-0.357088
0.0631125;0.262557;-0.357088
0.0741638;0.247912;-0.349766
0.0705389;0.255234;-0.349766
0.0668008;0.262557;-0.349766
0.0770407;0.247912;-0.342443
0.0736164;0.255234;-0.342443
0.0700215;0.262557;-0.342443
0.0487789;0.266818;-0.375994
0.0441748;0.274141;-0.375994
0.0394903;0.281463;-0.375994
0.0538049;0.266818;-0.368672
0.0494001;0.274141;-0.368672
0.0448493;0.281463;-0.368672
0.0583386;0.266818;-0.36135
0.0541095;0.274141;-0.36135
0.0497202;0.281463;-0.36135
0.0366883;0.285725;-0.375994
0.0317132;0.293047;-0.375994
0.0266008;0.300369;-0.375994
0.0421387;0.285725;-0.368672
0.0373499;0.293047;-0.368672
0.032371;0.300369;-0.368672
0.0471012;0.285725;-0.36135
0.0424779;0.293047;-0.36135
0.0376695;0.300369;-0.36135
0.0607641;0.266818;-0.357088
0.0566207;0.274141;-0.357088
0.0523385;0.281463;-0.357088
0.0645549;0.266818;-0.349766
0.0605716;0.274141;-0.349766
0.0564627;0.281463;-0.349766
0.0678745;0.266818;-0.342443
0.0640897;0.274141;-0.342443
0.0601262;0.281463;-0.342443
0.0497735;0.285725;-0.357088
0.0452379;0.293047;-0.357088
0.0405515;0.300369;-0.357088
0.053995;0.285725;-0.349766
0.0496283;0.293047;-0.349766
0.0451365;0.300369;-0.349766
0.0577608;0.285725;-0.342443
0.0535974;0.293047;-0.342443
0.0492517;0.300369;-0.342443
0.0865442;0.229006;-0.338182
0.0835541;0.236328;-0.338182
0.08041;0.24365;-0.338182
0.0883217;0.229006;-0.330859
0.0854651;0.236328;-0.330859
0.0825259;0.24365;-0.330859
0.0896453;0.229006;-0.323537
0.0870075;0.236328;-0.323537
0.0841966;0.24365;-0.323537
0.0785252;0.247912;-0.338182
0.0751946;0.255234;-0.338182
0.0717072;0.262557;-0.338182
0.0807428;0.247912;-0.330859
0.0775522;0.255234;-0.330859
0.0742674;0.262557;-0.330859
0.0825134;0.247912;-0.323537
0.0795393;0.255234;-0.323537
0.0763855;0.262557;-0.323537
0.090252;0.229006;-0.319275
0.0877097;0.236328;-0.319275
0.0850044;0.24365;-0.319275
0.0910082;0.229006;-0.311953
0.0885915;0.236328;-0.311953
0.0861032;0.24365;-0.311953
0.0913634;0.229006;-0.304631
0.0891726;0.236328;-0.304631
0.0868025;0.24365;-0.304631
0.0833793;0.247912;-0.319275
0.0805005;0.255234;-0.319275
0.0774535;0.262557;-0.319275
0.0845792;0.247912;-0.311953
0.0818291;0.255234;-0.311953
0.0789985;0.262557;-0.311953
0.0853781;0.247912;-0.304631
0.0828523;0.255234;-0.304631
0.0801409;0.262557;-0.304631
0.0696178;0.266818;-0.338182
0.0659261;0.274141;-0.338182
0.0620726;0.281463;-0.338182
0.0722797;0.266818;-0.330859
0.0687333;0.274141;-0.330859
0.0650842;0.281463;-0.330859
0.0744993;0.266818;-0.323537
0.0711697;0.274141;-0.323537
0.0676534;0.281463;-0.323537
0.0597673;0.285725;-0.338182
0.0556986;0.293047;-0.338182
0.0514625;0.300369;-0.338182
0.0628812;0.285725;-0.330859
0.0589609;0.293047;-0.330859
0.0549336;0.300369;-0.330859
0.0655545;0.285725;-0.323537
0.0618538;0.293047;-0.323537
0.0579551;0.300369;-0.323537
0.0756259;0.266818;-0.319275
0.072392;0.274141;-0.319275
0.0689841;0.281463;-0.319275
0.0772719;0.266818;-0.311953
0.0741694;0.274141;-0.311953
0.0709801;0.281463;-0.311953
0.0785154;0.266818;-0.304631
0.0756382;0.274141;-0.304631
0.0725673;0.281463;-0.304631
0.0669443;0.285725;-0.319275
0.0633389;0.293047;-0.319275
0.0595492;0.300369;-0.319275
0.0690404;0.285725;-0.311953
0.0655657;0.293047;-0.311953
0.062001;0.300369;-0.311953
0.0707303;0.285725;-0.304631
0.0674853;0.293047;-0.304631
0.0640382;0.300369;-0.304631
0.00468169;0.302657;-0.397876
0.00502208;0.302657;-0.397507
0.0053586;0.302657;-0.397139
0.00461404;0.303197;-0.397508
0.00480104;0.303197;-0.3973
0.00498674;0.303197;-0.397092
0.00452781;0.303736;-0.397139
0.00456881;0.303736;-0.397092
0.00460974;0.303736;-0.397045
0.00766442;0.302657;-0.3949
0.0148453;0.302657;-0.387578
0.0214041;0.302657;-0.380256
0.00724722;0.303197;-0.3949
0.014431;0.303197;-0.387578
0.0210069;0.303197;-0.380256
0.00682719;0.303736;-0.3949
0.0140159;0.303736;-0.387578
0.0206091;0.303736;-0.380256
0.00654489;0.305867;-0.393522
0.013102;0.305867;-0.386801
0.0191841;0.305867;-0.380081
0.005891;0.31265;-0.388734
0.0103994;0.31265;-0.384103
0.0146399;0.31265;-0.379472
0.00535424;0.319433;-0.383862
0.00773626;0.319433;-0.381358
0.00999156;0.319433;-0.378854
0.0051647;0.322045;-0.381947
0.0066991;0.322045;-0.380279
0.00816717;0.322045;-0.37861
0.0049856;0.324241;-0.380285
0.00581291;0.324241;-0.379342
0.00661754;0.324241;-0.378399
0.00468277;0.326437;-0.378613
0.00485963;0.326437;-0.3784
0.00503525;0.326437;-0.378187
0.0235595;0.304631;-0.375994
0.0181975;0.311953;-0.375994
0.0126562;0.319275;-0.375994
0.0294155;0.304631;-0.368672
0.0242461;0.311953;-0.368672
0.0188949;0.319275;-0.368672
0.0348237;0.304631;-0.36135
0.0298399;0.311953;-0.36135
0.0246452;0.319275;-0.36135
0.0105144;0.322045;-0.375994
0.0168215;0.322045;-0.368672
0.022626;0.322045;-0.36135
0.00879569;0.324241;-0.375994
0.015156;0.324241;-0.368672
0.0210106;0.324241;-0.36135
0.00705327;0.326437;-0.375994
0.0134746;0.326437;-0.368672
0.0193808;0.326437;-0.36135
0.00641046;0.328568;-0.374827
0.0123845;0.328568;-0.368014
0.0179008;0.328568;-0.361201
0.00594346;0.333694;-0.370779
0.0103173;0.333694;-0.365733
0.014413;0.333694;-0.360687
0.00545774;0.338821;-0.366675
0.00822491;0.338821;-0.36342
0.0108583;0.338821;-0.360166
0.0377677;0.304631;-0.357088
0.0328652;0.311953;-0.357088
0.0277701;0.319275;-0.357088
0.0424471;0.304631;-0.349766
0.0376855;0.311953;-0.349766
0.0327746;0.319275;-0.349766
0.0466643;0.304631;-0.342443
0.0421068;0.311953;-0.342443
0.0373449;0.319275;-0.342443
0.0247125;0.323537;-0.357088
0.0193258;0.330859;-0.357088
0.0137807;0.338182;-0.357088
0.0298342;0.323537;-0.349766
0.0246406;0.330859;-0.349766
0.0192921;0.338182;-0.349766
0.0345199;0.323537;-0.342443
0.029567;0.330859;-0.342443
0.0243947;0.338182;-0.342443
0.00522727;0.341149;-0.364771
0.0072628;0.341149;-0.362348
0.00921938;0.341149;-0.359924
0.00494498;0.344023;-0.36236
0.00607838;0.344023;-0.360989
0.00718572;0.344023;-0.359618
0.00464717;0.346897;-0.359929
0.00489937;0.346897;-0.359619
0.00515024;0.346897;-0.359309
0.0182044;0.342443;-0.346897
0.012673;0.349766;-0.346897
0.00690792;0.357088;-0.346897
0.0202188;0.342443;-0.344023
0.0147363;0.349766;-0.344023
0.00903733;0.357088;-0.344023
0.0221639;0.342443;-0.341149
0.0167237;0.349766;-0.341149
0.0111059;0.357088;-0.341149
0.0107052;0.341297;-0.357924
0.00805429;0.344679;-0.357924
0.00538273;0.348062;-0.357924
0.013813;0.341801;-0.353476
0.0098841;0.346918;-0.353476
0.00586216;0.352034;-0.353476
0.0167725;0.342299;-0.349027
0.0115881;0.349128;-0.349027
0.00620164;0.355956;-0.349027
0.00511175;0.359309;-0.346897
0.00485689;0.359619;-0.346897
0.00460234;0.359929;-0.346897
0.00701623;0.359618;-0.344023
0.00591326;0.360989;-0.344023
0.00481392;0.36236;-0.344023
0.00887931;0.359924;-0.341149
0.00696604;0.362348;-0.341149
0.0050593;0.364771;-0.341149
0.0489337;0.304631;-0.338182
0.0444722;0.311953;-0.338182
0.039827;0.319275;-0.338182
0.0525038;0.304631;-0.330859
0.0481841;0.311953;-0.330859
0.0437556;0.319275;-0.330859
0.05563;0.304631;-0.323537
0.0515363;0.311953;-0.323537
0.0472368;0.319275;-0.323537
0.0370641;0.323537;-0.338182
0.0322074;0.330859;-0.338182
0.0271517;0.338182;-0.338182
0.0410941;0.323537;-0.330859
0.0363649;0.330859;-0.330859
0.0315036;0.338182;-0.330859
0.0446798;0.323537;-0.323537
0.0401779;0.330859;-0.323537
0.0354445;0.338182;-0.323537
0.0572847;0.304631;-0.319275
0.05329;0.311953;-0.319275
0.0491032;0.319275;-0.319275
0.0598393;0.304631;-0.311953
0.0559772;0.311953;-0.311953
0.0520223;0.319275;-0.311953
0.0619828;0.304631;-0.304631
0.0583574;0.311953;-0.304631
0.0545126;0.319275;-0.304631
0.0466049;0.323537;-0.319275
0.0421998;0.330859;-0.319275
0.0375889;0.338182;-0.319275
0.0496242;0.323537;-0.311953
0.045346;0.330859;-0.311953
0.0409829;0.338182;-0.311953
0.0522217;0.323537;-0.304631
0.0481946;0.330859;-0.304631
0.043946;0.338182;-0.304631
0.0241064;0.342443;-0.338182
0.0187296;0.349766;-0.338182
0.0132006;0.357088;-0.338182
0.0285886;0.342443;-0.330859
0.0234241;0.349766;-0.330859
0.0181109;0.357088;-0.330859
0.0326333;0.342443;-0.323537
0.0277319;0.349766;-0.323537
0.0226355;0.357088;-0.323537
0.0177707;0.36135;-0.326437
0.0122598;0.368672;-0.326437
0.00660623;0.375994;-0.326437
0.0191314;0.36135;-0.324241
0.0136568;0.368672;-0.324241
0.00800606;0.375994;-0.324241
0.0204585;0.36135;-0.322045
0.015021;0.368672;-0.322045
0.00937358;0.375994;-0.322045
0.0103687;0.360166;-0.338821
0.00782795;0.36342;-0.338821
0.00529372;0.366675;-0.338821
0.0135355;0.360687;-0.333694
0.0096651;0.365733;-0.333694
0.00577746;0.370779;-0.333694
0.016529;0.361201;-0.328568
0.0113752;0.368014;-0.328568
0.00612561;0.374827;-0.328568
0.0348419;0.342443;-0.319275
0.0300388;0.349766;-0.319275
0.0250661;0.357088;-0.319275
0.0383614;0.342443;-0.311953
0.0336821;0.349766;-0.311953
0.0288604;0.357088;-0.311953
0.0414373;0.342443;-0.304631
0.037003;0.349766;-0.304631
0.0322496;0.357088;-0.304631
0.0220429;0.36135;-0.319275
0.0166436;0.368672;-0.319275
0.0110968;0.375994;-0.319275
0.0259394;0.36135;-0.311953
0.0207579;0.368672;-0.311953
0.015483;0.375994;-0.311953
0.0294758;0.36135;-0.304631
0.024696;0.368672;-0.304631
0.0195929;0.375994;-0.304631
0.0048774;0.378187;-0.326437
0.00468269;0.3784;-0.326437
0.00448898;0.378613;-0.326437
0.00608644;0.378399;-0.324241
0.00526569;0.379342;-0.324241
0.00446253;0.380285;-0.324241
0.00727664;0.37861;-0.322045
0.00589037;0.380279;-0.322045
0.00456126;0.381947;-0.322045
0.0169424;0.380256;-0.303736
0.0114849;0.387578;-0.303736
0.0060041;0.3949;-0.303736
0.0172184;0.380256;-0.303197
0.0117554;0.387578;-0.303197
0.00631864;0.3949;-0.303197
0.0174917;0.380256;-0.302657
0.0120231;0.387578;-0.302657
0.00663534;0.3949;-0.302657
0.00876916;0.378854;-0.319433
0.00681284;0.381358;-0.319433
0.00494169;0.383862;-0.319433
0.0125477;0.379472;-0.31265
0.00916895;0.384103;-0.31265
0.00573554;0.388734;-0.31265
0.0159539;0.380081;-0.305867
0.0109739;0.386801;-0.305867
0.00585027;0.393522;-0.305867
0.00439109;0.397045;-0.303736
0.00434661;0.397092;-0.303736
0.00430222;0.397139;-0.303736
0.00468543;0.397092;-0.303197
0.00449609;0.3973;-0.303197
0.00430846;0.397508;-0.303197
0.00498801;0.397139;-0.302657
0.004666;0.397507;-0.302657
0.00434937;0.397876;-0.302657
0.114987;0.00213077;-0.300369
0.114701;0.00945312;-0.300369
0.114327;0.0167755;-0.300369
0.109171;0.00213077;-0.293047
0.108904;0.00945312;-0.293047
0.108867;0.0167755;-0.293047
0.102799;0.00213077;-0.285725
0.102902;0.00945312;-0.285725
0.102909;0.0167755;-0.285725
0.11416;0.021037;-0.300369
0.113965;0.0283594;-0.300369
0.113672;0.0356817;-0.300369
0.108815;0.021037;-0.293047
0.108668;0.0283594;-0.293047
0.108708;0.0356817;-0.293047
0.102974;0.021037;-0.285725
0.103191;0.0283594;-0.285725
0.103297;0.0356817;-0.285725
0.0989947;0.00213077;-0.281463
0.0992156;0.00945312;-0.281463
0.0993548;0.0167755;-0.281463
0.0922787;0.00213077;-0.274141
0.092563;0.00945312;-0.274141
0.0930928;0.0167755;-0.274141
0.0851936;0.00213077;-0.266818
0.0859075;0.00945312;-0.266818
0.0865298;0.0167755;-0.266818
0.0994945;0.021037;-0.281463
0.099834;0.0283594;-0.281463
0.100075;0.0356817;-0.281463
0.0933731;0.021037;-0.274141
0.0937971;0.0283594;-0.274141
0.0944135;0.0356817;-0.274141
0.0869547;0.021037;-0.266818
0.0877871;0.0283594;-0.266818
0.0885075;0.0356817;-0.266818
0.113539;0.0399433;-0.300369
0.113379;0.0472656;-0.300369
0.113109;0.054588;-0.300369
0.108694;0.0399433;-0.293047
0.108601;0.0472656;-0.293047
0.108657;0.054588;-0.293047
0.103404;0.0399433;-0.285725
0.103663;0.0472656;-0.285725
0.1038;0.054588;-0.285725
0.112978;0.0588495;-0.300369
0.112797;0.0661719;-0.300369
0.112497;0.0734942;-0.300369
0.108646;0.0588495;-0.293047
0.108546;0.0661719;-0.293047
0.108558;0.0734942;-0.293047
0.103909;0.0588495;-0.285725
0.104146;0.0661719;-0.285725
0.104249;0.0734942;-0.285725
0.100257;0.0399433;-0.281463
0.10064;0.0472656;-0.281463
0.10091;0.054588;-0.281463
0.0947345;0.0399433;-0.274141
0.0952129;0.0472656;-0.274141
0.0958362;0.054588;-0.274141
0.0889683;0.0399433;-0.266818
0.0898274;0.0472656;-0.266818
0.0905577;0.054588;-0.266818
0.101092;0.0588495;-0.281463
0.101449;0.0661719;-0.281463
0.101681;0.0734942;-0.281463
0.0961528;0.0588495;-0.274141
0.0966109;0.0661719;-0.274141
0.0971725;0.0734942;-0.274141
0.0910064;0.0588495;-0.266818
0.0918151;0.0661719;-0.266818
0.092482;0.0734942;-0.266818
0.0810794;0.00213077;-0.262557
0.0819461;0.00945312;-0.262557
0.0827323;0.0167755;-0.262557
0.0740499;0.00213077;-0.255234
0.0750463;0.00945312;-0.255234
0.0762758;0.0167755;-0.255234
0.0670009;0.00213077;-0.247912
0.0684856;0.00945312;-0.247912
0.0698723;0.0167755;-0.247912
0.0832483;0.021037;-0.262557
0.0842286;0.0283594;-0.262557
0.0851052;0.0356817;-0.262557
0.0769603;0.021037;-0.255234
0.0780727;0.0283594;-0.255234
0.0793523;0.0356817;-0.255234
0.0707285;0.021037;-0.247912
0.0722743;0.0283594;-0.247912
0.0736958;0.0356817;-0.247912
0.0631069;0.00213077;-0.24365
0.0647815;0.00945312;-0.24365
0.0663621;0.0167755;-0.24365
0.0568973;0.00213077;-0.236328
0.0587807;0.00945312;-0.236328
0.0608151;0.0167755;-0.236328
0.051441;0.00213077;-0.229006
0.0537914;0.00945312;-0.229006
0.056015;0.0167755;-0.229006
0.0673222;0.021037;-0.24365
0.0690304;0.0283594;-0.24365
0.0706174;0.0356817;-0.24365
0.0619545;0.021037;-0.236328
0.0638283;0.0283594;-0.236328
0.0657875;0.0356817;-0.236328
0.0573146;0.021037;-0.229006
0.0595486;0.0283594;-0.229006
0.0616389;0.0356817;-0.229006
0.085652;0.0399433;-0.262557
0.0866496;0.0472656;-0.262557
0.0875249;0.054588;-0.262557
0.0800536;0.0399433;-0.255234
0.0811762;0.0472656;-0.255234
0.0824127;0.054588;-0.255234
0.0745482;0.0399433;-0.247912
0.0760494;0.0472656;-0.247912
0.0774089;0.054588;-0.247912
0.0880529;0.0588495;-0.262557
0.0889888;0.0661719;-0.262557
0.0897886;0.0734942;-0.262557
0.0830797;0.0588495;-0.255234
0.0841299;0.0661719;-0.255234
0.0852517;0.0734942;-0.255234
0.0782071;0.0588495;-0.247912
0.0795868;0.0661719;-0.247912
0.0808138;0.0734942;-0.247912
0.0715576;0.0399433;-0.24365
0.0731951;0.0472656;-0.24365
0.0746941;0.054588;-0.24365
0.0668723;0.0399433;-0.236328
0.068637;0.0472656;-0.236328
0.0704417;0.054588;-0.236328
0.0628434;0.0399433;-0.229006
0.0648888;0.0472656;-0.229006
0.0667827;0.054588;-0.229006
0.075566;0.0588495;-0.24365
0.0770597;0.0661719;-0.24365
0.0784045;0.0734942;-0.24365
0.0714304;0.0588495;-0.236328
0.0730211;0.0661719;-0.236328
0.0746203;0.0734942;-0.236328
0.0678619;0.0588495;-0.229006
0.0696761;0.0661719;-0.229006
0.0713354;0.0734942;-0.229006
0.112336;0.0777558;-0.300369
0.112083;0.0850781;-0.300369
0.111703;0.0924005;-0.300369
0.108516;0.0777558;-0.293047
0.108355;0.0850781;-0.293047
0.108272;0.0924005;-0.293047
0.104324;0.0777558;-0.285725
0.104481;0.0850781;-0.285725
0.104494;0.0924005;-0.285725
0.111484;0.096662;-0.300369
0.111113;0.103984;-0.300369
0.110607;0.111307;-0.300369
0.10817;0.096662;-0.293047
0.107896;0.103984;-0.293047
0.107673;0.111307;-0.293047
0.104506;0.096662;-0.285725
0.104532;0.103984;-0.285725
0.104408;0.111307;-0.285725
0.101828;0.0777558;-0.281463
0.1021;0.0850781;-0.281463
0.102237;0.0924005;-0.281463
0.0974465;0.0777558;-0.274141
0.0978209;0.0850781;-0.274141
0.0982638;0.0924005;-0.274141
0.092879;0.0777558;-0.266818
0.0935747;0.0850781;-0.266818
0.094119;0.0924005;-0.266818
0.102316;0.096662;-0.281463
0.102454;0.103984;-0.281463
0.102447;0.111307;-0.281463
0.0984633;0.096662;-0.274141
0.0987016;0.103984;-0.274141
0.098979;0.111307;-0.274141
0.0944327;0.096662;-0.266818
0.0949656;0.103984;-0.266818
0.0953402;0.111307;-0.266818
0.110305;0.115568;-0.300369
0.109776;0.122891;-0.300369
0.109104;0.130213;-0.300369
0.107485;0.115568;-0.293047
0.107057;0.122891;-0.293047
0.106654;0.130213;-0.293047
0.104329;0.115568;-0.285725
0.104183;0.122891;-0.285725
0.103881;0.130213;-0.285725
0.108698;0.134475;-0.300369
0.107974;0.141797;-0.300369
0.107101;0.149119;-0.300369
0.106357;0.134475;-0.293047
0.105737;0.141797;-0.293047
0.10512;0.149119;-0.293047
0.10369;0.134475;-0.285725
0.103336;0.141797;-0.285725
0.102821;0.149119;-0.285725
0.102433;0.115568;-0.281463
0.102393;0.122891;-0.281463
0.102202;0.130213;-0.281463
0.0990781;0.115568;-0.274141
0.0991374;0.122891;-0.274141
0.0992117;0.130213;-0.274141
0.0955454;0.115568;-0.266818
0.0958761;0.122891;-0.266818
0.0960436;0.130213;-0.266818
0.102073;0.134475;-0.281463
0.10182;0.141797;-0.281463
0.101412;0.149119;-0.281463
0.0991891;0.134475;-0.274141
0.0990347;0.141797;-0.274141
0.098875;0.149119;-0.274141
0.0961205;0.134475;-0.266818
0.0962181;0.141797;-0.266818
0.0961487;0.149119;-0.266818
0.0902581;0.0777558;-0.262557
0.0910699;0.0850781;-0.262557
0.0917356;0.0924005;-0.262557
0.0858456;0.0777558;-0.255234
0.0867605;0.0850781;-0.255234
0.087714;0.0924005;-0.255234
0.0815214;0.0777558;-0.247912
0.0827245;0.0850781;-0.247912
0.0837683;0.0924005;-0.247912
0.0921154;0.096662;-0.262557
0.0927543;0.103984;-0.262557
0.0932402;0.111307;-0.262557
0.0882055;0.096662;-0.255234
0.0889378;0.103984;-0.255234
0.0896828;0.111307;-0.255234
0.0843593;0.096662;-0.247912
0.0853464;0.103984;-0.247912
0.0861703;0.111307;-0.247912
0.0791744;0.0777558;-0.24365
0.0804738;0.0850781;-0.24365
0.0816183;0.0924005;-0.24365
0.0754858;0.0777558;-0.236328
0.0768599;0.0850781;-0.236328
0.0782202;0.0924005;-0.236328
0.072271;0.0777558;-0.229006
0.0738282;0.0850781;-0.229006
0.0752294;0.0924005;-0.229006
0.0822627;0.096662;-0.24365
0.0833327;0.103984;-0.24365
0.0842444;0.111307;-0.24365
0.0789447;0.096662;-0.236328
0.0800739;0.103984;-0.236328
0.0811732;0.111307;-0.236328
0.0760102;0.096662;-0.229006
0.0772945;0.103984;-0.229006
0.0784228;0.111307;-0.229006
0.0935062;0.115568;-0.262557
0.0939344;0.122891;-0.262557
0.0942048;0.130213;-0.262557
0.0900498;0.115568;-0.255234
0.0905639;0.122891;-0.255234
0.0910704;0.130213;-0.255234
0.0866259;0.115568;-0.247912
0.0873687;0.122891;-0.247912
0.0879459;0.130213;-0.247912
0.0943381;0.134475;-0.262557
0.0945264;0.141797;-0.262557
0.0945533;0.149119;-0.262557
0.0912965;0.134475;-0.255234
0.0915652;0.141797;-0.255234
0.0918104;0.149119;-0.255234
0.0882525;0.134475;-0.247912
0.0887302;0.141797;-0.247912
0.0890411;0.149119;-0.247912
0.0847468;0.115568;-0.24365
0.0855627;0.122891;-0.24365
0.0862184;0.130213;-0.24365
0.0817449;0.115568;-0.236328
0.0826098;0.122891;-0.236328
0.0834334;0.130213;-0.236328
0.0790418;0.115568;-0.229006
0.0800434;0.122891;-0.229006
0.0808895;0.130213;-0.229006
0.0865672;0.134475;-0.24365
0.0871113;0.141797;-0.24365
0.0874943;0.149119;-0.24365
0.083844;0.134475;-0.236328
0.0844315;0.141797;-0.236328
0.0849692;0.149119;-0.236328
0.0813423;0.134475;-0.229006
0.0820549;0.141797;-0.229006
0.0826126;0.149119;-0.229006
0.0488975;0.00213077;-0.224744
0.0514108;0.00945312;-0.224744
0.0537949;0.0167755;-0.224744
0.045874;0.00213077;-0.217422
0.0485333;0.00945312;-0.217422
0.0511545;0.0167755;-0.217422
0.0448765;0.00213077;-0.2101
0.0476104;0.00945312;-0.2101
0.0502309;0.0167755;-0.2101
0.0551726;0.021037;-0.224744
0.0575167;0.0283594;-0.224744
0.0597193;0.0356817;-0.224744
0.0526204;0.021037;-0.217422
0.0550385;0.0283594;-0.217422
0.0573977;0.0356817;-0.217422
0.0517027;0.021037;-0.2101
0.054144;0.0283594;-0.2101
0.0564697;0.0356817;-0.2101
0.0453622;0.00213077;-0.205838
0.0480189;0.00945312;-0.205838
0.0505852;0.0167755;-0.205838
0.0479097;0.00213077;-0.198516
0.0503737;0.00945312;-0.198516
0.0526525;0.0167755;-0.198516
0.0524606;0.00213077;-0.191193
0.0544591;0.00945312;-0.191193
0.0564822;0.0167755;-0.191193
0.0520183;0.021037;-0.205838
0.0543827;0.0283594;-0.205838
0.0566512;0.0356817;-0.205838
0.0539524;0.021037;-0.198516
0.056143;0.0283594;-0.198516
0.0581626;0.0356817;-0.198516
0.0575907;0.021037;-0.191193
0.0593837;0.0283594;-0.191193
0.0611751;0.0356817;-0.191193
0.0609778;0.0399433;-0.224744
0.0630984;0.0472656;-0.224744
0.0650722;0.054588;-0.224744
0.0587095;0.0399433;-0.217422
0.0608605;0.0472656;-0.217422
0.0629412;0.054588;-0.217422
0.0577699;0.0399433;-0.2101
0.059917;0.0472656;-0.2101
0.0619469;0.054588;-0.2101
0.0661895;0.0588495;-0.224744
0.0680559;0.0661719;-0.224744
0.0697736;0.0734942;-0.224744
0.0640904;0.0588495;-0.217422
0.0659611;0.0661719;-0.217422
0.0677554;0.0734942;-0.217422
0.0630755;0.0588495;-0.2101
0.0649294;0.0661719;-0.2101
0.0666647;0.0734942;-0.2101
0.0579128;0.0399433;-0.205838
0.059986;0.0472656;-0.205838
0.061959;0.054588;-0.205838
0.0593062;0.0399433;-0.198516
0.0612197;0.0472656;-0.198516
0.0629755;0.054588;-0.198516
0.0621511;0.0399433;-0.191193
0.0637212;0.0472656;-0.191193
0.0652705;0.054588;-0.191193
0.0630507;0.0588495;-0.205838
0.0648353;0.0661719;-0.205838
0.0665165;0.0734942;-0.205838
0.0639619;0.0588495;-0.198516
0.0655992;0.0661719;-0.198516
0.0670911;0.0734942;-0.198516
0.0661089;0.0588495;-0.191193
0.0674479;0.0661719;-0.191193
0.0687519;0.0734942;-0.191193
0.0557881;0.00213077;-0.186932
0.0575438;0.00945312;-0.186932
0.059347;0.0167755;-0.186932
0.0623429;0.00213077;-0.179609
0.0638426;0.00945312;-0.179609
0.0651033;0.0167755;-0.179609
0.0698809;0.00213077;-0.172287
0.0708046;0.00945312;-0.172287
0.0718445;0.0167755;-0.172287
0.0603288;0.021037;-0.186932
0.0619058;0.0283594;-0.186932
0.0635017;0.0356817;-0.186932
0.0658561;0.021037;-0.179609
0.0671868;0.0283594;-0.179609
0.0682954;0.0356817;-0.179609
0.0723773;0.021037;-0.172287
0.0731738;0.0283594;-0.172287
0.0740577;0.0356817;-0.172287
0.0744708;0.00213077;-0.168025
0.0751782;0.00945312;-0.168025
0.0760051;0.0167755;-0.168025
0.082561;0.00213077;-0.160703
0.0831312;0.00945312;-0.160703
0.0834179;0.0167755;-0.160703
0.0910668;0.00213077;-0.153381
0.0910998;0.00945312;-0.153381
0.0912766;0.0167755;-0.153381
0.0764139;0.021037;-0.168025
0.0769974;0.0283594;-0.168025
0.077674;0.0356817;-0.168025
0.0836209;0.021037;-0.160703
0.0840434;0.0283594;-0.160703
0.0842036;0.0356817;-0.160703
0.0912976;0.021037;-0.153381
0.0911986;0.0283594;-0.153381
0.0912235;0.0356817;-0.153381
0.0643648;0.0399433;-0.186932
0.0657419;0.0472656;-0.186932
0.0671168;0.054588;-0.186932
0.068949;0.0399433;-0.179609
0.0700916;0.0472656;-0.179609
0.0710299;0.054588;-0.179609
0.0745026;0.0399433;-0.172287
0.0751539;0.0472656;-0.172287
0.0758694;0.054588;-0.172287
0.0678542;0.0588495;-0.186932
0.0690206;0.0661719;-0.186932
0.0701688;0.0734942;-0.186932
0.0715763;0.0588495;-0.179609
0.0725212;0.0661719;-0.179609
0.0732796;0.0734942;-0.179609
0.0762198;0.0588495;-0.172287
0.076716;0.0661719;-0.172287
0.0772571;0.0734942;-0.172287
0.0779985;0.0399433;-0.168025
0.0784437;0.0472656;-0.168025
0.0789604;0.054588;-0.168025
0.0843251;0.0399433;-0.160703
0.0845936;0.0472656;-0.160703
0.0846214;0.054588;-0.160703
0.0911611;0.0399433;-0.153381
0.0909284;0.0472656;-0.153381
0.0908023;0.054588;-0.153381
0.0791957;0.0588495;-0.168025
0.0794948;0.0661719;-0.168025
0.0798475;0.0734942;-0.168025
0.0846594;0.0588495;-0.160703
0.0847726;0.0661719;-0.160703
0.0846665;0.0734942;-0.160703
0.0906575;0.0588495;-0.153381
0.0902931;0.0661719;-0.153381
0.0900204;0.0734942;-0.153381
0.0707369;0.0777558;-0.224744
0.0723317;0.0850781;-0.224744
0.0737775;0.0924005;-0.224744
0.0687379;0.0777558;-0.217422
0.070322;0.0850781;-0.217422
0.0718267;0.0924005;-0.217422
0.0676229;0.0777558;-0.2101
0.0691859;0.0850781;-0.2101
0.0706293;0.0924005;-0.2101
0.0745794;0.096662;-0.224744
0.0758924;0.103984;-0.224744
0.0770569;0.111307;-0.224744
0.0726407;0.096662;-0.217422
0.0739355;0.103984;-0.217422
0.0751498;0.111307;-0.217422
0.0714188;0.096662;-0.2101
0.0726943;0.103984;-0.2101
0.073849;0.111307;-0.2101
0.0674403;0.0777558;-0.205838
0.0689399;0.0850781;-0.205838
0.0703335;0.0924005;-0.205838
0.0679212;0.0777558;-0.198516
0.0692852;0.0850781;-0.198516
0.0705153;0.0924005;-0.198516
0.0694509;0.0777558;-0.191193
0.0705563;0.0850781;-0.191193
0.0716155;0.0924005;-0.191193
0.071092;0.096662;-0.205838
0.0723108;0.103984;-0.205838
0.0734213;0.111307;-0.205838
0.0711911;0.096662;-0.198516
0.0722863;0.103984;-0.198516
0.073258;0.111307;-0.198516
0.0721755;0.096662;-0.191193
0.0730476;0.103984;-0.191193
0.0738649;0.111307;-0.191193
0.0776932;0.115568;-0.224744
0.0787187;0.122891;-0.224744
0.0795963;0.130213;-0.224744
0.075795;0.115568;-0.217422
0.0768;0.122891;-0.217422
0.0777245;0.130213;-0.217422
0.074472;0.115568;-0.2101
0.0754633;0.122891;-0.2101
0.0763331;0.130213;-0.2101
0.0800645;0.134475;-0.224744
0.0807993;0.141797;-0.224744
0.0813866;0.149119;-0.224744
0.0782013;0.134475;-0.217422
0.078917;0.141797;-0.217422
0.0795529;0.149119;-0.217422
0.0767915;0.134475;-0.2101
0.0775023;0.141797;-0.2101
0.0780904;0.149119;-0.2101
0.0740171;0.115568;-0.205838
0.0749594;0.122891;-0.205838
0.0757915;0.130213;-0.205838
0.0737818;0.115568;-0.198516
0.074613;0.122891;-0.198516
0.0753301;0.130213;-0.198516
0.0742872;0.115568;-0.191193
0.0749284;0.122891;-0.191193
0.0755073;0.130213;-0.191193
0.076227;0.134475;-0.205838
0.076897;0.141797;-0.205838
0.0774549;0.149119;-0.205838
0.0757045;0.134475;-0.198516
0.0762764;0.141797;-0.198516
0.0767427;0.149119;-0.198516
0.075794;0.134475;-0.191193
0.076207;0.141797;-0.191193
0.0765514;0.149119;-0.191193
0.0707775;0.0777558;-0.186932
0.0717286;0.0850781;-0.186932
0.0726491;0.0924005;-0.186932
0.0737151;0.0777558;-0.179609
0.0744586;0.0850781;-0.179609
0.0750326;0.0924005;-0.179609
0.0775103;0.0777558;-0.172287
0.0778466;0.0850781;-0.172287
0.0782121;0.0924005;-0.172287
0.0731287;0.096662;-0.186932
0.0738637;0.103984;-0.186932
0.074558;0.111307;-0.186932
0.075356;0.096662;-0.179609
0.0758982;0.103984;-0.179609
0.0762869;0.111307;-0.179609
0.0783673;0.096662;-0.172287
0.0785427;0.103984;-0.172287
0.078734;0.111307;-0.172287
0.0799917;0.0777558;-0.168025
0.0801419;0.0850781;-0.168025
0.0803306;0.0924005;-0.168025
0.0846212;0.0777558;-0.160703
0.0845816;0.0850781;-0.160703
0.0843433;0.0924005;-0.160703
0.0897959;0.0777558;-0.153381
0.0893048;0.0850781;-0.153381
0.0888923;0.0924005;-0.153381
0.0803837;0.096662;-0.168025
0.0803853;0.103984;-0.168025
0.0804125;0.111307;-0.168025
0.0842166;0.096662;-0.160703
0.0840286;0.103984;-0.160703
0.083662;0.111307;-0.160703
0.0885921;0.096662;-0.153381
0.0879808;0.103984;-0.153381
0.0874368;0.111307;-0.153381
0.0749093;0.115568;-0.186932
0.0754296;0.122891;-0.186932
0.0759007;0.130213;-0.186932
0.0764984;0.115568;-0.179609
0.0768414;0.122891;-0.179609
0.0770458;0.130213;-0.179609
0.078792;0.115568;-0.172287
0.0788077;0.122891;-0.172287
0.0788277;0.130213;-0.172287
0.0761254;0.134475;-0.186932
0.0764332;0.141797;-0.186932
0.0766847;0.149119;-0.186932
0.0771468;0.134475;-0.179609
0.0772937;0.141797;-0.179609
0.0773156;0.149119;-0.179609
0.0787901;0.134475;-0.172287
0.0786484;0.141797;-0.172287
0.0785008;0.149119;-0.172287
0.080376;0.115568;-0.168025
0.0802311;0.122891;-0.168025
0.0801005;0.130213;-0.168025
0.0834568;0.115568;-0.160703
0.0831264;0.122891;-0.160703
0.0826363;0.130213;-0.160703
0.0870656;0.115568;-0.153381
0.0863419;0.122891;-0.153381
0.0856751;0.130213;-0.153381
0.0799765;0.134475;-0.168025
0.0796882;0.141797;-0.168025
0.0794043;0.149119;-0.168025
0.0823559;0.134475;-0.160703
0.0818895;0.141797;-0.160703
0.081281;0.149119;-0.160703
0.0852378;0.134475;-0.153381
0.0844099;0.141797;-0.153381
0.0836292;0.149119;-0.153381
0.106571;0.153381;-0.300369
0.105621;0.160703;-0.300369
0.104517;0.168025;-0.300369
0.104696;0.153381;-0.293047
0.103852;0.160703;-0.293047
0.102993;0.168025;-0.293047
0.102499;0.153381;-0.285725
0.101908;0.160703;-0.285725
0.101152;0.168025;-0.285725
0.103846;0.172287;-0.300369
0.102643;0.179609;-0.300369
0.101282;0.186932;-0.300369
0.102426;0.172287;-0.293047
0.101331;0.179609;-0.293047
0.100205;0.186932;-0.293047
0.100683;0.172287;-0.285725
0.0998298;0.179609;-0.285725
0.0988068;0.186932;-0.285725
0.10115;0.153381;-0.281463
0.100656;0.160703;-0.281463
0.100002;0.168025;-0.281463
0.0987137;0.153381;-0.274141
0.098317;0.160703;-0.274141
0.0978984;0.168025;-0.274141
0.0960816;0.153381;-0.266818
0.0959212;0.160703;-0.266818
0.0955911;0.168025;-0.266818
0.0995909;0.172287;-0.281463
0.0988315;0.179609;-0.281463
0.0979087;0.186932;-0.281463
0.0975843;0.172287;-0.274141
0.0969217;0.179609;-0.274141
0.0962236;0.186932;-0.274141
0.0953673;0.172287;-0.266818
0.0949291;0.179609;-0.266818
0.0943187;0.186932;-0.266818
0.100455;0.191193;-0.300369
0.0989741;0.198516;-0.300369
0.0973321;0.205838;-0.300369
0.099479;0.191193;-0.293047
0.098109;0.198516;-0.293047
0.0966944;0.205838;-0.293047
0.098178;0.191193;-0.285725
0.097041;0.198516;-0.285725
0.0957303;0.205838;-0.285725
0.0963364;0.2101;-0.300369
0.0945576;0.217422;-0.300369
0.0926129;0.224744;-0.300369
0.0957982;0.2101;-0.293047
0.0941319;0.217422;-0.293047
0.0924098;0.224744;-0.293047
0.0949299;0.2101;-0.285725
0.0934904;0.217422;-0.285725
0.091873;0.224744;-0.285725
0.0973357;0.191193;-0.281463
0.0962903;0.198516;-0.281463
0.0950778;0.205838;-0.281463
0.0957448;0.191193;-0.274141
0.0947965;0.198516;-0.274141
0.0938013;0.205838;-0.274141
0.0939276;0.191193;-0.266818
0.0931951;0.198516;-0.266818
0.0922878;0.205838;-0.266818
0.0943321;0.2101;-0.281463
0.0929827;0.217422;-0.281463
0.0914625;0.224744;-0.281463
0.0931478;0.2101;-0.274141
0.0918965;0.217422;-0.274141
0.0905893;0.224744;-0.274141
0.0917207;0.2101;-0.266818
0.0906798;0.217422;-0.266818
0.0894611;0.224744;-0.266818
0.0945392;0.153381;-0.262557
0.0944645;0.160703;-0.262557
0.0942259;0.168025;-0.262557
0.0918829;0.153381;-0.255234
0.0918853;0.160703;-0.255234
0.0918518;0.168025;-0.255234
0.0891885;0.153381;-0.247912
0.0893857;0.160703;-0.247912
0.0894152;0.168025;-0.247912
0.0940525;0.172287;-0.262557
0.0936965;0.179609;-0.262557
0.0931742;0.186932;-0.262557
0.0917607;0.172287;-0.255234
0.0914804;0.179609;-0.255234
0.0911542;0.186932;-0.255234
0.0893956;0.172287;-0.247912
0.0893004;0.179609;-0.247912
0.0890365;0.186932;-0.247912
0.0876808;0.153381;-0.24365
0.0879403;0.160703;-0.24365
0.0880379;0.168025;-0.24365
0.085213;0.153381;-0.236328
0.0855135;0.160703;-0.236328
0.0857579;0.168025;-0.236328
0.0828961;0.153381;-0.229006
0.0833157;0.160703;-0.229006
0.0835807;0.168025;-0.229006
0.0880555;0.172287;-0.24365
0.0880205;0.179609;-0.24365
0.0878228;0.186932;-0.24365
0.0858307;0.172287;-0.236328
0.0858369;0.179609;-0.236328
0.0857823;0.186932;-0.236328
0.083693;0.172287;-0.229006
0.0838165;0.179609;-0.229006
0.0837854;0.186932;-0.229006
0.0928321;0.191193;-0.262557
0.0921796;0.198516;-0.262557
0.0913584;0.205838;-0.262557
0.0908916;0.191193;-0.255234
0.0903149;0.198516;-0.255234
0.0896844;0.205838;-0.255234
0.0888437;0.191193;-0.247912
0.0884465;0.198516;-0.247912
0.0878793;0.205838;-0.247912
0.0908395;0.2101;-0.262557
0.0898777;0.217422;-0.262557
0.0887445;0.224744;-0.262557
0.0892435;0.2101;-0.255234
0.0883588;0.217422;-0.255234
0.0874143;0.224744;-0.255234
0.0875081;0.2101;-0.247912
0.0868006;0.217422;-0.247912
0.0859213;0.224744;-0.247912
0.0876665;0.191193;-0.24365
0.087329;0.198516;-0.24365
0.0868276;0.205838;-0.24365
0.0856807;0.191193;-0.236328
0.0853866;0.198516;-0.236328
0.0850283;0.205838;-0.236328
0.0837247;0.191193;-0.229006
0.0835497;0.198516;-0.229006
0.0832193;0.205838;-0.229006
0.0864931;0.2101;-0.24365
0.0858461;0.217422;-0.24365
0.0850335;0.224744;-0.24365
0.0847494;0.2101;-0.236328
0.0841495;0.217422;-0.236328
0.083483;0.224744;-0.236328
0.0829839;0.2101;-0.229006
0.0825077;0.217422;-0.229006
0.0818746;0.224744;-0.229006
0.0914369;0.229006;-0.300369
0.0893406;0.236328;-0.300369
0.0870737;0.24365;-0.300369
0.0913321;0.229006;-0.293047
0.0893503;0.236328;-0.293047
0.0873034;0.24365;-0.293047
0.0908907;0.229006;-0.285725
0.089132;0.236328;-0.285725
0.0871908;0.24365;-0.285725
0.0857067;0.247912;-0.300369
0.0832753;0.255234;-0.300369
0.0806678;0.262557;-0.300369
0.086034;0.247912;-0.293047
0.0837189;0.255234;-0.293047
0.0813319;0.262557;-0.293047
0.0860173;0.247912;-0.285725
0.0839243;0.255234;-0.285725
0.0816432;0.262557;-0.285725
0.0905345;0.229006;-0.281463
0.0888653;0.236328;-0.281463
0.087021;0.24365;-0.281463
0.0897522;0.229006;-0.274141
0.0881824;0.236328;-0.274141
0.0865499;0.24365;-0.274141
0.0887103;0.229006;-0.266818
0.0873486;0.236328;-0.266818
0.0858055;0.24365;-0.266818
0.0859016;0.247912;-0.281463
0.0838984;0.255234;-0.281463
0.0817147;0.262557;-0.281463
0.085521;0.247912;-0.274141
0.0836184;0.255234;-0.274141
0.0816482;0.262557;-0.274141
0.0848638;0.247912;-0.266818
0.0831699;0.255234;-0.266818
0.0812899;0.262557;-0.266818
0.0790999;0.266818;-0.300369
0.0763173;0.274141;-0.300369
0.0733514;0.281463;-0.300369
0.0798613;0.266818;-0.293047
0.0771958;0.274141;-0.293047
0.0744539;0.281463;-0.293047
0.0802697;0.266818;-0.285725
0.0778284;0.274141;-0.285725
0.0751918;0.281463;-0.285725
0.0715727;0.285725;-0.300369
0.0684237;0.293047;-0.300369
0.065084;0.300369;-0.300369
0.0727729;0.285725;-0.293047
0.0697412;0.293047;-0.293047
0.0666324;0.300369;-0.293047
0.0736103;0.285725;-0.285725
0.070808;0.293047;-0.285725
0.0678008;0.300369;-0.285725
0.0803958;0.266818;-0.281463
0.0780451;0.274141;-0.281463
0.0755072;0.281463;-0.281463
0.0804199;0.266818;-0.274141
0.0781708;0.274141;-0.274141
0.0758515;0.281463;-0.274141
0.0801506;0.266818;-0.266818
0.0781137;0.274141;-0.266818
0.0758847;0.281463;-0.266818
0.0739811;0.285725;-0.281463
0.0712706;0.293047;-0.281463
0.0683637;0.300369;-0.281463
0.0744165;0.285725;-0.274141
0.0718072;0.293047;-0.274141
0.0691273;0.300369;-0.274141
0.0745414;0.285725;-0.266818
0.0721509;0.293047;-0.266818
0.0695599;0.300369;-0.266818
0.0880415;0.229006;-0.262557
0.0867592;0.236328;-0.262557
0.0853017;0.24365;-0.262557
0.0867891;0.229006;-0.255234
0.0855857;0.236328;-0.255234
0.0843181;0.24365;-0.255234
0.0853669;0.229006;-0.247912
0.0843416;0.236328;-0.247912
0.0831419;0.24365;-0.247912
0.0844084;0.247912;-0.262557
0.0827949;0.255234;-0.262557
0.0810017;0.262557;-0.262557
0.0835031;0.247912;-0.255234
0.0819709;0.255234;-0.255234
0.0803716;0.262557;-0.255234
0.0823999;0.247912;-0.247912
0.0810494;0.255234;-0.247912
0.0795209;0.262557;-0.247912
0.0845167;0.229006;-0.24365
0.0835539;0.236328;-0.24365
0.0824228;0.24365;-0.24365
0.0830237;0.229006;-0.236328
0.0821126;0.236328;-0.236328
0.0811332;0.24365;-0.236328
0.0814627;0.229006;-0.229006
0.0806821;0.236328;-0.229006
0.0797424;0.24365;-0.229006
0.0817197;0.247912;-0.24365
0.0804347;0.255234;-0.24365
0.0789774;0.262557;-0.24365
0.0804906;0.247912;-0.236328
0.0792623;0.255234;-0.236328
0.077965;0.262557;-0.236328
0.0791519;0.247912;-0.229006
0.078063;0.255234;-0.229006
0.0768118;0.262557;-0.229006
0.0799117;0.266818;-0.262557
0.0779571;0.274141;-0.262557
0.0758167;0.281463;-0.262557
0.0793614;0.266818;-0.255234
0.0774903;0.274141;-0.255234
0.0755509;0.281463;-0.255234
0.0785866;0.266818;-0.247912
0.0769035;0.274141;-0.247912
0.0750373;0.281463;-0.247912
0.0745239;0.285725;-0.262557
0.0722182;0.293047;-0.262557
0.0697183;0.300369;-0.262557
0.0743396;0.285725;-0.255234
0.0721189;0.293047;-0.255234
0.0698304;0.300369;-0.255234
0.0739059;0.285725;-0.247912
0.0718821;0.293047;-0.247912
0.0696687;0.300369;-0.247912
0.0780841;0.266818;-0.24365
0.07647;0.274141;-0.24365
0.0746785;0.281463;-0.24365
0.0771354;0.266818;-0.236328
0.0755833;0.274141;-0.236328
0.0739621;0.281463;-0.236328
0.0760398;0.266818;-0.229006
0.0746378;0.274141;-0.229006
0.0730693;0.281463;-0.229006
0.0735903;0.285725;-0.24365
0.0716399;0.293047;-0.24365
0.0695048;0.300369;-0.24365
0.0729418;0.285725;-0.236328
0.071058;0.293047;-0.236328
0.0691063;0.300369;-0.236328
0.0721123;0.285725;-0.229006
0.0703913;0.293047;-0.229006
0.0684983;0.300369;-0.229006
0.0816853;0.153381;-0.224744
0.0821276;0.160703;-0.224744
0.0824225;0.168025;-0.224744
0.0798619;0.153381;-0.217422
0.0802891;0.160703;-0.217422
0.0806378;0.168025;-0.217422
0.0783863;0.153381;-0.2101
0.0788196;0.160703;-0.2101
0.079129;0.168025;-0.2101
0.0825507;0.172287;-0.224744
0.0826991;0.179609;-0.224744
0.0827;0.186932;-0.224744
0.0807795;0.172287;-0.217422
0.080919;0.179609;-0.217422
0.0809812;0.186932;-0.217422
0.0792639;0.172287;-0.2101
0.0794222;0.179609;-0.2101
0.079455;0.186932;-0.2101
0.0777325;0.153381;-0.205838
0.0781336;0.160703;-0.205838
0.0784208;0.168025;-0.205838
0.0769699;0.153381;-0.198516
0.0772867;0.160703;-0.198516
0.0775055;0.168025;-0.198516
0.0767045;0.153381;-0.191193
0.0768923;0.160703;-0.191193
0.0770058;0.168025;-0.191193
0.0785424;0.172287;-0.205838
0.0786777;0.179609;-0.205838
0.0786967;0.186932;-0.205838
0.0775875;0.172287;-0.198516
0.0776527;0.179609;-0.198516
0.0776265;0.186932;-0.198516
0.077027;0.172287;-0.191193
0.0769919;0.179609;-0.191193
0.0768774;0.186932;-0.191193
0.0826568;0.191193;-0.224744
0.0825101;0.198516;-0.224744
0.0822149;0.205838;-0.224744
0.080956;0.191193;-0.217422
0.0808079;0.198516;-0.217422
0.0805841;0.205838;-0.217422
0.0794299;0.191193;-0.2101
0.0793148;0.198516;-0.2101
0.0790722;0.205838;-0.2101
0.0819993;0.2101;-0.224744
0.0815559;0.217422;-0.224744
0.0809623;0.224744;-0.224744
0.0803917;0.2101;-0.217422
0.0799555;0.217422;-0.217422
0.0794448;0.224744;-0.217422
0.0788877;0.2101;-0.2101
0.0784995;0.217422;-0.2101
0.0779814;0.224744;-0.2101
0.0786636;0.191193;-0.205838
0.0785349;0.198516;-0.205838
0.0782874;0.205838;-0.205838
0.0775648;0.191193;-0.198516
0.0773806;0.198516;-0.198516
0.0771107;0.205838;-0.198516
0.0767679;0.191193;-0.191193
0.0765116;0.198516;-0.191193
0.0761706;0.205838;-0.191193
0.0781002;0.2101;-0.205838
0.0777081;0.217422;-0.205838
0.0771943;0.224744;-0.205838
0.076906;0.2101;-0.198516
0.0764735;0.217422;-0.198516
0.0759603;0.224744;-0.198516
0.0759312;0.2101;-0.191193
0.0754539;0.217422;-0.191193
0.0748868;0.224744;-0.191193
0.0767845;0.153381;-0.186932
0.0768823;0.160703;-0.186932
0.0769174;0.168025;-0.186932
0.0773076;0.153381;-0.179609
0.0772617;0.160703;-0.179609
0.0771031;0.168025;-0.179609
0.0783695;0.153381;-0.172287
0.0780728;0.160703;-0.172287
0.0777611;0.168025;-0.172287
0.0768939;0.172287;-0.186932
0.0767838;0.179609;-0.186932
0.0766052;0.186932;-0.186932
0.0769875;0.172287;-0.179609
0.0767518;0.179609;-0.179609
0.0764142;0.186932;-0.179609
0.0775377;0.172287;-0.172287
0.0770884;0.179609;-0.172287
0.0766155;0.186932;-0.172287
0.0791949;0.153381;-0.168025
0.0787665;0.160703;-0.168025
0.0783334;0.168025;-0.168025
0.0809287;0.153381;-0.160703
0.0803327;0.160703;-0.160703
0.0796107;0.168025;-0.160703
0.0831306;0.153381;-0.153381
0.0822059;0.160703;-0.153381
0.0813195;0.168025;-0.153381
0.0780408;0.172287;-0.168025
0.0774751;0.179609;-0.168025
0.0768962;0.186932;-0.168025
0.0791895;0.172287;-0.160703
0.0784692;0.179609;-0.160703
0.0776377;0.186932;-0.160703
0.0807642;0.172287;-0.153381
0.0797495;0.179609;-0.153381
0.0787644;0.186932;-0.153381
0.0764595;0.191193;-0.186932
0.0761428;0.198516;-0.186932
0.0757519;0.205838;-0.186932
0.076192;0.191193;-0.179609
0.0757684;0.198516;-0.179609
0.0752524;0.205838;-0.179609
0.0763013;0.191193;-0.172287
0.0757006;0.198516;-0.172287
0.0750681;0.205838;-0.172287
0.0754846;0.2101;-0.186932
0.0749616;0.217422;-0.186932
0.0743586;0.224744;-0.186932
0.074924;0.2101;-0.179609
0.0743133;0.217422;-0.179609
0.0736182;0.224744;-0.179609
0.0746636;0.2101;-0.172287
0.0739117;0.217422;-0.172287
0.0731199;0.224744;-0.172287
0.0765219;0.191193;-0.168025
0.0758207;0.198516;-0.168025
0.0750981;0.205838;-0.168025
0.0771499;0.191193;-0.160703
0.0763096;0.198516;-0.160703
0.0753711;0.205838;-0.160703
0.0781558;0.191193;-0.153381
0.0770565;0.198516;-0.153381
0.0759782;0.205838;-0.153381
0.0746428;0.2101;-0.168025
0.0738067;0.217422;-0.168025
0.072941;0.224744;-0.168025
0.0748183;0.2101;-0.160703
0.0738604;0.217422;-0.160703
0.0728157;0.224744;-0.160703
0.0753189;0.2101;-0.153381
0.0741384;0.217422;-0.153381
0.0729701;0.224744;-0.153381
0.0805731;0.229006;-0.224744
0.0798305;0.236328;-0.224744
0.0789353;0.24365;-0.224744
0.0790847;0.229006;-0.217422
0.0783587;0.236328;-0.217422
0.0775595;0.24365;-0.217422
0.0776372;0.229006;-0.2101
0.0769754;0.236328;-0.2101
0.0761803;0.24365;-0.2101
0.0783705;0.247912;-0.224744
0.0773255;0.255234;-0.224744
0.0761244;0.262557;-0.224744
0.0770303;0.247912;-0.217422
0.0760114;0.255234;-0.217422
0.0749209;0.262557;-0.217422
0.0756755;0.247912;-0.2101
0.0747377;0.255234;-0.2101
0.0736629;0.262557;-0.2101
0.076853;0.229006;-0.205838
0.076197;0.236328;-0.205838
0.0754156;0.24365;-0.205838
0.0756124;0.229006;-0.198516
0.074931;0.236328;-0.198516
0.0741732;0.24365;-0.198516
0.0745172;0.229006;-0.191193
0.073818;0.236328;-0.191193
0.0730235;0.24365;-0.191193
0.0749193;0.247912;-0.205838
0.0739973;0.255234;-0.205838
0.0729455;0.262557;-0.205838
0.0736813;0.247912;-0.198516
0.072749;0.255234;-0.198516
0.0717437;0.262557;-0.198516
0.0725226;0.247912;-0.191193
0.071599;0.255234;-0.191193
0.0705741;0.262557;-0.191193
0.0753816;0.266818;-0.224744
0.07403;0.274141;-0.224744
0.0725174;0.281463;-0.224744
0.0742204;0.266818;-0.217422
0.0729044;0.274141;-0.217422
0.0715181;0.281463;-0.217422
0.0729954;0.266818;-0.2101
0.0717781;0.274141;-0.2101
0.070419;0.281463;-0.2101
0.0715934;0.285725;-0.224744
0.0699296;0.293047;-0.224744
0.0680985;0.300369;-0.224744
0.0706434;0.285725;-0.217422
0.0690244;0.293047;-0.217422
0.0673367;0.300369;-0.217422
0.0695862;0.285725;-0.2101
0.0680841;0.293047;-0.2101
0.0664346;0.300369;-0.2101
0.0722923;0.266818;-0.205838
0.0711008;0.274141;-0.205838
0.0697741;0.281463;-0.205838
0.0711058;0.266818;-0.198516
0.0699188;0.274141;-0.198516
0.0686616;0.281463;-0.198516
0.0699397;0.266818;-0.191193
0.0687874;0.274141;-0.191193
0.0675274;0.281463;-0.191193
0.0689612;0.285725;-0.205838
0.0674951;0.293047;-0.205838
0.0658872;0.300369;-0.205838
0.0678747;0.285725;-0.198516
0.0664273;0.293047;-0.198516
0.0649121;0.300369;-0.198516
0.0667565;0.285725;-0.191193
0.0653693;0.293047;-0.191193
0.0638675;0.300369;-0.191193
0.0739693;0.229006;-0.186932
0.0732388;0.236328;-0.186932
0.0724222;0.24365;-0.186932
0.0731832;0.229006;-0.179609
0.0723843;0.236328;-0.179609
0.071508;0.24365;-0.179609
0.0726247;0.229006;-0.172287
0.07172;0.236328;-0.172287
0.0707673;0.24365;-0.172287
0.0719098;0.247912;-0.186932
0.070969;0.255234;-0.186932
0.0699355;0.262557;-0.186932
0.0709649;0.247912;-0.179609
0.0699753;0.255234;-0.179609
0.0689138;0.262557;-0.179609
0.07018;0.247912;-0.172287
0.0691191;0.255234;-0.172287
0.0680019;0.262557;-0.172287
0.0724045;0.229006;-0.168025
0.0714322;0.236328;-0.168025
0.0704219;0.24365;-0.168025
0.0721982;0.229006;-0.160703
0.0711232;0.236328;-0.160703
0.0699711;0.24365;-0.160703
0.0722615;0.229006;-0.153381
0.071001;0.236328;-0.153381
0.0697436;0.24365;-0.153381
0.069803;0.247912;-0.168025
0.0686911;0.255234;-0.168025
0.0675328;0.262557;-0.168025
0.0692879;0.247912;-0.160703
0.0680937;0.255234;-0.160703
0.0668306;0.262557;-0.160703
0.0689857;0.247912;-0.153381
0.0676438;0.255234;-0.153381
0.0662956;0.262557;-0.153381
0.0692977;0.266818;-0.186932
0.0681421;0.274141;-0.186932
0.0668868;0.281463;-0.186932
0.0682601;0.266818;-0.179609
0.0670751;0.274141;-0.179609
0.0658226;0.281463;-0.179609
0.06732;0.266818;-0.172287
0.0660975;0.274141;-0.172287
0.0648101;0.281463;-0.172287
0.0661202;0.285725;-0.186932
0.0647435;0.293047;-0.186932
0.0632592;0.300369;-0.186932
0.0650547;0.285725;-0.179609
0.0636677;0.293047;-0.179609
0.0622164;0.300369;-0.179609
0.0640296;0.285725;-0.172287
0.0626381;0.293047;-0.172287
0.0611725;0.300369;-0.172287
0.0668288;0.266818;-0.168025
0.0655722;0.274141;-0.168025
0.0642599;0.281463;-0.168025
0.0660795;0.266818;-0.160703
0.0647618;0.274141;-0.160703
0.0633815;0.281463;-0.160703
0.0654864;0.266818;-0.153381
0.0640591;0.274141;-0.153381
0.0626152;0.281463;-0.153381
0.063467;0.285725;-0.168025
0.0620579;0.293047;-0.168025
0.0605834;0.300369;-0.168025
0.0625585;0.285725;-0.160703
0.0611101;0.293047;-0.160703
0.059604;0.300369;-0.160703
0.0617515;0.285725;-0.153381
0.0602315;0.293047;-0.153381
0.058684;0.300369;-0.153381
0.0959926;0.00213077;-0.149119
0.095857;0.00945312;-0.149119
0.095861;0.0167755;-0.149119
0.104364;0.00213077;-0.141797
0.104192;0.00945312;-0.141797
0.103698;0.0167755;-0.141797
0.112884;0.00213077;-0.134475
0.112218;0.00945312;-0.134475
0.1117;0.0167755;-0.134475
0.0957809;0.021037;-0.149119
0.0955073;0.0283594;-0.149119
0.0953555;0.0356817;-0.149119
0.10345;0.021037;-0.141797
0.103108;0.0283594;-0.141797
0.102469;0.0356817;-0.141797
0.111307;0.021037;-0.134475
0.110479;0.0283594;-0.134475
0.109786;0.0356817;-0.134475
0.117705;0.00213077;-0.130213
0.116905;0.00945312;-0.130213
0.116247;0.0167755;-0.130213
0.125736;0.00213077;-0.122891
0.124969;0.00945312;-0.122891
0.12385;0.0167755;-0.122891
0.133763;0.00213077;-0.115568
0.132536;0.00945312;-0.115568
0.131455;0.0167755;-0.115568
0.115772;0.021037;-0.130213
0.114803;0.0283594;-0.130213
0.113965;0.0356817;-0.130213
0.123237;0.021037;-0.122891
0.122271;0.0283594;-0.122891
0.120979;0.0356817;-0.122891
0.130725;0.021037;-0.115568
0.129306;0.0283594;-0.115568
0.128025;0.0356817;-0.115568
0.09519;0.0399433;-0.149119
0.0947798;0.0472656;-0.149119
0.0944761;0.054588;-0.149119
0.102131;0.0399433;-0.141797
0.101627;0.0472656;-0.141797
0.10085;0.054588;-0.141797
0.109298;0.0399433;-0.134475
0.108319;0.0472656;-0.134475
0.107465;0.054588;-0.134475
0.0942279;0.0588495;-0.149119
0.0936859;0.0661719;-0.149119
0.0932371;0.0734942;-0.149119
0.100428;0.0588495;-0.141797
0.0997719;0.0661719;-0.141797
0.0988665;0.0734942;-0.141797
0.106889;0.0588495;-0.134475
0.105771;0.0661719;-0.134475
0.104768;0.0734942;-0.134475
0.113392;0.0399433;-0.130213
0.112267;0.0472656;-0.130213
0.111263;0.054588;-0.130213
0.120263;0.0399433;-0.122891
0.119114;0.0472656;-0.122891
0.117666;0.054588;-0.122891
0.127186;0.0399433;-0.115568
0.125593;0.0472656;-0.115568
0.124131;0.054588;-0.115568
0.1106;0.0588495;-0.130213
0.109333;0.0661719;-0.130213
0.108179;0.0734942;-0.130213
0.116856;0.0588495;-0.122891
0.115543;0.0661719;-0.122891
0.113956;0.0734942;-0.122891
0.123195;0.0588495;-0.115568
0.121448;0.0661719;-0.115568
0.119826;0.0734942;-0.115568
0.138229;0.00213077;-0.111307
0.136893;0.00945312;-0.111307
0.135698;0.0167755;-0.111307
0.145544;0.00213077;-0.103984
0.144293;0.00945312;-0.103984
0.142667;0.0167755;-0.103984
0.152753;0.00213077;-0.096662
0.151069;0.00945312;-0.096662
0.149529;0.0167755;-0.096662
0.134902;0.021037;-0.111307
0.133367;0.0283594;-0.111307
0.131967;0.0356817;-0.111307
0.141757;0.021037;-0.103984
0.14028;0.0283594;-0.103984
0.138456;0.0356817;-0.103984
0.148526;0.021037;-0.096662
0.146625;0.0283594;-0.096662
0.144862;0.0356817;-0.096662
0.156694;0.00213077;-0.0924005
0.154923;0.00945312;-0.0924005
0.15329;0.0167755;-0.0924005
0.163031;0.00213077;-0.0850781
0.161387;0.00945312;-0.0850781
0.159351;0.0167755;-0.0850781
0.169185;0.00213077;-0.0777558
0.167135;0.00945312;-0.0777558
0.165226;0.0167755;-0.0777558
0.152233;0.021037;-0.0924005
0.150239;0.0283594;-0.0924005
0.14838;0.0356817;-0.0924005
0.158201;0.021037;-0.0850781
0.156309;0.0283594;-0.0850781
0.154055;0.0356817;-0.0850781
0.164002;0.021037;-0.0777558
0.161715;0.0283594;-0.0777558
0.159565;0.0356817;-0.0777558
0.131059;0.0399433;-0.111307
0.129346;0.0472656;-0.111307
0.12776;0.054588;-0.111307
0.13743;0.0399433;-0.103984
0.135749;0.0472656;-0.103984
0.13375;0.054588;-0.103984
0.143738;0.0399433;-0.096662
0.141643;0.0472656;-0.096662
0.139681;0.054588;-0.096662
0.126752;0.0588495;-0.111307
0.124882;0.0661719;-0.111307
0.123133;0.0734942;-0.111307
0.13262;0.0588495;-0.103984
0.13076;0.0661719;-0.103984
0.128607;0.0734942;-0.103984
0.138449;0.0588495;-0.096662
0.136185;0.0661719;-0.096662
0.13405;0.0734942;-0.096662
0.147198;0.0399433;-0.0924005
0.145006;0.0472656;-0.0924005
0.142944;0.054588;-0.0924005
0.152777;0.0399433;-0.0850781
0.150665;0.0472656;-0.0850781
0.148218;0.054588;-0.0850781
0.15821;0.0399433;-0.0777558
0.155712;0.0472656;-0.0777558
0.153348;0.054588;-0.0777558
0.141654;0.0588495;-0.0924005
0.139289;0.0661719;-0.0924005
0.137051;0.0734942;-0.0924005
0.146828;0.0588495;-0.0850781
0.144522;0.0661719;-0.0850781
0.141909;0.0734942;-0.0850781
0.151878;0.0588495;-0.0777558
0.149197;0.0661719;-0.0777558
0.146649;0.0734942;-0.0777558
0.0929102;0.0777558;-0.149119
0.0922436;0.0850781;-0.149119
0.0916586;0.0924005;-0.149119
0.098367;0.0777558;-0.141797
0.0975703;0.0850781;-0.141797
0.096548;0.0924005;-0.141797
0.104113;0.0777558;-0.134475
0.102871;0.0850781;-0.134475
0.101735;0.0924005;-0.134475
0.0912583;0.096662;-0.149119
0.0904759;0.103984;-0.149119
0.0897647;0.111307;-0.149119
0.0959777;0.096662;-0.141797
0.0950537;0.103984;-0.141797
0.0939268;0.111307;-0.141797
0.10101;0.096662;-0.134475
0.0996589;0.103984;-0.134475
0.098406;0.111307;-0.134475
0.107435;0.0777558;-0.130213
0.106042;0.0850781;-0.130213
0.104754;0.0924005;-0.130213
0.113064;0.0777558;-0.122891
0.111605;0.0850781;-0.122891
0.109897;0.0924005;-0.122891
0.118804;0.0777558;-0.115568
0.116924;0.0850781;-0.115568
0.115162;0.0924005;-0.115568
0.10394;0.096662;-0.130213
0.102438;0.103984;-0.130213
0.101034;0.111307;-0.130213
0.108934;0.096662;-0.122891
0.10735;0.103984;-0.122891
0.105541;0.111307;-0.122891
0.114068;0.096662;-0.115568
0.112075;0.103984;-0.115568
0.110197;0.111307;-0.115568
0.0892968;0.115568;-0.149119
0.0884082;0.122891;-0.149119
0.0875815;0.130213;-0.149119
0.0932934;0.115568;-0.141797
0.0922557;0.122891;-0.141797
0.0910369;0.130213;-0.141797
0.0976187;0.115568;-0.134475
0.0961746;0.122891;-0.134475
0.0948209;0.130213;-0.134475
0.0870519;0.134475;-0.149119
0.0860666;0.141797;-0.149119
0.0851349;0.149119;-0.149119
0.0903479;0.134475;-0.141797
0.08921;0.141797;-0.141797
0.0879118;0.149119;-0.141797
0.0939817;0.134475;-0.134475
0.0924594;0.141797;-0.134475
0.0910211;0.149119;-0.134475
0.100159;0.115568;-0.130213
0.0985646;0.122891;-0.130213
0.0970623;0.130213;-0.130213
0.104518;0.115568;-0.122891
0.102828;0.122891;-0.122891
0.100937;0.130213;-0.122891
0.109042;0.115568;-0.115568
0.106958;0.122891;-0.115568
0.104985;0.130213;-0.115568
0.0961369;0.134475;-0.130213
0.0944675;0.141797;-0.130213
0.0928844;0.149119;-0.130213
0.0998658;0.134475;-0.122891
0.0980903;0.141797;-0.122891
0.0961363;0.149119;-0.122891
0.103781;0.134475;-0.115568
0.101628;0.141797;-0.115568
0.0995814;0.149119;-0.115568
0.122038;0.0777558;-0.111307
0.120031;0.0850781;-0.111307
0.118142;0.0924005;-0.111307
0.127388;0.0777558;-0.103984
0.125372;0.0850781;-0.103984
0.123089;0.0924005;-0.103984
0.132725;0.0777558;-0.096662
0.130316;0.0850781;-0.096662
0.128033;0.0924005;-0.096662
0.116972;0.096662;-0.111307
0.114852;0.103984;-0.111307
0.112844;0.111307;-0.111307
0.121794;0.096662;-0.103984
0.119647;0.103984;-0.103984
0.117258;0.111307;-0.103984
0.12663;0.096662;-0.096662
0.124101;0.103984;-0.096662
0.121696;0.111307;-0.096662
0.135666;0.0777558;-0.0924005
0.133154;0.0850781;-0.0924005
0.130766;0.0924005;-0.0924005
0.140423;0.0777558;-0.0850781
0.137951;0.0850781;-0.0850781
0.135198;0.0924005;-0.0850781
0.145079;0.0777558;-0.0777558
0.142243;0.0850781;-0.0777558
0.139538;0.0924005;-0.0777558
0.129302;0.096662;-0.0924005
0.126668;0.103984;-0.0924005
0.124156;0.111307;-0.0924005
0.133631;0.096662;-0.0850781
0.131021;0.103984;-0.0850781
0.128155;0.111307;-0.0850781
0.137886;0.096662;-0.0777558
0.134922;0.103984;-0.0777558
0.132089;0.111307;-0.0777558
0.111614;0.115568;-0.111307
0.109402;0.122891;-0.111307
0.107299;0.130213;-0.111307
0.115901;0.115568;-0.103984
0.113648;0.122891;-0.103984
0.111176;0.130213;-0.103984
0.12023;0.115568;-0.096662
0.117606;0.122891;-0.096662
0.115104;0.130213;-0.096662
0.106021;0.134475;-0.111307
0.103739;0.141797;-0.111307
0.101565;0.149119;-0.111307
0.109772;0.134475;-0.103984
0.107436;0.141797;-0.103984
0.104905;0.149119;-0.103984
0.11359;0.134475;-0.096662
0.110896;0.141797;-0.096662
0.108323;0.149119;-0.096662
0.122628;0.115568;-0.0924005
0.119898;0.122891;-0.0924005
0.117289;0.130213;-0.0924005
0.126523;0.115568;-0.0850781
0.123803;0.122891;-0.0850781
0.12085;0.130213;-0.0850781
0.13037;0.115568;-0.0777558
0.127307;0.122891;-0.0777558
0.124372;0.130213;-0.0777558
0.115713;0.134475;-0.0924005
0.112912;0.141797;-0.0924005
0.110232;0.149119;-0.0924005
0.119169;0.134475;-0.0850781
0.116364;0.141797;-0.0850781
0.113352;0.149119;-0.0850781
0.122604;0.134475;-0.0777558
0.119468;0.141797;-0.0777558
0.116461;0.149119;-0.0777558
0.172477;0.00213077;-0.0734942
0.170358;0.00945312;-0.0734942
0.168376;0.0167755;-0.0734942
0.17764;0.00213077;-0.0661719
0.175685;0.00945312;-0.0661719
0.173326;0.0167755;-0.0661719
0.182561;0.00213077;-0.0588495
0.180227;0.00945312;-0.0588495
0.178032;0.0167755;-0.0588495
0.16711;0.021037;-0.0734942
0.164749;0.0283594;-0.0734942
0.162522;0.0356817;-0.0734942
0.171986;0.021037;-0.0661719
0.169767;0.0283594;-0.0661719
0.167174;0.0356817;-0.0661719
0.176637;0.021037;-0.0588495
0.174051;0.0283594;-0.0588495
0.1716;0.0356817;-0.0588495
0.18511;0.00213077;-0.054588
0.182724;0.00945312;-0.054588
0.180474;0.0167755;-0.054588
0.188952;0.00213077;-0.0472656
0.186765;0.00945312;-0.0472656
0.184165;0.0167755;-0.0472656
0.192509;0.00213077;-0.0399433
0.18997;0.00945312;-0.0399433
0.187568;0.0167755;-0.0399433
0.179048;0.021037;-0.054588
0.176407;0.0283594;-0.054588
0.1739;0.0356817;-0.054588
0.182683;0.021037;-0.0472656
0.180221;0.0283594;-0.0472656
0.177375;0.0356817;-0.0472656
0.18605;0.021037;-0.0399433
0.183248;0.0283594;-0.0399433
0.180582;0.0356817;-0.0399433
0.161123;0.0399433;-0.0734942
0.158548;0.0472656;-0.0734942
0.156106;0.054588;-0.0734942
0.165698;0.0399433;-0.0661719
0.163245;0.0472656;-0.0661719
0.160446;0.054588;-0.0661719
0.170067;0.0399433;-0.0588495
0.167257;0.0472656;-0.0588495
0.164582;0.054588;-0.0588495
0.154589;0.0588495;-0.0734942
0.151829;0.0661719;-0.0734942
0.149199;0.0734942;-0.0734942
0.158851;0.0588495;-0.0661719
0.156194;0.0661719;-0.0661719
0.153218;0.0734942;-0.0661719
0.162928;0.0588495;-0.0588495
0.159925;0.0661719;-0.0588495
0.157056;0.0734942;-0.0588495
0.172333;0.0399433;-0.054588
0.169467;0.0472656;-0.054588
0.166733;0.054588;-0.054588
0.175752;0.0399433;-0.0472656
0.173045;0.0472656;-0.0472656
0.169984;0.054588;-0.0472656
0.17892;0.0399433;-0.0399433
0.175887;0.0472656;-0.0399433
0.172987;0.054588;-0.0399433
0.165044;0.0588495;-0.054588
0.161982;0.0661719;-0.054588
0.159052;0.0734942;-0.054588
0.168236;0.0588495;-0.0472656
0.165318;0.0661719;-0.0472656
0.162072;0.0734942;-0.0472656
0.1712;0.0588495;-0.0399433
0.167966;0.0661719;-0.0399433
0.164867;0.0734942;-0.0399433
0.194246;0.00213077;-0.0356817
0.191672;0.00945312;-0.0356817
0.189234;0.0167755;-0.0356817
0.19666;0.00213077;-0.0283594
0.194319;0.00945312;-0.0283594
0.191559;0.0167755;-0.0283594
0.198762;0.00213077;-0.021037
0.196097;0.00945312;-0.021037
0.193567;0.0167755;-0.021037
0.187696;0.021037;-0.0356817
0.184857;0.0283594;-0.0356817
0.182153;0.0356817;-0.0356817
0.189983;0.021037;-0.0283594
0.187358;0.0283594;-0.0283594
0.184345;0.0356817;-0.0283594
0.191975;0.021037;-0.021037
0.18904;0.0283594;-0.021037
0.18624;0.0356817;-0.021037
0.199642;0.00213077;-0.0167755
0.19696;0.00945312;-0.0167755
0.194412;0.0167755;-0.0167755
0.200565;0.00213077;-0.00945312
0.198146;0.00945312;-0.00945312
0.195306;0.0167755;-0.00945312
0.201161;0.00213077;-0.00213077
0.198448;0.00945312;-0.00213077
0.195869;0.0167755;-0.00213077
0.192808;0.021037;-0.0167755
0.189856;0.0283594;-0.0167755
0.187037;0.0356817;-0.0167755
0.193683;0.021037;-0.00945312
0.190977;0.0283594;-0.00945312
0.18788;0.0356817;-0.00945312
0.194248;0.021037;-0.00213077
0.191263;0.0283594;-0.00213077
0.188412;0.0356817;-0.00213077
0.180469;0.0399433;-0.0356817
0.177398;0.0472656;-0.0356817
0.174459;0.054588;-0.0356817
0.182623;0.0399433;-0.0283594
0.179748;0.0472656;-0.0283594
0.176513;0.054588;-0.0283594
0.1845;0.0399433;-0.021037
0.181328;0.0472656;-0.021037
0.178291;0.054588;-0.021037
0.172649;0.0588495;-0.0356817
0.169376;0.0661719;-0.0356817
0.166236;0.0734942;-0.0356817
0.174664;0.0588495;-0.0283594
0.171572;0.0661719;-0.0283594
0.168148;0.0734942;-0.0283594
0.176422;0.0588495;-0.021037
0.173046;0.0661719;-0.021037
0.169804;0.0734942;-0.021037
0.185285;0.0399433;-0.0167755
0.182095;0.0472656;-0.0167755
0.179038;0.054588;-0.0167755
0.186109;0.0399433;-0.00945312
0.18315;0.0472656;-0.00945312
0.179829;0.054588;-0.00945312
0.186642;0.0399433;-0.00213077
0.183418;0.0472656;-0.00213077
0.180328;0.054588;-0.00213077
0.177158;0.0588495;-0.0167755
0.173762;0.0661719;-0.0167755
0.170501;0.0734942;-0.0167755
0.177929;0.0588495;-0.00945312
0.174749;0.0661719;-0.00945312
0.171236;0.0734942;-0.00945312
0.178428;0.0588495;-0.00213077
0.174999;0.0661719;-0.00213077
0.171703;0.0734942;-0.00213077
0.147583;0.0777558;-0.0734942
0.144665;0.0850781;-0.0734942
0.141877;0.0924005;-0.0734942
0.151521;0.0777558;-0.0661719
0.14869;0.0850781;-0.0661719
0.145566;0.0924005;-0.0661719
0.155297;0.0777558;-0.0588495
0.152131;0.0850781;-0.0588495
0.149098;0.0924005;-0.0588495
0.140176;0.096662;-0.0734942
0.13713;0.103984;-0.0734942
0.134212;0.111307;-0.0734942
0.143784;0.096662;-0.0661719
0.140807;0.103984;-0.0661719
0.137564;0.111307;-0.0661719
0.147253;0.096662;-0.0588495
0.143953;0.103984;-0.0588495
0.140786;0.111307;-0.0588495
0.157258;0.0777558;-0.054588
0.154032;0.0850781;-0.054588
0.150937;0.0924005;-0.054588
0.160219;0.0777558;-0.0472656
0.157119;0.0850781;-0.0472656
0.153719;0.0924005;-0.0472656
0.162972;0.0777558;-0.0399433
0.159569;0.0850781;-0.0399433
0.1563;0.0924005;-0.0399433
0.149056;0.096662;-0.054588
0.145694;0.103984;-0.054588
0.142464;0.111307;-0.054588
0.151778;0.096662;-0.0472656
0.148528;0.103984;-0.0472656
0.145005;0.111307;-0.0472656
0.154316;0.096662;-0.0399433
0.150775;0.103984;-0.0399433
0.147368;0.111307;-0.0399433
0.132444;0.115568;-0.0734942
0.129297;0.122891;-0.0734942
0.126277;0.130213;-0.0734942
0.135715;0.115568;-0.0661719
0.132622;0.122891;-0.0661719
0.129289;0.130213;-0.0661719
0.138871;0.115568;-0.0588495
0.135467;0.122891;-0.0588495
0.132196;0.130213;-0.0588495
0.124459;0.134475;-0.0734942
0.121238;0.141797;-0.0734942
0.118146;0.149119;-0.0734942
0.127388;0.134475;-0.0661719
0.124209;0.141797;-0.0661719
0.120813;0.149119;-0.0661719
0.130229;0.134475;-0.0588495
0.126749;0.141797;-0.0588495
0.123403;0.149119;-0.0588495
0.140513;0.115568;-0.054588
0.137046;0.122891;-0.054588
0.133712;0.130213;-0.054588
0.142992;0.115568;-0.0472656
0.139623;0.122891;-0.0472656
0.136006;0.130213;-0.0472656
0.145312;0.115568;-0.0399433
0.141663;0.122891;-0.0399433
0.13815;0.130213;-0.0399433
0.131708;0.134475;-0.054588
0.128165;0.141797;-0.054588
0.124754;0.149119;-0.054588
0.13394;0.134475;-0.0472656
0.130482;0.141797;-0.0472656
0.1268;0.149119;-0.0472656
0.13604;0.134475;-0.0399433
0.132312;0.141797;-0.0399433
0.128722;0.149119;-0.0399433
0.164318;0.0777558;-0.0356817
0.160875;0.0850781;-0.0356817
0.157565;0.0924005;-0.0356817
0.16619;0.0777558;-0.0283594
0.162912;0.0850781;-0.0283594
0.15933;0.0924005;-0.0283594
0.167826;0.0777558;-0.021037
0.164277;0.0850781;-0.021037
0.160863;0.0924005;-0.021037
0.155557;0.096662;-0.0356817
0.151975;0.103984;-0.0356817
0.148527;0.111307;-0.0356817
0.157282;0.096662;-0.0283594
0.153851;0.103984;-0.0283594
0.150141;0.111307;-0.0283594
0.158794;0.096662;-0.021037
0.155104;0.103984;-0.021037
0.15155;0.111307;-0.021037
0.16851;0.0777558;-0.0167755
0.164942;0.0850781;-0.0167755
0.161508;0.0924005;-0.0167755
0.169226;0.0777558;-0.00945312
0.16586;0.0850781;-0.00945312
0.162186;0.0924005;-0.00945312
0.169693;0.0777558;-0.00213077
0.166089;0.0850781;-0.00213077
0.16262;0.0924005;-0.00213077
0.159426;0.096662;-0.0167755
0.155716;0.103984;-0.0167755
0.152141;0.111307;-0.0167755
0.160085;0.096662;-0.00945312
0.156564;0.103984;-0.00945312
0.152761;0.111307;-0.00945312
0.160518;0.096662;-0.00213077
0.156772;0.103984;-0.00213077
0.153162;0.111307;-0.00213077
0.146447;0.115568;-0.0356817
0.142756;0.122891;-0.0356817
0.1392;0.130213;-0.0356817
0.148021;0.115568;-0.0283594
0.144468;0.122891;-0.0283594
0.140662;0.130213;-0.0283594
0.149408;0.115568;-0.021037
0.145608;0.122891;-0.021037
0.141945;0.130213;-0.021037
0.137066;0.134475;-0.0356817
0.133296;0.141797;-0.0356817
0.129663;0.149119;-0.0356817
0.138488;0.134475;-0.0283594
0.134844;0.141797;-0.0283594
0.130971;0.149119;-0.0283594
0.139747;0.134475;-0.021037
0.135867;0.141797;-0.021037
0.132126;0.149119;-0.021037
0.149986;0.115568;-0.0167755
0.146166;0.122891;-0.0167755
0.142482;0.130213;-0.0167755
0.150587;0.115568;-0.00945312
0.146943;0.122891;-0.00945312
0.143043;0.130213;-0.00945312
0.150987;0.115568;-0.00213077
0.14713;0.122891;-0.00213077
0.14341;0.130213;-0.00213077
0.140272;0.134475;-0.0167755
0.136371;0.141797;-0.0167755
0.132609;0.149119;-0.0167755
0.140814;0.134475;-0.00945312
0.137077;0.141797;-0.00945312
0.13311;0.149119;-0.00945312
0.141179;0.134475;-0.00213077
0.137242;0.141797;-0.00213077
0.133443;0.149119;-0.00213077
0.0845494;0.153381;-0.149119
0.0834769;0.160703;-0.149119
0.0824498;0.168025;-0.149119
0.0871747;0.153381;-0.141797
0.0859497;0.160703;-0.141797
0.0845837;0.168025;-0.141797
0.0901389;0.153381;-0.134475
0.0885535;0.160703;-0.134475
0.0870457;0.168025;-0.134475
0.0818136;0.172287;-0.149119
0.0806623;0.179609;-0.149119
0.0795483;0.186932;-0.149119
0.0838054;0.172287;-0.141797
0.082505;0.179609;-0.141797
0.0810818;0.186932;-0.141797
0.086129;0.172287;-0.134475
0.0844944;0.179609;-0.134475
0.082931;0.186932;-0.134475
0.0919185;0.153381;-0.130213
0.0901902;0.160703;-0.130213
0.0885431;0.168025;-0.130213
0.0950279;0.153381;-0.122891
0.0931863;0.160703;-0.122891
0.0911879;0.168025;-0.122891
0.0983425;0.153381;-0.115568
0.0961403;0.160703;-0.115568
0.0940412;0.168025;-0.115568
0.0875459;0.172287;-0.130213
0.0857744;0.179609;-0.130213
0.0840786;0.186932;-0.130213
0.0900531;0.172287;-0.122891
0.0881638;0.179609;-0.122891
0.0861383;0.186932;-0.122891
0.0927788;0.172287;-0.115568
0.0905478;0.179609;-0.115568
0.0884164;0.186932;-0.115568
0.0788659;0.191193;-0.149119
0.0776424;0.198516;-0.149119
0.0764483;0.205838;-0.149119
0.0802682;0.191193;-0.141797
0.0789027;0.198516;-0.141797
0.077431;0.205838;-0.141797
0.0819874;0.191193;-0.134475
0.0803159;0.198516;-0.134475
0.078709;0.205838;-0.134475
0.0757231;0.2101;-0.149119
0.0744322;0.217422;-0.149119
0.0731626;0.224744;-0.149119
0.0765871;0.2101;-0.141797
0.0751644;0.217422;-0.141797
0.0736507;0.224744;-0.141797
0.0777451;0.2101;-0.134475
0.076047;0.217422;-0.134475
0.0744064;0.224744;-0.134475
0.0830588;0.191193;-0.130213
0.0812579;0.198516;-0.130213
0.0795272;0.205838;-0.130213
0.0849871;0.191193;-0.122891
0.0830673;0.198516;-0.122891
0.0810306;0.205838;-0.122891
0.0871418;0.191193;-0.115568
0.0849009;0.198516;-0.115568
0.0827559;0.205838;-0.115568
0.0784922;0.2101;-0.130213
0.0766739;0.217422;-0.130213
0.0749197;0.224744;-0.130213
0.0798721;0.2101;-0.122891
0.0779368;0.217422;-0.122891
0.0759028;0.224744;-0.122891
0.0814795;0.2101;-0.115568
0.0792461;0.217422;-0.115568
0.0771044;0.224744;-0.115568
0.100252;0.153381;-0.111307
0.0979227;0.160703;-0.111307
0.0956979;0.168025;-0.111307
0.103467;0.153381;-0.103984
0.101073;0.160703;-0.103984
0.0985068;0.168025;-0.103984
0.106775;0.153381;-0.096662
0.104036;0.160703;-0.096662
0.101417;0.168025;-0.096662
0.0943626;0.172287;-0.111307
0.0920071;0.179609;-0.111307
0.0897534;0.186932;-0.111307
0.0970487;0.172287;-0.103984
0.0946191;0.179609;-0.103984
0.0920397;0.186932;-0.103984
0.0998493;0.172287;-0.096662
0.0970899;0.179609;-0.096662
0.0944484;0.186932;-0.096662
0.108621;0.153381;-0.0924005
0.105776;0.160703;-0.0924005
0.10305;0.168025;-0.0924005
0.111637;0.153381;-0.0850781
0.108776;0.160703;-0.0850781
0.105729;0.168025;-0.0850781
0.114658;0.153381;-0.0777558
0.111476;0.160703;-0.0777558
0.108424;0.168025;-0.0777558
0.10142;0.172287;-0.0924005
0.098555;0.179609;-0.0924005
0.0958081;0.186932;-0.0924005
0.103996;0.172287;-0.0850781
0.101104;0.179609;-0.0850781
0.0980492;0.186932;-0.0850781
0.106602;0.172287;-0.0777558
0.103402;0.179609;-0.0777558
0.100331;0.186932;-0.0777558
0.0884079;0.191193;-0.111307
0.0860462;0.198516;-0.111307
0.0837834;0.205838;-0.111307
0.0905744;0.191193;-0.103984
0.0881321;0.198516;-0.103984
0.085561;0.205838;-0.103984
0.0928752;0.191193;-0.096662
0.0901184;0.198516;-0.096662
0.0874782;0.205838;-0.096662
0.082439;0.2101;-0.111307
0.0800897;0.217422;-0.111307
0.0778362;0.224744;-0.111307
0.0841009;0.2101;-0.103984
0.0816668;0.217422;-0.103984
0.0791241;0.224744;-0.103984
0.0859127;0.2101;-0.096662
0.0831811;0.217422;-0.096662
0.0805645;0.224744;-0.096662
0.0941737;0.191193;-0.0924005
0.0913124;0.198516;-0.0924005
0.0885689;0.205838;-0.0924005
0.0963124;0.191193;-0.0850781
0.0934147;0.198516;-0.0850781
0.090377;0.205838;-0.0850781
0.0985061;0.191193;-0.0777558
0.0953133;0.198516;-0.0777558
0.0922501;0.205838;-0.0777558
0.0869435;0.2101;-0.0924005
0.0841095;0.217422;-0.0924005
0.0813927;0.224744;-0.0924005
0.0886512;0.2101;-0.0850781
0.0857732;0.217422;-0.0850781
0.0827764;0.224744;-0.0850781
0.0904369;0.2101;-0.0777558
0.0872769;0.217422;-0.0777558
0.0842468;0.224744;-0.0777558
0.0723967;0.229006;-0.149119
0.0710409;0.236328;-0.149119
0.0696976;0.24365;-0.149119
0.0727799;0.229006;-0.141797
0.0713057;0.236328;-0.141797
0.0697536;0.24365;-0.141797
0.0734274;0.229006;-0.134475
0.0717104;0.236328;-0.134475
0.0700432;0.24365;-0.134475
0.0688915;0.247912;-0.149119
0.0674705;0.255234;-0.149119
0.0660527;0.262557;-0.149119
0.0688577;0.247912;-0.141797
0.0673345;0.255234;-0.141797
0.0657448;0.262557;-0.141797
0.0690524;0.247912;-0.134475
0.0673211;0.255234;-0.134475
0.0656311;0.262557;-0.134475
0.0738757;0.229006;-0.130213
0.0720495;0.236328;-0.130213
0.0702805;0.24365;-0.130213
0.0747448;0.229006;-0.122891
0.0728068;0.236328;-0.122891
0.0707869;0.24365;-0.122891
0.0758356;0.229006;-0.115568
0.0736248;0.236328;-0.115568
0.0715009;0.24365;-0.115568
0.0692319;0.247912;-0.130213
0.0674041;0.255234;-0.130213
0.0656259;0.262557;-0.130213
0.0696354;0.247912;-0.122891
0.0677046;0.255234;-0.122891
0.0657068;0.262557;-0.122891
0.0702476;0.247912;-0.115568
0.068072;0.255234;-0.115568
0.0659773;0.262557;-0.115568
0.0652052;0.266818;-0.149119
0.0637157;0.274141;-0.149119
0.0622193;0.281463;-0.149119
0.0648238;0.266818;-0.141797
0.0632507;0.274141;-0.141797
0.0616205;0.281463;-0.141797
0.06463;0.266818;-0.134475
0.0628856;0.274141;-0.134475
0.0611729;0.281463;-0.134475
0.0613273;0.285725;-0.149119
0.0597628;0.293047;-0.149119
0.0581804;0.300369;-0.149119
0.0606723;0.285725;-0.141797
0.0590448;0.293047;-0.141797
0.0573677;0.300369;-0.141797
0.0601607;0.285725;-0.134475
0.0584004;0.293047;-0.134475
0.0566608;0.300369;-0.134475
0.0645751;0.266818;-0.130213
0.0627485;0.274141;-0.130213
0.0609626;0.281463;-0.130213
0.0645661;0.266818;-0.122891
0.0626487;0.274141;-0.122891
0.0606774;0.281463;-0.122891
0.0647456;0.266818;-0.115568
0.0626143;0.274141;-0.115568
0.0605567;0.281463;-0.115568
0.0599097;0.285725;-0.130213
0.0580832;0.293047;-0.130213
0.0562869;0.300369;-0.130213
0.0595494;0.285725;-0.122891
0.0576475;0.293047;-0.122891
0.0557027;0.300369;-0.122891
0.0593504;0.285725;-0.115568
0.0572686;0.293047;-0.115568
0.0552517;0.300369;-0.115568
0.076503;0.229006;-0.111307
0.0741829;0.236328;-0.111307
0.0719547;0.24365;-0.111307
0.0776807;0.229006;-0.103984
0.0752741;0.236328;-0.103984
0.0727782;0.24365;-0.103984
0.0790193;0.229006;-0.096662
0.0763339;0.236328;-0.096662
0.0737614;0.24365;-0.096662
0.0706416;0.247912;-0.111307
0.0683649;0.255234;-0.111307
0.0661752;0.262557;-0.111307
0.0713618;0.247912;-0.103984
0.0689999;0.255234;-0.103984
0.0665666;0.262557;-0.103984
0.0722482;0.247912;-0.096662
0.0696283;0.255234;-0.096662
0.0671184;0.262557;-0.096662
0.0797895;0.229006;-0.0924005
0.0770049;0.236328;-0.0924005
0.0743363;0.24365;-0.0924005
0.0810755;0.229006;-0.0850781
0.0782409;0.236328;-0.0850781
0.0753082;0.24365;-0.0850781
0.08246;0.229006;-0.0777558
0.0793576;0.236328;-0.0777558
0.0763851;0.24365;-0.0777558
0.0727675;0.247912;-0.0924005
0.0700529;0.255234;-0.0924005
0.0674524;0.262557;-0.0924005
0.0736454;0.247912;-0.0850781
0.0708767;0.255234;-0.0850781
0.0680296;0.262557;-0.0850781
0.0746388;0.247912;-0.0777558
0.0716176;0.255234;-0.0777558
0.068726;0.262557;-0.0777558
0.0648893;0.266818;-0.111307
0.062667;0.274141;-0.111307
0.0605256;0.281463;-0.111307
0.065186;0.266818;-0.103984
0.062883;0.274141;-0.103984
0.0605252;0.281463;-0.103984
0.0656476;0.266818;-0.096662
0.0631101;0.274141;-0.096662
0.0606788;0.281463;-0.096662
0.0592719;0.285725;-0.111307
0.0571111;0.293047;-0.111307
0.0550235;0.300369;-0.111307
0.0591872;0.285725;-0.103984
0.0569538;0.293047;-0.103984
0.0546804;0.300369;-0.103984
0.059259;0.285725;-0.096662
0.0568177;0.293047;-0.096662
0.0544773;0.300369;-0.096662
0.0659292;0.266818;-0.0924005
0.0633029;0.274141;-0.0924005
0.0607879;0.281463;-0.0924005
0.0664173;0.266818;-0.0850781
0.0637351;0.274141;-0.0850781
0.0609935;0.281463;-0.0850781
0.0670334;0.266818;-0.0777558
0.0641159;0.274141;-0.0777558
0.0613269;0.281463;-0.0777558
0.05932;0.285725;-0.0924005
0.0567976;0.293047;-0.0924005
0.0543823;0.300369;-0.0924005
0.0594428;0.285725;-0.0850781
0.0568652;0.293047;-0.0850781
0.0542465;0.300369;-0.0850781
0.0597005;0.285725;-0.0777558
0.0569073;0.293047;-0.0777558
0.0542405;0.300369;-0.0777558
0.116293;0.153381;-0.0734942
0.113026;0.160703;-0.0734942
0.109888;0.168025;-0.0734942
0.118877;0.153381;-0.0661719
0.11564;0.160703;-0.0661719
0.112209;0.168025;-0.0661719
0.1214;0.153381;-0.0588495
0.117873;0.160703;-0.0588495
0.114481;0.168025;-0.0588495
0.108016;0.172287;-0.0734942
0.104731;0.179609;-0.0734942
0.101575;0.186932;-0.0734942
0.110255;0.172287;-0.0661719
0.106988;0.179609;-0.0661719
0.10355;0.186932;-0.0661719
0.11246;0.172287;-0.0588495
0.108913;0.179609;-0.0588495
0.105503;0.186932;-0.0588495
0.122715;0.153381;-0.054588
0.119124;0.160703;-0.054588
0.115667;0.168025;-0.054588
0.124698;0.153381;-0.0472656
0.121181;0.160703;-0.0472656
0.117462;0.168025;-0.0472656
0.126576;0.153381;-0.0399433
0.122799;0.160703;-0.0399433
0.119161;0.168025;-0.0399433
0.113609;0.172287;-0.054588
0.109998;0.179609;-0.054588
0.106524;0.186932;-0.054588
0.115342;0.172287;-0.0472656
0.111794;0.179609;-0.0472656
0.108067;0.186932;-0.0472656
0.116996;0.172287;-0.0399433
0.113199;0.179609;-0.0399433
0.109543;0.186932;-0.0399433
0.0997001;0.191193;-0.0734942
0.0964223;0.198516;-0.0734942
0.0932746;0.205838;-0.0734942
0.101593;0.191193;-0.0661719
0.0983238;0.198516;-0.0661719
0.0949054;0.205838;-0.0661719
0.103479;0.191193;-0.0588495
0.099941;0.198516;-0.0588495
0.0965407;0.205838;-0.0588495
0.0914123;0.2101;-0.0734942
0.0881681;0.217422;-0.0734942
0.0850549;0.224744;-0.0734942
0.0929615;0.2101;-0.0661719
0.0897167;0.217422;-0.0661719
0.0863442;0.224744;-0.0661719
0.0945299;0.2101;-0.0588495
0.0910274;0.217422;-0.0588495
0.0876641;0.224744;-0.0588495
0.104462;0.191193;-0.054588
0.10086;0.198516;-0.054588
0.097396;0.205838;-0.054588
0.105944;0.191193;-0.0472656
0.102394;0.198516;-0.0472656
0.0986881;0.205838;-0.0472656
0.107374;0.191193;-0.0399433
0.103586;0.198516;-0.0399433
0.0999404;0.205838;-0.0399433
0.0953479;0.2101;-0.054588
0.0917816;0.217422;-0.054588
0.0883548;0.224744;-0.054588
0.0965789;0.2101;-0.0472656
0.0930548;0.217422;-0.0472656
0.0893963;0.224744;-0.0472656
0.0977854;0.2101;-0.0399433
0.0940332;0.217422;-0.0399433
0.0904257;0.224744;-0.0399433
0.127492;0.153381;-0.0356817
0.123673;0.160703;-0.0356817
0.119993;0.168025;-0.0356817
0.12876;0.153381;-0.0283594
0.125055;0.160703;-0.0283594
0.121145;0.168025;-0.0283594
0.129892;0.153381;-0.021037
0.125962;0.160703;-0.021037
0.122172;0.168025;-0.021037
0.117802;0.172287;-0.0356817
0.113963;0.179609;-0.0356817
0.110264;0.186932;-0.0356817
0.118914;0.172287;-0.0283594
0.115179;0.179609;-0.0283594
0.11126;0.186932;-0.0283594
0.119918;0.172287;-0.021037
0.115967;0.179609;-0.021037
0.112159;0.186932;-0.021037
0.130362;0.153381;-0.0167755
0.126411;0.160703;-0.0167755
0.1226;0.168025;-0.0167755
0.130844;0.153381;-0.00945312
0.127045;0.160703;-0.00945312
0.12304;0.168025;-0.00945312
0.131175;0.153381;-0.00213077
0.127187;0.160703;-0.00213077
0.12334;0.168025;-0.00213077
0.120333;0.172287;-0.0167755
0.116361;0.179609;-0.0167755
0.112532;0.186932;-0.0167755
0.120754;0.172287;-0.00945312
0.116924;0.179609;-0.00945312
0.11291;0.186932;-0.00945312
0.121052;0.172287;-0.00213077
0.117043;0.179609;-0.00213077
0.113177;0.186932;-0.00213077
0.108071;0.191193;-0.0356817
0.10424;0.198516;-0.0356817
0.100551;0.205838;-0.0356817
0.109027;0.191193;-0.0283594
0.105289;0.198516;-0.0283594
0.10139;0.205838;-0.0283594
0.109901;0.191193;-0.021037
0.105958;0.198516;-0.021037
0.102161;0.205838;-0.021037
0.0983712;0.2101;-0.0356817
0.0945762;0.217422;-0.0356817
0.0909261;0.224744;-0.0356817
0.0991704;0.2101;-0.0283594
0.095459;0.217422;-0.0283594
0.0916085;0.224744;-0.0283594
0.0999166;0.2101;-0.021037
0.0960098;0.217422;-0.021037
0.0922506;0.224744;-0.021037
0.110262;0.191193;-0.0167755
0.106297;0.198516;-0.0167755
0.102478;0.205838;-0.0167755
0.110621;0.191193;-0.00945312
0.106789;0.198516;-0.00945312
0.102795;0.205838;-0.00945312
0.110885;0.191193;-0.00213077
0.106884;0.198516;-0.00213077
0.103028;0.205838;-0.00213077
0.100221;0.2101;-0.0167755
0.0962933;0.217422;-0.0167755
0.0925127;0.224744;-0.0167755
0.100519;0.2101;-0.00945312
0.096714;0.217422;-0.00945312
0.0927674;0.224744;-0.00945312
0.10075;0.2101;-0.00213077
0.0967848;0.217422;-0.00213077
0.0929677;0.224744;-0.00213077
0.0832197;0.229006;-0.0734942
0.0800344;0.236328;-0.0734942
0.0769808;0.24365;-0.0734942
0.0844288;0.229006;-0.0661719
0.0812347;0.236328;-0.0661719
0.077934;0.24365;-0.0661719
0.0856821;0.229006;-0.0588495
0.0822418;0.236328;-0.0588495
0.0789421;0.24365;-0.0588495
0.0751872;0.247912;-0.0734942
0.0720852;0.255234;-0.0734942
0.0691151;0.262557;-0.0734942
0.0760618;0.247912;-0.0661719
0.0729439;0.255234;-0.0661719
0.06974;0.262557;-0.0661719
0.0770043;0.247912;-0.0588495
0.0736521;0.255234;-0.0588495
0.0704417;0.262557;-0.0588495
0.0863359;0.229006;-0.054588
0.0828321;0.236328;-0.054588
0.0794697;0.24365;-0.054588
0.0873167;0.229006;-0.0472656
0.0838462;0.236328;-0.0472656
0.0802623;0.24365;-0.0472656
0.0883004;0.229006;-0.0399433
0.0846119;0.236328;-0.0399433
0.08107;0.24365;-0.0399433
0.0774954;0.247912;-0.054588
0.0740805;0.255234;-0.054588
0.0708086;0.262557;-0.054588
0.0782281;0.247912;-0.0472656
0.074838;0.255234;-0.0472656
0.0713553;0.262557;-0.0472656
0.0789903;0.247912;-0.0399433
0.0753923;0.255234;-0.0399433
0.0719432;0.262557;-0.0399433
0.067377;0.266818;-0.0734942
0.0643815;0.274141;-0.0734942
0.0615177;0.281463;-0.0734942
0.0679256;0.266818;-0.0661719
0.0649083;0.274141;-0.0661719
0.0618253;0.281463;-0.0661719
0.0685631;0.266818;-0.0588495
0.0653245;0.274141;-0.0588495
0.0622285;0.281463;-0.0588495
0.0598479;0.285725;-0.0734942
0.0569807;0.293047;-0.0734942
0.0542441;0.300369;-0.0734942
0.0600824;0.285725;-0.0661719
0.057189;0.293047;-0.0661719
0.0542498;0.300369;-0.0661719
0.0604234;0.285725;-0.0588495
0.0573229;0.293047;-0.0588495
0.0543654;0.300369;-0.0588495
0.0688941;0.266818;-0.054588
0.0655938;0.274141;-0.054588
0.062438;0.281463;-0.054588
0.0693818;0.266818;-0.0472656
0.0660985;0.274141;-0.0472656
0.0627431;0.281463;-0.0472656
0.0699247;0.266818;-0.0399433
0.0664439;0.274141;-0.0399433
0.0631139;0.281463;-0.0399433
0.060598;0.285725;-0.054588
0.0574375;0.293047;-0.054588
0.0544224;0.300369;-0.054588
0.0608453;0.285725;-0.0472656
0.0576945;0.293047;-0.0472656
0.0544921;0.300369;-0.0472656
0.0611719;0.285725;-0.0399433
0.0578346;0.293047;-0.0399433
0.0546497;0.300369;-0.0399433
0.088776;0.229006;-0.0356817
0.0850446;0.236328;-0.0356817
0.0814605;0.24365;-0.0356817
0.0894186;0.229006;-0.0283594
0.0857615;0.236328;-0.0283594
0.0819865;0.24365;-0.0283594
0.0900364;0.229006;-0.021037
0.0861934;0.236328;-0.021037
0.0825006;0.24365;-0.021037
0.0793561;0.247912;-0.0356817
0.0757155;0.255234;-0.0356817
0.0722245;0.262557;-0.0356817
0.0798425;0.247912;-0.0283594
0.0762673;0.255234;-0.0283594
0.0725948;0.262557;-0.0283594
0.0803322;0.247912;-0.021037
0.0765805;0.255234;-0.021037
0.0729813;0.262557;-0.021037
0.0902859;0.229006;-0.0167755
0.0864216;0.236328;-0.0167755
0.0827074;0.24365;-0.0167755
0.090522;0.229006;-0.00945312
0.0867713;0.236328;-0.00945312
0.0829001;0.24365;-0.00945312
0.0907196;0.229006;-0.00213077
0.0868179;0.236328;-0.00213077
0.0830674;0.24365;-0.00213077
0.0805266;0.247912;-0.0167755
0.0767534;0.255234;-0.0167755
0.0731331;0.262557;-0.0167755
0.0807008;0.247912;-0.00945312
0.0770323;0.255234;-0.00945312
0.0732639;0.262557;-0.00945312
0.0808652;0.247912;-0.00213077
0.0770548;0.255234;-0.00213077
0.0733981;0.262557;-0.00213077
0.0701814;0.266818;-0.0356817
0.0666584;0.274141;-0.0356817
0.063287;0.281463;-0.0356817
0.0705124;0.266818;-0.0283594
0.0670462;0.274141;-0.0283594
0.063503;0.281463;-0.0283594
0.0708747;0.266818;-0.021037
0.0672412;0.274141;-0.021037
0.0637626;0.281463;-0.021037
0.0613208;0.285725;-0.0356817
0.0579417;0.293047;-0.0356817
0.0547164;0.300369;-0.0356817
0.0614978;0.285725;-0.0283594
0.0581671;0.293047;-0.0283594
0.0547797;0.300369;-0.0283594
0.0617334;0.285725;-0.021037
0.0582448;0.293047;-0.021037
0.0549134;0.300369;-0.021037
0.0710141;0.266818;-0.0167755
0.0673591;0.274141;-0.0167755
0.0638595;0.281463;-0.0167755
0.0711265;0.266818;-0.00945312
0.0675674;0.274141;-0.00945312
0.0639287;0.281463;-0.00945312
0.0712578;0.266818;-0.00213077
0.0675657;0.274141;-0.00213077
0.06403;0.281463;-0.00213077
0.061818;0.285725;-0.0167755
0.058308;0.293047;-0.0167755
0.0549558;0.300369;-0.0167755
0.0618688;0.285725;-0.00945312
0.0584459;0.293047;-0.00945312
0.0549636;0.300369;-0.00945312
0.0619672;0.285725;-0.00213077
0.0584202;0.293047;-0.00213077
0.055032;0.300369;-0.00213077
0.0630872;0.304631;-0.300369
0.0595572;0.311953;-0.300369
0.0558211;0.319275;-0.300369
0.0647325;0.304631;-0.293047
0.0613158;0.311953;-0.293047
0.0578219;0.319275;-0.293047
0.0660027;0.304631;-0.285725
0.0628244;0.311953;-0.285725
0.0594289;0.319275;-0.285725
0.0535905;0.323537;-0.300369
0.0496646;0.330859;-0.300369
0.0455342;0.338182;-0.300369
0.0556924;0.323537;-0.293047
0.0518804;0.330859;-0.293047
0.0480053;0.338182;-0.293047
0.0574078;0.323537;-0.285725
0.0538472;0.330859;-0.285725
0.0500505;0.338182;-0.285725
0.0666218;0.304631;-0.281463
0.0635379;0.311953;-0.281463
0.0602465;0.319275;-0.281463
0.0674775;0.304631;-0.274141
0.0644934;0.311953;-0.274141
0.0614431;0.319275;-0.274141
0.0680056;0.304631;-0.266818
0.0652507;0.311953;-0.266818
0.0622852;0.319275;-0.266818
0.0582833;0.323537;-0.281463
0.0548169;0.330859;-0.281463
0.0511233;0.338182;-0.281463
0.0595721;0.323537;-0.274141
0.0561985;0.330859;-0.274141
0.0527641;0.338182;-0.274141
0.0605141;0.323537;-0.266818
0.0573833;0.330859;-0.266818
0.0540243;0.338182;-0.266818
0.043078;0.342443;-0.300369
0.0387299;0.349766;-0.300369
0.0341162;0.357088;-0.300369
0.0456393;0.342443;-0.293047
0.041389;0.349766;-0.293047
0.0370799;0.357088;-0.293047
0.0477942;0.342443;-0.285725
0.0438208;0.349766;-0.285725
0.0395833;0.357088;-0.285725
0.0314119;0.36135;-0.300369
0.026731;0.368672;-0.300369
0.0217797;0.375994;-0.300369
0.0344619;0.36135;-0.293047
0.0298002;0.368672;-0.293047
0.0251157;0.375994;-0.293047
0.0370852;0.36135;-0.285725
0.0327285;0.368672;-0.285725
0.0280912;0.375994;-0.285725
0.0489249;0.342443;-0.281463
0.0450521;0.349766;-0.281463
0.040931;0.357088;-0.281463
0.0506557;0.342443;-0.274141
0.0468681;0.349766;-0.274141
0.0430528;0.357088;-0.274141
0.0520236;0.342443;-0.266818
0.0485049;0.349766;-0.266818
0.0447513;0.357088;-0.266818
0.0384992;0.36135;-0.281463
0.0342563;0.368672;-0.281463
0.0297518;0.375994;-0.281463
0.040721;0.36135;-0.274141
0.0365393;0.368672;-0.274141
0.0323522;0.375994;-0.274141
0.0425383;0.36135;-0.266818
0.0386366;0.368672;-0.266818
0.0344187;0.375994;-0.266818
0.0682163;0.304631;-0.262557
0.0655495;0.311953;-0.262557
0.0626775;0.319275;-0.262557
0.0684122;0.304631;-0.255234
0.0658307;0.311953;-0.255234
0.0631845;0.319275;-0.255234
0.068335;0.304631;-0.247912
0.0659619;0.311953;-0.247912
0.0633908;0.319275;-0.247912
0.0609604;0.323537;-0.262557
0.0579214;0.330859;-0.262557
0.0546585;0.338182;-0.262557
0.0615525;0.323537;-0.255234
0.0585958;0.330859;-0.255234
0.0555803;0.338182;-0.255234
0.0618484;0.323537;-0.247912
0.0591153;0.330859;-0.247912
0.0561749;0.338182;-0.247912
0.068217;0.304631;-0.24365
0.0659222;0.311953;-0.24365
0.0634331;0.319275;-0.24365
0.0678905;0.304631;-0.236328
0.0656661;0.311953;-0.236328
0.0633759;0.319275;-0.236328
0.0673521;0.304631;-0.229006
0.0653048;0.311953;-0.229006
0.0630788;0.319275;-0.229006
0.0619397;0.323537;-0.24365
0.0592915;0.330859;-0.24365
0.0564368;0.338182;-0.24365
0.0619594;0.323537;-0.236328
0.0593843;0.330859;-0.236328
0.0567467;0.338182;-0.236328
0.0617385;0.323537;-0.229006
0.0593564;0.330859;-0.229006
0.056788;0.338182;-0.229006
0.0527168;0.342443;-0.262557
0.0492983;0.349766;-0.262557
0.0456398;0.357088;-0.262557
0.0537282;0.342443;-0.255234
0.0503882;0.349766;-0.255234
0.0470026;0.357088;-0.255234
0.054419;0.342443;-0.247912
0.0513195;0.349766;-0.247912
0.0480009;0.357088;-0.247912
0.043483;0.36135;-0.262557
0.039671;0.368672;-0.262557
0.0355251;0.375994;-0.262557
0.0449215;0.36135;-0.255234
0.0411561;0.368672;-0.255234
0.0373448;0.375994;-0.255234
0.0460149;0.36135;-0.247912
0.0425167;0.368672;-0.247912
0.038808;0.375994;-0.247912
0.0547331;0.342443;-0.24365
0.0517238;0.349766;-0.24365
0.0484896;0.357088;-0.24365
0.0551242;0.342443;-0.236328
0.0521869;0.349766;-0.236328
0.0491882;0.357088;-0.236328
0.0552473;0.342443;-0.229006
0.0525194;0.349766;-0.229006
0.049598;0.357088;-0.229006
0.0465622;0.36135;-0.24365
0.0431736;0.368672;-0.24365
0.0395571;0.375994;-0.24365
0.0473532;0.36135;-0.236328
0.0440443;0.368672;-0.236328
0.0406713;0.375994;-0.236328
0.0478509;0.36135;-0.229006
0.0447661;0.368672;-0.229006
0.0414796;0.375994;-0.229006
0.0186886;0.380256;-0.300369
0.0132462;0.387578;-0.300369
0.00788473;0.3949;-0.300369
0.0222407;0.380256;-0.293047
0.0170191;0.387578;-0.293047
0.0117304;0.3949;-0.293047
0.0253574;0.380256;-0.285725
0.0205525;0.387578;-0.285725
0.0153904;0.3949;-0.285725
0.006098;0.397329;-0.300369
0.00528129;0.398353;-0.300369
0.00448813;0.399377;-0.300369
0.00956213;0.397931;-0.293047
0.00739423;0.401022;-0.293047
0.00515079;0.404113;-0.293047
0.0128238;0.398522;-0.285725
0.00923744;0.403645;-0.285725
0.00540029;0.408769;-0.285725
0.0270594;0.380256;-0.281463
0.0223253;0.387578;-0.281463
0.0173489;0.3949;-0.281463
0.0297312;0.380256;-0.274141
0.0249908;0.387578;-0.274141
0.0203675;0.3949;-0.274141
0.0319114;0.380256;-0.266818
0.0276103;0.387578;-0.266818
0.0231402;0.3949;-0.266818
0.0168233;0.399162;-0.275952
0.0116964;0.406484;-0.275952
0.00645952;0.413807;-0.275952
0.0188065;0.399162;-0.271035
0.0137524;0.406484;-0.271035
0.00864435;0.413807;-0.271035
0.0206178;0.399162;-0.266118
0.015669;0.406484;-0.266118
0.0106743;0.413807;-0.266118
0.0140095;0.398746;-0.282894
0.00987322;0.404637;-0.282894
0.00557033;0.410528;-0.282894
0.0149995;0.398928;-0.280488
0.010414;0.405446;-0.280488
0.00567291;0.411964;-0.280488
0.0159459;0.399109;-0.278082
0.0109265;0.406251;-0.278082
0.00576786;0.413393;-0.278082
0.00483384;0.416043;-0.275952
0.00455705;0.416407;-0.275952
0.00428093;0.41677;-0.275952
0.00679343;0.416404;-0.271035
0.00558216;0.418008;-0.271035
0.00438028;0.419612;-0.271035
0.00861559;0.416762;-0.266118
0.00658523;0.419593;-0.266118
0.00458509;0.422425;-0.266118
0.0331052;0.380256;-0.262557
0.0289733;0.387578;-0.262557
0.0245637;0.3949;-0.262557
0.0350552;0.380256;-0.255234
0.0309433;0.387578;-0.255234
0.0266991;0.3949;-0.255234
0.0366054;0.380256;-0.247912
0.0327339;0.387578;-0.247912
0.0286319;0.3949;-0.247912
0.0218475;0.399162;-0.262557
0.0170315;0.406484;-0.262557
0.0121029;0.413807;-0.262557
0.0241648;0.399162;-0.255234
0.019636;0.406484;-0.255234
0.0148764;0.413807;-0.255234
0.0261798;0.399162;-0.247912
0.0218695;0.406484;-0.247912
0.0173484;0.413807;-0.247912
0.0374039;0.380256;-0.24365
0.0336334;0.387578;-0.24365
0.0296503;0.3949;-0.24365
0.0386204;0.380256;-0.236328
0.0349301;0.387578;-0.236328
0.0311516;0.3949;-0.236328
0.0395172;0.380256;-0.229006
0.0360546;0.387578;-0.229006
0.0323781;0.3949;-0.229006
0.0272407;0.399162;-0.24365
0.0230049;0.406484;-0.24365
0.0186484;0.413807;-0.24365
0.02886;0.399162;-0.236328
0.0247752;0.406484;-0.236328
0.0206191;0.413807;-0.236328
0.0301954;0.399162;-0.229006
0.0263566;0.406484;-0.229006
0.0222771;0.413807;-0.229006
0.0150385;0.418068;-0.246663
0.0102594;0.425391;-0.246663
0.00534265;0.432713;-0.246663
0.0151626;0.418068;-0.246278
0.0103887;0.425391;-0.246278
0.00549028;0.432713;-0.246278
0.0152859;0.418068;-0.245893
0.0105171;0.425391;-0.245893
0.00563795;0.432713;-0.245893
0.00986688;0.417003;-0.262669
0.00735259;0.420663;-0.262669
0.00486033;0.424323;-0.262669
0.0122672;0.417472;-0.255731
0.00876708;0.422746;-0.255731
0.00516391;0.428019;-0.255731
0.0144225;0.417935;-0.248793
0.00992466;0.424799;-0.248793
0.0052553;0.431663;-0.248793
0.00388047;0.434851;-0.246663
0.0038612;0.434876;-0.246663
0.00384195;0.434901;-0.246663
0.00401706;0.434876;-0.246278
0.0039327;0.434987;-0.246278
0.00384858;0.435099;-0.246278
0.00415456;0.434901;-0.245893
0.00400679;0.435099;-0.245893
0.00385977;0.435296;-0.245893
0.0159919;0.418068;-0.24365
0.0112525;0.425391;-0.24365
0.00644133;0.432713;-0.24365
0.0180856;0.418068;-0.236328
0.0135338;0.425391;-0.236328
0.00890541;0.432713;-0.236328
0.0198664;0.418068;-0.229006
0.0156443;0.425391;-0.229006
0.0111502;0.432713;-0.229006
0.0048878;0.435039;-0.24365
0.00440952;0.435711;-0.24365
0.00393641;0.436382;-0.24365
0.00713111;0.435484;-0.236328
0.00570178;0.437685;-0.236328
0.00425609;0.439885;-0.236328
0.00912178;0.435923;-0.229006
0.00679009;0.439632;-0.229006
0.00440832;0.443341;-0.229006
0.0669892;0.304631;-0.224744
0.0650065;0.311953;-0.224744
0.0628484;0.319275;-0.224744
0.0662839;0.304631;-0.217422
0.0643544;0.311953;-0.217422
0.0623579;0.319275;-0.217422
0.0654326;0.304631;-0.2101
0.0636388;0.311953;-0.2101
0.0616912;0.319275;-0.2101
0.0615491;0.323537;-0.224744
0.0592392;0.330859;-0.224744
0.0567444;0.338182;-0.224744
0.0611224;0.323537;-0.217422
0.0588735;0.330859;-0.217422
0.0565588;0.338182;-0.217422
0.0605152;0.323537;-0.2101
0.0584211;0.330859;-0.2101
0.0561658;0.338182;-0.2101
0.0649108;0.304631;-0.205838
0.0631631;0.311953;-0.205838
0.0612661;0.319275;-0.205838
0.0639722;0.304631;-0.198516
0.062257;0.311953;-0.198516
0.0604755;0.319275;-0.198516
0.0629558;0.304631;-0.191193
0.0613258;0.311953;-0.191193
0.0595736;0.319275;-0.191193
0.0601212;0.323537;-0.205838
0.0580832;0.330859;-0.205838
0.0558873;0.338182;-0.205838
0.0593776;0.323537;-0.198516
0.0573851;0.330859;-0.198516
0.0553273;0.338182;-0.198516
0.0585155;0.323537;-0.191193
0.0566327;0.330859;-0.191193
0.0546195;0.338182;-0.191193
0.0552489;0.342443;-0.224744
0.0526015;0.349766;-0.224744
0.0497599;0.357088;-0.224744
0.0551349;0.342443;-0.217422
0.052556;0.349766;-0.217422
0.0499118;0.357088;-0.217422
0.0548098;0.342443;-0.2101
0.0524046;0.349766;-0.2101
0.0498306;0.357088;-0.2101
0.0480614;0.36135;-0.224744
0.0450642;0.368672;-0.224744
0.0418643;0.375994;-0.224744
0.0482935;0.36135;-0.217422
0.0453733;0.368672;-0.217422
0.0423843;0.375994;-0.217422
0.0482882;0.36135;-0.2101
0.0455591;0.368672;-0.2101
0.042651;0.375994;-0.2101
0.054568;0.342443;-0.205838
0.0522289;0.349766;-0.205838
0.0497231;0.357088;-0.205838
0.0540653;0.342443;-0.198516
0.0517846;0.349766;-0.198516
0.0494385;0.357088;-0.198516
0.0534088;0.342443;-0.191193
0.0512613;0.349766;-0.191193
0.0489746;0.357088;-0.191193
0.0482222;0.36135;-0.205838
0.0455684;0.368672;-0.205838
0.042738;0.375994;-0.205838
0.0480046;0.36135;-0.198516
0.0454216;0.368672;-0.198516
0.0427728;0.375994;-0.198516
0.047603;0.36135;-0.191193
0.0451761;0.368672;-0.191193
0.0426015;0.375994;-0.191193
0.0623595;0.304631;-0.186932
0.0607533;0.311953;-0.186932
0.059031;0.319275;-0.186932
0.0613294;0.304631;-0.179609
0.0597315;0.311953;-0.179609
0.0580715;0.319275;-0.179609
0.0602883;0.304631;-0.172287
0.0587179;0.311953;-0.172287
0.0570639;0.319275;-0.172287
0.0579924;0.323537;-0.186932
0.0561464;0.330859;-0.186932
0.0541751;0.338182;-0.186932
0.0570594;0.323537;-0.179609
0.0552398;0.330859;-0.179609
0.053359;0.338182;-0.179609
0.0560695;0.323537;-0.172287
0.0543081;0.330859;-0.172287
0.0524532;0.338182;-0.172287
0.0596963;0.304631;-0.168025
0.0581246;0.311953;-0.168025
0.0564774;0.319275;-0.168025
0.0587037;0.304631;-0.160703
0.0571148;0.311953;-0.160703
0.0554713;0.319275;-0.160703
0.0577605;0.304631;-0.153381
0.0561375;0.311953;-0.153381
0.0544757;0.319275;-0.153381
0.0554893;0.323537;-0.168025
0.0537427;0.330859;-0.168025
0.0519096;0.338182;-0.168025
0.0544867;0.323537;-0.160703
0.0527447;0.330859;-0.160703
0.0509497;0.338182;-0.160703
0.0534852;0.323537;-0.153381
0.0517459;0.330859;-0.153381
0.0499556;0.338182;-0.153381
0.052991;0.342443;-0.186932
0.0508929;0.349766;-0.186932
0.0486595;0.357088;-0.186932
0.0522145;0.342443;-0.179609
0.05016;0.349766;-0.179609
0.0480441;0.357088;-0.179609
0.0513407;0.342443;-0.172287
0.049374;0.349766;-0.172287
0.0473034;0.357088;-0.172287
0.0473215;0.36135;-0.186932
0.0449566;0.368672;-0.186932
0.0424462;0.375994;-0.186932
0.0467587;0.36135;-0.179609
0.0444546;0.368672;-0.179609
0.0420875;0.375994;-0.179609
0.0460638;0.36135;-0.172287
0.0438751;0.368672;-0.172287
0.0415722;0.375994;-0.172287
0.0508124;0.342443;-0.168025
0.0488761;0.349766;-0.168025
0.0468417;0.357088;-0.168025
0.0498723;0.342443;-0.160703
0.047962;0.349766;-0.160703
0.0459985;0.357088;-0.160703
0.0488893;0.342443;-0.153381
0.0470172;0.349766;-0.153381
0.0450816;0.357088;-0.153381
0.0456259;0.36135;-0.168025
0.0434825;0.368672;-0.168025
0.0412292;0.375994;-0.168025
0.044818;0.36135;-0.160703
0.0427216;0.368672;-0.160703
0.0405699;0.375994;-0.160703
0.0439287;0.36135;-0.153381
0.041904;0.368672;-0.153381
0.0398034;0.375994;-0.153381
0.0399512;0.380256;-0.224744
0.0365818;0.387578;-0.224744
0.0330133;0.3949;-0.224744
0.0405593;0.380256;-0.217422
0.0372816;0.387578;-0.217422
0.033944;0.3949;-0.217422
0.0409123;0.380256;-0.2101
0.0378462;0.387578;-0.2101
0.0345959;0.3949;-0.2101
0.0308887;0.399162;-0.224744
0.0271448;0.406484;-0.224744
0.0231812;0.413807;-0.224744
0.0319154;0.399162;-0.217422
0.0282789;0.406484;-0.217422
0.0245788;0.413807;-0.217422
0.0326644;0.399162;-0.2101
0.0292534;0.406484;-0.2101
0.0256142;0.413807;-0.2101
0.0410474;0.380256;-0.205838
0.038067;0.387578;-0.205838
0.0349015;0.3949;-0.205838
0.0411598;0.380256;-0.198516
0.0382637;0.387578;-0.198516
0.0353012;0.3949;-0.198516
0.0410618;0.380256;-0.191193
0.0383427;0.387578;-0.191193
0.035464;0.3949;-0.191193
0.0330191;0.399162;-0.205838
0.0296913;0.406484;-0.205838
0.0261326;0.413807;-0.205838
0.0334943;0.399162;-0.198516
0.0302467;0.406484;-0.198516
0.0269327;0.413807;-0.198516
0.0337389;0.399162;-0.191193
0.0306957;0.406484;-0.191193
0.0274942;0.413807;-0.191193
0.0208249;0.418068;-0.224744
0.0166877;0.425391;-0.224744
0.0123224;0.432713;-0.224744
0.0223032;0.418068;-0.217422
0.0182166;0.425391;-0.217422
0.0141193;0.432713;-0.217422
0.023445;0.418068;-0.2101
0.0196748;0.425391;-0.2101
0.0157362;0.432713;-0.2101
0.0134013;0.436975;-0.209736
0.0091293;0.444297;-0.209736
0.00478828;0.451619;-0.209736
0.013557;0.436975;-0.208965
0.00929969;0.444297;-0.208965
0.00499137;0.451619;-0.208965
0.0137095;0.436975;-0.208193
0.00946704;0.444297;-0.208193
0.00519275;0.451619;-0.208193
0.0101433;0.436155;-0.224969
0.00735938;0.440663;-0.224969
0.00453464;0.44517;-0.224969
0.0116951;0.436516;-0.218418
0.00823954;0.442261;-0.218418
0.00467824;0.448006;-0.218418
0.0130143;0.436872;-0.211867
0.00891444;0.443841;-0.211867
0.00471317;0.45081;-0.211867
0.0240347;0.418068;-0.205838
0.0204006;0.425391;-0.205838
0.0165527;0.432713;-0.205838
0.0249426;0.418068;-0.198516
0.0213882;0.425391;-0.198516
0.0177237;0.432713;-0.198516
0.0255897;0.418068;-0.191193
0.0222361;0.425391;-0.191193
0.0187026;0.432713;-0.191193
0.0141886;0.436975;-0.205838
0.0100155;0.444297;-0.205838
0.00578355;0.451619;-0.205838
0.0155136;0.436975;-0.198516
0.011563;0.444297;-0.198516
0.0074707;0.451619;-0.198516
0.0165883;0.436975;-0.191193
0.0128582;0.444297;-0.191193
0.00894657;0.451619;-0.191193
0.0409464;0.380256;-0.186932
0.0382995;0.387578;-0.186932
0.0354931;0.3949;-0.186932
0.0406514;0.380256;-0.179609
0.0380796;0.387578;-0.179609
0.0354416;0.3949;-0.179609
0.0401947;0.380256;-0.172287
0.0377647;0.387578;-0.172287
0.0352105;0.3949;-0.172287
0.0338174;0.399162;-0.186932
0.0308667;0.406484;-0.186932
0.0277499;0.413807;-0.186932
0.0338448;0.399162;-0.179609
0.0309899;0.406484;-0.179609
0.0280632;0.413807;-0.179609
0.0336844;0.399162;-0.172287
0.030994;0.406484;-0.172287
0.0281696;0.413807;-0.172287
0.0398839;0.380256;-0.168025
0.0375144;0.387578;-0.168025
0.0350226;0.3949;-0.168025
0.0392754;0.380256;-0.160703
0.0369735;0.387578;-0.160703
0.0346115;0.3949;-0.160703
0.038552;0.380256;-0.153381
0.0363528;0.387578;-0.153381
0.0340646;0.3949;-0.153381
0.0335354;0.399162;-0.168025
0.0309169;0.406484;-0.168025
0.0281658;0.413807;-0.168025
0.0331885;0.399162;-0.160703
0.0306562;0.406484;-0.160703
0.0280592;0.413807;-0.160703
0.0326997;0.399162;-0.153381
0.030299;0.406484;-0.153381
0.0277997;0.413807;-0.153381
0.025893;0.418068;-0.186932
0.0226294;0.425391;-0.186932
0.0191931;0.432713;-0.186932
0.0262942;0.418068;-0.179609
0.0231323;0.425391;-0.179609
0.0198849;0.432713;-0.179609
0.0264814;0.418068;-0.172287
0.0235038;0.425391;-0.172287
0.0203827;0.432713;-0.172287
0.0171294;0.436975;-0.186932
0.0134949;0.444297;-0.186932
0.0097149;0.451619;-0.186932
0.0179241;0.436975;-0.179609
0.0144356;0.444297;-0.179609
0.010865;0.451619;-0.179609
0.0185132;0.436975;-0.172287
0.0152226;0.444297;-0.172287
0.0118006;0.451619;-0.172287
0.026525;0.418068;-0.168025
0.0236369;0.425391;-0.168025
0.0206062;0.432713;-0.168025
0.0264983;0.418068;-0.160703
0.0237216;0.425391;-0.160703
0.0208666;0.432713;-0.160703
0.0263097;0.418068;-0.153381
0.0236861;0.425391;-0.153381
0.0209467;0.432713;-0.153381
0.0187906;0.436975;-0.168025
0.0155913;0.444297;-0.168025
0.0122563;0.451619;-0.168025
0.0191443;0.436975;-0.160703
0.0160747;0.444297;-0.160703
0.012917;0.451619;-0.160703
0.0193082;0.436975;-0.153381
0.0164247;0.444297;-0.153381
0.0134258;0.451619;-0.153381
0.00350377;0.453762;-0.209736
0.00347531;0.453803;-0.209736
0.00344688;0.453844;-0.209736
0.00369255;0.453803;-0.208965
0.00356954;0.453986;-0.208965
0.00344701;0.454169;-0.208965
0.00388191;0.453844;-0.208193
0.00366945;0.454169;-0.208193
0.00345849;0.454493;-0.208193
0.00440792;0.453961;-0.205838
0.00395178;0.454688;-0.205838
0.00350033;0.455415;-0.205838
0.00592667;0.45432;-0.198516
0.00480089;0.456279;-0.198516
0.00366787;0.458239;-0.198516
0.00727693;0.454675;-0.191193
0.00554336;0.457852;-0.191193
0.00376875;0.46103;-0.191193
0.00799765;0.454871;-0.186932
0.00593922;0.458722;-0.186932
0.00383142;0.462574;-0.186932
0.00907887;0.455191;-0.179609
0.00651522;0.460141;-0.179609
0.0038733;0.465092;-0.179609
0.0099209;0.455507;-0.172287
0.00691666;0.461545;-0.172287
0.00382961;0.467583;-0.172287
0.0109491;0.455881;-0.161543
0.0075809;0.463203;-0.161543
0.00409385;0.470525;-0.161543
0.0113505;0.455881;-0.15705
0.00809363;0.463203;-0.15705
0.00471564;0.470525;-0.15705
0.0116868;0.455881;-0.152557
0.00853469;0.463203;-0.152557
0.00526242;0.470525;-0.152557
0.0102104;0.45563;-0.169333
0.00705995;0.462092;-0.169333
0.00382936;0.468554;-0.169333
0.0104929;0.45574;-0.166503
0.00722969;0.462578;-0.166503
0.00387009;0.469417;-0.166503
0.0107497;0.455849;-0.163673
0.00737833;0.463063;-0.163673
0.00389432;0.470276;-0.163673
0.0030297;0.472706;-0.161543
0.00293835;0.472878;-0.161543
0.00284712;0.47305;-0.161543
0.00359771;0.472878;-0.15705
0.00321482;0.473638;-0.15705
0.00283317;0.474398;-0.15705
0.00410085;0.473048;-0.152557
0.00346071;0.474394;-0.152557
0.00282177;0.475739;-0.152557
0.0572389;0.304631;-0.149119
0.0555895;0.311953;-0.149119
0.0539104;0.319275;-0.149119
0.0563878;0.304631;-0.141797
0.0546978;0.311953;-0.141797
0.0529632;0.319275;-0.141797
0.0556344;0.304631;-0.134475
0.053851;0.311953;-0.134475
0.0520762;0.319275;-0.134475
0.0529125;0.323537;-0.149119
0.0511648;0.330859;-0.149119
0.0493749;0.338182;-0.149119
0.0519452;0.323537;-0.141797
0.0501803;0.330859;-0.141797
0.0483739;0.338182;-0.141797
0.0510297;0.323537;-0.134475
0.0492117;0.330859;-0.134475
0.047389;0.338182;-0.134475
0.0552296;0.304631;-0.130213
0.0533974;0.311953;-0.130213
0.0515836;0.319275;-0.130213
0.0545865;0.304631;-0.122891
0.0526975;0.311953;-0.122891
0.0507741;0.319275;-0.122891
0.0540719;0.304631;-0.115568
0.0520397;0.311953;-0.115568
0.050062;0.319275;-0.115568
0.0505167;0.323537;-0.130213
0.0486682;0.330859;-0.130213
0.0468248;0.338182;-0.130213
0.0496661;0.323537;-0.122891
0.0477822;0.330859;-0.122891
0.0458699;0.338182;-0.122891
0.0489068;0.323537;-0.115568
0.0469191;0.330859;-0.115568
0.0449733;0.338182;-0.115568
0.0483114;0.342443;-0.149119
0.0464489;0.349766;-0.149119
0.0445307;0.357088;-0.149119
0.0473089;0.342443;-0.141797
0.045453;0.349766;-0.141797
0.0435564;0.357088;-0.141797
0.046314;0.342443;-0.134475
0.0444449;0.349766;-0.134475
0.0425571;0.357088;-0.134475
0.0433909;0.36135;-0.149119
0.0413936;0.368672;-0.149119
0.0393268;0.375994;-0.149119
0.0424333;0.36135;-0.141797
0.040467;0.368672;-0.141797
0.038458;0.375994;-0.141797
0.0414425;0.36135;-0.134475
0.0395019;0.368672;-0.134475
0.0375274;0.375994;-0.134475
0.0457404;0.342443;-0.130213
0.0438601;0.349766;-0.130213
0.0419703;0.357088;-0.130213
0.044763;0.342443;-0.122891
0.0428709;0.349766;-0.122891
0.0409535;0.357088;-0.122891
0.0438374;0.342443;-0.115568
0.0418827;0.349766;-0.115568
0.0399557;0.357088;-0.115568
0.0408575;0.36135;-0.130213
0.0389249;0.368672;-0.130213
0.0369672;0.375994;-0.130213
0.0398378;0.36135;-0.122891
0.0379187;0.368672;-0.122891
0.0359741;0.375994;-0.122891
0.0388299;0.36135;-0.115568
0.0368904;0.368672;-0.115568
0.0349624;0.375994;-0.115568
0.0538042;0.304631;-0.111307
0.0517074;0.311953;-0.111307
0.0496741;0.319275;-0.111307
0.0533895;0.304631;-0.103984
0.0512316;0.311953;-0.103984
0.0490468;0.319275;-0.103984
0.0531149;0.304631;-0.096662
0.0507797;0.311953;-0.096662
0.0485381;0.319275;-0.096662
0.0484885;0.323537;-0.111307
0.0464524;0.330859;-0.111307
0.044468;0.338182;-0.111307
0.0478043;0.323537;-0.103984
0.0457229;0.330859;-0.103984
0.0436247;0.338182;-0.103984
0.0472369;0.323537;-0.096662
0.0450123;0.330859;-0.096662
0.0428718;0.338182;-0.096662
0.0529772;0.304631;-0.0924005
0.0505707;0.311953;-0.0924005
0.048265;0.319275;-0.0924005
0.0527667;0.304631;-0.0850781
0.0503089;0.311953;-0.0850781
0.0478267;0.319275;-0.0850781
0.0526912;0.304631;-0.0777558
0.0500404;0.311953;-0.0777558
0.0475126;0.319275;-0.0777558
0.0469279;0.323537;-0.0924005
0.0446442;0.330859;-0.0924005
0.0424529;0.338182;-0.0924005
0.046425;0.323537;-0.0850781
0.0440978;0.330859;-0.0850781
0.0417611;0.338182;-0.0850781
0.0460497;0.323537;-0.0777558
0.043556;0.330859;-0.0777558
0.0411798;0.338182;-0.0777558
0.0433119;0.342443;-0.111307
0.041327;0.349766;-0.111307
0.0393797;0.357088;-0.111307
0.0424285;0.342443;-0.103984
0.0404178;0.349766;-0.103984
0.0383976;0.357088;-0.103984
0.0416321;0.342443;-0.096662
0.0395163;0.349766;-0.096662
0.0374725;0.357088;-0.096662
0.0382449;0.36135;-0.111307
0.0362948;0.368672;-0.111307
0.0343661;0.375994;-0.111307
0.0372414;0.36135;-0.103984
0.0352885;0.368672;-0.103984
0.0333295;0.375994;-0.103984
0.0362902;0.36135;-0.096662
0.0342738;0.368672;-0.096662
0.0323143;0.375994;-0.096662
0.0411854;0.342443;-0.0924005
0.0390253;0.349766;-0.0924005
0.0369465;0.357088;-0.0924005
0.0404418;0.342443;-0.0850781
0.0382504;0.349766;-0.0850781
0.0360619;0.357088;-0.0850781
0.0398098;0.342443;-0.0777558
0.037483;0.349766;-0.0777558
0.0352658;0.357088;-0.0777558
0.0357461;0.36135;-0.0924005
0.0337028;0.368672;-0.0924005
0.0317265;0.375994;-0.0924005
0.0348253;0.36135;-0.0850781
0.0327676;0.368672;-0.0850781
0.0307219;0.375994;-0.0850781
0.0339919;0.36135;-0.0777558
0.031835;0.368672;-0.0777558
0.0297767;0.375994;-0.0777558
0.0380981;0.380256;-0.149119
0.0359429;0.387578;-0.149119
0.0337041;0.3949;-0.149119
0.0372635;0.380256;-0.141797
0.0351633;0.387578;-0.141797
0.033016;0.3949;-0.141797
0.0363596;0.380256;-0.134475
0.034322;0.387578;-0.134475
0.0322358;0.3949;-0.134475
0.0323717;0.399162;-0.149119
0.0300328;0.406484;-0.149119
0.0275976;0.413807;-0.149119
0.0317358;0.399162;-0.141797
0.0294773;0.406484;-0.141797
0.0271635;0.413807;-0.141797
0.0309994;0.399162;-0.134475
0.0288369;0.406484;-0.134475
0.0266103;0.413807;-0.134475
0.0358122;0.380256;-0.130213
0.0338022;0.387578;-0.130213
0.0317509;0.3949;-0.130213
0.0348361;0.380256;-0.122891
0.0328661;0.387578;-0.122891
0.0308669;0.3949;-0.122891
0.0338339;0.380256;-0.115568
0.031885;0.387578;-0.115568
0.0299302;0.3949;-0.115568
0.0305378;0.399162;-0.130213
0.0284208;0.406484;-0.130213
0.026246;0.413807;-0.130213
0.0296901;0.399162;-0.122891
0.0276397;0.406484;-0.122891
0.0255523;0.413807;-0.122891
0.0287825;0.399162;-0.115568
0.026793;0.406484;-0.115568
0.0247792;0.413807;-0.115568
0.0261474;0.418068;-0.149119
0.0235962;0.425391;-0.149119
0.020931;0.432713;-0.149119
0.0257794;0.418068;-0.141797
0.023329;0.425391;-0.141797
0.0208108;0.432713;-0.141797
0.0252855;0.418068;-0.134475
0.0229612;0.425391;-0.134475
0.0205611;0.432713;-0.134475
0.0193428;0.436975;-0.149119
0.0165536;0.444297;-0.149119
0.0136436;0.451619;-0.149119
0.0193077;0.436975;-0.141797
0.0166457;0.444297;-0.141797
0.0138917;0.451619;-0.141797
0.0191302;0.436975;-0.134475
0.0166154;0.444297;-0.134475
0.0140167;0.451619;-0.134475
0.0249552;0.418068;-0.130213
0.0226957;0.425391;-0.130213
0.0203649;0.432713;-0.130213
0.0243174;0.418068;-0.122891
0.022154;0.425391;-0.122891
0.0199412;0.432713;-0.122891
0.023592;0.418068;-0.115568
0.0215256;0.425391;-0.115568
0.0194171;0.432713;-0.115568
0.0189763;0.436975;-0.130213
0.0165402;0.444297;-0.130213
0.0140271;0.451619;-0.130213
0.018627;0.436975;-0.122891
0.0163149;0.444297;-0.122891
0.0139362;0.451619;-0.122891
0.0181684;0.436975;-0.115568
0.0159836;0.444297;-0.115568
0.013739;0.451619;-0.115568
0.0332401;0.380256;-0.111307
0.0313011;0.387578;-0.111307
0.0293657;0.3949;-0.111307
0.0322024;0.380256;-0.103984
0.0302867;0.387578;-0.103984
0.0283641;0.3949;-0.103984
0.0311804;0.380256;-0.096662
0.0292449;0.387578;-0.096662
0.0273486;0.3949;-0.096662
0.0282323;0.399162;-0.111307
0.0262735;0.406484;-0.111307
0.0242992;0.413807;-0.111307
0.0272508;0.399162;-0.103984
0.0253437;0.406484;-0.103984
0.0234239;0.413807;-0.103984
0.0262491;0.399162;-0.096662
0.0243667;0.406484;-0.096662
0.0225028;0.413807;-0.096662
0.0305855;0.380256;-0.0924005
0.0286429;0.387578;-0.0924005
0.0267499;0.3949;-0.0924005
0.0295631;0.380256;-0.0850781
0.0276281;0.387578;-0.0850781
0.0257096;0.3949;-0.0850781
0.0285971;0.380256;-0.0777558
0.0266041;0.387578;-0.0777558
0.0246948;0.3949;-0.0777558
0.0256554;0.399162;-0.0924005
0.0237873;0.406484;-0.0924005
0.0219482;0.413807;-0.0924005
0.0246179;0.399162;-0.0850781
0.0227843;0.406484;-0.0850781
0.0209657;0.413807;-0.0850781
0.0236017;0.399162;-0.0777558
0.0217555;0.406484;-0.0777558
0.0199737;0.413807;-0.0777558
0.0231377;0.418068;-0.111307
0.0211214;0.425391;-0.111307
0.0190719;0.432713;-0.111307
0.0223034;0.418068;-0.103984
0.0203687;0.425391;-0.103984
0.0184118;0.432713;-0.103984
0.0214172;0.418068;-0.096662
0.0195498;0.425391;-0.096662
0.01768;0.432713;-0.096662
0.0178602;0.436975;-0.111307
0.0157445;0.444297;-0.111307
0.0135779;0.451619;-0.111307
0.017262;0.436975;-0.103984
0.0152597;0.444297;-0.103984
0.0132175;0.451619;-0.103984
0.0165861;0.436975;-0.096662
0.0146904;0.444297;-0.096662
0.0127647;0.451619;-0.096662
0.0208802;0.418068;-0.0924005
0.0190492;0.425391;-0.0924005
0.0172255;0.432713;-0.0924005
0.0199231;0.418068;-0.0850781
0.0181565;0.425391;-0.0850781
0.0163983;0.432713;-0.0850781
0.0189519;0.418068;-0.0777558
0.0172206;0.425391;-0.0777558
0.0155302;0.432713;-0.0777558
0.0161618;0.436975;-0.0924005
0.0143241;0.444297;-0.0924005
0.0124654;0.451619;-0.0924005
0.0153817;0.436975;-0.0850781
0.0136408;0.444297;-0.0850781
0.0118917;0.451619;-0.0850781
0.0145561;0.436975;-0.0777558
0.0128958;0.444297;-0.0777558
0.011249;0.451619;-0.0777558
0.0526545;0.304631;-0.0734942
0.0499352;0.311953;-0.0734942
0.047344;0.319275;-0.0734942
0.0525913;0.304631;-0.0661719
0.0498434;0.311953;-0.0661719
0.0470689;0.319275;-0.0661719
0.0526477;0.304631;-0.0588495
0.0497088;0.311953;-0.0588495
0.0469123;0.319275;-0.0588495
0.0458448;0.323537;-0.0734942
0.04329;0.330859;-0.0734942
0.0408592;0.338182;-0.0734942
0.0455067;0.323537;-0.0661719
0.0429233;0.330859;-0.0661719
0.0403321;0.338182;-0.0661719
0.045295;0.323537;-0.0588495
0.0425395;0.330859;-0.0588495
0.0399248;0.338182;-0.0588495
0.0526712;0.304631;-0.054588
0.0496747;0.311953;-0.054588
0.0468238;0.319275;-0.054588
0.0526849;0.304631;-0.0472656
0.0496916;0.311953;-0.0472656
0.046667;0.319275;-0.0472656
0.0527993;0.304631;-0.0399433
0.0496314;0.311953;-0.0399433
0.0466171;0.319275;-0.0399433
0.0451748;0.323537;-0.054588
0.0423652;0.330859;-0.054588
0.0397005;0.338182;-0.054588
0.0449646;0.323537;-0.0472656
0.0421528;0.330859;-0.0472656
0.0393302;0.338182;-0.0472656
0.0448731;0.323537;-0.0399433
0.0418998;0.330859;-0.0399433
0.0390809;0.338182;-0.0399433
0.0394583;0.342443;-0.0734942
0.0370803;0.349766;-0.0734942
0.0348196;0.357088;-0.0734942
0.038876;0.342443;-0.0661719
0.036473;0.349766;-0.0661719
0.0340795;0.357088;-0.0661719
0.0384195;0.342443;-0.0588495
0.0358669;0.349766;-0.0588495
0.0334516;0.357088;-0.0588495
0.0335218;0.36135;-0.0734942
0.0313268;0.368672;-0.0734942
0.0292391;0.375994;-0.0734942
0.0327369;0.36135;-0.0661719
0.030525;0.368672;-0.0661719
0.0283376;0.375994;-0.0661719
0.0320681;0.36135;-0.0588495
0.0297338;0.368672;-0.0588495
0.0275311;0.375994;-0.0588495
0.0381663;0.342443;-0.054588
0.0355646;0.349766;-0.054588
0.0331054;0.357088;-0.054588
0.0377462;0.342443;-0.0472656
0.0351386;0.349766;-0.0472656
0.0325404;0.357088;-0.0472656
0.0374577;0.342443;-0.0399433
0.0347037;0.349766;-0.0399433
0.032104;0.357088;-0.0399433
0.031697;0.36135;-0.054588
0.0293211;0.368672;-0.054588
0.0270831;0.375994;-0.054588
0.0310874;0.36135;-0.0472656
0.0287045;0.368672;-0.0472656
0.0263508;0.375994;-0.0472656
0.0306153;0.36135;-0.0399433
0.0281041;0.368672;-0.0399433
0.0257459;0.375994;-0.0399433
0.0528422;0.304631;-0.0356817
0.0496331;0.311953;-0.0356817
0.0465794;0.319275;-0.0356817
0.0528671;0.304631;-0.0283594
0.0496981;0.311953;-0.0283594
0.0464929;0.319275;-0.0283594
0.052977;0.304631;-0.021037
0.0496598;0.311953;-0.021037
0.0465018;0.319275;-0.021037
0.0448123;0.323537;-0.0356817
0.041799;0.330859;-0.0356817
0.0389423;0.338182;-0.0356817
0.044688;0.323537;-0.0283594
0.0417066;0.330859;-0.0283594
0.0387097;0.338182;-0.0283594
0.0446735;0.323537;-0.021037
0.0415541;0.330859;-0.021037
0.0385956;0.338182;-0.021037
0.0530071;0.304631;-0.0167755
0.0496686;0.311953;-0.0167755
0.0464901;0.319275;-0.0167755
0.0529966;0.304631;-0.00945312
0.0497364;0.311953;-0.00945312
0.046437;0.319275;-0.00945312
0.0530621;0.304631;-0.00213077
0.0496868;0.311953;-0.00213077
0.0464725;0.319275;-0.00213077
0.0446496;0.323537;-0.0167755
0.041509;0.330859;-0.0167755
0.0385302;0.338182;-0.0167755
0.0445782;0.323537;-0.00945312
0.0415069;0.330859;-0.00945312
0.0384169;0.338182;-0.00945312
0.044611;0.323537;-0.00213077
0.0414337;0.330859;-0.00213077
0.0384195;0.338182;-0.00213077
0.0372968;0.342443;-0.0356817
0.0345046;0.349766;-0.0356817
0.0318693;0.357088;-0.0356817
0.0370275;0.342443;-0.0283594
0.0342593;0.349766;-0.0283594
0.0314965;0.357088;-0.0283594
0.0368906;0.342443;-0.021037
0.0339951;0.349766;-0.021037
0.0312619;0.357088;-0.021037
0.0303599;0.36135;-0.0356817
0.0278132;0.368672;-0.0356817
0.0254229;0.375994;-0.0356817
0.0299518;0.36135;-0.0283594
0.0274218;0.368672;-0.0283594
0.0249186;0.375994;-0.0283594
0.0296953;0.36135;-0.021037
0.0270499;0.368672;-0.021037
0.0245677;0.375994;-0.021037
0.0368133;0.342443;-0.0167755
0.0338968;0.349766;-0.0167755
0.0311438;0.357088;-0.0167755
0.0366816;0.342443;-0.00945312
0.0338253;0.349766;-0.00945312
0.0309709;0.357088;-0.00945312
0.0366816;0.342443;-0.00213077
0.0337287;0.349766;-0.00213077
0.0309405;0.357088;-0.00213077
0.0295655;0.36135;-0.0167755
0.0268995;0.368672;-0.0167755
0.024398;0.375994;-0.0167755
0.0293743;0.36135;-0.00945312
0.0267589;0.368672;-0.00945312
0.0241667;0.375994;-0.00945312
0.0293416;0.36135;-0.00213077
0.0266394;0.368672;-0.00213077
0.0241034;0.375994;-0.00213077
0.0280446;0.380256;-0.0734942
0.02603;0.387578;-0.0734942
0.0241089;0.3949;-0.0734942
0.0271122;0.380256;-0.0661719
0.0250945;0.387578;-0.0661719
0.0231129;0.3949;-0.0661719
0.026276;0.380256;-0.0588495
0.0241693;0.387578;-0.0588495
0.0221851;0.3949;-0.0588495
0.0230117;0.399162;-0.0734942
0.0211636;0.406484;-0.0734942
0.0193907;0.413807;-0.0734942
0.0220025;0.399162;-0.0661719
0.0201719;0.406484;-0.0661719
0.0183837;0.413807;-0.0661719
0.0210602;0.399162;-0.0588495
0.019181;0.406484;-0.0588495
0.0174106;0.413807;-0.0588495
0.0258087;0.380256;-0.054588
0.0236711;0.387578;-0.054588
0.0216637;0.3949;-0.054588
0.0250395;0.380256;-0.0472656
0.0228983;0.387578;-0.0472656
0.0208042;0.3949;-0.0472656
0.0244044;0.380256;-0.0399433
0.0221572;0.387578;-0.0399433
0.0200598;0.3949;-0.0399433
0.0205273;0.399162;-0.054588
0.0186322;0.406484;-0.054588
0.0168551;0.413807;-0.054588
0.0196426;0.399162;-0.0472656
0.0177536;0.406484;-0.0472656
0.0159268;0.413807;-0.0472656
0.0188762;0.399162;-0.0399433
0.0169101;0.406484;-0.0399433
0.0150881;0.413807;-0.0399433
0.0183777;0.418068;-0.0734942
0.0166678;0.425391;-0.0734942
0.0150089;0.432713;-0.0734942
0.017379;0.418068;-0.0661719
0.0157145;0.425391;-0.0661719
0.0140895;0.432713;-0.0661719
0.0164107;0.418068;-0.0588495
0.0147445;0.425391;-0.0588495
0.0131665;0.432713;-0.0588495
0.0140566;0.436975;-0.0734942
0.0124404;0.444297;-0.0734942
0.0108477;0.451619;-0.0734942
0.0131692;0.436975;-0.0661719
0.01163;0.444297;-0.0661719
0.0101201;0.451619;-0.0661719
0.0122746;0.436975;-0.0588495
0.0107861;0.444297;-0.0588495
0.00936019;0.451619;-0.0588495
0.0158543;0.418068;-0.054588
0.014192;0.425391;-0.054588
0.0126287;0.432713;-0.054588
0.0149171;0.418068;-0.0472656
0.0132798;0.425391;-0.0472656
0.0117127;0.432713;-0.0472656
0.0140694;0.418068;-0.0399433
0.0123927;0.425391;-0.0399433
0.0108489;0.432713;-0.0399433
0.0117497;0.436975;-0.054588
0.0102912;0.444297;-0.054588
0.00890622;0.451619;-0.054588
0.0108477;0.436975;-0.0472656
0.00944493;0.444297;-0.0472656
0.00811061;0.451619;-0.0472656
0.0099939;0.436975;-0.0399433
0.00860071;0.444297;-0.0399433
0.00732259;0.451619;-0.0399433
0.024063;0.380256;-0.0356817
0.0217847;0.387578;-0.0356817
0.0196607;0.3949;-0.0356817
0.0235261;0.380256;-0.0283594
0.0212586;0.387578;-0.0283594
0.0190395;0.3949;-0.0283594
0.0231546;0.380256;-0.021037
0.0207852;0.387578;-0.021037
0.0185792;0.3949;-0.021037
0.0184624;0.399162;-0.0356817
0.0164726;0.406484;-0.0356817
0.0146329;0.413807;-0.0356817
0.0178129;0.399162;-0.0283594
0.015831;0.406484;-0.0283594
0.0139189;0.413807;-0.0283594
0.0173344;0.399162;-0.021037
0.0152666;0.406484;-0.021037
0.0133623;0.413807;-0.021037
0.0229736;0.380256;-0.0167755
0.0205843;0.387578;-0.0167755
0.0183601;0.3949;-0.0167755
0.022724;0.380256;-0.00945312
0.0203756;0.387578;-0.00945312
0.0180719;0.3949;-0.00945312
0.0226585;0.380256;-0.00213077
0.0202334;0.387578;-0.00213077
0.0179755;0.3949;-0.00213077
0.0171046;0.399162;-0.0167755
0.0150182;0.406484;-0.0167755
0.0130974;0.413807;-0.0167755
0.0167984;0.399162;-0.00945312
0.014743;0.406484;-0.00945312
0.0127549;0.413807;-0.00945312
0.0167001;0.399162;-0.00213077
0.0145787;0.406484;-0.00213077
0.0126257;0.413807;-0.00213077
0.0136056;0.418068;-0.0356817
0.0119176;0.425391;-0.0356817
0.0103704;0.432713;-0.0356817
0.0128711;0.418068;-0.0283594
0.0111944;0.425391;-0.0283594
0.00960591;0.432713;-0.0283594
0.0123004;0.418068;-0.021037
0.0105585;0.425391;-0.021037
0.00897754;0.432713;-0.021037
0.00951644;0.436975;-0.0356817
0.00813129;0.444297;-0.0356817
0.00687285;0.451619;-0.0356817
0.00874488;0.436975;-0.0283594
0.00738623;0.444297;-0.0283594
0.00613202;0.451619;-0.0283594
0.00811039;0.436975;-0.021037
0.00671664;0.444297;-0.021037
0.00548239;0.451619;-0.021037
0.0120261;0.418068;-0.0167755
0.0102682;0.425391;-0.0167755
0.0086744;0.432713;-0.0167755
0.0116663;0.418068;-0.00945312
0.00992997;0.425391;-0.00945312
0.00828257;0.432713;-0.00945312
0.0115354;0.418068;-0.00213077
0.00974419;0.425391;-0.00213077
0.00812093;0.432713;-0.00213077
0.00780048;0.436975;-0.0167755
0.00639679;0.444297;-0.0167755
0.00515826;0.451619;-0.0167755
0.00739321;0.436975;-0.00945312
0.00600364;0.444297;-0.00945312
0.00472981;0.451619;-0.00945312
0.00722994;0.436975;-0.00213077
0.00579719;0.444297;-0.00213077
0.00453701;0.451619;-0.00213077
0.0119037;0.455881;-0.149119
0.00883474;0.463203;-0.149119
0.00563858;0.470525;-0.149119
0.0122522;0.455881;-0.141797
0.00934999;0.463203;-0.141797
0.00631913;0.470525;-0.141797
0.0124559;0.455881;-0.134475
0.00969153;0.463203;-0.134475
0.00683566;0.470525;-0.134475
0.0044506;0.473169;-0.149119
0.00364598;0.474931;-0.149119
0.00283969;0.476693;-0.149119
0.0050933;0.473414;-0.141797
0.00398522;0.476018;-0.141797
0.00286012;0.478622;-0.141797
0.00559078;0.473657;-0.134475
0.00420798;0.477096;-0.134475
0.00279061;0.480536;-0.134475
0.0125154;0.455881;-0.130213
0.0098402;0.463203;-0.130213
0.00708844;0.470525;-0.130213
0.0125186;0.455881;-0.122891
0.0100188;0.463203;-0.122891
0.00743657;0.470525;-0.122891
0.0124043;0.455881;-0.115568
0.0100572;0.463203;-0.115568
0.00763197;0.470525;-0.115568
0.00583767;0.473789;-0.130213
0.00431781;0.477681;-0.130213
0.00275879;0.481573;-0.130213
0.00618139;0.473999;-0.122891
0.00447599;0.478614;-0.122891
0.00272445;0.483228;-0.122891
0.00638202;0.474208;-0.115568
0.00452996;0.479539;-0.115568
0.00262179;0.484871;-0.115568
0.0122881;0.455881;-0.111307
0.0100199;0.463203;-0.111307
0.00768442;0.470525;-0.111307
0.0120039;0.455881;-0.103984
0.00987368;0.463203;-0.103984
0.00769208;0.470525;-0.103984
0.0116259;0.455881;-0.096662
0.0096362;0.463203;-0.096662
0.00759805;0.470525;-0.096662
0.00644782;0.47432;-0.111307
0.00454081;0.480036;-0.111307
0.00257063;0.485752;-0.111307
0.00648873;0.474496;-0.103984
0.00452685;0.480817;-0.103984
0.00249366;0.487139;-0.103984
0.00642674;0.474671;-0.096662
0.00442964;0.481594;-0.096662
0.00235813;0.488517;-0.096662
0.0113691;0.455881;-0.0924005
0.0094575;0.463203;-0.0924005
0.00750362;0.470525;-0.0924005
0.0108642;0.455881;-0.0850781
0.00908124;0.463203;-0.0850781
0.00727495;0.470525;-0.0850781
0.0102882;0.455881;-0.0777558
0.00863141;0.463203;-0.0777558
0.0069631;0.470525;-0.0777558
0.00630501;0.474787;-0.0894368
0.00434649;0.482109;-0.0894368
0.00231915;0.489432;-0.0894368
0.00616583;0.474787;-0.0834081
0.00433581;0.482109;-0.0834081
0.00244939;0.489432;-0.0834081
0.00596819;0.474787;-0.0773793
0.00426418;0.482109;-0.0773793
0.0025163;0.489432;-0.0773793
0.00638528;0.474729;-0.0941548
0.00438215;0.481852;-0.0941548
0.00230513;0.488975;-0.0941548
0.00636464;0.474754;-0.0928612
0.00436407;0.481964;-0.0928612
0.00229019;0.489174;-0.0928612
0.00634107;0.47478;-0.0915676
0.00434365;0.482077;-0.0915676
0.00227364;0.489374;-0.0915676
0.00170508;0.491597;-0.0894368
0.00166965;0.491714;-0.0894368
0.00163421;0.491832;-0.0894368
0.0018472;0.491714;-0.0834081
0.00170481;0.492235;-0.0834081
0.00156205;0.492756;-0.0834081
0.00193147;0.491831;-0.0773793
0.0017022;0.492754;-0.0773793
0.00147153;0.493677;-0.0773793
0.00992461;0.455881;-0.0734942
0.00833938;0.463203;-0.0734942
0.00674762;0.470525;-0.0734942
0.00925605;0.455881;-0.0661719
0.00778802;0.463203;-0.0661719
0.006324;0.470525;-0.0661719
0.00854958;0.455881;-0.0588495
0.00718257;0.463203;-0.0588495
0.00584186;0.470525;-0.0588495
0.00581395;0.474787;-0.0734942
0.00418994;0.482109;-0.0734942
0.00253004;0.489432;-0.0734942
0.00547134;0.474787;-0.0661719
0.00399645;0.482109;-0.0661719
0.00249641;0.489432;-0.0661719
0.00506877;0.474787;-0.0588495
0.00373934;0.482109;-0.0588495
0.00239064;0.489432;-0.0588495
0.00812341;0.455881;-0.054588
0.00681173;0.463203;-0.054588
0.00553831;0.470525;-0.054588
0.0073696;0.455881;-0.0472656
0.00615212;0.463203;-0.0472656
0.00498288;0.470525;-0.0472656
0.00661863;0.455881;-0.0399433
0.00546973;0.463203;-0.0399433
0.00439895;0.470525;-0.0399433
0.00480918;0.474787;-0.054588
0.00356283;0.482109;-0.054588
0.00230698;0.489432;-0.054588
0.00432385;0.474787;-0.0472656
0.00321791;0.482109;-0.0472656
0.00212469;0.489432;-0.0472656
0.0038073;0.474787;-0.0399433
0.00283231;0.482109;-0.0399433
0.00188552;0.489432;-0.0399433
0.00196101;0.491897;-0.0734942
0.00169225;0.493048;-0.0734942
0.00142118;0.494198;-0.0734942
0.00196171;0.492008;-0.0661719
0.00164331;0.493537;-0.0661719
0.00132062;0.495067;-0.0661719
0.00189024;0.492118;-0.0588495
0.00153622;0.494025;-0.0588495
0.00117694;0.495933;-0.0588495
0.00183256;0.492172;-0.054588
0.00146931;0.494269;-0.054588
0.00110118;0.496365;-0.054588
0.00170304;0.492251;-0.0472656
0.00134456;0.494617;-0.0472656
0.000982307;0.496983;-0.0472656
0.00151352;0.492329;-0.0399433
0.0011735;0.494964;-0.0399433
0.000831519;0.497599;-0.0399433
0.00618532;0.455881;-0.0356817
0.00507328;0.463203;-0.0356817
0.00405236;0.470525;-0.0356817
0.00546138;0.455881;-0.0283594
0.00440972;0.463203;-0.0283594
0.00345415;0.470525;-0.0283594
0.00482258;0.455881;-0.021037
0.00378334;0.463203;-0.021037
0.00288083;0.470525;-0.021037
0.00349599;0.474787;-0.0356817
0.00259204;0.482109;-0.0356817
0.00172763;0.489432;-0.0356817
0.00294864;0.474787;-0.0283594
0.00215934;0.482109;-0.0283594
0.00143379;0.489432;-0.0283594
0.0024174;0.474787;-0.021037
0.0017186;0.482109;-0.021037
0.00111535;0.489432;-0.021037
0.00449826;0.455881;-0.0167755
0.00346324;0.463203;-0.0167755
0.00257507;0.470525;-0.0167755
0.00405987;0.455881;-0.00945312
0.00303865;0.463203;-0.00945312
0.00214265;0.470525;-0.00945312
0.00386624;0.455881;-0.00213077
0.00281462;0.463203;-0.00213077
0.00192101;0.470525;-0.00213077
0.00212677;0.474787;-0.0167755
0.00146927;0.482109;-0.0167755
0.000927337;0.489432;-0.0167755
0.00169947;0.474787;-0.00945312
0.00108698;0.482109;-0.00945312
0.000617954;0.489432;-0.00945312
0.00147793;0.474787;-0.00213077
0.000856096;0.482109;-0.00213077
0.000399894;0.489432;-0.00213077
0.00138724;0.492366;-0.0356817
0.00106794;0.495126;-0.0356817
0.000747727;0.497886;-0.0356817
0.00115143;0.492413;-0.0283594
0.000878704;0.495334;-0.0283594
0.000607921;0.498255;-0.0283594
0.000887089;0.492459;-0.021037
0.000663906;0.495542;-0.021037
0.000448489;0.498624;-0.021037
0.000729013;0.492478;-0.0167755
0.000537122;0.495623;-0.0167755
0.00035784;0.498767;-0.0167755
0.000460927;0.492493;-0.00945312
0.000320168;0.495692;-0.00945312
0.000205184;0.49889;-0.00945312
0.000255122;0.492509;-0.00213077
0.000127134;0.495761;-0.00213077
4.60767e-05;0.499013;-0.00213077
0.000639082;-0.499013;0.00213077
0.00152351;-0.495761;0.00213077
0.00276017;-0.492509;0.00213077
0.00276807;-0.49889;0.00945312
0.00347384;-0.495692;0.00945312
0.00435379;-0.492493;0.00945312
0.00499423;-0.498767;0.0167755
0.0059191;-0.495623;0.0167755
0.00680221;-0.492478;0.0167755
0.00623391;-0.498624;0.021037
0.00730623;-0.495542;0.021037
0.00826085;-0.492459;0.021037
0.00818757;-0.498255;0.0283594
0.00944931;-0.495334;0.0283594
0.0105367;-0.492413;0.0283594
0.0104282;-0.497886;0.0356817
0.0118068;-0.495126;0.0356817
0.0130219;-0.492366;0.0356817
0.00397011;-0.489432;0.00213077
0.00716006;-0.482109;0.00213077
0.0108298;-0.474787;0.00213077
0.0054024;-0.489432;0.00945312
0.00838494;-0.482109;0.00945312
0.0117915;-0.474787;0.00945312
0.00771797;-0.489432;0.0167755
0.0104766;-0.482109;0.0167755
0.0138556;-0.474787;0.0167755
0.0133129;-0.470525;0.00213077
0.0181304;-0.463203;0.00213077
0.0232837;-0.455881;0.00213077
0.0142114;-0.470525;0.00945312
0.0189931;-0.463203;0.00945312
0.0238588;-0.455881;0.00945312
0.0161284;-0.470525;0.0167755
0.0205437;-0.463203;0.0167755
0.0254015;-0.455881;0.0167755
0.00922376;-0.489432;0.021037
0.0120213;-0.482109;0.021037
0.0153437;-0.474787;0.021037
0.0116972;-0.489432;0.0283594
0.0148113;-0.482109;0.0283594
0.0180832;-0.474787;0.0283594
0.0142626;-0.489432;0.0356817
0.0175874;-0.482109;0.0356817
0.0212098;-0.474787;0.0356817
0.0175668;-0.470525;0.021037
0.0218711;-0.463203;0.021037
0.0265815;-0.455881;0.021037
0.0202798;-0.470525;0.0283594
0.0245481;-0.463203;0.0283594
0.0288783;-0.455881;0.0283594
0.0234076;-0.470525;0.0356817
0.027388;-0.463203;0.0356817
0.0317459;-0.455881;0.0356817
0.0116607;-0.497599;0.0399433
0.0130634;-0.494964;0.0399433
0.014335;-0.492329;0.0399433
0.0134564;-0.496983;0.0472656
0.0148418;-0.494617;0.0472656
0.0162104;-0.492251;0.0472656
0.0154906;-0.496365;0.054588
0.0168663;-0.494269;0.054588
0.01837;-0.492172;0.054588
0.016568;-0.495933;0.0588495
0.0179374;-0.494025;0.0588495
0.019503;-0.492118;0.0588495
0.0180978;-0.495067;0.0661719
0.0193234;-0.493537;0.0661719
0.0207849;-0.492008;0.0661719
0.0197748;-0.494198;0.0734942
0.0207474;-0.493048;0.0734942
0.0219239;-0.491897;0.0734942
0.0157487;-0.489432;0.0399433
0.0194091;-0.482109;0.0399433
0.0230961;-0.474787;0.0399433
0.0179543;-0.489432;0.0472656
0.0222505;-0.482109;0.0472656
0.0260415;-0.474787;0.0472656
0.0200398;-0.489432;0.054588
0.024336;-0.482109;0.054588
0.0288894;-0.474787;0.054588
0.0252869;-0.470525;0.0399433
0.0292734;-0.463203;0.0399433
0.0335493;-0.455881;0.0399433
0.0283164;-0.470525;0.0472656
0.0325515;-0.463203;0.0472656
0.0366042;-0.455881;0.0472656
0.0314754;-0.470525;0.054588
0.0356461;-0.463203;0.054588
0.0398814;-0.455881;0.054588
0.0212896;-0.489432;0.0588495
0.025852;-0.482109;0.0588495
0.0306373;-0.474787;0.0588495
0.0230643;-0.489432;0.0661719
0.0286967;-0.482109;0.0661719
0.0334484;-0.474787;0.0661719
0.0243479;-0.489432;0.0734942
0.0306496;-0.482109;0.0734942
0.0358658;-0.474787;0.0734942
0.0332999;-0.470525;0.0588495
0.0375197;-0.463203;0.0588495
0.0418094;-0.455881;0.0588495
0.0360583;-0.470525;0.0661719
0.0406472;-0.463203;0.0661719
0.0449567;-0.455881;0.0661719
0.0386747;-0.470525;0.0734942
0.0435762;-0.463203;0.0734942
0.0481946;-0.455881;0.0734942
0.0207895;-0.493677;0.0773793
0.0215898;-0.492754;0.0773793
0.0225461;-0.491831;0.0773793
0.0224088;-0.492756;0.0834081
0.0228466;-0.492235;0.0834081
0.0233442;-0.491714;0.0834081
0.0236478;-0.491832;0.0894368
0.0237288;-0.491714;0.0894368
0.0238132;-0.491597;0.0894368
0.0249195;-0.489432;0.0773793
0.0314307;-0.482109;0.0773793
0.0370703;-0.474787;0.0773793
0.0256384;-0.489432;0.0834081
0.0325402;-0.482109;0.0834081
0.0387936;-0.474787;0.0834081
0.0261259;-0.489432;0.0894368
0.0335463;-0.482109;0.0894368
0.0403155;-0.474787;0.0894368
0.0263204;-0.489374;0.0915676
0.0339242;-0.482077;0.0915676
0.040828;-0.47478;0.0915676
0.0266145;-0.489174;0.0928612
0.0342472;-0.481964;0.0928612
0.0411525;-0.474754;0.0928612
0.0269119;-0.488975;0.0941548
0.0345742;-0.481852;0.0941548
0.0414738;-0.474729;0.0941548
0.040235;-0.470525;0.0777558
0.0453086;-0.463203;0.0777558
0.0500606;-0.455881;0.0777558
0.0426481;-0.470525;0.0850781
0.0480436;-0.463203;0.0850781
0.0529813;-0.455881;0.0850781
0.0446728;-0.470525;0.0924005
0.0504258;-0.463203;0.0924005
0.0557861;-0.455881;0.0924005
0.0274032;-0.488517;0.096662
0.0350728;-0.481594;0.096662
0.0419247;-0.474671;0.096662
0.0288022;-0.487139;0.103984
0.0363732;-0.480817;0.103984
0.0430692;-0.474496;0.103984
0.0302816;-0.485752;0.111307
0.0376545;-0.480036;0.111307
0.0442029;-0.47432;0.111307
0.0456546;-0.470525;0.096662
0.0517606;-0.463203;0.096662
0.0573139;-0.455881;0.096662
0.0469852;-0.470525;0.103984
0.0537362;-0.463203;0.103984
0.0596149;-0.455881;0.103984
0.0481437;-0.470525;0.111307
0.0552456;-0.463203;0.111307
0.0617264;-0.455881;0.111307
0.031044;-0.484871;0.115568
0.0381812;-0.479539;0.115568
0.0445769;-0.474208;0.115568
0.0321607;-0.483228;0.122891
0.0386064;-0.478614;0.122891
0.0445577;-0.473999;0.122891
0.0333311;-0.481573;0.130213
0.0390019;-0.477681;0.130213
0.0444441;-0.473789;0.130213
0.0486343;-0.470525;0.115568
0.056115;-0.463203;0.115568
0.0627834;-0.455881;0.115568
0.0488419;-0.470525;0.122891
0.0571139;-0.463203;0.122891
0.0641302;-0.455881;0.122891
0.0485682;-0.470525;0.130213
0.0570976;-0.463203;0.130213
0.0651211;-0.455881;0.130213
0.0337761;-0.480536;0.134475
0.0389506;-0.477096;0.134475
0.0440261;-0.473657;0.134475
0.0343172;-0.478622;0.141797
0.0383945;-0.476018;0.141797
0.0425408;-0.473414;0.141797
0.0349782;-0.476693;0.149119
0.0378245;-0.474931;0.149119
0.0407946;-0.473169;0.149119
0.0482095;-0.470525;0.134475
0.0571768;-0.463203;0.134475
0.0655688;-0.455881;0.134475
0.0470516;-0.470525;0.141797
0.0572937;-0.463203;0.141797
0.0658981;-0.455881;0.141797
0.0452044;-0.470525;0.149119
0.0562279;-0.463203;0.149119
0.065573;-0.455881;0.149119
0.026315;-0.451619;0.00213077
0.0317402;-0.444297;0.00213077
0.0376854;-0.436975;0.00213077
0.0268677;-0.451619;0.00945312
0.0323954;-0.444297;0.00945312
0.0380022;-0.436975;0.00945312
0.0282783;-0.451619;0.0167755
0.0334279;-0.444297;0.0167755
0.0391186;-0.436975;0.0167755
0.0411985;-0.432713;0.00213077
0.0472958;-0.425391;0.00213077
0.0538037;-0.418068;0.00213077
0.0414983;-0.432713;0.00945312
0.0477867;-0.425391;0.00945312
0.0539016;-0.418068;0.00945312
0.0424888;-0.432713;0.0167755
0.0483465;-0.425391;0.0167755
0.0546352;-0.418068;0.0167755
0.0293819;-0.451619;0.021037
0.0344101;-0.444297;0.021037
0.0399539;-0.436975;0.021037
0.0315666;-0.451619;0.0283594
0.0365425;-0.444297;0.0283594
0.0415845;-0.436975;0.0283594
0.0343108;-0.451619;0.0356817
0.0388431;-0.444297;0.0356817
0.0438533;-0.436975;0.0356817
0.0432455;-0.432713;0.021037
0.0489815;-0.425391;0.021037
0.0551369;-0.418068;0.021037
0.0447414;-0.432713;0.0283594
0.0504692;-0.425391;0.0283594
0.0560564;-0.418068;0.0283594
0.04682;-0.432713;0.0356817
0.0519819;-0.425391;0.0356817
0.0575777;-0.418068;0.0356817
0.0575531;-0.413807;0.00213077
0.0639576;-0.406484;0.00213077
0.0707568;-0.399162;0.00213077
0.0576387;-0.413807;0.00945312
0.0643138;-0.406484;0.00945312
0.0706715;-0.399162;0.00945312
0.058263;-0.413807;0.0167755
0.0644643;-0.406484;0.0167755
0.0710771;-0.399162;0.0167755
0.0746291;-0.3949;0.00213077
0.081153;-0.387578;0.00213077
0.0880408;-0.380256;0.00213077
0.0745334;-0.3949;0.00945312
0.0813954;-0.387578;0.00945312
0.0878016;-0.380256;0.00945312
0.0748452;-0.3949;0.0167755
0.081195;-0.387578;0.0167755
0.0879246;-0.380256;0.0167755
0.0586954;-0.413807;0.021037
0.0647896;-0.406484;0.021037
0.0712856;-0.399162;0.021037
0.0594901;-0.413807;0.0283594
0.0656637;-0.406484;0.0283594
0.071552;-0.399162;0.0283594
0.0608147;-0.413807;0.0356817
0.0663588;-0.406484;0.0356817
0.0723336;-0.399162;0.0356817
0.0749931;-0.3949;0.021037
0.0812501;-0.387578;0.021037
0.0878788;-0.380256;0.021037
0.0751473;-0.3949;0.0283594
0.0815711;-0.387578;0.0283594
0.0875679;-0.380256;0.0283594
0.0757451;-0.3949;0.0356817
0.0815017;-0.387578;0.0356817
0.0876676;-0.380256;0.0356817
0.0360548;-0.451619;0.0399433
0.0404691;-0.444297;0.0399433
0.0453061;-0.436975;0.0399433
0.039037;-0.451619;0.0472656
0.043461;-0.444297;0.0472656
0.0478379;-0.436975;0.0472656
0.0422918;-0.451619;0.054588
0.0464169;-0.444297;0.054588
0.0508033;-0.436975;0.054588
0.0481708;-0.432713;0.0399433
0.0531583;-0.425391;0.0399433
0.0585454;-0.418068;0.0399433
0.0505464;-0.432713;0.0472656
0.0554572;-0.425391;0.0472656
0.0602209;-0.418068;0.0472656
0.0533495;-0.432713;0.054588
0.0577198;-0.425391;0.054588
0.0624299;-0.418068;0.054588
0.0442381;-0.451619;0.0588495
0.0483229;-0.444297;0.0588495
0.0526024;-0.436975;0.0588495
0.0474246;-0.451619;0.0661719
0.0516352;-0.444297;0.0661719
0.0556126;-0.436975;0.0661719
0.0507068;-0.451619;0.0734942
0.054812;-0.444297;0.0734942
0.0588798;-0.436975;0.0734942
0.0550739;-0.432713;0.0588495
0.0592936;-0.425391;0.0588495
0.0637923;-0.418068;0.0588495
0.0579771;-0.432713;0.0661719
0.0621546;-0.425391;0.0661719
0.0660997;-0.418068;0.0661719
0.0611449;-0.432713;0.0734942
0.0649128;-0.425391;0.0734942
0.0688362;-0.418068;0.0734942
0.061669;-0.413807;0.0399433
0.0670302;-0.406484;0.0399433
0.0727961;-0.399162;0.0399433
0.0631553;-0.413807;0.0472656
0.0684652;-0.406484;0.0472656
0.0735183;-0.399162;0.0472656
0.0651394;-0.413807;0.054588
0.0697602;-0.406484;0.054588
0.0747829;-0.399162;0.054588
0.0760967;-0.3949;0.0399433
0.0816804;-0.387578;0.0399433
0.0876531;-0.380256;0.0399433
0.0766254;-0.3949;0.0472656
0.0822277;-0.387578;0.0472656
0.0874451;-0.380256;0.0472656
0.0776483;-0.3949;0.054588
0.0824782;-0.387578;0.054588
0.0877287;-0.380256;0.054588
0.0663798;-0.413807;0.0588495
0.0707945;-0.406484;0.0588495
0.0755623;-0.399162;0.0588495
0.0684952;-0.413807;0.0661719
0.0728123;-0.406484;0.0661719
0.0768582;-0.399162;0.0661719
0.0710409;-0.413807;0.0734942
0.0747225;-0.406484;0.0734942
0.0786939;-0.399162;0.0734942
0.0782879;-0.3949;0.0588495
0.0828934;-0.387578;0.0588495
0.087881;-0.380256;0.0588495
0.0793487;-0.3949;0.0661719
0.0838716;-0.387578;0.0661719
0.0880381;-0.380256;0.0661719
0.0809325;-0.3949;0.0734942
0.0846626;-0.387578;0.0734942
0.0887659;-0.380256;0.0734942
0.0919192;-0.375994;0.00213077
0.09838;-0.368672;0.00213077
0.105184;-0.36135;0.00213077
0.0916702;-0.375994;0.00945312
0.0985246;-0.368672;0.00945312
0.104816;-0.36135;0.00945312
0.0917143;-0.375994;0.0167755
0.0980264;-0.368672;0.0167755
0.104697;-0.36135;0.0167755
0.10898;-0.357088;0.00213077
0.115238;-0.349766;0.00213077
0.12182;-0.342443;0.00213077
0.108602;-0.357088;0.00945312
0.115298;-0.349766;0.00945312
0.121347;-0.342443;0.00945312
0.108417;-0.357088;0.0167755
0.11455;-0.349766;0.0167755
0.121019;-0.342443;0.0167755
0.0916163;-0.375994;0.021037
0.0978493;-0.368672;0.021037
0.104433;-0.36135;0.021037
0.0912066;-0.375994;0.0283594
0.0976851;-0.368672;0.0283594
0.103625;-0.36135;0.0283594
0.091144;-0.375994;0.0356817
0.0969365;-0.368672;0.0356817
0.10312;-0.36135;0.0356817
0.108109;-0.357088;0.021037
0.114175;-0.349766;0.021037
0.120571;-0.342443;0.021037
0.107214;-0.357088;0.0283594
0.113591;-0.349766;0.0283594
0.11934;-0.342443;0.0283594
0.10657;-0.357088;0.0356817
0.112255;-0.349766;0.0356817
0.118311;-0.342443;0.0356817
0.12546;-0.338182;0.00213077
0.131404;-0.330859;0.00213077
0.137653;-0.323537;0.00213077
0.124976;-0.338182;0.00945312
0.131389;-0.330859;0.00945312
0.137093;-0.323537;0.00945312
0.124596;-0.338182;0.0167755
0.130433;-0.330859;0.0167755
0.136589;-0.323537;0.0167755
0.141079;-0.319275;0.00213077
0.146621;-0.311953;0.00213077
0.152451;-0.304631;0.00213077
0.140508;-0.319275;0.00945312
0.146542;-0.311953;0.00945312
0.151822;-0.304631;0.00945312
0.139963;-0.319275;0.0167755
0.145416;-0.311953;0.0167755
0.151169;-0.304631;0.0167755
0.12411;-0.338182;0.021037
0.129891;-0.330859;0.021037
0.135986;-0.323537;0.021037
0.122804;-0.338182;0.0283594
0.128949;-0.330859;0.0283594
0.134401;-0.323537;0.0283594
0.121658;-0.338182;0.0356817
0.127116;-0.330859;0.0356817
0.132924;-0.323537;0.0356817
0.139328;-0.319275;0.021037
0.144735;-0.311953;0.021037
0.150437;-0.304631;0.021037
0.137678;-0.319275;0.0283594
0.143489;-0.311953;0.0283594
0.14856;-0.304631;0.0283594
0.136106;-0.319275;0.0356817
0.141242;-0.311953;0.0356817
0.146707;-0.304631;0.0356817
0.0910283;-0.375994;0.0399433
0.0966661;-0.368672;0.0399433
0.102678;-0.36135;0.0399433
0.0906385;-0.375994;0.0472656
0.0963788;-0.368672;0.0472656
0.101622;-0.36135;0.0472656
0.0906899;-0.375994;0.054588
0.0956209;-0.368672;0.054588
0.100975;-0.36135;0.054588
0.10604;-0.357088;0.0399433
0.11159;-0.349766;0.0399433
0.117498;-0.342443;0.0399433
0.10482;-0.357088;0.0472656
0.110553;-0.349766;0.0472656
0.115698;-0.342443;0.0472656
0.103962;-0.357088;0.054588
0.10888;-0.349766;0.054588
0.114209;-0.342443;0.054588
0.0907015;-0.375994;0.0588495
0.0954136;-0.368672;0.0588495
0.100519;-0.36135;0.0588495
0.0906124;-0.375994;0.0661719
0.0953004;-0.368672;0.0661719
0.0995405;-0.36135;0.0661719
0.0910673;-0.375994;0.0734942
0.0948743;-0.368672;0.0734942
0.0991015;-0.36135;0.0734942
0.103375;-0.357088;0.0588495
0.108092;-0.349766;0.0588495
0.113198;-0.342443;0.0588495
0.10216;-0.357088;0.0661719
0.10693;-0.349766;0.0661719
0.111165;-0.342443;0.0661719
0.101454;-0.357088;0.0734942
0.105308;-0.349766;0.0734942
0.109599;-0.342443;0.0734942
0.120768;-0.338182;0.0399433
0.126111;-0.330859;0.0399433
0.131794;-0.323537;0.0399433
0.118824;-0.338182;0.0472656
0.124421;-0.330859;0.0472656
0.129358;-0.323537;0.0472656
0.117154;-0.338182;0.054588
0.121947;-0.330859;0.054588
0.127135;-0.323537;0.054588
0.134911;-0.319275;0.0399433
0.139951;-0.311953;0.0399433
0.145311;-0.304631;0.0399433
0.13235;-0.319275;0.0472656
0.137702;-0.311953;0.0472656
0.142343;-0.304631;0.0472656
0.129974;-0.319275;0.054588
0.134548;-0.311953;0.054588
0.139494;-0.304631;0.054588
0.116025;-0.338182;0.0588495
0.120642;-0.330859;0.0588495
0.125636;-0.323537;0.0588495
0.113777;-0.338182;0.0661719
0.118526;-0.330859;0.0661719
0.122668;-0.323537;0.0661719
0.111965;-0.338182;0.0734942
0.115801;-0.330859;0.0734942
0.120072;-0.323537;0.0734942
0.128374;-0.319275;0.0588495
0.132796;-0.311953;0.0588495
0.137578;-0.304631;0.0588495
0.125216;-0.319275;0.0661719
0.129844;-0.311953;0.0661719
0.133808;-0.304631;0.0661719
0.122405;-0.319275;0.0734942
0.126146;-0.311953;0.0734942
0.130308;-0.304631;0.0734942
0.0526338;-0.451619;0.0777558
0.0567778;-0.444297;0.0777558
0.0608023;-0.436975;0.0777558
0.0556916;-0.451619;0.0850781
0.0600461;-0.444297;0.0850781
0.0639372;-0.436975;0.0850781
0.0586281;-0.451619;0.0924005
0.0630417;-0.444297;0.0924005
0.0671655;-0.436975;0.0924005
0.0630289;-0.432713;0.0777558
0.0667151;-0.425391;0.0777558
0.0704837;-0.418068;0.0777558
0.0661297;-0.432713;0.0850781
0.0698611;-0.425391;0.0850781
0.0732352;-0.418068;0.0850781
0.0693594;-0.432713;0.0924005
0.0728502;-0.425391;0.0924005
0.0762849;-0.418068;0.0924005
0.0602464;-0.451619;0.096662
0.0648242;-0.444297;0.096662
0.0690086;-0.436975;0.096662
0.0627333;-0.451619;0.103984
0.0676824;-0.444297;0.103984
0.0719262;-0.436975;0.103984
0.0650748;-0.451619;0.111307
0.0701547;-0.444297;0.111307
0.074771;-0.436975;0.111307
0.0712194;-0.432713;0.096662
0.0747249;-0.425391;0.096662
0.0780841;-0.418068;0.096662
0.0741958;-0.432713;0.103984
0.0778861;-0.425391;0.103984
0.081047;-0.418068;0.103984
0.077168;-0.432713;0.111307
0.0808109;-0.425391;0.111307
0.0841376;-0.418068;0.111307
0.0725935;-0.413807;0.0777558
0.0761029;-0.406484;0.0777558
0.0798287;-0.399162;0.0777558
0.0752056;-0.413807;0.0850781
0.0786532;-0.406484;0.0850781
0.081753;-0.399162;0.0850781
0.0781416;-0.413807;0.0924005
0.0811001;-0.406484;0.0924005
0.0841531;-0.399162;0.0924005
0.0819264;-0.3949;0.0777558
0.085425;-0.387578;0.0777558
0.0892364;-0.380256;0.0777558
0.0836237;-0.3949;0.0850781
0.0870051;-0.387578;0.0850781
0.0900234;-0.380256;0.0850781
0.085816;-0.3949;0.0924005
0.0884928;-0.387578;0.0924005
0.09141;-0.380256;0.0924005
0.0798867;-0.413807;0.096662
0.0827459;-0.406484;0.096662
0.0856161;-0.399162;0.096662
0.0827806;-0.413807;0.103984
0.0856647;-0.406484;0.103984
0.0880973;-0.399162;0.103984
0.0858601;-0.413807;0.111307
0.0884642;-0.406484;0.111307
0.0909174;-0.399162;0.111307
0.0871678;-0.3949;0.096662
0.089655;-0.387578;0.096662
0.0923059;-0.380256;0.096662
0.0894788;-0.3949;0.103984
0.0918824;-0.387578;0.103984
0.0938814;-0.380256;0.103984
0.0921787;-0.3949;0.111307
0.0940744;-0.387578;0.111307
0.0959911;-0.380256;0.111307
0.0662396;-0.451619;0.115568
0.0715704;-0.444297;0.115568
0.0763448;-0.436975;0.115568
0.0678287;-0.451619;0.122891
0.0737435;-0.444297;0.122891
0.0787433;-0.436975;0.122891
0.0693003;-0.451619;0.130213
0.0754482;-0.444297;0.130213
0.0808752;-0.436975;0.130213
0.0788126;-0.432713;0.115568
0.0825617;-0.425391;0.115568
0.0859184;-0.418068;0.115568
0.0813335;-0.432713;0.122891
0.085406;-0.425391;0.122891
0.088799;-0.418068;0.122891
0.0836985;-0.432713;0.130213
0.0879621;-0.425391;0.130213
0.0916057;-0.418068;0.130213
0.0699114;-0.451619;0.134475
0.0763078;-0.444297;0.134475
0.0819943;-0.436975;0.134475
0.0703454;-0.451619;0.141797
0.0774565;-0.444297;0.141797
0.0835963;-0.436975;0.141797
0.0704707;-0.451619;0.149119
0.0782054;-0.444297;0.149119
0.0847192;-0.436975;0.149119
0.084945;-0.432713;0.134475
0.0893854;-0.425391;0.134475
0.0931875;-0.418068;0.134475
0.0867368;-0.432713;0.141797
0.0915709;-0.425391;0.141797
0.0956806;-0.418068;0.141797
0.0881627;-0.432713;0.149119
0.0935192;-0.425391;0.149119
0.0978433;-0.418068;0.149119
0.0876421;-0.413807;0.115568
0.0902359;-0.406484;0.115568
0.0926044;-0.399162;0.115568
0.0905413;-0.413807;0.122891
0.0932619;-0.406484;0.122891
0.0954428;-0.399162;0.122891
0.0934481;-0.413807;0.130213
0.096154;-0.406484;0.130213
0.0984154;-0.399162;0.130213
0.0938057;-0.3949;0.115568
0.0955903;-0.387578;0.115568
0.0973186;-0.380256;0.115568
0.09656;-0.3949;0.122891
0.0983298;-0.387578;0.122891
0.0996495;-0.380256;0.122891
0.0995146;-0.3949;0.130213
0.101056;-0.387578;0.130213
0.102341;-0.380256;0.130213
0.0950966;-0.413807;0.134475
0.0978727;-0.406484;0.134475
0.100156;-0.399162;0.134475
0.0976979;-0.413807;0.141797
0.100655;-0.406484;0.141797
0.103039;-0.399162;0.141797
0.10002;-0.413807;0.149119
0.103277;-0.406484;0.149119
0.105795;-0.399162;0.149119
0.101253;-0.3949;0.134475
0.102777;-0.387578;0.134475
0.103988;-0.380256;0.134475
0.104156;-0.3949;0.141797
0.105731;-0.387578;0.141797
0.106844;-0.380256;0.141797
0.107007;-0.3949;0.149119
0.108687;-0.387578;0.149119
0.109804;-0.380256;0.149119
0.091377;-0.375994;0.0777558
0.0949277;-0.368672;0.0777558
0.0988505;-0.36135;0.0777558
0.0918906;-0.375994;0.0850781
0.0953292;-0.368672;0.0850781
0.0983557;-0.36135;0.0850781
0.0930099;-0.375994;0.0924005
0.0955899;-0.368672;0.0924005
0.0985128;-0.36135;0.0924005
0.101039;-0.357088;0.0777558
0.104636;-0.349766;0.0777558
0.108636;-0.342443;0.0777558
0.100254;-0.357088;0.0850781
0.103784;-0.349766;0.0850781
0.106841;-0.342443;0.0850781
0.100116;-0.357088;0.0924005
0.102695;-0.349766;0.0924005
0.105684;-0.342443;0.0924005
0.0937529;-0.375994;0.096662
0.0960826;-0.368672;0.096662
0.0986891;-0.36135;0.096662
0.0950783;-0.375994;0.103984
0.0972662;-0.368672;0.103984
0.0990536;-0.36135;0.103984
0.096978;-0.375994;0.111307
0.098455;-0.368672;0.111307
0.100102;-0.36135;0.111307
0.100116;-0.357088;0.096662
0.102412;-0.349766;0.096662
0.105067;-0.342443;0.096662
0.100179;-0.357088;0.103984
0.102323;-0.349766;0.103984
0.104047;-0.342443;0.103984
0.100953;-0.357088;0.111307
0.102227;-0.349766;0.111307
0.103793;-0.342443;0.111307
0.110846;-0.338182;0.0777558
0.114443;-0.330859;0.0777558
0.118449;-0.323537;0.0777558
0.108769;-0.338182;0.0850781
0.112367;-0.330859;0.0850781
0.115428;-0.323537;0.0850781
0.107317;-0.338182;0.0924005
0.109925;-0.330859;0.0924005
0.11298;-0.323537;0.0924005
0.120642;-0.319275;0.0777558
0.124169;-0.311953;0.0777558
0.1281;-0.304631;0.0777558
0.11736;-0.319275;0.0850781
0.120967;-0.311953;0.0850781
0.123981;-0.304631;0.0850781
0.114637;-0.319275;0.0924005
0.117259;-0.311953;0.0924005
0.120338;-0.304631;0.0924005
0.106516;-0.338182;0.096662
0.108837;-0.330859;0.096662
0.111564;-0.323537;0.096662
0.105171;-0.338182;0.103984
0.10737;-0.330859;0.103984
0.10911;-0.323537;0.103984
0.104609;-0.338182;0.111307
0.105831;-0.330859;0.111307
0.107434;-0.323537;0.111307
0.113044;-0.319275;0.096662
0.115392;-0.311953;0.096662
0.118169;-0.304631;0.096662
0.110267;-0.319275;0.103984
0.112551;-0.311953;0.103984
0.114334;-0.304631;0.103984
0.108272;-0.319275;0.111307
0.10953;-0.311953;0.111307
0.111226;-0.304631;0.111307
0.0981908;-0.375994;0.115568
0.0994724;-0.368672;0.115568
0.100849;-0.36135;0.115568
0.100345;-0.375994;0.122891
0.101511;-0.368672;0.122891
0.102275;-0.36135;0.122891
0.102923;-0.375994;0.130213
0.103646;-0.368672;0.130213
0.104283;-0.36135;0.130213
0.101544;-0.357088;0.115568
0.102559;-0.349766;0.115568
0.103798;-0.342443;0.115568
0.102714;-0.357088;0.122891
0.10355;-0.349766;0.122891
0.104003;-0.342443;0.122891
0.104524;-0.357088;0.130213
0.104716;-0.349766;0.130213
0.104979;-0.342443;0.130213
0.104516;-0.375994;0.134475
0.105134;-0.368672;0.134475
0.105599;-0.36135;0.134475
0.1073;-0.375994;0.141797
0.107853;-0.368672;0.141797
0.108014;-0.36135;0.141797
0.110252;-0.375994;0.149119
0.110706;-0.368672;0.149119
0.110778;-0.36135;0.149119
0.105733;-0.357088;0.134475
0.105741;-0.349766;0.134475
0.105751;-0.342443;0.134475
0.10799;-0.357088;0.141797
0.107843;-0.349766;0.141797
0.107351;-0.342443;0.141797
0.110663;-0.357088;0.149119
0.110215;-0.349766;0.149119
0.109553;-0.342443;0.149119
0.104429;-0.338182;0.115568
0.105352;-0.330859;0.115568
0.106599;-0.323537;0.115568
0.10432;-0.338182;0.122891
0.105037;-0.330859;0.122891
0.10537;-0.323537;0.122891
0.105029;-0.338182;0.130213
0.104932;-0.330859;0.130213
0.105042;-0.323537;0.130213
0.10724;-0.319275;0.115568
0.108182;-0.311953;0.115568
0.10952;-0.304631;0.115568
0.105663;-0.319275;0.122891
0.10641;-0.311953;0.122891
0.106755;-0.304631;0.122891
0.105022;-0.319275;0.130213
0.104826;-0.311953;0.130213
0.104949;-0.304631;0.130213
0.105652;-0.338182;0.134475
0.105304;-0.330859;0.134475
0.105095;-0.323537;0.134475
0.107016;-0.338182;0.141797
0.106444;-0.330859;0.141797
0.105554;-0.323537;0.141797
0.109047;-0.338182;0.149119
0.107978;-0.330859;0.149119
0.106851;-0.323537;0.149119
0.104891;-0.319275;0.134475
0.104393;-0.311953;0.134475
0.104153;-0.304631;0.134475
0.105048;-0.319275;0.141797
0.104283;-0.311953;0.141797
0.103209;-0.304631;0.141797
0.106104;-0.319275;0.149119
0.104661;-0.311953;0.149119
0.103303;-0.304631;0.149119
0.0352468;-0.475739;0.152557
0.0375068;-0.474394;0.152557
0.0398628;-0.473048;0.152557
0.0356799;-0.474398;0.15705
0.0370316;-0.473638;0.15705
0.038419;-0.472878;0.15705
0.0360891;-0.47305;0.161543
0.0363964;-0.472878;0.161543
0.0367056;-0.472706;0.161543
0.0441264;-0.470525;0.152557
0.0553977;-0.463203;0.152557
0.0651811;-0.455881;0.152557
0.0425007;-0.470525;0.15705
0.0541759;-0.463203;0.15705
0.064424;-0.455881;0.15705
0.0405629;-0.470525;0.161543
0.052642;-0.463203;0.161543
0.0634164;-0.455881;0.161543
0.0399703;-0.470276;0.163673
0.0520221;-0.463063;0.163673
0.062896;-0.455849;0.163673
0.0400107;-0.469417;0.166503
0.0515769;-0.462578;0.166503
0.0622211;-0.45574;0.166503
0.0399432;-0.468554;0.169333
0.051038;-0.462092;0.169333
0.0614598;-0.45563;0.169333
0.0398801;-0.467583;0.172287
0.0506501;-0.461545;0.172287
0.0606568;-0.455507;0.172287
0.0404061;-0.465092;0.179609
0.0496805;-0.460141;0.179609
0.0582128;-0.455191;0.179609
0.0408735;-0.462574;0.186932
0.0480582;-0.458722;0.186932
0.0549518;-0.454871;0.186932
0.040241;-0.46103;0.191193
0.0464537;-0.457852;0.191193
0.0524325;-0.454675;0.191193
0.0396108;-0.458239;0.198516
0.0435925;-0.456279;0.198516
0.0475027;-0.45432;0.198516
0.039434;-0.455415;0.205838
0.0408958;-0.454688;0.205838
0.0423866;-0.453961;0.205838
0.0392366;-0.454493;0.208193
0.0399132;-0.454169;0.208193
0.0405994;-0.453844;0.208193
0.0389377;-0.454169;0.208965
0.0393451;-0.453986;0.208965
0.0397552;-0.453803;0.208965
0.0387535;-0.453844;0.209736
0.0388506;-0.453803;0.209736
0.0389479;-0.453762;0.209736
0.0702348;-0.451619;0.153381
0.0783227;-0.444297;0.153381
0.0852699;-0.436975;0.153381
0.069184;-0.451619;0.160703
0.0779299;-0.444297;0.160703
0.0858599;-0.436975;0.160703
0.0677357;-0.451619;0.168025
0.0772442;-0.444297;0.168025
0.0855483;-0.436975;0.168025
0.0889138;-0.432713;0.153381
0.094477;-0.425391;0.153381
0.0989973;-0.418068;0.153381
0.0898314;-0.432713;0.160703
0.0956293;-0.425391;0.160703
0.100712;-0.418068;0.160703
0.0898887;-0.432713;0.168025
0.0964621;-0.425391;0.168025
0.101842;-0.418068;0.168025
0.0665932;-0.451619;0.172287
0.0765495;-0.444297;0.172287
0.0851058;-0.436975;0.172287
0.0638933;-0.451619;0.179609
0.074574;-0.444297;0.179609
0.0840577;-0.436975;0.179609
0.0604826;-0.451619;0.186932
0.0719597;-0.444297;0.186932
0.0821799;-0.436975;0.186932
0.089619;-0.432713;0.172287
0.0966261;-0.425391;0.172287
0.10239;-0.418068;0.172287
0.0889076;-0.432713;0.179609
0.0963491;-0.425391;0.179609
0.102999;-0.418068;0.179609
0.0876104;-0.432713;0.186932
0.0958588;-0.425391;0.186932
0.102604;-0.418068;0.186932
0.101275;-0.413807;0.153381
0.104697;-0.406484;0.153381
0.10737;-0.399162;0.153381
0.103205;-0.413807;0.160703
0.106835;-0.406484;0.160703
0.109935;-0.399162;0.160703
0.104633;-0.413807;0.168025
0.108881;-0.406484;0.168025
0.112084;-0.399162;0.168025
0.108652;-0.3949;0.153381
0.110409;-0.387578;0.153381
0.111567;-0.380256;0.153381
0.111345;-0.3949;0.160703
0.11318;-0.387578;0.160703
0.114574;-0.380256;0.160703
0.113668;-0.3949;0.168025
0.115954;-0.387578;0.168025
0.11737;-0.380256;0.168025
0.105351;-0.413807;0.172287
0.109833;-0.406484;0.172287
0.113262;-0.399162;0.172287
0.106239;-0.413807;0.179609
0.110919;-0.406484;0.179609
0.115089;-0.399162;0.179609
0.106205;-0.413807;0.186932
0.111876;-0.406484;0.186932
0.116172;-0.399162;0.186932
0.114956;-0.3949;0.172287
0.117409;-0.387578;0.172287
0.118993;-0.380256;0.172287
0.117008;-0.3949;0.179609
0.119541;-0.387578;0.179609
0.121706;-0.380256;0.179609
0.118381;-0.3949;0.186932
0.121732;-0.387578;0.186932
0.123874;-0.380256;0.186932
0.0579456;-0.451619;0.191193
0.0701152;-0.444297;0.191193
0.0808404;-0.436975;0.191193
0.0527449;-0.451619;0.198516
0.0660202;-0.444297;0.198516
0.0779556;-0.436975;0.198516
0.0468996;-0.451619;0.205838
0.0605974;-0.444297;0.205838
0.0737966;-0.436975;0.205838
0.0864863;-0.432713;0.191193
0.0950993;-0.425391;0.191193
0.102226;-0.418068;0.191193
0.0839928;-0.432713;0.198516
0.0930857;-0.425391;0.198516
0.101288;-0.418068;0.198516
0.0809467;-0.432713;0.205838
0.0911126;-0.425391;0.205838
0.0989972;-0.418068;0.205838
0.0448388;-0.451619;0.208193
0.0586252;-0.444297;0.208193
0.0722016;-0.436975;0.208193
0.0440721;-0.451619;0.208965
0.0581728;-0.444297;0.208965
0.0717637;-0.436975;0.208965
0.0433144;-0.451619;0.209736
0.0577047;-0.444297;0.209736
0.07131;-0.436975;0.209736
0.0430001;-0.45081;0.211867
0.0572166;-0.443841;0.211867
0.0701535;-0.436872;0.211867
0.043413;-0.448006;0.218418
0.0552267;-0.442261;0.218418
0.0658243;-0.436516;0.218418
0.0427647;-0.44517;0.224969
0.0515412;-0.440663;0.224969
0.0602708;-0.436155;0.224969
0.0783663;-0.432713;0.2101
0.089011;-0.425391;0.2101
0.0976584;-0.418068;0.2101
0.07282;-0.432713;0.217422
0.0841056;-0.425391;0.217422
0.0952071;-0.418068;0.217422
0.067072;-0.432713;0.224744
0.0798442;-0.425391;0.224744
0.090838;-0.418068;0.224744
0.106008;-0.413807;0.191193
0.111989;-0.406484;0.191193
0.116712;-0.399162;0.191193
0.105376;-0.413807;0.198516
0.111578;-0.406484;0.198516
0.117455;-0.399162;0.198516
0.103547;-0.413807;0.205838
0.111382;-0.406484;0.205838
0.117139;-0.399162;0.205838
0.119124;-0.3949;0.191193
0.122693;-0.387578;0.191193
0.125074;-0.380256;0.191193
0.120178;-0.3949;0.198516
0.12371;-0.387578;0.198516
0.126988;-0.380256;0.198516
0.120067;-0.3949;0.205838
0.124755;-0.387578;0.205838
0.128012;-0.380256;0.205838
0.102579;-0.413807;0.2101
0.110731;-0.406484;0.2101
0.11678;-0.399162;0.2101
0.100731;-0.413807;0.217422
0.108472;-0.406484;0.217422
0.115846;-0.399162;0.217422
0.0967729;-0.413807;0.224744
0.106088;-0.406484;0.224744
0.11352;-0.399162;0.224744
0.119873;-0.3949;0.2101
0.124882;-0.387578;0.2101
0.128496;-0.380256;0.2101
0.11938;-0.3949;0.217422
0.124314;-0.387578;0.217422
0.129159;-0.380256;0.217422
0.117486;-0.3949;0.224744
0.12386;-0.387578;0.224744
0.128644;-0.380256;0.224744
0.112025;-0.375994;0.153381
0.112477;-0.368672;0.153381
0.112503;-0.36135;0.153381
0.115074;-0.375994;0.160703
0.115501;-0.368672;0.160703
0.115581;-0.36135;0.160703
0.117971;-0.375994;0.168025
0.118671;-0.368672;0.168025
0.118686;-0.36135;0.168025
0.112351;-0.357088;0.153381
0.111826;-0.349766;0.153381
0.11103;-0.342443;0.153381
0.115393;-0.357088;0.160703
0.114753;-0.349766;0.160703
0.113825;-0.342443;0.160703
0.118518;-0.357088;0.168025
0.117967;-0.349766;0.168025
0.116904;-0.342443;0.168025
0.119671;-0.375994;0.172287
0.120466;-0.368672;0.172287
0.120555;-0.36135;0.172287
0.122537;-0.375994;0.179609
0.123309;-0.368672;0.179609
0.12381;-0.36135;0.179609
0.124878;-0.375994;0.186932
0.12629;-0.368672;0.186932
0.126732;-0.36135;0.186932
0.120418;-0.357088;0.172287
0.119901;-0.349766;0.172287
0.118838;-0.342443;0.172287
0.123759;-0.357088;0.179609
0.12315;-0.349766;0.179609
0.122338;-0.342443;0.179609
0.126802;-0.357088;0.186932
0.126667;-0.349766;0.186932
0.125739;-0.342443;0.186932
0.110439;-0.338182;0.153381
0.10922;-0.330859;0.153381
0.107881;-0.323537;0.153381
0.113121;-0.338182;0.160703
0.111711;-0.330859;0.160703
0.110056;-0.323537;0.160703
0.116149;-0.338182;0.168025
0.114647;-0.330859;0.168025
0.112792;-0.323537;0.168025
0.107006;-0.319275;0.153381
0.105344;-0.311953;0.153381
0.103701;-0.304631;0.153381
0.108994;-0.319275;0.160703
0.107075;-0.311953;0.160703
0.104936;-0.304631;0.160703
0.111609;-0.319275;0.168025
0.109416;-0.311953;0.168025
0.107018;-0.304631;0.168025
0.118073;-0.338182;0.172287
0.116542;-0.330859;0.172287
0.114613;-0.323537;0.172287
0.121594;-0.338182;0.179609
0.11991;-0.330859;0.179609
0.118072;-0.323537;0.179609
0.125054;-0.338182;0.186932
0.123684;-0.330859;0.186932
0.121687;-0.323537;0.186932
0.113381;-0.319275;0.172287
0.111098;-0.311953;0.172287
0.108555;-0.304631;0.172287
0.116796;-0.319275;0.179609
0.114305;-0.311953;0.179609
0.111694;-0.304631;0.179609
0.120413;-0.319275;0.186932
0.118082;-0.311953;0.186932
0.11527;-0.304631;0.186932
0.126202;-0.375994;0.191193
0.127801;-0.368672;0.191193
0.128433;-0.36135;0.191193
0.128379;-0.375994;0.198516
0.129937;-0.368672;0.198516
0.131322;-0.36135;0.198516
0.129675;-0.375994;0.205838
0.132224;-0.368672;0.205838
0.133524;-0.36135;0.205838
0.128597;-0.357088;0.191193
0.128593;-0.349766;0.191193
0.127784;-0.342443;0.191193
0.131683;-0.357088;0.198516
0.131582;-0.349766;0.198516
0.131372;-0.342443;0.198516
0.13408;-0.357088;0.205838
0.134798;-0.349766;0.205838
0.134476;-0.342443;0.205838
0.130348;-0.375994;0.2101
0.133169;-0.368672;0.2101
0.134743;-0.36135;0.2101
0.131373;-0.375994;0.217422
0.134106;-0.368672;0.217422
0.136726;-0.36135;0.217422
0.131186;-0.375994;0.224744
0.135181;-0.368672;0.224744
0.137676;-0.36135;0.224744
0.135439;-0.357088;0.2101
0.136372;-0.349766;0.2101
0.136268;-0.342443;0.2101
0.137709;-0.357088;0.217422
0.138519;-0.349766;0.217422
0.139322;-0.342443;0.217422
0.138927;-0.357088;0.224744
0.140866;-0.349766;0.224744
0.141534;-0.342443;0.224744
0.127156;-0.338182;0.191193
0.125869;-0.330859;0.191193
0.12393;-0.323537;0.191193
0.130886;-0.338182;0.198516
0.129463;-0.330859;0.198516
0.127985;-0.323537;0.198516
0.134138;-0.338182;0.205838
0.133388;-0.330859;0.205838
0.131773;-0.323537;0.205838
0.122684;-0.319275;0.191193
0.120389;-0.311953;0.191193
0.117578;-0.304631;0.191193
0.126829;-0.319275;0.198516
0.124363;-0.311953;0.198516
0.121883;-0.304631;0.198516
0.130718;-0.319275;0.205838
0.128788;-0.311953;0.205838
0.126152;-0.304631;0.205838
0.136046;-0.338182;0.2101
0.135469;-0.330859;0.2101
0.134017;-0.323537;0.2101
0.139341;-0.338182;0.217422
0.13862;-0.330859;0.217422
0.137937;-0.323537;0.217422
0.141767;-0.338182;0.224744
0.142022;-0.330859;0.224744
0.141206;-0.323537;0.224744
0.133051;-0.319275;0.2101
0.131258;-0.311953;0.2101
0.12874;-0.304631;0.2101
0.137168;-0.319275;0.217422
0.135219;-0.311953;0.217422
0.13335;-0.304631;0.217422
0.140612;-0.319275;0.224744
0.139497;-0.311953;0.224744
0.137498;-0.304631;0.224744
0.0412568;-0.443341;0.229006
0.0490707;-0.439632;0.229006
0.0567121;-0.435923;0.229006
0.0405765;-0.439885;0.236328
0.0454046;-0.437685;0.236328
0.0500818;-0.435484;0.236328
0.0393535;-0.436382;0.24365
0.0408586;-0.435711;0.24365
0.0424039;-0.435039;0.24365
0.0632757;-0.432713;0.229006
0.0767767;-0.425391;0.229006
0.0879173;-0.418068;0.229006
0.0556868;-0.432713;0.236328
0.069731;-0.425391;0.236328
0.0827986;-0.418068;0.236328
0.0472711;-0.432713;0.24365
0.0620646;-0.425391;0.24365
0.0763067;-0.418068;0.24365
0.0388405;-0.435296;0.245893
0.0393219;-0.435099;0.245893
0.0398091;-0.434901;0.245893
0.0386465;-0.435099;0.246278
0.0389269;-0.434987;0.246278
0.0392092;-0.434876;0.246278
0.0384934;-0.434901;0.246663
0.0385586;-0.434876;0.246663
0.0386239;-0.434851;0.246663
0.0444701;-0.432713;0.245893
0.0595718;-0.425391;0.245893
0.074023;-0.418068;0.245893
0.0438844;-0.432713;0.246278
0.0591522;-0.425391;0.246278
0.0736396;-0.418068;0.246278
0.0433055;-0.432713;0.246663
0.0587304;-0.425391;0.246663
0.0732523;-0.418068;0.246663
0.0426236;-0.431663;0.248793
0.0575941;-0.424799;0.248793
0.0712916;-0.417935;0.248793
0.0423414;-0.428019;0.255731
0.0536622;-0.422746;0.255731
0.0640718;-0.417472;0.255731
0.0410181;-0.424323;0.262669
0.0481809;-0.420663;0.262669
0.0554573;-0.417003;0.262669
0.0940355;-0.413807;0.229006
0.104052;-0.406484;0.229006
0.111948;-0.399162;0.229006
0.0894826;-0.413807;0.236328
0.0995803;-0.406484;0.236328
0.109036;-0.399162;0.236328
0.083914;-0.413807;0.24365
0.0950937;-0.406484;0.24365
0.104647;-0.399162;0.24365
0.116159;-0.3949;0.229006
0.123018;-0.387578;0.229006
0.128213;-0.380256;0.229006
0.113716;-0.3949;0.236328
0.120578;-0.387578;0.236328
0.127198;-0.380256;0.236328
0.109888;-0.3949;0.24365
0.118168;-0.387578;0.24365
0.124562;-0.380256;0.24365
0.0798434;-0.413807;0.247912
0.091787;-0.406484;0.247912
0.101744;-0.399162;0.247912
0.0714964;-0.413807;0.255234
0.0844335;-0.406484;0.255234
0.0964164;-0.399162;0.255234
0.0619751;-0.413807;0.262557
0.0761014;-0.406484;0.262557
0.0896822;-0.399162;0.262557
0.107201;-0.3949;0.247912
0.116016;-0.387578;0.247912
0.12288;-0.380256;0.247912
0.102392;-0.3949;0.255234
0.111241;-0.387578;0.255234
0.119646;-0.380256;0.255234
0.096846;-0.3949;0.262557
0.106702;-0.387578;0.262557
0.114236;-0.380256;0.262557
0.0388383;-0.422425;0.266118
0.0448619;-0.419593;0.266118
0.0509771;-0.416762;0.266118
0.0373331;-0.419612;0.271035
0.0412717;-0.418008;0.271035
0.0451766;-0.416404;0.271035
0.0375447;-0.41677;0.275952
0.0384563;-0.416407;0.275952
0.0393682;-0.416043;0.275952
0.0572473;-0.413807;0.266118
0.0720208;-0.406484;0.266118
0.0858848;-0.399162;0.266118
0.0511254;-0.413807;0.271035
0.0665595;-0.406484;0.271035
0.080234;-0.399162;0.271035
0.044567;-0.413807;0.275952
0.0602546;-0.406484;0.275952
0.0739901;-0.399162;0.275952
0.042509;-0.413393;0.278082
0.0577066;-0.406251;0.278082
0.0711775;-0.399109;0.278082
0.042123;-0.411964;0.280488
0.055695;-0.405446;0.280488
0.0680737;-0.398928;0.280488
0.0414087;-0.410528;0.282894
0.0534568;-0.404637;0.282894
0.0648266;-0.398746;0.282894
0.0923603;-0.3949;0.266818
0.102816;-0.387578;0.266818
0.111242;-0.380256;0.266818
0.0832232;-0.3949;0.274141
0.0945892;-0.387578;0.274141
0.106315;-0.380256;0.274141
0.0742344;-0.3949;0.281463
0.0873607;-0.387578;0.281463
0.098671;-0.380256;0.281463
0.0392213;-0.408769;0.285725
0.0507364;-0.403645;0.285725
0.0610256;-0.398522;0.285725
0.0377854;-0.404113;0.293047
0.0444961;-0.401022;0.293047
0.0507688;-0.397931;0.293047
0.0353175;-0.399377;0.300369
0.0375212;-0.398353;0.300369
0.0398761;-0.397329;0.300369
0.0683609;-0.3949;0.285725
0.0823467;-0.387578;0.285725
0.0936719;-0.380256;0.285725
0.0568356;-0.3949;0.293047
0.0712435;-0.387578;0.293047
0.0849387;-0.380256;0.293047
0.0446797;-0.3949;0.300369
0.0591629;-0.387578;0.300369
0.0743243;-0.380256;0.300369
0.130946;-0.375994;0.229006
0.135258;-0.368672;0.229006
0.138107;-0.36135;0.229006
0.130302;-0.375994;0.236328
0.134481;-0.368672;0.236328
0.138664;-0.36135;0.236328
0.128076;-0.375994;0.24365
0.133844;-0.368672;0.24365
0.137863;-0.36135;0.24365
0.139546;-0.357088;0.229006
0.141766;-0.349766;0.229006
0.142734;-0.342443;0.229006
0.140476;-0.357088;0.236328
0.142538;-0.349766;0.236328
0.144677;-0.342443;0.236328
0.140009;-0.357088;0.24365
0.143503;-0.349766;0.24365
0.145457;-0.342443;0.24365
0.126595;-0.375994;0.247912
0.132722;-0.368672;0.247912
0.13725;-0.36135;0.247912
0.123746;-0.375994;0.255234
0.12979;-0.368672;0.255234
0.136015;-0.36135;0.255234
0.118921;-0.375994;0.262557
0.127332;-0.368672;0.262557
0.133147;-0.36135;0.262557
0.139651;-0.357088;0.247912
0.143444;-0.349766;0.247912
0.145744;-0.342443;0.247912
0.138843;-0.357088;0.255234
0.142324;-0.349766;0.255234
0.146023;-0.342443;0.255234
0.136165;-0.357088;0.262557
0.141348;-0.349766;0.262557
0.144878;-0.342443;0.262557
0.143128;-0.338182;0.229006
0.143625;-0.330859;0.229006
0.143053;-0.323537;0.229006
0.145393;-0.338182;0.236328
0.145718;-0.330859;0.236328
0.146165;-0.323537;0.236328
0.146424;-0.338182;0.24365
0.147984;-0.330859;0.24365
0.148303;-0.323537;0.24365
0.142594;-0.319275;0.229006
0.141696;-0.311953;0.229006
0.139897;-0.304631;0.229006
0.145992;-0.319275;0.236328
0.144936;-0.311953;0.236328
0.144023;-0.304631;0.236328
0.148356;-0.319275;0.24365
0.14836;-0.311953;0.24365
0.147342;-0.304631;0.24365
0.14691;-0.338182;0.247912
0.14878;-0.330859;0.247912
0.149403;-0.323537;0.247912
0.147608;-0.338182;0.255234
0.149284;-0.330859;0.255234
0.151125;-0.323537;0.255234
0.146762;-0.338182;0.262557
0.149886;-0.330859;0.262557
0.15162;-0.323537;0.262557
0.149629;-0.319275;0.247912
0.149914;-0.311953;0.247912
0.149152;-0.304631;0.247912
0.151707;-0.319275;0.255234
0.151834;-0.311953;0.255234
0.152125;-0.304631;0.255234
0.152459;-0.319275;0.262557
0.153798;-0.311953;0.262557
0.154029;-0.304631;0.262557
0.116333;-0.375994;0.266818
0.125073;-0.368672;0.266818
0.131238;-0.36135;0.266818
0.111989;-0.375994;0.274141
0.119659;-0.368672;0.274141
0.127581;-0.36135;0.274141
0.104785;-0.375994;0.281463
0.114365;-0.368672;0.281463
0.121943;-0.36135;0.281463
0.134468;-0.357088;0.266818
0.140033;-0.349766;0.266818
0.143972;-0.342443;0.266818
0.131401;-0.357088;0.274141
0.136614;-0.349766;0.274141
0.142167;-0.342443;0.274141
0.126179;-0.357088;0.281463
0.133352;-0.349766;0.281463
0.138805;-0.342443;0.281463
0.0998996;-0.375994;0.285725
0.11026;-0.368672;0.285725
0.118392;-0.36135;0.285725
0.0917929;-0.375994;0.293047
0.101997;-0.368672;0.293047
0.112058;-0.36135;0.293047
0.0827685;-0.375994;0.300369
0.094507;-0.368672;0.300369
0.103685;-0.36135;0.300369
0.122928;-0.357088;0.285725
0.130658;-0.349766;0.285725
0.136554;-0.342443;0.285725
0.117159;-0.357088;0.293047
0.124713;-0.349766;0.293047
0.132314;-0.342443;0.293047
0.109083;-0.357088;0.300369
0.118772;-0.349766;0.300369
0.12635;-0.342443;0.300369
0.146101;-0.338182;0.266818
0.149608;-0.330859;0.266818
0.151677;-0.323537;0.266818
0.144797;-0.338182;0.274141
0.148091;-0.330859;0.274141
0.151494;-0.323537;0.274141
0.141737;-0.338182;0.281463
0.146542;-0.330859;0.281463
0.149896;-0.323537;0.281463
0.152712;-0.319275;0.266818
0.154392;-0.311953;0.266818
0.154915;-0.304631;0.266818
0.152942;-0.319275;0.274141
0.154495;-0.311953;0.274141
0.156174;-0.304631;0.274141
0.151633;-0.319275;0.281463
0.15447;-0.311953;0.281463
0.156182;-0.304631;0.281463
0.139727;-0.338182;0.285725
0.144942;-0.330859;0.285725
0.148621;-0.323537;0.285725
0.135985;-0.338182;0.293047
0.140975;-0.330859;0.293047
0.146032;-0.323537;0.293047
0.130257;-0.338182;0.300369
0.136711;-0.330859;0.300369
0.141962;-0.323537;0.300369
0.15058;-0.319275;0.285725
0.153842;-0.311953;0.285725
0.155874;-0.304631;0.285725
0.14848;-0.319275;0.293047
0.151737;-0.311953;0.293047
0.154962;-0.304631;0.293047
0.144789;-0.319275;0.300369
0.149304;-0.311953;0.300369
0.152679;-0.304631;0.300369
0.155619;-0.300369;0.00213077
0.160693;-0.293047;0.00213077
0.166038;-0.285725;0.00213077
0.154979;-0.300369;0.00945312
0.160558;-0.293047;0.00945312
0.165355;-0.285725;0.00945312
0.154294;-0.300369;0.0167755
0.159295;-0.293047;0.0167755
0.164578;-0.285725;0.0167755
0.168916;-0.281463;0.00213077
0.173473;-0.274141;0.00213077
0.178286;-0.266818;0.00213077
0.168221;-0.281463;0.00945312
0.17329;-0.274141;0.00945312
0.177562;-0.266818;0.00945312
0.16742;-0.281463;0.0167755
0.17192;-0.274141;0.0167755
0.176683;-0.266818;0.0167755
0.153536;-0.300369;0.021037
0.158499;-0.293047;0.021037
0.163741;-0.285725;0.021037
0.151603;-0.300369;0.0283594
0.157001;-0.293047;0.0283594
0.161627;-0.285725;0.0283594
0.149674;-0.300369;0.0356817
0.154414;-0.293047;0.0356817
0.159462;-0.285725;0.0356817
0.166562;-0.281463;0.021037
0.171031;-0.274141;0.021037
0.175761;-0.266818;0.021037
0.164401;-0.281463;0.0283594
0.169324;-0.274141;0.0283594
0.173461;-0.266818;0.0283594
0.162176;-0.281463;0.0356817
0.166465;-0.274141;0.0356817
0.171042;-0.266818;0.0356817
0.180849;-0.262557;0.00213077
0.184858;-0.255234;0.00213077
0.189107;-0.247912;0.00213077
0.180114;-0.262557;0.00945312
0.184633;-0.255234;0.00945312
0.188353;-0.247912;0.00945312
0.179218;-0.262557;0.0167755
0.183181;-0.255234;0.0167755
0.187391;-0.247912;0.0167755
0.19134;-0.24365;0.00213077
0.194779;-0.236328;0.00213077
0.198444;-0.229006;0.00213077
0.190576;-0.24365;0.00945312
0.19452;-0.236328;0.00945312
0.197671;-0.229006;0.00945312
0.189604;-0.24365;0.0167755
0.193009;-0.236328;0.0167755
0.196645;-0.229006;0.0167755
0.17828;-0.262557;0.021037
0.182219;-0.255234;0.021037
0.186403;-0.247912;0.021037
0.175939;-0.262557;0.0283594
0.180344;-0.255234;0.0283594
0.183959;-0.247912;0.0283594
0.173476;-0.262557;0.0356817
0.177273;-0.255234;0.0356817
0.181338;-0.247912;0.0356817
0.188603;-0.24365;0.021037
0.191989;-0.236328;0.021037
0.195607;-0.229006;0.021037
0.186125;-0.24365;0.0283594
0.189983;-0.236328;0.0283594
0.193056;-0.229006;0.0283594
0.183473;-0.24365;0.0356817
0.186752;-0.236328;0.0356817
0.190281;-0.229006;0.0356817
0.148224;-0.300369;0.0399433
0.152885;-0.293047;0.0399433
0.157848;-0.285725;0.0399433
0.14515;-0.300369;0.0472656
0.150169;-0.293047;0.0472656
0.154443;-0.285725;0.0472656
0.142176;-0.300369;0.054588
0.146449;-0.293047;0.054588
0.151071;-0.285725;0.054588
0.160519;-0.281463;0.0399433
0.164743;-0.274141;0.0399433
0.169251;-0.266818;0.0399433
0.157025;-0.281463;0.0472656
0.161642;-0.274141;0.0472656
0.165495;-0.266818;0.0472656
0.153553;-0.281463;0.054588
0.157463;-0.274141;0.054588
0.161698;-0.266818;0.054588
0.140174;-0.300369;0.0588495
0.144321;-0.293047;0.0588495
0.148807;-0.285725;0.0588495
0.136241;-0.300369;0.0661719
0.140656;-0.293047;0.0661719
0.144368;-0.285725;0.0661719
0.132559;-0.300369;0.0734942
0.136129;-0.293047;0.0734942
0.140099;-0.285725;0.0734942
0.151219;-0.281463;0.0588495
0.155025;-0.274141;0.0588495
0.15915;-0.266818;0.0588495
0.146642;-0.281463;0.0661719
0.150767;-0.274141;0.0661719
0.154166;-0.266818;0.0661719
0.142225;-0.281463;0.0734942
0.145556;-0.274141;0.0734942
0.149261;-0.266818;0.0734942
0.17165;-0.262557;0.0399433
0.175397;-0.255234;0.0399433
0.17941;-0.247912;0.0399433
0.167822;-0.262557;0.0472656
0.171987;-0.255234;0.0472656
0.17538;-0.247912;0.0472656
0.163946;-0.262557;0.054588
0.167444;-0.255234;0.054588
0.171243;-0.247912;0.054588
0.181517;-0.24365;0.0399433
0.184758;-0.236328;0.0399433
0.188247;-0.229006;0.0399433
0.17743;-0.24365;0.0472656
0.181106;-0.236328;0.0472656
0.184014;-0.229006;0.0472656
0.173235;-0.24365;0.054588
0.176286;-0.236328;0.054588
0.179615;-0.229006;0.054588
0.161343;-0.262557;0.0588495
0.164758;-0.255234;0.0588495
0.168472;-0.247912;0.0588495
0.156246;-0.262557;0.0661719
0.160021;-0.255234;0.0661719
0.163057;-0.247912;0.0661719
0.151223;-0.262557;0.0734942
0.154259;-0.255234;0.0734942
0.157641;-0.247912;0.0734942
0.17042;-0.24365;0.0588495
0.173407;-0.236328;0.0588495
0.176672;-0.229006;0.0588495
0.164915;-0.24365;0.0661719
0.168292;-0.236328;0.0661719
0.170931;-0.229006;0.0661719
0.15941;-0.24365;0.0734942
0.162103;-0.236328;0.0734942
0.165117;-0.229006;0.0734942
0.200339;-0.224744;0.00213077
0.2032;-0.217422;0.00213077
0.206273;-0.2101;0.00213077
0.199556;-0.224744;0.00945312
0.202912;-0.217422;0.00945312
0.205489;-0.2101;0.00945312
0.198525;-0.224744;0.0167755
0.201361;-0.217422;0.0167755
0.204414;-0.2101;0.0167755
0.207828;-0.205838;0.00213077
0.21011;-0.198516;0.00213077
0.212591;-0.191193;0.00213077
0.207034;-0.205838;0.00945312
0.209799;-0.198516;0.00945312
0.211804;-0.191193;0.00945312
0.205959;-0.205838;0.0167755
0.208225;-0.198516;0.0167755
0.210694;-0.191193;0.0167755
0.197478;-0.224744;0.021037
0.200301;-0.217422;0.021037
0.203341;-0.2101;0.021037
0.1949;-0.224744;0.0283594
0.198195;-0.217422;0.0283594
0.200718;-0.2101;0.0283594
0.192104;-0.224744;0.0356817
0.194851;-0.217422;0.0356817
0.197829;-0.2101;0.0356817
0.204879;-0.205838;0.021037
0.207137;-0.198516;0.021037
0.209598;-0.191193;0.021037
0.202235;-0.205838;0.0283594
0.20496;-0.198516;0.0283594
0.206932;-0.191193;0.0283594
0.199336;-0.205838;0.0356817
0.201543;-0.198516;0.0356817
0.203967;-0.191193;0.0356817
0.213807;-0.186932;0.00213077
0.215518;-0.179609;0.00213077
0.217416;-0.172287;0.00213077
0.213011;-0.186932;0.00945312
0.215189;-0.179609;0.00945312
0.216631;-0.172287;0.00945312
0.211905;-0.186932;0.0167755
0.213607;-0.179609;0.0167755
0.215501;-0.172287;0.0167755
0.2183;-0.168025;0.00213077
0.219452;-0.160703;0.00213077
0.220782;-0.153381;0.00213077
0.217507;-0.168025;0.00945312
0.21911;-0.160703;0.00945312
0.220005;-0.153381;0.00945312
0.216383;-0.168025;0.0167755
0.217533;-0.160703;0.0167755
0.218864;-0.153381;0.0167755
0.210805;-0.186932;0.021037
0.212503;-0.179609;0.021037
0.214393;-0.172287;0.021037
0.208124;-0.186932;0.0283594
0.210281;-0.179609;0.0283594
0.211709;-0.172287;0.0283594
0.205156;-0.186932;0.0356817
0.206827;-0.179609;0.0356817
0.208701;-0.172287;0.0356817
0.215274;-0.168025;0.021037
0.216424;-0.160703;0.021037
0.217755;-0.153381;0.021037
0.21258;-0.168025;0.0283594
0.214179;-0.160703;0.0283594
0.215076;-0.153381;0.0283594
0.209576;-0.168025;0.0356817
0.21072;-0.160703;0.0356817
0.212053;-0.153381;0.0356817
0.190051;-0.224744;0.0399433
0.192769;-0.217422;0.0399433
0.19572;-0.2101;0.0399433
0.185772;-0.224744;0.0472656
0.188936;-0.217422;0.0472656
0.191343;-0.2101;0.0472656
0.181333;-0.224744;0.054588
0.183914;-0.217422;0.054588
0.186753;-0.2101;0.054588
0.197213;-0.205838;0.0399433
0.199402;-0.198516;0.0399433
0.201809;-0.191193;0.0399433
0.192802;-0.205838;0.0472656
0.195441;-0.198516;0.0472656
0.197341;-0.191193;0.0472656
0.188187;-0.205838;0.054588
0.190285;-0.198516;0.054588
0.192621;-0.191193;0.054588
0.178358;-0.224744;0.0588495
0.180892;-0.217422;0.0588495
0.183685;-0.2101;0.0588495
0.172547;-0.224744;0.0661719
0.175493;-0.217422;0.0661719
0.177708;-0.2101;0.0661719
0.166669;-0.224744;0.0734942
0.168987;-0.217422;0.0734942
0.1716;-0.2101;0.0734942
0.185097;-0.205838;0.0588495
0.187164;-0.198516;0.0588495
0.189471;-0.191193;0.0588495
0.179069;-0.205838;0.0661719
0.181562;-0.198516;0.0661719
0.183339;-0.191193;0.0661719
0.172919;-0.205838;0.0734942
0.174838;-0.198516;0.0734942
0.177028;-0.191193;0.0734942
0.20299;-0.186932;0.0399433
0.204651;-0.179609;0.0399433
0.206517;-0.172287;0.0399433
0.198498;-0.186932;0.0472656
0.20061;-0.179609;0.0472656
0.202004;-0.172287;0.0472656
0.193768;-0.186932;0.054588
0.195378;-0.179609;0.054588
0.19721;-0.172287;0.054588
0.207389;-0.168025;0.0399433
0.20853;-0.160703;0.0399433
0.209863;-0.153381;0.0399433
0.202862;-0.168025;0.0472656
0.204451;-0.160703;0.0472656
0.205348;-0.153381;0.0472656
0.198069;-0.168025;0.054588
0.199195;-0.160703;0.054588
0.200527;-0.153381;0.054588
0.190603;-0.186932;0.0588495
0.192196;-0.179609;0.0588495
0.194013;-0.172287;0.0588495
0.184437;-0.186932;0.0661719
0.186465;-0.179609;0.0661719
0.187797;-0.172287;0.0661719
0.178103;-0.186932;0.0734942
0.179609;-0.179609;0.0734942
0.181364;-0.172287;0.0734942
0.194865;-0.168025;0.0588495
0.195985;-0.160703;0.0588495
0.197315;-0.153381;0.0588495
0.188629;-0.168025;0.0661719
0.19019;-0.160703;0.0661719
0.191078;-0.153381;0.0661719
0.18219;-0.168025;0.0734942
0.183277;-0.160703;0.0734942
0.184593;-0.153381;0.0734942
0.13023;-0.300369;0.0777558
0.133617;-0.293047;0.0777558
0.137392;-0.285725;0.0777558
0.12588;-0.300369;0.0850781
0.129421;-0.293047;0.0850781
0.132326;-0.285725;0.0850781
0.121993;-0.300369;0.0924005
0.124586;-0.293047;0.0924005
0.127627;-0.285725;0.0924005
0.139416;-0.281463;0.0777558
0.142594;-0.274141;0.0777558
0.14614;-0.266818;0.0777558
0.134152;-0.281463;0.0850781
0.137553;-0.274141;0.0850781
0.140286;-0.266818;0.0850781
0.129246;-0.281463;0.0924005
0.131754;-0.274141;0.0924005
0.13469;-0.266818;0.0924005
0.119663;-0.300369;0.096662
0.122008;-0.293047;0.096662
0.124784;-0.285725;0.096662
0.115525;-0.300369;0.103984
0.117881;-0.293047;0.103984
0.119692;-0.285725;0.103984
0.112112;-0.300369;0.111307
0.113439;-0.293047;0.111307
0.115231;-0.285725;0.111307
0.126263;-0.281463;0.096662
0.128556;-0.274141;0.096662
0.131268;-0.266818;0.096662
0.120901;-0.281463;0.103984
0.123283;-0.274141;0.103984
0.125086;-0.266818;0.103984
0.116164;-0.281463;0.111307
0.117554;-0.274141;0.111307
0.119413;-0.266818;0.111307
0.148019;-0.262557;0.0777558
0.150931;-0.255234;0.0777558
0.154186;-0.247912;0.0777558
0.142001;-0.262557;0.0850781
0.145193;-0.255234;0.0850781
0.147698;-0.247912;0.0850781
0.136236;-0.262557;0.0924005
0.1386;-0.255234;0.0924005
0.141366;-0.247912;0.0924005
0.155889;-0.24365;0.0777558
0.158487;-0.236328;0.0777558
0.161404;-0.229006;0.0777558
0.14927;-0.24365;0.0850781
0.152194;-0.236328;0.0850781
0.154425;-0.229006;0.0850781
0.142804;-0.24365;0.0924005
0.144971;-0.236328;0.0924005
0.14751;-0.229006;0.0924005
0.132697;-0.262557;0.096662
0.134883;-0.255234;0.096662
0.137467;-0.247912;0.096662
0.126283;-0.262557;0.103984
0.128632;-0.255234;0.103984
0.130376;-0.247912;0.103984
0.120373;-0.262557;0.111307
0.121793;-0.255234;0.111307
0.123668;-0.247912;0.111307
0.13881;-0.24365;0.096662
0.140834;-0.236328;0.096662
0.143232;-0.229006;0.096662
0.13153;-0.24365;0.103984
0.133784;-0.236328;0.103984
0.135418;-0.229006;0.103984
0.124628;-0.24365;0.111307
0.12603;-0.236328;0.111307
0.127864;-0.229006;0.111307
0.11021;-0.300369;0.115568
0.111228;-0.293047;0.115568
0.112683;-0.285725;0.115568
0.107089;-0.300369;0.122891
0.107954;-0.293047;0.122891
0.108391;-0.285725;0.122891
0.104945;-0.300369;0.130213
0.10479;-0.293047;0.130213
0.105035;-0.285725;0.130213
0.113433;-0.281463;0.115568
0.114538;-0.274141;0.115568
0.116096;-0.266818;0.115568
0.108799;-0.281463;0.122891
0.109817;-0.274141;0.122891
0.110377;-0.266818;0.122891
0.105106;-0.281463;0.130213
0.105079;-0.274141;0.130213
0.105504;-0.266818;0.130213
0.103945;-0.300369;0.134475
0.103456;-0.293047;0.134475
0.103319;-0.285725;0.134475
0.10265;-0.300369;0.141797
0.101879;-0.293047;0.141797
0.100798;-0.285725;0.141797
0.102443;-0.300369;0.149119
0.100837;-0.293047;0.149119
0.0994437;-0.285725;0.149119
0.103178;-0.281463;0.134475
0.102808;-0.274141;0.134475
0.102859;-0.266818;0.134475
0.100277;-0.281463;0.141797
0.0996416;-0.274141;0.141797
0.098684;-0.266818;0.141797
0.0985807;-0.281463;0.149119
0.0969908;-0.274141;0.149119
0.0957203;-0.266818;0.149119
0.116895;-0.262557;0.115568
0.118065;-0.255234;0.115568
0.119684;-0.247912;0.115568
0.110864;-0.262557;0.122891
0.112028;-0.255234;0.122891
0.112704;-0.247912;0.122891
0.105677;-0.262557;0.130213
0.105818;-0.255234;0.130213
0.106437;-0.247912;0.130213
0.120508;-0.24365;0.115568
0.121702;-0.236328;0.115568
0.123329;-0.229006;0.115568
0.113258;-0.24365;0.122891
0.114532;-0.236328;0.122891
0.115291;-0.229006;0.122891
0.106715;-0.24365;0.130213
0.107024;-0.236328;0.130213
0.107812;-0.229006;0.130213
0.102826;-0.262557;0.134475
0.102639;-0.255234;0.134475
0.102911;-0.247912;0.134475
0.0982678;-0.262557;0.141797
0.0978623;-0.255234;0.141797
0.0971151;-0.247912;0.141797
0.0949406;-0.262557;0.149119
0.0935078;-0.255234;0.149119
0.092479;-0.247912;0.149119
0.103001;-0.24365;0.134475
0.103015;-0.236328;0.134475
0.103502;-0.229006;0.134475
0.0968427;-0.24365;0.141797
0.0967132;-0.236328;0.141797
0.0962183;-0.229006;0.141797
0.0918457;-0.24365;0.149119
0.0906704;-0.236328;0.149119
0.0899579;-0.229006;0.149119
0.162906;-0.224744;0.0777558
0.165153;-0.217422;0.0777558
0.167696;-0.2101;0.0777558
0.155825;-0.224744;0.0850781
0.158435;-0.217422;0.0850781
0.160354;-0.2101;0.0850781
0.14881;-0.224744;0.0924005
0.150734;-0.217422;0.0924005
0.152999;-0.2101;0.0924005
0.168979;-0.205838;0.0777558
0.170849;-0.198516;0.0777558
0.172992;-0.191193;0.0777558
0.161562;-0.205838;0.0850781
0.163823;-0.198516;0.0850781
0.165404;-0.191193;0.0850781
0.154138;-0.205838;0.0924005
0.155781;-0.198516;0.0924005
0.157737;-0.191193;0.0924005
0.144459;-0.224744;0.096662
0.146273;-0.217422;0.096662
0.148434;-0.2101;0.096662
0.136495;-0.224744;0.103984
0.138596;-0.217422;0.103984
0.14007;-0.2101;0.103984
0.12879;-0.224744;0.111307
0.130124;-0.217422;0.111307
0.131859;-0.2101;0.111307
0.149519;-0.205838;0.096662
0.151084;-0.198516;0.096662
0.152967;-0.191193;0.096662
0.141042;-0.205838;0.103984
0.14294;-0.198516;0.103984
0.144213;-0.191193;0.103984
0.132721;-0.205838;0.111307
0.133936;-0.198516;0.111307
0.135519;-0.191193;0.111307
0.174044;-0.186932;0.0777558
0.17552;-0.179609;0.0777558
0.17725;-0.172287;0.0777558
0.166403;-0.186932;0.0850781
0.168291;-0.179609;0.0850781
0.169515;-0.172287;0.0850781
0.158695;-0.186932;0.0924005
0.160029;-0.179609;0.0924005
0.16165;-0.172287;0.0924005
0.178064;-0.168025;0.0777558
0.179138;-0.160703;0.0777558
0.180446;-0.153381;0.0777558
0.170298;-0.168025;0.0850781
0.171798;-0.160703;0.0850781
0.172654;-0.153381;0.0850781
0.162415;-0.168025;0.0924005
0.163422;-0.160703;0.0924005
0.164691;-0.153381;0.0924005
0.15389;-0.186932;0.096662
0.155174;-0.179609;0.096662
0.156751;-0.172287;0.096662
0.145055;-0.186932;0.103984
0.14671;-0.179609;0.103984
0.147748;-0.172287;0.103984
0.136289;-0.186932;0.111307
0.137342;-0.179609;0.111307
0.138731;-0.172287;0.111307
0.157496;-0.168025;0.096662
0.158477;-0.160703;0.096662
0.159727;-0.153381;0.096662
0.148442;-0.168025;0.103984
0.149822;-0.160703;0.103984
0.1506;-0.153381;0.103984
0.139386;-0.168025;0.111307
0.140242;-0.160703;0.111307
0.141402;-0.153381;0.111307
0.124147;-0.224744;0.115568
0.125315;-0.217422;0.115568
0.126891;-0.2101;0.115568
0.115887;-0.224744;0.122891
0.117216;-0.217422;0.122891
0.118013;-0.2101;0.122891
0.10818;-0.224744;0.130213
0.108629;-0.217422;0.130213
0.109542;-0.2101;0.130213
0.12767;-0.205838;0.115568
0.128762;-0.198516;0.115568
0.130231;-0.191193;0.115568
0.11862;-0.205838;0.122891
0.119946;-0.198516;0.122891
0.120729;-0.191193;0.122891
0.109972;-0.205838;0.130213
0.110515;-0.198516;0.130213
0.111493;-0.191193;0.130213
0.103709;-0.224744;0.134475
0.103908;-0.217422;0.134475
0.104575;-0.2101;0.134475
0.0961029;-0.224744;0.141797
0.0962526;-0.217422;0.141797
0.0960117;-0.2101;0.141797
0.0895086;-0.224744;0.149119
0.0886475;-0.217422;0.149119
0.0882804;-0.2101;0.149119
0.104876;-0.205838;0.134475
0.105221;-0.198516;0.134475
0.106013;-0.191193;0.134475
0.0960446;-0.205838;0.141797
0.096442;-0.198516;0.141797
0.0964256;-0.191193;0.141797
0.0880269;-0.205838;0.149119
0.0874934;-0.198516;0.149119
0.087459;-0.191193;0.149119
0.130944;-0.186932;0.115568
0.131912;-0.179609;0.115568
0.133227;-0.172287;0.115568
0.121315;-0.186932;0.122891
0.12258;-0.179609;0.122891
0.123299;-0.172287;0.122891
0.111953;-0.186932;0.130213
0.112537;-0.179609;0.130213
0.113521;-0.172287;0.130213
0.133846;-0.168025;0.115568
0.134652;-0.160703;0.115568
0.135774;-0.153381;0.115568
0.123834;-0.168025;0.122891
0.124987;-0.160703;0.122891
0.125598;-0.153381;0.122891
0.113978;-0.168025;0.130213
0.114548;-0.160703;0.130213
0.115483;-0.153381;0.130213
0.106377;-0.186932;0.134475
0.106815;-0.179609;0.134475
0.10767;-0.172287;0.134475
0.0965818;-0.186932;0.141797
0.0971724;-0.179609;0.141797
0.0973304;-0.172287;0.141797
0.0873902;-0.186932;0.149119
0.0871602;-0.179609;0.149119
0.0874129;-0.172287;0.149119
0.108062;-0.168025;0.134475
0.108537;-0.160703;0.134475
0.109396;-0.153381;0.134475
0.0975759;-0.168025;0.141797
0.0982936;-0.160703;0.141797
0.0985665;-0.153381;0.141797
0.0874999;-0.168025;0.149119
0.0875223;-0.160703;0.149119
0.0879954;-0.153381;0.149119
0.221343;-0.149119;0.00213077
0.221955;-0.141797;0.00213077
0.222736;-0.134475;0.00213077
0.220559;-0.149119;0.00945312
0.221605;-0.141797;0.00945312
0.221972;-0.134475;0.00945312
0.219428;-0.149119;0.0167755
0.220044;-0.141797;0.0167755
0.220831;-0.134475;0.0167755
0.222987;-0.130213;0.00213077
0.223081;-0.122891;0.00213077
0.223336;-0.115568;0.00213077
0.222216;-0.130213;0.00945312
0.222726;-0.122891;0.00945312
0.222589;-0.115568;0.00945312
0.221087;-0.130213;0.0167755
0.221191;-0.122891;0.0167755
0.221457;-0.115568;0.0167755
0.218319;-0.149119;0.021037
0.218938;-0.141797;0.021037
0.219729;-0.134475;0.021037
0.215634;-0.149119;0.0283594
0.216691;-0.141797;0.0283594
0.217075;-0.134475;0.0283594
0.212622;-0.149119;0.0356817
0.213253;-0.141797;0.0356817
0.214062;-0.134475;0.0356817
0.219987;-0.130213;0.021037
0.220096;-0.122891;0.021037
0.220369;-0.115568;0.021037
0.217331;-0.130213;0.0283594
0.217865;-0.122891;0.0283594
0.217757;-0.115568;0.0283594
0.214335;-0.130213;0.0356817
0.214471;-0.122891;0.0356817
0.214777;-0.115568;0.0356817
0.223291;-0.111307;0.00213077
0.222893;-0.103984;0.00213077
0.22265;-0.096662;0.00213077
0.222538;-0.111307;0.00945312
0.222538;-0.103984;0.00945312
0.221922;-0.096662;0.00945312
0.22142;-0.111307;0.0167755
0.221036;-0.103984;0.0167755
0.220808;-0.096662;0.0167755
0.222325;-0.0924005;0.00213077
0.221462;-0.0850781;0.00213077
0.220749;-0.0777558;0.00213077
0.221592;-0.0924005;0.00945312
0.221109;-0.0850781;0.00945312
0.220044;-0.0777558;0.00945312
0.220492;-0.0924005;0.0167755
0.219648;-0.0850781;0.0167755
0.218954;-0.0777558;0.0167755
0.220336;-0.111307;0.021037
0.21996;-0.103984;0.021037
0.219741;-0.096662;0.021037
0.217725;-0.111307;0.0283594
0.21776;-0.103984;0.0283594
0.217184;-0.096662;0.0283594
0.214766;-0.111307;0.0356817
0.214431;-0.103984;0.0356817
0.214257;-0.096662;0.0356817
0.219431;-0.0924005;0.021037
0.218597;-0.0850781;0.021037
0.217914;-0.0777558;0.021037
0.216879;-0.0924005;0.0283594
0.216442;-0.0850781;0.0283594
0.215426;-0.0777558;0.0283594
0.213976;-0.0924005;0.0356817
0.213195;-0.0850781;0.0356817
0.212568;-0.0777558;0.0356817
0.210433;-0.149119;0.0399433
0.211068;-0.141797;0.0399433
0.211884;-0.134475;0.0399433
0.205912;-0.149119;0.0472656
0.206988;-0.141797;0.0472656
0.207401;-0.134475;0.0472656
0.201102;-0.149119;0.054588
0.201753;-0.141797;0.054588
0.202596;-0.134475;0.054588
0.212162;-0.130213;0.0399433
0.212309;-0.122891;0.0399433
0.212627;-0.115568;0.0399433
0.20768;-0.130213;0.0472656
0.20826;-0.122891;0.0472656
0.208207;-0.115568;0.0472656
0.202894;-0.130213;0.054588
0.203084;-0.122891;0.054588
0.203454;-0.115568;0.054588
0.19789;-0.149119;0.0588495
0.198546;-0.141797;0.0588495
0.199397;-0.134475;0.0588495
0.191645;-0.149119;0.0661719
0.192742;-0.141797;0.0661719
0.193192;-0.134475;0.0661719
0.185169;-0.149119;0.0734942
0.185838;-0.141797;0.0734942
0.186718;-0.134475;0.0734942
0.199702;-0.130213;0.0588495
0.199905;-0.122891;0.0588495
0.200293;-0.115568;0.0588495
0.1935;-0.130213;0.0661719
0.194143;-0.122891;0.0661719
0.194168;-0.115568;0.0661719
0.187048;-0.130213;0.0734942
0.187305;-0.122891;0.0734942
0.187758;-0.115568;0.0734942
0.212624;-0.111307;0.0399433
0.212304;-0.103984;0.0399433
0.212148;-0.096662;0.0399433
0.208212;-0.111307;0.0472656
0.208316;-0.103984;0.0472656
0.207819;-0.096662;0.0472656
0.203486;-0.111307;0.054588
0.203233;-0.103984;0.054588
0.20315;-0.096662;0.054588
0.211878;-0.0924005;0.0399433
0.211117;-0.0850781;0.0399433
0.210512;-0.0777558;0.0399433
0.207563;-0.0924005;0.0472656
0.207214;-0.0850781;0.0472656
0.206296;-0.0777558;0.0472656
0.202927;-0.0924005;0.054588
0.202253;-0.0850781;0.054588
0.20174;-0.0777558;0.054588
0.200336;-0.111307;0.0588495
0.200105;-0.103984;0.0588495
0.200048;-0.096662;0.0588495
0.194224;-0.111307;0.0661719
0.194427;-0.103984;0.0661719
0.194042;-0.096662;0.0661719
0.187847;-0.111307;0.0734942
0.187704;-0.103984;0.0734942
0.187745;-0.096662;0.0734942
0.199841;-0.0924005;0.0588495
0.199196;-0.0850781;0.0588495
0.198715;-0.0777558;0.0588495
0.193857;-0.0924005;0.0661719
0.193639;-0.0850781;0.0661719
0.192865;-0.0777558;0.0661719
0.187601;-0.0924005;0.0734942
0.187074;-0.0850781;0.0734942
0.186719;-0.0777558;0.0734942
0.220161;-0.0734942;0.00213077
0.218865;-0.0661719;0.00213077
0.217713;-0.0588495;0.00213077
0.219452;-0.0734942;0.00945312
0.218517;-0.0661719;0.00945312
0.217033;-0.0588495;0.00945312
0.218377;-0.0734942;0.0167755
0.217102;-0.0661719;0.0167755
0.215972;-0.0588495;0.0167755
0.21688;-0.054588;0.00213077
0.21518;-0.0472656;0.00213077
0.213622;-0.0399433;0.00213077
0.216196;-0.054588;0.00945312
0.214841;-0.0472656;0.00945312
0.212969;-0.0399433;0.00945312
0.215153;-0.054588;0.0167755
0.213478;-0.0472656;0.0167755
0.211943;-0.0399433;0.0167755
0.217344;-0.0734942;0.021037
0.216081;-0.0661719;0.021037
0.214964;-0.0588495;0.021037
0.214864;-0.0734942;0.0283594
0.213983;-0.0661719;0.0283594
0.212556;-0.0588495;0.0283594
0.212034;-0.0734942;0.0356817
0.210834;-0.0661719;0.0356817
0.209783;-0.0588495;0.0356817
0.214152;-0.054588;0.021037
0.212491;-0.0472656;0.021037
0.210971;-0.0399433;0.021037
0.211755;-0.054588;0.0283594
0.21046;-0.0472656;0.0283594
0.208653;-0.0399433;0.0283594
0.209011;-0.054588;0.0356817
0.207422;-0.0472656;0.0356817
0.205976;-0.0399433;0.0356817
0.212563;-0.0356817;0.00213077
0.210492;-0.0283594;0.00213077
0.20856;-0.021037;0.00213077
0.211907;-0.0356817;0.00945312
0.210163;-0.0283594;0.00945312
0.207936;-0.021037;0.00945312
0.210899;-0.0356817;0.0167755
0.208856;-0.0283594;0.0167755
0.206951;-0.021037;0.0167755
0.207294;-0.0167755;0.00213077
0.204886;-0.00945312;0.00213077
0.202614;-0.00213077;0.00213077
0.206668;-0.0167755;0.00945312
0.20457;-0.00945312;0.00945312
0.202019;-0.00213077;0.00945312
0.205701;-0.0167755;0.0167755
0.203322;-0.00945312;0.0167755
0.201078;-0.00213077;0.0167755
0.209936;-0.0356817;0.021037
0.207907;-0.0283594;0.021037
0.206018;-0.021037;0.021037
0.207629;-0.0356817;0.0283594
0.205953;-0.0283594;0.0283594
0.203796;-0.021037;0.0283594
0.204986;-0.0356817;0.0356817
0.203037;-0.0283594;0.0356817
0.201228;-0.021037;0.0356817
0.204778;-0.0167755;0.021037
0.202415;-0.00945312;0.021037
0.200188;-0.00213077;0.021037
0.20257;-0.0167755;0.0283594
0.200545;-0.00945312;0.0283594
0.198071;-0.00213077;0.0283594
0.200037;-0.0167755;0.0356817
0.19776;-0.00945312;0.0356817
0.19562;-0.00213077;0.0356817
0.209991;-0.0734942;0.0399433
0.208815;-0.0661719;0.0399433
0.207789;-0.0588495;0.0399433
0.205794;-0.0734942;0.0472656
0.205019;-0.0661719;0.0472656
0.203707;-0.0588495;0.0472656
0.201277;-0.0734942;0.054588
0.200205;-0.0661719;0.054588
0.199288;-0.0588495;0.054588
0.207033;-0.054588;0.0399433
0.205471;-0.0472656;0.0399433
0.204055;-0.0399433;0.0399433
0.202974;-0.054588;0.0472656
0.201801;-0.0472656;0.0472656
0.200122;-0.0399433;0.0472656
0.198598;-0.054588;0.054588
0.197156;-0.0472656;0.054588
0.195861;-0.0399433;0.054588
0.198271;-0.0734942;0.0588495
0.197235;-0.0661719;0.0588495
0.196356;-0.0588495;0.0588495
0.19245;-0.0734942;0.0661719
0.191833;-0.0661719;0.0661719
0.19069;-0.0588495;0.0661719
0.186354;-0.0734942;0.0734942
0.185462;-0.0661719;0.0734942
0.184731;-0.0588495;0.0734942
0.195689;-0.054588;0.0588495
0.194287;-0.0472656;0.0588495
0.193036;-0.0399433;0.0588495
0.190059;-0.054588;0.0661719
0.189067;-0.0472656;0.0661719
0.18758;-0.0399433;0.0661719
0.184157;-0.054588;0.0734942
0.182921;-0.0472656;0.0734942
0.181839;-0.0399433;0.0734942
0.203081;-0.0356817;0.0399433
0.201163;-0.0283594;0.0399433
0.199386;-0.021037;0.0399433
0.199176;-0.0356817;0.0472656
0.197634;-0.0283594;0.0472656
0.195618;-0.021037;0.0472656
0.194962;-0.0356817;0.054588
0.193176;-0.0283594;0.054588
0.191533;-0.021037;0.054588
0.198213;-0.0167755;0.0399433
0.195968;-0.00945312;0.0399433
0.193863;-0.00213077;0.0399433
0.194476;-0.0167755;0.0472656
0.192596;-0.00945312;0.0472656
0.190273;-0.00213077;0.0472656
0.190441;-0.0167755;0.054588
0.18834;-0.00945312;0.054588
0.186378;-0.00213077;0.054588
0.192162;-0.0356817;0.0588495
0.190421;-0.0283594;0.0588495
0.188826;-0.021037;0.0588495
0.186749;-0.0356817;0.0661719
0.185408;-0.0283594;0.0661719
0.183603;-0.021037;0.0661719
0.181069;-0.0356817;0.0734942
0.179513;-0.0283594;0.0734942
0.178105;-0.021037;0.0734942
0.187762;-0.0167755;0.0588495
0.185709;-0.00945312;0.0588495
0.183799;-0.00213077;0.0588495
0.182585;-0.0167755;0.0661719
0.180923;-0.00945312;0.0661719
0.178827;-0.00213077;0.0661719
0.177154;-0.0167755;0.0734942
0.175303;-0.00945312;0.0734942
0.173594;-0.00213077;0.0734942
0.181021;-0.149119;0.0777558
0.181691;-0.141797;0.0777558
0.182579;-0.134475;0.0777558
0.173215;-0.149119;0.0850781
0.174321;-0.141797;0.0850781
0.174806;-0.134475;0.0850781
0.165255;-0.149119;0.0924005
0.165925;-0.141797;0.0924005
0.166833;-0.134475;0.0924005
0.182915;-0.130213;0.0777558
0.183188;-0.122891;0.0777558
0.183662;-0.115568;0.0777558
0.175145;-0.130213;0.0850781
0.175857;-0.122891;0.0850781
0.175975;-0.115568;0.0850781
0.167192;-0.130213;0.0924005
0.16752;-0.122891;0.0924005
0.168067;-0.115568;0.0924005
0.160284;-0.149119;0.096662
0.160949;-0.141797;0.096662
0.161861;-0.134475;0.096662
0.151132;-0.149119;0.103984
0.152217;-0.141797;0.103984
0.152717;-0.134475;0.103984
0.141924;-0.149119;0.111307
0.142554;-0.141797;0.111307
0.143461;-0.134475;0.111307
0.162225;-0.130213;0.096662
0.162567;-0.122891;0.096662
0.163136;-0.115568;0.096662
0.153079;-0.130213;0.103984
0.153856;-0.122891;0.103984
0.154069;-0.115568;0.103984
0.143838;-0.130213;0.111307
0.144224;-0.122891;0.111307
0.144861;-0.115568;0.111307
0.183765;-0.111307;0.0777558
0.183649;-0.103984;0.0777558
0.183722;-0.096662;0.0777558
0.176094;-0.111307;0.0850781
0.176419;-0.103984;0.0850781
0.176177;-0.096662;0.0850781
0.168222;-0.111307;0.0924005
0.16821;-0.103984;0.0924005
0.168401;-0.096662;0.0924005
0.183598;-0.0924005;0.0777558
0.183108;-0.0850781;0.0777558
0.182795;-0.0777558;0.0777558
0.176083;-0.0924005;0.0850781
0.176032;-0.0850781;0.0850781
0.175443;-0.0777558;0.0850781
0.168355;-0.0924005;0.0924005
0.168011;-0.0850781;0.0924005
0.167854;-0.0777558;0.0924005
0.163306;-0.111307;0.096662
0.163324;-0.103984;0.096662
0.163552;-0.096662;0.096662
0.154256;-0.111307;0.103984
0.154718;-0.103984;0.103984
0.154642;-0.096662;0.103984
0.145085;-0.111307;0.111307
0.145215;-0.103984;0.111307
0.145573;-0.096662;0.111307
0.163529;-0.0924005;0.096662
0.163229;-0.0850781;0.096662
0.163123;-0.0777558;0.096662
0.154654;-0.0924005;0.103984
0.154802;-0.0850781;0.103984
0.154438;-0.0777558;0.103984
0.145639;-0.0924005;0.111307
0.145509;-0.0850781;0.111307
0.145587;-0.0777558;0.111307
0.13628;-0.149119;0.115568
0.13689;-0.141797;0.115568
0.13779;-0.134475;0.115568
0.126058;-0.149119;0.122891
0.127056;-0.141797;0.122891
0.127523;-0.134475;0.122891
0.115906;-0.149119;0.130213
0.116414;-0.141797;0.130213
0.117251;-0.134475;0.130213
0.138167;-0.130213;0.115568
0.13856;-0.122891;0.115568
0.139216;-0.115568;0.115568
0.127886;-0.130213;0.122891
0.128697;-0.122891;0.122891
0.128991;-0.115568;0.122891
0.117614;-0.130213;0.130213
0.118019;-0.122891;0.130213
0.118719;-0.115568;0.130213
0.109782;-0.149119;0.134475
0.110241;-0.141797;0.134475
0.111048;-0.134475;0.134475
0.0988637;-0.149119;0.141797
0.0996411;-0.141797;0.141797
0.0999684;-0.134475;0.141797
0.0881996;-0.149119;0.149119
0.0884083;-0.141797;0.149119
0.0890271;-0.134475;0.149119
0.1114;-0.130213;0.134475
0.111795;-0.122891;0.134475
0.112504;-0.115568;0.134475
0.100282;-0.130213;0.141797
0.101056;-0.122891;0.141797
0.101383;-0.115568;0.141797
0.0893062;-0.130213;0.149119
0.0896316;-0.122891;0.149119
0.0903228;-0.115568;0.149119
0.139453;-0.111307;0.115568
0.139614;-0.103984;0.115568
0.140013;-0.096662;0.115568
0.129243;-0.111307;0.122891
0.129844;-0.103984;0.122891
0.129945;-0.096662;0.122891
0.119002;-0.111307;0.130213
0.119271;-0.103984;0.130213
0.119804;-0.096662;0.130213
0.140105;-0.0924005;0.115568
0.140024;-0.0850781;0.115568
0.140161;-0.0777558;0.115568
0.130076;-0.0924005;0.122891
0.130449;-0.0850781;0.122891
0.130346;-0.0777558;0.122891
0.119992;-0.0924005;0.130213
0.120101;-0.0850781;0.130213
0.120448;-0.0777558;0.130213
0.112797;-0.111307;0.134475
0.113091;-0.103984;0.134475
0.113666;-0.096662;0.134475
0.10168;-0.111307;0.141797
0.102399;-0.103984;0.141797
0.102678;-0.096662;0.141797
0.0906367;-0.111307;0.149119
0.0910133;-0.103984;0.149119
0.0917122;-0.096662;0.149119
0.113881;-0.0924005;0.134475
0.114044;-0.0850781;0.134475
0.114458;-0.0777558;0.134475
0.102933;-0.0924005;0.141797
0.103555;-0.0850781;0.141797
0.103749;-0.0777558;0.141797
0.0920257;-0.0924005;0.149119
0.0923971;-0.0850781;0.149119
0.0930502;-0.0777558;0.149119
0.182456;-0.0734942;0.0777558
0.181609;-0.0661719;0.0777558
0.18093;-0.0588495;0.0777558
0.175143;-0.0734942;0.0850781
0.174731;-0.0661719;0.0850781
0.173811;-0.0588495;0.0850781
0.167613;-0.0734942;0.0924005
0.166948;-0.0661719;0.0924005
0.166457;-0.0588495;0.0924005
0.180386;-0.054588;0.0777558
0.179202;-0.0472656;0.0777558
0.178178;-0.0399433;0.0777558
0.173315;-0.054588;0.0850781
0.172562;-0.0472656;0.0850781
0.17133;-0.0399433;0.0850781
0.16603;-0.054588;0.0924005
0.16506;-0.0472656;0.0924005
0.164253;-0.0399433;0.0924005
0.162914;-0.0734942;0.096662
0.162304;-0.0661719;0.096662
0.161876;-0.0588495;0.096662
0.154277;-0.0734942;0.103984
0.154118;-0.0661719;0.103984
0.153473;-0.0588495;0.103984
0.145495;-0.0734942;0.111307
0.145105;-0.0661719;0.111307
0.144905;-0.0588495;0.111307
0.161487;-0.054588;0.096662
0.160582;-0.0472656;0.096662
0.159847;-0.0399433;0.096662
0.153144;-0.054588;0.103984
0.152688;-0.0472656;0.103984
0.151774;-0.0399433;0.103984
0.144658;-0.054588;0.111307
0.144013;-0.0472656;0.111307
0.143544;-0.0399433;0.111307
0.177443;-0.0356817;0.0777558
0.175946;-0.0283594;0.0777558
0.174601;-0.021037;0.0777558
0.17065;-0.0356817;0.0850781
0.169576;-0.0283594;0.0850781
0.168053;-0.021037;0.0850781
0.163649;-0.0356817;0.0924005
0.162391;-0.0283594;0.0924005
0.161287;-0.021037;0.0924005
0.173688;-0.0167755;0.0777558
0.171901;-0.00945312;0.0777558
0.170261;-0.00213077;0.0777558
0.167202;-0.0167755;0.0850781
0.165831;-0.00945312;0.0850781
0.164039;-0.00213077;0.0850781
0.160519;-0.0167755;0.0924005
0.158993;-0.00945312;0.0924005
0.157613;-0.00213077;0.0924005
0.159287;-0.0356817;0.096662
0.158103;-0.0283594;0.096662
0.157079;-0.021037;0.096662
0.151285;-0.0356817;0.103984
0.150546;-0.0283594;0.103984
0.149377;-0.021037;0.103984
0.143147;-0.0356817;0.111307
0.142258;-0.0283594;0.111307
0.141531;-0.021037;0.111307
0.156358;-0.0167755;0.096662
0.154914;-0.00945312;0.096662
0.153621;-0.00213077;0.096662
0.148737;-0.0167755;0.103984
0.147732;-0.00945312;0.103984
0.146325;-0.00213077;0.103984
0.140992;-0.0167755;0.111307
0.139871;-0.00945312;0.111307
0.138902;-0.00213077;0.111307
0.140106;-0.0734942;0.115568
0.139781;-0.0661719;0.115568
0.139657;-0.0588495;0.115568
0.130349;-0.0734942;0.122891
0.130488;-0.0661719;0.122891
0.130173;-0.0588495;0.122891
0.120529;-0.0734942;0.130213
0.120463;-0.0661719;0.130213
0.12061;-0.0588495;0.130213
0.139455;-0.054588;0.115568
0.13889;-0.0472656;0.115568
0.138508;-0.0399433;0.115568
0.130046;-0.054588;0.122891
0.129949;-0.0472656;0.122891
0.129423;-0.0399433;0.122891
0.120579;-0.054588;0.130213
0.120328;-0.0472656;0.130213
0.120269;-0.0399433;0.130213
0.114582;-0.0734942;0.134475
0.114593;-0.0661719;0.134475
0.114829;-0.0588495;0.134475
0.103941;-0.0734942;0.141797
0.104433;-0.0661719;0.141797
0.104514;-0.0588495;0.141797
0.0933345;-0.0734942;0.149119
0.0936552;-0.0661719;0.149119
0.0942209;-0.0588495;0.149119
0.114853;-0.054588;0.134475
0.114699;-0.0472656;0.134475
0.114747;-0.0399433;0.134475
0.10463;-0.054588;0.141797
0.104969;-0.0472656;0.141797
0.104918;-0.0399433;0.141797
0.0944542;-0.054588;0.149119
0.0946895;-0.0472656;0.149119
0.0951375;-0.0399433;0.149119
0.138164;-0.0356817;0.115568
0.137366;-0.0283594;0.115568
0.136737;-0.021037;0.115568
0.129167;-0.0356817;0.122891
0.128838;-0.0283594;0.122891
0.128104;-0.021037;0.122891
0.120124;-0.0356817;0.130213
0.119687;-0.0283594;0.130213
0.119422;-0.021037;0.130213
0.136256;-0.0167755;0.115568
0.135236;-0.00945312;0.115568
0.134374;-0.00213077;0.115568
0.127723;-0.0167755;0.122891
0.127169;-0.00945312;0.122891
0.126237;-0.00213077;0.122891
0.119163;-0.0167755;0.130213
0.118541;-0.00945312;0.130213
0.118075;-0.00213077;0.130213
0.114666;-0.0356817;0.134475
0.11434;-0.0283594;0.134475
0.114196;-0.021037;0.134475
0.104947;-0.0356817;0.141797
0.105121;-0.0283594;0.141797
0.104926;-0.021037;0.141797
0.0953039;-0.0356817;0.149119
0.0954291;-0.0283594;0.149119
0.0957391;-0.021037;0.149119
0.114009;-0.0167755;0.134475
0.113511;-0.00945312;0.134475
0.113177;-0.00213077;0.134475
0.104863;-0.0167755;0.141797
0.104865;-0.00945312;0.141797
0.10452;-0.00213077;0.141797
0.0958281;-0.0167755;0.149119
0.0958273;-0.00945312;0.149119
0.095987;-0.00213077;0.149119
0.102676;-0.300369;0.153381
0.100789;-0.293047;0.153381
0.0990512;-0.285725;0.153381
0.103653;-0.300369;0.160703
0.101453;-0.293047;0.160703
0.0990493;-0.285725;0.160703
0.105546;-0.300369;0.168025
0.102894;-0.293047;0.168025
0.100173;-0.285725;0.168025
0.0979897;-0.281463;0.153381
0.0960687;-0.274141;0.153381
0.0944103;-0.266818;0.153381
0.0976657;-0.281463;0.160703
0.095388;-0.274141;0.160703
0.0929124;-0.266818;0.160703
0.0985363;-0.281463;0.168025
0.0956329;-0.274141;0.168025
0.0927864;-0.266818;0.168025
0.106995;-0.300369;0.172287
0.104191;-0.293047;0.172287
0.101256;-0.285725;0.172287
0.110027;-0.300369;0.179609
0.106962;-0.293047;0.179609
0.1038;-0.285725;0.179609
0.113551;-0.300369;0.186932
0.110494;-0.293047;0.186932
0.107088;-0.285725;0.186932
0.0994922;-0.281463;0.172287
0.0963724;-0.274141;0.172287
0.0932435;-0.266818;0.172287
0.101865;-0.281463;0.179609
0.0984294;-0.274141;0.179609
0.0949115;-0.266818;0.179609
0.105048;-0.281463;0.186932
0.101471;-0.274141;0.186932
0.0976613;-0.266818;0.186932
0.0934098;-0.262557;0.153381
0.0916123;-0.255234;0.153381
0.0901744;-0.247912;0.153381
0.0915367;-0.262557;0.160703
0.0893576;-0.255234;0.160703
0.0869814;-0.247912;0.160703
0.091097;-0.262557;0.168025
0.0881297;-0.255234;0.168025
0.0853382;-0.247912;0.168025
0.0893114;-0.24365;0.153381
0.0877605;-0.236328;0.153381
0.0866445;-0.229006;0.153381
0.0857076;-0.24365;0.160703
0.0837786;-0.236328;0.160703
0.0816475;-0.229006;0.160703
0.0836985;-0.24365;0.168025
0.0808402;-0.236328;0.168025
0.0782692;-0.229006;0.168025
0.0913884;-0.262557;0.172287
0.08814;-0.255234;0.172287
0.0849996;-0.247912;0.172287
0.0928186;-0.262557;0.179609
0.0891957;-0.255234;0.179609
0.0854997;-0.247912;0.179609
0.0954082;-0.262557;0.186932
0.0914902;-0.255234;0.186932
0.0874471;-0.247912;0.186932
0.0831566;-0.24365;0.172287
0.079954;-0.236328;0.172287
0.0769733;-0.229006;0.172287
0.0833489;-0.24365;0.179609
0.0797084;-0.236328;0.179609
0.0760006;-0.229006;0.179609
0.0850759;-0.24365;0.186932
0.0809777;-0.236328;0.186932
0.076855;-0.229006;0.186932
0.115856;-0.300369;0.191193
0.112789;-0.293047;0.191193
0.109331;-0.285725;0.191193
0.120204;-0.300369;0.198516
0.116938;-0.293047;0.198516
0.113688;-0.285725;0.198516
0.124536;-0.300369;0.205838
0.121682;-0.293047;0.205838
0.118259;-0.285725;0.205838
0.107259;-0.281463;0.191193
0.103626;-0.274141;0.191193
0.0997111;-0.266818;0.191193
0.111612;-0.281463;0.198516
0.107753;-0.274141;0.198516
0.103931;-0.266818;0.198516
0.116212;-0.281463;0.205838
0.112652;-0.274141;0.205838
0.10864;-0.266818;0.205838
0.127189;-0.300369;0.2101
0.124441;-0.293047;0.2101
0.121096;-0.285725;0.2101
0.131958;-0.300369;0.217422
0.129047;-0.293047;0.217422
0.126247;-0.285725;0.217422
0.136249;-0.300369;0.224744
0.13405;-0.293047;0.224744
0.131123;-0.285725;0.224744
0.119094;-0.281463;0.2101
0.115612;-0.274141;0.2101
0.111645;-0.266818;0.2101
0.124369;-0.281463;0.217422
0.12072;-0.274141;0.217422
0.117212;-0.266818;0.217422
0.129365;-0.281463;0.224744
0.126328;-0.274141;0.224744
0.122694;-0.266818;0.224744
0.097396;-0.262557;0.191193
0.0933749;-0.255234;0.191193
0.0891712;-0.247912;0.191193
0.101567;-0.262557;0.198516
0.0972885;-0.255234;0.198516
0.0930642;-0.247912;0.198516
0.106274;-0.262557;0.205838
0.102195;-0.255234;0.205838
0.0977636;-0.247912;0.205838
0.0867064;-0.24365;0.191193
0.082452;-0.236328;0.191193
0.0781074;-0.229006;0.191193
0.0905055;-0.24365;0.198516
0.0859568;-0.236328;0.198516
0.0814745;-0.229006;0.198516
0.0951723;-0.24365;0.205838
0.0907328;-0.236328;0.205838
0.0860233;-0.229006;0.205838
0.109306;-0.262557;0.2101
0.105281;-0.255234;0.2101
0.100866;-0.247912;0.2101
0.11497;-0.262557;0.217422
0.110775;-0.255234;0.217422
0.106749;-0.247912;0.217422
0.120553;-0.262557;0.224744
0.116892;-0.255234;0.224744
0.112744;-0.247912;0.224744
0.0982876;-0.24365;0.2101
0.0938807;-0.236328;0.2101
0.0891643;-0.229006;0.2101
0.104246;-0.24365;0.217422
0.0996703;-0.236328;0.217422
0.0952906;-0.229006;0.217422
0.110328;-0.24365;0.224744
0.106229;-0.236328;0.224744
0.101735;-0.229006;0.224744
0.0859721;-0.224744;0.153381
0.0847509;-0.217422;0.153381
0.0840141;-0.2101;0.153381
0.0805541;-0.224744;0.160703
0.0789957;-0.217422;0.160703
0.0772248;-0.2101;0.160703
0.0767732;-0.224744;0.168025
0.0741826;-0.217422;0.168025
0.0719811;-0.2101;0.168025
0.0835597;-0.205838;0.153381
0.082707;-0.198516;0.153381
0.0823608;-0.191193;0.153381
0.0763694;-0.205838;0.160703
0.075263;-0.198516;0.160703
0.0739269;-0.191193;0.160703
0.0707126;-0.205838;0.168025
0.06853;-0.198516;0.168025
0.0668223;-0.191193;0.168025
0.0752403;-0.224744;0.172287
0.07225;-0.217422;0.172287
0.0695928;-0.2101;0.172287
0.0738879;-0.224744;0.179609
0.0703955;-0.217422;0.179609
0.0668407;-0.2101;0.179609
0.0744539;-0.224744;0.186932
0.0703248;-0.217422;0.186932
0.0662716;-0.2101;0.186932
0.0680637;-0.205838;0.172287
0.0654456;-0.198516;0.172287
0.0632652;-0.191193;0.172287
0.0648633;-0.205838;0.179609
0.0616904;-0.198516;0.179609
0.0584624;-0.191193;0.179609
0.0639274;-0.205838;0.186932
0.0599179;-0.198516;0.186932
0.0560931;-0.191193;0.186932
0.082126;-0.186932;0.153381
0.0816376;-0.179609;0.153381
0.0816517;-0.172287;0.153381
0.073342;-0.186932;0.160703
0.0727205;-0.179609;0.160703
0.0718462;-0.172287;0.160703
0.0658489;-0.186932;0.168025
0.0641836;-0.179609;0.168025
0.0630531;-0.172287;0.168025
0.0816152;-0.168025;0.153381
0.0814506;-0.160703;0.153381
0.0817638;-0.153381;0.153381
0.0715345;-0.168025;0.160703
0.0713798;-0.160703;0.160703
0.070945;-0.153381;0.160703
0.0624162;-0.168025;0.168025
0.0613281;-0.160703;0.168025
0.060799;-0.153381;0.168025
0.0620264;-0.186932;0.172287
0.0599258;-0.179609;0.172287
0.058351;-0.172287;0.172287
0.0567248;-0.186932;0.179609
0.054056;-0.179609;0.179609
0.0513442;-0.172287;0.179609
0.0539011;-0.186932;0.186932
0.0501824;-0.179609;0.186932
0.0467776;-0.172287;0.186932
0.0574721;-0.168025;0.172287
0.055999;-0.160703;0.172287
0.0551075;-0.153381;0.172287
0.0499588;-0.168025;0.179609
0.0479866;-0.160703;0.179609
0.0459845;-0.153381;0.179609
0.0448568;-0.168025;0.186932
0.0416498;-0.160703;0.186932
0.0389196;-0.153381;0.186932
0.0755765;-0.224744;0.191193
0.0712284;-0.217422;0.191193
0.0668801;-0.2101;0.191193
0.0787996;-0.224744;0.198516
0.0741097;-0.217422;0.198516
0.0694932;-0.2101;0.198516
0.0832872;-0.224744;0.205838
0.0786199;-0.217422;0.205838
0.0737523;-0.2101;0.205838
0.0643618;-0.205838;0.191193
0.0600539;-0.198516;0.191193
0.0558411;-0.191193;0.191193
0.0667704;-0.205838;0.198516
0.0620521;-0.198516;0.198516
0.0574101;-0.191193;0.198516
0.0709381;-0.205838;0.205838
0.0661542;-0.198516;0.205838
0.0612285;-0.191193;0.205838
0.0864294;-0.224744;0.2101
0.0817783;-0.217422;0.2101
0.0768848;-0.2101;0.2101
0.0926161;-0.224744;0.217422
0.0878016;-0.217422;0.217422
0.0832108;-0.2101;0.217422
0.0991401;-0.224744;0.224744
0.094768;-0.217422;0.224744
0.0900755;-0.2101;0.224744
0.0740627;-0.205838;0.2101
0.0692833;-0.198516;0.2101
0.0643174;-0.191193;0.2101
0.0804424;-0.205838;0.217422
0.0755134;-0.198516;0.217422
0.0708379;-0.191193;0.217422
0.0873883;-0.205838;0.224744
0.0828901;-0.198516;0.224744
0.0781374;-0.191193;0.224744
0.0534177;-0.186932;0.191193
0.0492952;-0.179609;0.191193
0.0453821;-0.172287;0.191193
0.0547011;-0.186932;0.198516
0.05006;-0.179609;0.198516
0.0454951;-0.172287;0.198516
0.0583919;-0.186932;0.205838
0.0535834;-0.179609;0.205838
0.0486826;-0.172287;0.205838
0.0431557;-0.168025;0.191193
0.0394096;-0.160703;0.191193
0.0360309;-0.153381;0.191193
0.0428616;-0.168025;0.198516
0.038413;-0.160703;0.198516
0.0340444;-0.153381;0.198516
0.0458694;-0.168025;0.205838
0.0411122;-0.160703;0.205838
0.0363045;-0.153381;0.205838
0.0614666;-0.186932;0.2101
0.0566575;-0.179609;0.2101
0.0517077;-0.172287;0.2101
0.0680453;-0.186932;0.217422
0.0631148;-0.179609;0.217422
0.0584735;-0.172287;0.217422
0.0754377;-0.186932;0.224744
0.0709548;-0.179609;0.224744
0.0662777;-0.172287;0.224744
0.0488784;-0.168025;0.2101
0.0441252;-0.160703;0.2101
0.0392688;-0.153381;0.2101
0.0557239;-0.168025;0.217422
0.0509048;-0.160703;0.217422
0.0464251;-0.153381;0.217422
0.0636474;-0.168025;0.224744
0.059329;-0.160703;0.224744
0.0548799;-0.153381;0.224744
0.138763;-0.300369;0.229006
0.136754;-0.293047;0.229006
0.133993;-0.285725;0.229006
0.143134;-0.300369;0.236328
0.14098;-0.293047;0.236328
0.138996;-0.285725;0.236328
0.146652;-0.300369;0.24365
0.145417;-0.293047;0.24365
0.143343;-0.285725;0.24365
0.132332;-0.281463;0.229006
0.129462;-0.274141;0.229006
0.125968;-0.266818;0.229006
0.137547;-0.281463;0.236328
0.134543;-0.274141;0.236328
0.13174;-0.266818;0.236328
0.142073;-0.281463;0.24365
0.139877;-0.274141;0.24365
0.136993;-0.266818;0.24365
0.148611;-0.300369;0.247912
0.147632;-0.293047;0.247912
0.145781;-0.285725;0.247912
0.151896;-0.300369;0.255234
0.150795;-0.293047;0.255234
0.149871;-0.285725;0.255234
0.154041;-0.300369;0.262557
0.153987;-0.293047;0.262557
0.153025;-0.285725;0.262557
0.144641;-0.281463;0.247912
0.142677;-0.274141;0.247912
0.139988;-0.266818;0.247912
0.149005;-0.281463;0.255234
0.146937;-0.274141;0.255234
0.145077;-0.266818;0.255234
0.152379;-0.281463;0.262557
0.151233;-0.274141;0.262557
0.149341;-0.266818;0.262557
0.12391;-0.262557;0.229006
0.1204;-0.255234;0.229006
0.116372;-0.247912;0.229006
0.129869;-0.262557;0.236328
0.126232;-0.255234;0.236328
0.12283;-0.247912;0.236328
0.135283;-0.262557;0.24365
0.132371;-0.255234;0.24365
0.128893;-0.247912;0.24365
0.114031;-0.24365;0.229006
0.11007;-0.236328;0.229006
0.105684;-0.229006;0.229006
0.120656;-0.24365;0.236328
0.116579;-0.236328;0.236328
0.112774;-0.229006;0.236328
0.126867;-0.24365;0.24365
0.123453;-0.236328;0.24365
0.119576;-0.229006;0.24365
0.138394;-0.262557;0.247912
0.135692;-0.255234;0.247912
0.132389;-0.247912;0.247912
0.143725;-0.262557;0.255234
0.14093;-0.255234;0.255234
0.138379;-0.247912;0.255234
0.148191;-0.262557;0.262557
0.14622;-0.255234;0.262557
0.143637;-0.247912;0.262557
0.130469;-0.24365;0.247912
0.127247;-0.236328;0.247912
0.12353;-0.229006;0.247912
0.136676;-0.24365;0.255234
0.133367;-0.236328;0.255234
0.130342;-0.229006;0.255234
0.142118;-0.24365;0.262557
0.139557;-0.236328;0.262557
0.136495;-0.229006;0.262557
0.155103;-0.300369;0.266818
0.155362;-0.293047;0.266818
0.154659;-0.285725;0.266818
0.156727;-0.300369;0.274141
0.156913;-0.293047;0.274141
0.157224;-0.285725;0.274141
0.157016;-0.300369;0.281463
0.158302;-0.293047;0.281463
0.158652;-0.285725;0.281463
0.154169;-0.281463;0.266818
0.153302;-0.274141;0.266818
0.151641;-0.266818;0.266818
0.157049;-0.281463;0.274141
0.156131;-0.274141;0.274141
0.155374;-0.266818;0.274141
0.158735;-0.281463;0.281463
0.158787;-0.274141;0.281463
0.158068;-0.266818;0.281463
0.156902;-0.300369;0.285725
0.158551;-0.293047;0.285725
0.159182;-0.285725;0.285725
0.156382;-0.300369;0.293047
0.15804;-0.293047;0.293047
0.159718;-0.285725;0.293047
0.154413;-0.300369;0.300369
0.157155;-0.293047;0.300369
0.158991;-0.285725;0.300369
0.15944;-0.281463;0.285725
0.159818;-0.274141;0.285725
0.159355;-0.266818;0.285725
0.160326;-0.281463;0.293047
0.160736;-0.274141;0.293047
0.161207;-0.266818;0.293047
0.159899;-0.281463;0.300369
0.161276;-0.274141;0.300369
0.161876;-0.266818;0.300369
0.15063;-0.262557;0.266818
0.148912;-0.255234;0.266818
0.146535;-0.247912;0.266818
0.154642;-0.262557;0.274141
0.152879;-0.255234;0.274141
0.151318;-0.247912;0.274141
0.157572;-0.262557;0.281463
0.156675;-0.255234;0.281463
0.15514;-0.247912;0.281463
0.14514;-0.24365;0.266818
0.142807;-0.236328;0.266818
0.13993;-0.229006;0.266818
0.150171;-0.24365;0.274141
0.147789;-0.236328;0.274141
0.145655;-0.229006;0.274141
0.154205;-0.24365;0.281463
0.152607;-0.236328;0.281463
0.150481;-0.229006;0.281463
0.159014;-0.262557;0.285725
0.158405;-0.255234;0.285725
0.157099;-0.247912;0.285725
0.161171;-0.262557;0.293047
0.160587;-0.255234;0.293047
0.160121;-0.247912;0.293047
0.162107;-0.262557;0.300369
0.162392;-0.255234;0.300369
0.162028;-0.247912;0.300369
0.156303;-0.24365;0.285725
0.15496;-0.236328;0.285725
0.153038;-0.229006;0.285725
0.159595;-0.24365;0.293047
0.158262;-0.236328;0.293047
0.157103;-0.229006;0.293047
0.161742;-0.24365;0.300369
0.161197;-0.236328;0.300369
0.160108;-0.229006;0.300369
0.103159;-0.224744;0.229006
0.0989202;-0.217422;0.229006
0.0943332;-0.2101;0.229006
0.110404;-0.224744;0.236328
0.106059;-0.217422;0.236328
0.102027;-0.2101;0.236328
0.117346;-0.224744;0.24365
0.113621;-0.217422;0.24365
0.109523;-0.2101;0.24365
0.0917151;-0.205838;0.229006
0.0873527;-0.198516;0.229006
0.082711;-0.191193;0.229006
0.0995605;-0.205838;0.236328
0.0951071;-0.198516;0.236328
0.0910121;-0.191193;0.236328
0.107191;-0.205838;0.24365
0.103332;-0.198516;0.24365
0.099178;-0.191193;0.24365
0.121398;-0.224744;0.247912
0.117852;-0.217422;0.247912
0.113903;-0.2101;0.247912
0.128408;-0.224744;0.255234
0.124776;-0.217422;0.255234
0.121473;-0.2101;0.255234
0.134728;-0.224744;0.262557
0.131786;-0.217422;0.262557
0.128437;-0.2101;0.262557
0.111663;-0.205838;0.247912
0.107974;-0.198516;0.247912
0.103961;-0.191193;0.247912
0.119415;-0.205838;0.255234
0.115638;-0.198516;0.255234
0.112235;-0.191193;0.255234
0.126532;-0.205838;0.262557
0.123395;-0.198516;0.262557
0.119933;-0.191193;0.262557
0.0800855;-0.186932;0.229006
0.0757503;-0.179609;0.229006
0.0712001;-0.172287;0.229006
0.0885416;-0.186932;0.236328
0.0841355;-0.179609;0.236328
0.0801405;-0.172287;0.236328
0.0968412;-0.186932;0.24365
0.0930154;-0.179609;0.24365
0.0889671;-0.172287;0.24365
0.0686551;-0.168025;0.229006
0.0645063;-0.160703;0.229006
0.0602097;-0.153381;0.229006
0.0777597;-0.168025;0.236328
0.0735622;-0.160703;0.236328
0.0698396;-0.153381;0.236328
0.0867201;-0.168025;0.24365
0.0830944;-0.160703;0.24365
0.0793176;-0.153381;0.24365
0.101711;-0.186932;0.247912
0.0980472;-0.179609;0.247912
0.0941338;-0.172287;0.247912
0.110154;-0.186932;0.255234
0.106396;-0.179609;0.255234
0.10306;-0.172287;0.255234
0.117991;-0.186932;0.262557
0.114829;-0.179609;0.262557
0.111417;-0.172287;0.262557
0.0919699;-0.168025;0.247912
0.088496;-0.160703;0.247912
0.0848443;-0.153381;0.247912
0.10105;-0.168025;0.255234
0.0974693;-0.160703;0.255234
0.0943584;-0.153381;0.255234
0.109529;-0.168025;0.262557
0.106498;-0.160703;0.262557
0.103285;-0.153381;0.262557
0.138276;-0.224744;0.266818
0.135538;-0.217422;0.266818
0.132356;-0.2101;0.266818
0.144221;-0.224744;0.274141
0.141425;-0.217422;0.274141
0.138923;-0.2101;0.274141
0.149237;-0.224744;0.281463
0.147154;-0.217422;0.281463
0.144639;-0.2101;0.281463
0.130552;-0.205838;0.266818
0.127598;-0.198516;0.266818
0.124285;-0.191193;0.266818
0.137315;-0.205838;0.274141
0.134289;-0.198516;0.274141
0.131601;-0.191193;0.274141
0.143198;-0.205838;0.281463
0.140822;-0.198516;0.281463
0.138096;-0.191193;0.281463
0.151917;-0.224744;0.285725
0.15006;-0.217422;0.285725
0.147725;-0.2101;0.285725
0.156219;-0.224744;0.293047
0.154351;-0.217422;0.293047
0.152707;-0.2101;0.293047
0.159436;-0.224744;0.300369
0.158281;-0.217422;0.300369
0.156675;-0.2101;0.300369
0.146392;-0.205838;0.285725
0.144212;-0.198516;0.285725
0.141642;-0.191193;0.285725
0.151582;-0.205838;0.293047
0.149367;-0.198516;0.293047
0.147422;-0.191193;0.293047
0.155734;-0.205838;0.300369
0.154164;-0.198516;0.300369
0.152223;-0.191193;0.300369
0.122432;-0.186932;0.266818
0.119432;-0.179609;0.266818
0.11615;-0.172287;0.266818
0.129919;-0.186932;0.274141
0.126828;-0.179609;0.274141
0.124115;-0.172287;0.274141
0.13656;-0.186932;0.281463
0.134057;-0.179609;0.281463
0.131279;-0.172287;0.281463
0.114339;-0.168025;0.266818
0.111448;-0.160703;0.266818
0.108342;-0.153381;0.266818
0.122451;-0.168025;0.274141
0.119442;-0.160703;0.274141
0.116848;-0.153381;0.274141
0.129736;-0.168025;0.281463
0.127256;-0.160703;0.281463
0.124563;-0.153381;0.281463
0.140199;-0.186932;0.285725
0.137866;-0.179609;0.285725
0.135218;-0.172287;0.285725
0.146157;-0.186932;0.293047
0.14376;-0.179609;0.293047
0.141673;-0.172287;0.293047
0.151115;-0.186932;0.300369
0.149298;-0.179609;0.300369
0.14718;-0.172287;0.300369
0.133753;-0.168025;0.285725
0.131412;-0.160703;0.285725
0.128824;-0.153381;0.285725
0.140356;-0.168025;0.293047
0.137921;-0.160703;0.293047
0.135829;-0.153381;0.293047
0.145991;-0.168025;0.300369
0.144071;-0.160703;0.300369
0.14191;-0.153381;0.300369
0.0818887;-0.149119;0.153381
0.0819833;-0.141797;0.153381
0.0825173;-0.134475;0.153381
0.0708817;-0.149119;0.160703
0.0711312;-0.141797;0.160703
0.0710734;-0.134475;0.160703
0.060504;-0.149119;0.168025
0.0599892;-0.141797;0.168025
0.0600184;-0.134475;0.168025
0.0827586;-0.130213;0.153381
0.0830371;-0.122891;0.153381
0.0837097;-0.115568;0.153381
0.0712133;-0.130213;0.160703
0.0717757;-0.122891;0.160703
0.0720088;-0.115568;0.160703
0.0600324;-0.130213;0.168025
0.060024;-0.122891;0.168025
0.0605124;-0.115568;0.168025
0.054624;-0.149119;0.172287
0.0538239;-0.141797;0.172287
0.0536143;-0.134475;0.172287
0.0450583;-0.149119;0.179609
0.0439452;-0.141797;0.179609
0.0428004;-0.134475;0.179609
0.0374303;-0.149119;0.186932
0.0350329;-0.141797;0.186932
0.0333008;-0.134475;0.186932
0.0535136;-0.130213;0.172287
0.0533474;-0.122891;0.172287
0.053733;-0.115568;0.172287
0.0423975;-0.130213;0.179609
0.0422007;-0.122891;0.179609
0.041937;-0.115568;0.179609
0.0324352;-0.130213;0.186932
0.0311759;-0.122891;0.186932
0.0307119;-0.115568;0.186932
0.0840218;-0.111307;0.153381
0.0844092;-0.103984;0.153381
0.0851441;-0.096662;0.153381
0.0722964;-0.111307;0.160703
0.0730709;-0.103984;0.160703
0.0735017;-0.096662;0.160703
0.0607741;-0.111307;0.168025
0.0611627;-0.103984;0.168025
0.0619826;-0.096662;0.168025
0.0854853;-0.0924005;0.153381
0.0859147;-0.0850781;0.153381
0.0866469;-0.0777558;0.153381
0.0738817;-0.0924005;0.160703
0.0747725;-0.0850781;0.160703
0.0753143;-0.0777558;0.160703
0.0624185;-0.0924005;0.168025
0.0630804;-0.0850781;0.168025
0.0641036;-0.0777558;0.168025
0.0539562;-0.111307;0.172287
0.0543117;-0.103984;0.172287
0.055148;-0.096662;0.172287
0.0420356;-0.111307;0.179609
0.0426523;-0.103984;0.179609
0.0431381;-0.096662;0.179609
0.0305923;-0.111307;0.186932
0.0306049;-0.103984;0.186932
0.0313629;-0.096662;0.186932
0.0556092;-0.0924005;0.172287
0.0563382;-0.0850781;0.172287
0.0574656;-0.0777558;0.172287
0.0436319;-0.0924005;0.179609
0.0448396;-0.0850781;0.179609
0.0458517;-0.0777558;0.179609
0.0319011;-0.0924005;0.186932
0.0329426;-0.0850781;0.186932
0.0345413;-0.0777558;0.186932
0.0341558;-0.149119;0.191193
0.031089;-0.141797;0.191193
0.0286265;-0.134475;0.191193
0.0315669;-0.149119;0.198516
0.0274852;-0.141797;0.198516
0.0235224;-0.134475;0.198516
0.0335524;-0.149119;0.205838
0.0289081;-0.141797;0.205838
0.0242498;-0.134475;0.205838
0.0273547;-0.130213;0.191193
0.0254529;-0.122891;0.191193
0.0244346;-0.115568;0.191193
0.0213679;-0.130213;0.198516
0.0180777;-0.122891;0.198516
0.0151372;-0.115568;0.198516
0.0215901;-0.130213;0.205838
0.0171087;-0.122891;0.205838
0.0126509;-0.115568;0.205838
0.0365062;-0.149119;0.2101
0.0318909;-0.141797;0.2101
0.0272059;-0.134475;0.2101
0.0437953;-0.149119;0.217422
0.039226;-0.141797;0.217422
0.0350839;-0.134475;0.217422
0.0524153;-0.149119;0.224744
0.0484457;-0.141797;0.224744
0.0444276;-0.134475;0.224744
0.0245615;-0.130213;0.2101
0.0201957;-0.122891;0.2101
0.0158195;-0.115568;0.2101
0.032691;-0.130213;0.217422
0.0286101;-0.122891;0.217422
0.0251475;-0.115568;0.217422
0.0422639;-0.130213;0.224744
0.0389119;-0.122891;0.224744
0.0356402;-0.115568;0.224744
0.0240664;-0.111307;0.191193
0.0237884;-0.103984;0.191193
0.0244424;-0.096662;0.191193
0.0138417;-0.111307;0.198516
0.0126599;-0.103984;0.198516
0.012413;-0.096662;0.198516
0.0101137;-0.111307;0.205838
0.00585032;-0.103984;0.205838
0.00184005;-0.096662;0.205838
0.0249937;-0.0924005;0.191193
0.0261591;-0.0850781;0.191193
0.027985;-0.0777558;0.191193
0.0129452;-0.0924005;0.198516
0.0148285;-0.0850781;0.198516
0.017043;-0.0777558;0.198516
0.00135343;-0.0924005;0.205838
0.00500951;-0.0850781;0.205838
0.008991;-0.0777558;0.205838
0.0134168;-0.111307;0.2101
0.00970197;-0.103984;0.2101
0.00655982;-0.096662;0.2101
0.0232443;-0.111307;0.217422
0.0202207;-0.103984;0.217422
0.0182547;-0.096662;0.217422
0.0339904;-0.111307;0.224744
0.0316739;-0.103984;0.224744
0.0296287;-0.096662;0.224744
0.00562599;-0.0924005;0.2101
0.0064412;-0.0850781;0.2101
0.00904254;-0.0777558;0.2101
0.0174322;-0.0924005;0.217422
0.0166524;-0.0850781;0.217422
0.0172625;-0.0777558;0.217422
0.0287899;-0.0924005;0.224744
0.0280055;-0.0850781;0.224744
0.0276281;-0.0777558;0.224744
0.0869822;-0.0734942;0.153381
0.0873979;-0.0661719;0.153381
0.0880756;-0.0588495;0.153381
0.0757372;-0.0734942;0.160703
0.0766626;-0.0661719;0.160703
0.077242;-0.0588495;0.160703
0.0646428;-0.0734942;0.168025
0.0654625;-0.0661719;0.168025
0.066578;-0.0588495;0.168025
0.0883775;-0.054588;0.153381
0.0887359;-0.0472656;0.153381
0.0893202;-0.0399433;0.153381
0.0776673;-0.054588;0.160703
0.0785625;-0.0472656;0.160703
0.0791216;-0.0399433;0.160703
0.0671607;-0.054588;0.168025
0.0680427;-0.0472656;0.168025
0.0691635;-0.0399433;0.168025
0.0580757;-0.0734942;0.172287
0.0590322;-0.0661719;0.172287
0.0603087;-0.0588495;0.172287
0.046601;-0.0734942;0.179609
0.0481561;-0.0661719;0.179609
0.0494718;-0.0588495;0.179609
0.0354963;-0.0734942;0.186932
0.0371461;-0.0661719;0.186932
0.0391648;-0.0588495;0.186932
0.0609911;-0.054588;0.172287
0.0620531;-0.0472656;0.172287
0.0633674;-0.0399433;0.172287
0.0503522;-0.054588;0.179609
0.0520564;-0.0472656;0.179609
0.0535015;-0.0399433;0.179609
0.0403139;-0.054588;0.186932
0.0422289;-0.0472656;0.186932
0.0443784;-0.0399433;0.186932
0.0895682;-0.0356817;0.153381
0.0898374;-0.0283594;0.153381
0.0903009;-0.021037;0.153381
0.0795182;-0.0356817;0.160703
0.0803352;-0.0283594;0.160703
0.0808305;-0.021037;0.160703
0.0697434;-0.0356817;0.168025
0.0706146;-0.0283594;0.168025
0.0716768;-0.021037;0.168025
0.0904809;-0.0167755;0.153381
0.0906388;-0.00945312;0.153381
0.0909639;-0.00213077;0.153381
0.0811761;-0.0167755;0.160703
0.0818808;-0.00945312;0.160703
0.0822819;-0.00213077;0.160703
0.0722203;-0.0167755;0.168025
0.0730279;-0.00945312;0.168025
0.073987;-0.00213077;0.168025
0.064063;-0.0356817;0.172287
0.0651379;-0.0283594;0.172287
0.0664094;-0.021037;0.172287
0.0544215;-0.0356817;0.179609
0.0561362;-0.0283594;0.179609
0.0575895;-0.021037;0.179609
0.0455773;-0.0356817;0.186932
0.0475439;-0.0283594;0.186932
0.0496566;-0.021037;0.186932
0.0670763;-0.0167755;0.172287
0.068098;-0.00945312;0.172287
0.0692717;-0.00213077;0.172287
0.0584879;-0.0167755;0.179609
0.0601231;-0.00945312;0.179609
0.0615052;-0.00213077;0.179609
0.0508225;-0.0167755;0.186932
0.0527181;-0.00945312;0.186932
0.0547014;-0.00213077;0.186932
0.0291002;-0.0734942;0.191193
0.031057;-0.0661719;0.191193
0.0333993;-0.0588495;0.191193
0.0186036;-0.0734942;0.198516
0.0215932;-0.0661719;0.198516
0.0244592;-0.0588495;0.198516
0.0112474;-0.0734942;0.205838
0.0150195;-0.0661719;0.205838
0.018754;-0.0588495;0.205838
0.0347404;-0.054588;0.191193
0.036988;-0.0472656;0.191193
0.0394529;-0.0399433;0.191193
0.0262092;-0.054588;0.198516
0.0293117;-0.0472656;0.198516
0.0322081;-0.0399433;0.198516
0.0208617;-0.054588;0.205838
0.0243749;-0.0472656;0.205838
0.0278277;-0.0399433;0.205838
0.0109676;-0.0734942;0.2101
0.0145023;-0.0661719;0.2101
0.0180453;-0.0588495;0.2101
0.0179605;-0.0734942;0.217422
0.0196183;-0.0661719;0.217422
0.0220456;-0.0588495;0.217422
0.0277784;-0.0734942;0.224744
0.0286284;-0.0661719;0.224744
0.0297785;-0.0588495;0.224744
0.0201135;-0.054588;0.2101
0.0236341;-0.0472656;0.2101
0.0270615;-0.0399433;0.2101
0.0235575;-0.054588;0.217422
0.0262529;-0.0472656;0.217422
0.0292271;-0.0399433;0.217422
0.0307061;-0.054588;0.224744
0.0326622;-0.0472656;0.224744
0.0347135;-0.0399433;0.224744
0.040833;-0.0356817;0.191193
0.043107;-0.0283594;0.191193
0.0455021;-0.021037;0.191193
0.0339148;-0.0356817;0.198516
0.0368698;-0.0283594;0.198516
0.0396143;-0.021037;0.198516
0.0297724;-0.0356817;0.205838
0.0330073;-0.0283594;0.205838
0.0361685;-0.021037;0.205838
0.0468295;-0.0167755;0.191193
0.0489991;-0.00945312;0.191193
0.0512311;-0.00213077;0.191193
0.041207;-0.0167755;0.198516
0.0439321;-0.00945312;0.198516
0.0464579;-0.00213077;0.198516
0.0379446;-0.0167755;0.205838
0.0408926;-0.00945312;0.205838
0.0437572;-0.00213077;0.205838
0.0290193;-0.0356817;0.2101
0.0323118;-0.0283594;0.2101
0.0354979;-0.021037;0.2101
0.0309475;-0.0356817;0.217422
0.0338672;-0.0283594;0.217422
0.0368705;-0.021037;0.217422
0.036041;-0.0356817;0.224744
0.0384966;-0.0283594;0.224744
0.0409147;-0.021037;0.224744
0.0373041;-0.0167755;0.2101
0.0403249;-0.00945312;0.2101
0.0432349;-0.00213077;0.2101
0.0385741;-0.0167755;0.217422
0.0414219;-0.00945312;0.217422
0.0442712;-0.00213077;0.217422
0.042378;-0.0167755;0.224744
0.0449596;-0.00945312;0.224744
0.0474402;-0.00213077;0.224744
0.0578465;-0.149119;0.229006
0.0540739;-0.141797;0.229006
0.0502359;-0.134475;0.229006
0.067651;-0.149119;0.236328
0.0638428;-0.141797;0.236328
0.0605882;-0.134475;0.236328
0.0772586;-0.149119;0.24365
0.0740058;-0.141797;0.24365
0.0706749;-0.134475;0.24365
0.0481863;-0.130213;0.229006
0.0450416;-0.122891;0.229006
0.0419441;-0.115568;0.229006
0.0587099;-0.130213;0.236328
0.0555037;-0.122891;0.236328
0.0529419;-0.115568;0.236328
0.0689073;-0.130213;0.24365
0.0662074;-0.122891;0.24365
0.0635033;-0.115568;0.24365
0.0828609;-0.149119;0.247912
0.0797427;-0.141797;0.247912
0.0765168;-0.134475;0.247912
0.0925091;-0.149119;0.255234
0.0892573;-0.141797;0.255234
0.086521;-0.134475;0.255234
0.101536;-0.149119;0.262557
0.0987808;-0.141797;0.262557
0.0959037;-0.134475;0.262557
0.0748098;-0.130213;0.247912
0.0722113;-0.122891;0.247912
0.0695728;-0.115568;0.247912
0.0849178;-0.130213;0.255234
0.0821368;-0.122891;0.255234
0.0799105;-0.115568;0.255234
0.0943712;-0.130213;0.262557
0.0920169;-0.122891;0.262557
0.0895941;-0.115568;0.262557
0.0403891;-0.111307;0.229006
0.0382069;-0.103984;0.229006
0.0362111;-0.096662;0.229006
0.0515089;-0.111307;0.236328
0.0491424;-0.103984;0.236328
0.0475032;-0.096662;0.236328
0.0621314;-0.111307;0.24365
0.0601577;-0.103984;0.24365
0.0582457;-0.096662;0.24365
0.0353621;-0.0924005;0.229006
0.034479;-0.0850781;0.229006
0.0338747;-0.0777558;0.229006
0.0466439;-0.0924005;0.236328
0.0453221;-0.0850781;0.236328
0.0447546;-0.0777558;0.236328
0.0573569;-0.0924005;0.24365
0.0562369;-0.0850781;0.24365
0.0552184;-0.0777558;0.24365
0.0682334;-0.111307;0.247912
0.0663036;-0.103984;0.247912
0.0643918;-0.096662;0.247912
0.0786284;-0.111307;0.255234
0.0764402;-0.103984;0.255234
0.0748301;-0.096662;0.255234
0.0883421;-0.111307;0.262557
0.0864906;-0.103984;0.262557
0.084612;-0.096662;0.262557
0.0634924;-0.0924005;0.247912
0.0623355;-0.0850781;0.247912
0.0612319;-0.0777558;0.247912
0.0739243;-0.0924005;0.255234
0.0724109;-0.0850781;0.255234
0.0714734;-0.0777558;0.255234
0.0836857;-0.0924005;0.262557
0.0824009;-0.0850781;0.262557
0.0811148;-0.0777558;0.262557
0.106656;-0.149119;0.266818
0.104011;-0.141797;0.266818
0.101213;-0.134475;0.266818
0.115281;-0.149119;0.274141
0.112485;-0.141797;0.274141
0.110135;-0.134475;0.274141
0.12309;-0.149119;0.281463
0.120759;-0.141797;0.281463
0.11827;-0.134475;0.281463
0.0997248;-0.130213;0.266818
0.0974467;-0.122891;0.266818
0.0950664;-0.115568;0.266818
0.108732;-0.130213;0.274141
0.106259;-0.122891;0.274141
0.104253;-0.115568;0.274141
0.116932;-0.130213;0.281463
0.114854;-0.122891;0.281463
0.112663;-0.115568;0.281463
0.127412;-0.149119;0.285725
0.12519;-0.141797;0.285725
0.122775;-0.134475;0.285725
0.134534;-0.149119;0.293047
0.132182;-0.141797;0.293047
0.130197;-0.134475;0.293047
0.140715;-0.149119;0.300369
0.138812;-0.141797;0.300369
0.136718;-0.134475;0.300369
0.121479;-0.130213;0.285725
0.119478;-0.122891;0.285725
0.117329;-0.115568;0.285725
0.128987;-0.130213;0.293047
0.126815;-0.122891;0.293047
0.125027;-0.115568;0.293047
0.135579;-0.130213;0.300369
0.133788;-0.122891;0.300369
0.131851;-0.115568;0.300369
0.0938364;-0.111307;0.266818
0.0920186;-0.103984;0.266818
0.0901391;-0.096662;0.266818
0.10307;-0.111307;0.274141
0.101005;-0.103984;0.274141
0.0994159;-0.096662;0.274141
0.11151;-0.111307;0.281463
0.109764;-0.103984;0.281463
0.107939;-0.096662;0.281463
0.0892081;-0.0924005;0.266818
0.0879089;-0.0850781;0.266818
0.0865743;-0.0777558;0.266818
0.0984891;-0.0924005;0.274141
0.096885;-0.0850781;0.274141
0.0957508;-0.0777558;0.274141
0.107005;-0.0924005;0.281463
0.105639;-0.0850781;0.281463
0.104218;-0.0777558;0.281463
0.116199;-0.111307;0.285725
0.114493;-0.103984;0.285725
0.112676;-0.096662;0.285725
0.123949;-0.111307;0.293047
0.122031;-0.103984;0.293047
0.120503;-0.096662;0.293047
0.130812;-0.111307;0.300369
0.129207;-0.103984;0.300369
0.127487;-0.096662;0.300369
0.111745;-0.0924005;0.285725
0.110384;-0.0850781;0.285725
0.108935;-0.0777558;0.285725
0.119589;-0.0924005;0.293047
0.117972;-0.0850781;0.293047
0.116741;-0.0777558;0.293047
0.126581;-0.0924005;0.300369
0.12521;-0.0850781;0.300369
0.123746;-0.0777558;0.300369
0.0338474;-0.0734942;0.229006
0.0343375;-0.0661719;0.229006
0.0350566;-0.0588495;0.229006
0.0445311;-0.0734942;0.236328
0.0443108;-0.0661719;0.236328
0.0447739;-0.0588495;0.236328
0.0548514;-0.0734942;0.24365
0.0546121;-0.0661719;0.24365
0.0544714;-0.0588495;0.24365
0.0357291;-0.054588;0.229006
0.0372652;-0.0472656;0.229006
0.0388928;-0.0399433;0.229006
0.0451275;-0.054588;0.236328
0.0458511;-0.0472656;0.236328
0.0471109;-0.0399433;0.236328
0.0545915;-0.054588;0.24365
0.055132;-0.0472656;0.24365
0.0557295;-0.0399433;0.24365
0.0608034;-0.0734942;0.247912
0.0604407;-0.0661719;0.247912
0.0601337;-0.0588495;0.247912
0.0709666;-0.0734942;0.255234
0.0701487;-0.0661719;0.255234
0.069872;-0.0588495;0.255234
0.0805327;-0.0734942;0.262557
0.079829;-0.0661719;0.262557
0.0791315;-0.0588495;0.262557
0.0601491;-0.054588;0.247912
0.0605014;-0.0472656;0.247912
0.0608809;-0.0399433;0.247912
0.0697458;-0.054588;0.255234
0.0695726;-0.0472656;0.255234
0.0698764;-0.0399433;0.255234
0.0788808;-0.054588;0.262557
0.0787192;-0.0472656;0.262557
0.0785538;-0.0399433;0.262557
0.0399966;-0.0356817;0.229006
0.0421134;-0.0283594;0.229006
0.0442059;-0.021037;0.229006
0.047886;-0.0356817;0.236328
0.0492631;-0.0283594;0.236328
0.0510167;-0.021037;0.236328
0.0562373;-0.0356817;0.24365
0.0573638;-0.0283594;0.24365
0.0584897;-0.021037;0.24365
0.0455054;-0.0167755;0.229006
0.0478474;-0.00945312;0.229006
0.0500973;-0.00213077;0.229006
0.0520393;-0.0167755;0.236328
0.0537806;-0.00945312;0.236328
0.0557675;-0.00213077;0.236328
0.0592585;-0.0167755;0.24365
0.0607539;-0.00945312;0.24365
0.0621955;-0.00213077;0.24365
0.0612609;-0.0356817;0.247912
0.0621715;-0.0283594;0.247912
0.063065;-0.021037;0.247912
0.0700747;-0.0356817;0.255234
0.0704351;-0.0283594;0.255234
0.0711909;-0.021037;0.255234
0.0785928;-0.0356817;0.262557
0.0788886;-0.0283594;0.262557
0.0791584;-0.021037;0.262557
0.0637035;-0.0167755;0.247912
0.0649872;-0.00945312;0.247912
0.0662092;-0.00213077;0.247912
0.0716341;-0.0167755;0.255234
0.0723852;-0.00945312;0.255234
0.0734471;-0.00213077;0.255234
0.0794255;-0.0167755;0.262557
0.0800665;-0.00945312;0.262557
0.0806541;-0.00213077;0.262557
0.0859593;-0.0734942;0.266818
0.085193;-0.0661719;0.266818
0.0844013;-0.0588495;0.266818
0.0950958;-0.0734942;0.274141
0.0939697;-0.0661719;0.274141
0.0932899;-0.0588495;0.274141
0.103519;-0.0734942;0.281463
0.10255;-0.0661719;0.281463
0.101537;-0.0588495;0.281463
0.0840922;-0.054588;0.266818
0.0838263;-0.0472656;0.266818
0.08353;-0.0399433;0.266818
0.0929004;-0.054588;0.274141
0.0922305;-0.0472656;0.274141
0.0919683;-0.0399433;0.274141
0.101069;-0.054588;0.281463
0.100482;-0.0472656;0.281463
0.0998509;-0.0399433;0.281463
0.108218;-0.0734942;0.285725
0.107219;-0.0661719;0.285725
0.106146;-0.0588495;0.285725
0.116007;-0.0734942;0.293047
0.114712;-0.0661719;0.293047
0.113787;-0.0588495;0.293047
0.12299;-0.0734942;0.300369
0.121875;-0.0661719;0.300369
0.12068;-0.0588495;0.300369
0.105641;-0.054588;0.285725
0.104991;-0.0472656;0.285725
0.104272;-0.0399433;0.285725
0.113235;-0.054588;0.293047
0.112256;-0.0472656;0.293047
0.111622;-0.0399433;0.293047
0.120079;-0.054588;0.300369
0.119218;-0.0472656;0.300369
0.118284;-0.0399433;0.300369
0.0834912;-0.0356817;0.266818
0.0836532;-0.0283594;0.266818
0.0837685;-0.021037;0.266818
0.0918171;-0.0356817;0.274141
0.0915482;-0.0283594;0.274141
0.0916369;-0.021037;0.274141
0.0995934;-0.0356817;0.281463
0.0993439;-0.0283594;0.281463
0.0990421;-0.021037;0.281463
0.0839464;-0.0167755;0.266818
0.0844382;-0.00945312;0.266818
0.0848612;-0.00213077;0.266818
0.0916815;-0.0167755;0.274141
0.0917346;-0.00945312;0.274141
0.0920895;-0.00213077;0.274141
0.0989609;-0.0167755;0.281463
0.0989845;-0.00945312;0.281463
0.0989424;-0.00213077;0.281463
0.103963;-0.0356817;0.285725
0.103624;-0.0283594;0.285725
0.103213;-0.021037;0.285725
0.111238;-0.0356817;0.293047
0.110547;-0.0283594;0.293047
0.110166;-0.021037;0.293047
0.117827;-0.0356817;0.300369
0.117199;-0.0283594;0.300369
0.116497;-0.021037;0.300369
0.103068;-0.0167755;0.285725
0.102985;-0.00945312;0.285725
0.102818;-0.00213077;0.285725
0.109927;-0.0167755;0.293047
0.109477;-0.00945312;0.293047
0.109299;-0.00213077;0.293047
0.116166;-0.0167755;0.300369
0.115733;-0.00945312;0.300369
0.115221;-0.00213077;0.300369
0.0343645;-0.397876;0.302657
0.0353013;-0.397507;0.302657
0.0362712;-0.397139;0.302657
0.0338337;-0.397508;0.303197
0.0344204;-0.3973;0.303197
0.0350171;-0.397092;0.303197
0.0335469;-0.397139;0.303736
0.0336918;-0.397092;0.303736
0.0338373;-0.397045;0.303736
0.0406546;-0.3949;0.302657
0.0552358;-0.387578;0.302657
0.0706336;-0.380256;0.302657
0.039513;-0.3949;0.303197
0.0545318;-0.387578;0.303197
0.0698845;-0.380256;0.303197
0.0384001;-0.3949;0.303736
0.0538152;-0.387578;0.303736
0.0691218;-0.380256;0.303736
0.0375029;-0.393522;0.305867
0.0525343;-0.386801;0.305867
0.0663177;-0.380081;0.305867
0.0375662;-0.388734;0.31265
0.0471108;-0.384103;0.31265
0.0558208;-0.379472;0.31265
0.0331378;-0.383862;0.319433
0.0379854;-0.381358;0.319433
0.0432881;-0.378854;0.319433
0.0307572;-0.381947;0.322045
0.0344559;-0.380279;0.322045
0.0384777;-0.37861;0.322045
0.0303901;-0.380285;0.324241
0.0327692;-0.379342;0.324241
0.035227;-0.378399;0.324241
0.0306836;-0.378613;0.326437
0.0312793;-0.3784;0.326437
0.0318786;-0.378187;0.326437
0.0762508;-0.375994;0.304631
0.0886751;-0.368672;0.304631
0.0983546;-0.36135;0.304631
0.0632857;-0.375994;0.311953
0.0762739;-0.368672;0.311953
0.0891179;-0.36135;0.311953
0.0497594;-0.375994;0.319275
0.0646495;-0.368672;0.319275
0.078571;-0.36135;0.319275
0.104156;-0.357088;0.304631
0.114558;-0.349766;0.304631
0.122385;-0.342443;0.304631
0.0958588;-0.357088;0.311953
0.105786;-0.349766;0.311953
0.115019;-0.342443;0.311953
0.0857296;-0.357088;0.319275
0.0963682;-0.349766;0.319275
0.106008;-0.342443;0.319275
0.044603;-0.375994;0.322045
0.0602655;-0.368672;0.322045
0.0741117;-0.36135;0.322045
0.0407901;-0.375994;0.324241
0.0563394;-0.368672;0.324241
0.0702425;-0.36135;0.324241
0.0368303;-0.375994;0.326437
0.0522934;-0.368672;0.326437
0.0662859;-0.36135;0.326437
0.0353835;-0.374827;0.328568
0.0495678;-0.368014;0.328568
0.0626297;-0.361201;0.328568
0.0336526;-0.370779;0.333694
0.0439233;-0.365733;0.333694
0.0537816;-0.360687;0.333694
0.0311014;-0.366675;0.338821
0.0378169;-0.36342;0.338821
0.0444431;-0.360166;0.338821
0.0787912;-0.357088;0.323537
0.090206;-0.349766;0.323537
0.100247;-0.342443;0.323537
0.0658329;-0.357088;0.330859
0.0783887;-0.349766;0.330859
0.0898462;-0.342443;0.330859
0.0518458;-0.357088;0.338182
0.0655057;-0.349766;0.338182
0.0780509;-0.342443;0.338182
0.126488;-0.338182;0.304631
0.133543;-0.330859;0.304631
0.139191;-0.323537;0.304631
0.119731;-0.338182;0.311953
0.12696;-0.330859;0.311953
0.133949;-0.323537;0.311953
0.111333;-0.338182;0.319275
0.11986;-0.330859;0.319275
0.127193;-0.323537;0.319275
0.142258;-0.319275;0.304631
0.147239;-0.311953;0.304631
0.150932;-0.304631;0.304631
0.137475;-0.319275;0.311953
0.142571;-0.311953;0.311953
0.147416;-0.304631;0.311953
0.131088;-0.319275;0.319275
0.137282;-0.311953;0.319275
0.142495;-0.304631;0.319275
0.105866;-0.338182;0.323537
0.115054;-0.330859;0.323537
0.122725;-0.323537;0.323537
0.0959423;-0.338182;0.330859
0.105594;-0.330859;0.330859
0.114398;-0.323537;0.330859
0.08475;-0.338182;0.338182
0.0952367;-0.330859;0.338182
0.104626;-0.323537;0.338182
0.126842;-0.319275;0.323537
0.133572;-0.311953;0.323537
0.13915;-0.304631;0.323537
0.118982;-0.319275;0.330859
0.12614;-0.311953;0.330859
0.132792;-0.304631;0.330859
0.109698;-0.319275;0.338182
0.117839;-0.311953;0.338182
0.125025;-0.304631;0.338182
0.0299264;-0.364771;0.341149
0.0350112;-0.362348;0.341149
0.0400762;-0.359924;0.341149
0.0287294;-0.36236;0.344023
0.0317091;-0.360989;0.344023
0.034705;-0.359618;0.344023
0.0278475;-0.359929;0.346897
0.0285653;-0.359619;0.346897
0.0292854;-0.359309;0.346897
0.0458834;-0.357088;0.341149
0.0599824;-0.349766;0.341149
0.0728367;-0.342443;0.341149
0.0400601;-0.357088;0.344023
0.0545396;-0.349766;0.344023
0.0676035;-0.342443;0.344023
0.0340744;-0.357088;0.346897
0.0488583;-0.349766;0.346897
0.0621708;-0.342443;0.346897
0.0319303;-0.355956;0.349027
0.0457191;-0.349128;0.349027
0.0582572;-0.342299;0.349027
0.0302981;-0.352034;0.353476
0.040476;-0.346918;0.353476
0.0500837;-0.341801;0.353476
0.0280609;-0.348062;0.357924
0.0348288;-0.344679;0.357924
0.0414629;-0.341297;0.357924
0.0271274;-0.346897;0.359309
0.0264191;-0.346897;0.359619
0.0257089;-0.346897;0.359929
0.0322392;-0.344023;0.359618
0.0291368;-0.344023;0.360989
0.0259968;-0.344023;0.36236
0.0373181;-0.341149;0.359924
0.0319126;-0.341149;0.362348
0.0264024;-0.341149;0.364771
0.0774693;-0.338182;0.342443
0.0885126;-0.330859;0.342443
0.0982975;-0.323537;0.342443
0.0639108;-0.338182;0.349766
0.0758565;-0.330859;0.349766
0.0867001;-0.323537;0.349766
0.0491698;-0.338182;0.357088
0.0621283;-0.330859;0.357088
0.0739025;-0.323537;0.357088
0.103665;-0.319275;0.342443
0.112383;-0.311953;0.342443
0.119917;-0.304631;0.342443
0.0925435;-0.319275;0.349766
0.101911;-0.311953;0.349766
0.110388;-0.304631;0.349766
0.0801714;-0.319275;0.357088
0.0902212;-0.311953;0.357088
0.0995269;-0.304631;0.357088
0.060979;-0.326437;0.36135
0.0455336;-0.326437;0.368672
0.0290697;-0.326437;0.375994
0.06459;-0.324241;0.36135
0.0494294;-0.324241;0.368672
0.0331514;-0.324241;0.375994
0.0681004;-0.322045;0.36135
0.0532486;-0.322045;0.368672
0.03715;-0.322045;0.375994
0.04134;-0.338821;0.360166
0.0341286;-0.338821;0.36342
0.0267469;-0.338821;0.366675
0.0497607;-0.333694;0.360687
0.0387189;-0.333694;0.365733
0.0272871;-0.333694;0.370779
0.0576887;-0.328568;0.361201
0.0431266;-0.328568;0.368014
0.0277565;-0.328568;0.374827
0.0723244;-0.319275;0.36135
0.0828611;-0.311953;0.36135
0.0925701;-0.304631;0.36135
0.0578609;-0.319275;0.368672
0.0693021;-0.311953;0.368672
0.0797497;-0.304631;0.368672
0.0420329;-0.319275;0.375994
0.0542821;-0.311953;0.375994
0.0656352;-0.304631;0.375994
0.0238872;-0.326437;0.378187
0.0232982;-0.326437;0.3784
0.0227116;-0.326437;0.378613
0.0274444;-0.324241;0.378399
0.0249527;-0.324241;0.379342
0.0224963;-0.324241;0.380285
0.030957;-0.322045;0.37861
0.0267292;-0.322045;0.380279
0.0225802;-0.322045;0.381947
0.0581549;-0.303736;0.380256
0.0421148;-0.303736;0.387578
0.0248843;-0.303736;0.3949
0.0589748;-0.303197;0.380256
0.0429578;-0.303197;0.387578
0.0257867;-0.303197;0.3949
0.0597888;-0.302657;0.380256
0.0437936;-0.302657;0.387578
0.0266869;-0.302657;0.3949
0.0350879;-0.319433;0.378854
0.0290382;-0.319433;0.381358
0.0230734;-0.319433;0.383862
0.0454893;-0.31265;0.379472
0.0351124;-0.31265;0.384103
0.0244298;-0.31265;0.388734
0.055232;-0.305867;0.380081
0.0404839;-0.305867;0.386801
0.0246828;-0.305867;0.393522
0.01958;-0.303736;0.397045
0.0194382;-0.303736;0.397092
0.0192967;-0.303736;0.397139
0.0203692;-0.303197;0.397092
0.019757;-0.303197;0.3973
0.0191476;-0.303197;0.397508
0.0211654;-0.302657;0.397139
0.0201065;-0.302657;0.397507
0.0190547;-0.302657;0.397876
0.152874;-0.300369;0.304631
0.156038;-0.293047;0.304631
0.158183;-0.285725;0.304631
0.149786;-0.300369;0.311953
0.153123;-0.293047;0.311953
0.1563;-0.285725;0.311953
0.14526;-0.300369;0.319275
0.149614;-0.293047;0.319275
0.153073;-0.285725;0.319275
0.159281;-0.281463;0.304631
0.16102;-0.274141;0.304631
0.161895;-0.266818;0.304631
0.157761;-0.281463;0.311953
0.159639;-0.274141;0.311953
0.161443;-0.266818;0.311953
0.154868;-0.281463;0.319275
0.157671;-0.274141;0.319275
0.159714;-0.266818;0.319275
0.142144;-0.300369;0.323537
0.146946;-0.293047;0.323537
0.150723;-0.285725;0.323537
0.136196;-0.300369;0.330859
0.141317;-0.293047;0.330859
0.146073;-0.285725;0.330859
0.128838;-0.300369;0.338182
0.134853;-0.293047;0.338182
0.140061;-0.285725;0.338182
0.152719;-0.281463;0.323537
0.155921;-0.274141;0.323537
0.158268;-0.266818;0.323537
0.148454;-0.281463;0.330859
0.151943;-0.274141;0.330859
0.155193;-0.266818;0.330859
0.142837;-0.281463;0.338182
0.147198;-0.274141;0.338182
0.150784;-0.266818;0.338182
0.162296;-0.262557;0.304631
0.162901;-0.255234;0.304631
0.162786;-0.247912;0.304631
0.16217;-0.262557;0.311953
0.162893;-0.255234;0.311953
0.163621;-0.247912;0.311953
0.160746;-0.262557;0.319275
0.16232;-0.255234;0.319275
0.163236;-0.247912;0.319275
0.162652;-0.24365;0.304631
0.162388;-0.236328;0.304631
0.16152;-0.229006;0.304631
0.163773;-0.24365;0.311953
0.163595;-0.236328;0.311953
0.16349;-0.229006;0.311953
0.163655;-0.24365;0.319275
0.164251;-0.236328;0.319275
0.164291;-0.229006;0.319275
0.159484;-0.262557;0.323537
0.161401;-0.255234;0.323537
0.162587;-0.247912;0.323537
0.156744;-0.262557;0.330859
0.158882;-0.255234;0.330859
0.160893;-0.247912;0.330859
0.152664;-0.262557;0.338182
0.155619;-0.255234;0.338182
0.157913;-0.247912;0.338182
0.16317;-0.24365;0.323537
0.164069;-0.236328;0.323537
0.164349;-0.229006;0.323537
0.161779;-0.24365;0.330859
0.162854;-0.236328;0.330859
0.163886;-0.229006;0.330859
0.159093;-0.24365;0.338182
0.160922;-0.236328;0.338182
0.162183;-0.229006;0.338182
0.123958;-0.300369;0.342443
0.130478;-0.293047;0.342443
0.136053;-0.285725;0.342443
0.114867;-0.300369;0.349766
0.121957;-0.293047;0.349766
0.128438;-0.285725;0.349766
0.104539;-0.300369;0.357088
0.112386;-0.293047;0.357088
0.119375;-0.285725;0.357088
0.139041;-0.281463;0.342443
0.143803;-0.274141;0.342443
0.14771;-0.266818;0.342443
0.131787;-0.281463;0.349766
0.136951;-0.274141;0.349766
0.141731;-0.266818;0.349766
0.123145;-0.281463;0.357088
0.129162;-0.274141;0.357088
0.134391;-0.266818;0.357088
0.0978207;-0.300369;0.36135
0.106117;-0.293047;0.36135
0.113518;-0.285725;0.36135
0.0853668;-0.300369;0.368672
0.0944034;-0.293047;0.368672
0.102729;-0.285725;0.368672
0.0718477;-0.300369;0.375994
0.0817514;-0.293047;0.375994
0.09062;-0.285725;0.375994
0.117532;-0.281463;0.36135
0.123978;-0.274141;0.36135
0.129592;-0.266818;0.36135
0.107158;-0.281463;0.368672
0.114158;-0.274141;0.368672
0.120623;-0.266818;0.368672
0.0955161;-0.281463;0.375994
0.103449;-0.274141;0.375994
0.11029;-0.266818;0.375994
0.149787;-0.262557;0.342443
0.153105;-0.255234;0.342443
0.155693;-0.247912;0.342443
0.144164;-0.262557;0.349766
0.147817;-0.255234;0.349766
0.151212;-0.247912;0.349766
0.137188;-0.262557;0.357088
0.141646;-0.255234;0.357088
0.14542;-0.247912;0.357088
0.157052;-0.24365;0.342443
0.159206;-0.236328;0.342443
0.160725;-0.229006;0.342443
0.152891;-0.24365;0.349766
0.155314;-0.236328;0.349766
0.157566;-0.229006;0.349766
0.147411;-0.24365;0.357088
0.150559;-0.236328;0.357088
0.153127;-0.229006;0.357088
0.132611;-0.262557;0.36135
0.137435;-0.255234;0.36135
0.14151;-0.247912;0.36135
0.123988;-0.262557;0.368672
0.129196;-0.255234;0.368672
0.134046;-0.247912;0.368672
0.113928;-0.262557;0.375994
0.119912;-0.255234;0.375994
0.125282;-0.247912;0.375994
0.143692;-0.24365;0.36135
0.147186;-0.236328;0.36135
0.150027;-0.229006;0.36135
0.136571;-0.24365;0.368672
0.140427;-0.236328;0.368672
0.143974;-0.229006;0.368672
0.12815;-0.24365;0.375994
0.132674;-0.236328;0.375994
0.136629;-0.229006;0.375994
0.160982;-0.224744;0.304631
0.160072;-0.217422;0.304631
0.15866;-0.2101;0.304631
0.163205;-0.224744;0.311953
0.162349;-0.217422;0.311953
0.161626;-0.2101;0.311953
0.16424;-0.224744;0.319275
0.164087;-0.217422;0.319275
0.163467;-0.2101;0.319275
0.157836;-0.205838;0.304631
0.156478;-0.198516;0.304631
0.154704;-0.191193;0.304631
0.161022;-0.205838;0.311953
0.159684;-0.198516;0.311953
0.158529;-0.191193;0.311953
0.163065;-0.205838;0.319275
0.162361;-0.198516;0.319275
0.161267;-0.191193;0.319275
0.164443;-0.224744;0.323537
0.164556;-0.217422;0.323537
0.164145;-0.2101;0.323537
0.164247;-0.224744;0.330859
0.164491;-0.217422;0.330859
0.16476;-0.2101;0.330859
0.162801;-0.224744;0.338182
0.163729;-0.217422;0.338182
0.164174;-0.2101;0.338182
0.163869;-0.205838;0.323537
0.163395;-0.198516;0.323537
0.16248;-0.191193;0.323537
0.164717;-0.205838;0.330859
0.164329;-0.198516;0.330859
0.164026;-0.191193;0.330859
0.164354;-0.205838;0.338182
0.164586;-0.198516;0.338182
0.164408;-0.191193;0.338182
0.153695;-0.186932;0.304631
0.152057;-0.179609;0.304631
0.150078;-0.172287;0.304631
0.157708;-0.186932;0.311953
0.156055;-0.179609;0.311953
0.154628;-0.172287;0.311953
0.160619;-0.186932;0.319275
0.159534;-0.179609;0.319275
0.158126;-0.172287;0.319275
0.148972;-0.168025;0.304631
0.1472;-0.160703;0.304631
0.145149;-0.153381;0.304631
0.153679;-0.168025;0.311953
0.151855;-0.160703;0.311953
0.150291;-0.153381;0.311953
0.157319;-0.168025;0.319275
0.155998;-0.160703;0.319275
0.154412;-0.153381;0.319275
0.161939;-0.186932;0.323537
0.16105;-0.179609;0.323537
0.159793;-0.172287;0.323537
0.163685;-0.186932;0.330859
0.16284;-0.179609;0.330859
0.162128;-0.172287;0.330859
0.164258;-0.186932;0.338182
0.163969;-0.179609;0.338182
0.163336;-0.172287;0.338182
0.159076;-0.168025;0.323537
0.157916;-0.160703;0.323537
0.156452;-0.153381;0.323537
0.161579;-0.168025;0.330859
0.160423;-0.160703;0.330859
0.159439;-0.153381;0.330859
0.162946;-0.168025;0.338182
0.162284;-0.160703;0.338182
0.161334;-0.153381;0.338182
0.161499;-0.224744;0.342443
0.162712;-0.217422;0.342443
0.163382;-0.2101;0.342443
0.158623;-0.224744;0.349766
0.160047;-0.217422;0.349766
0.161383;-0.2101;0.349766
0.154462;-0.224744;0.357088
0.156547;-0.217422;0.357088
0.158135;-0.2101;0.357088
0.163698;-0.205838;0.342443
0.164177;-0.198516;0.342443
0.164195;-0.191193;0.342443
0.161946;-0.205838;0.349766
0.162585;-0.198516;0.349766
0.163205;-0.191193;0.349766
0.158943;-0.205838;0.357088
0.160186;-0.198516;0.357088
0.161;-0.191193;0.357088
0.151528;-0.224744;0.36135
0.153917;-0.217422;0.36135
0.15575;-0.2101;0.36135
0.14577;-0.224744;0.368672
0.14846;-0.217422;0.368672
0.150942;-0.2101;0.368672
0.138734;-0.224744;0.375994
0.142056;-0.217422;0.375994
0.14486;-0.2101;0.375994
0.156704;-0.205838;0.36135
0.158211;-0.198516;0.36135
0.159239;-0.191193;0.36135
0.152156;-0.205838;0.368672
0.153898;-0.198516;0.368672
0.155517;-0.191193;0.368672
0.146339;-0.205838;0.375994
0.148672;-0.198516;0.375994
0.150552;-0.191193;0.375994
0.164162;-0.186932;0.342443
0.164085;-0.179609;0.342443
0.163617;-0.172287;0.342443
0.163386;-0.186932;0.349766
0.163419;-0.179609;0.349766
0.16349;-0.172287;0.349766
0.161391;-0.186932;0.357088
0.161971;-0.179609;0.357088
0.162184;-0.172287;0.357088
0.163326;-0.168025;0.342443
0.162842;-0.160703;0.342443
0.162028;-0.153381;0.342443
0.163381;-0.168025;0.349766
0.162962;-0.160703;0.349766
0.162624;-0.153381;0.349766
0.162252;-0.168025;0.357088
0.162319;-0.160703;0.357088
0.162076;-0.153381;0.357088
0.159757;-0.186932;0.36135
0.160564;-0.179609;0.36135
0.16096;-0.172287;0.36135
0.156263;-0.186932;0.368672
0.15725;-0.179609;0.368672
0.158178;-0.172287;0.368672
0.151527;-0.186932;0.375994
0.153052;-0.179609;0.375994
0.154187;-0.172287;0.375994
0.161137;-0.168025;0.36135
0.161399;-0.160703;0.36135
0.161308;-0.153381;0.36135
0.158552;-0.168025;0.368672
0.158944;-0.160703;0.368672
0.159325;-0.153381;0.368672
0.154757;-0.168025;0.375994
0.155628;-0.160703;0.375994
0.156167;-0.153381;0.375994
0.0632401;-0.300369;0.380256
0.0736407;-0.293047;0.380256
0.0830231;-0.285725;0.380256
0.0473681;-0.300369;0.387578
0.0584721;-0.293047;0.387578
0.0690397;-0.285725;0.387578
0.0304432;-0.300369;0.3949
0.0421715;-0.293047;0.3949
0.0534688;-0.285725;0.3949
0.0881303;-0.281463;0.380256
0.0963296;-0.274141;0.380256
0.10354;-0.266818;0.380256
0.0745489;-0.281463;0.387578
0.0830321;-0.274141;0.387578
0.0911774;-0.266818;0.387578
0.0596618;-0.281463;0.3949
0.0692996;-0.274141;0.3949
0.0779637;-0.266818;0.3949
0.0245041;-0.300369;0.397329
0.0217999;-0.300369;0.398353
0.0191169;-0.300369;0.399377
0.0352206;-0.293047;0.397931
0.0282261;-0.293047;0.401022
0.0208718;-0.293047;0.404113
0.0454802;-0.285725;0.398522
0.0339591;-0.285725;0.403645
0.0212265;-0.285725;0.408769
0.0580391;-0.275952;0.399162
0.0412252;-0.275952;0.406484
0.0237029;-0.275952;0.413807
0.0644045;-0.271035;0.399162
0.0480825;-0.271035;0.406484
0.0312384;-0.271035;0.413807
0.0703175;-0.266118;0.399162
0.0547503;-0.266118;0.406484
0.0382611;-0.266118;0.413807
0.0492101;-0.282894;0.398746
0.035713;-0.282894;0.404637
0.0209766;-0.282894;0.410528
0.0522939;-0.280488;0.398928
0.0372306;-0.280488;0.405446
0.0210807;-0.280488;0.411964
0.0552603;-0.278082;0.399109
0.0387498;-0.278082;0.406251
0.0213221;-0.278082;0.413393
0.107474;-0.262557;0.380256
0.113932;-0.255234;0.380256
0.11961;-0.247912;0.380256
0.0956479;-0.262557;0.387578
0.102666;-0.255234;0.387578
0.109048;-0.247912;0.387578
0.0825766;-0.262557;0.3949
0.0901086;-0.255234;0.3949
0.0971934;-0.247912;0.3949
0.122662;-0.24365;0.380256
0.127566;-0.236328;0.380256
0.131813;-0.229006;0.380256
0.11244;-0.24365;0.387578
0.117826;-0.236328;0.387578
0.122738;-0.229006;0.387578
0.101006;-0.24365;0.3949
0.106951;-0.236328;0.3949
0.112332;-0.229006;0.3949
0.0743943;-0.262557;0.399162
0.082364;-0.255234;0.399162
0.0896765;-0.247912;0.399162
0.0594183;-0.262557;0.406484
0.0682182;-0.255234;0.406484
0.075917;-0.247912;0.406484
0.0430678;-0.262557;0.413807
0.0524054;-0.255234;0.413807
0.0609742;-0.247912;0.413807
0.0936378;-0.24365;0.399162
0.0999803;-0.236328;0.399162
0.105718;-0.229006;0.399162
0.0801109;-0.24365;0.406484
0.0871502;-0.236328;0.406484
0.0935721;-0.229006;0.406484
0.0657068;-0.24365;0.413807
0.0733557;-0.236328;0.413807
0.0801484;-0.229006;0.413807
0.0181756;-0.275952;0.416043
0.0172363;-0.275952;0.416407
0.0162984;-0.275952;0.41677
0.0250016;-0.271035;0.416404
0.0208414;-0.271035;0.418008
0.0167097;-0.271035;0.419612
0.0311752;-0.266118;0.416762
0.0239985;-0.266118;0.419593
0.0168417;-0.266118;0.422425
0.0532223;-0.246663;0.418068
0.0365455;-0.246663;0.425391
0.0185861;-0.246663;0.432713
0.0536735;-0.246278;0.418068
0.0370162;-0.246278;0.425391
0.0190963;-0.246278;0.432713
0.0541226;-0.245893;0.418068
0.0374842;-0.245893;0.425391
0.019605;-0.245893;0.432713
0.0352858;-0.262669;0.417003
0.0263032;-0.262669;0.420663
0.0172152;-0.262669;0.424323
0.0433725;-0.255731;0.417472
0.0310626;-0.255731;0.422746
0.018141;-0.255731;0.428019
0.0509818;-0.248793;0.417935
0.0352961;-0.248793;0.424799
0.0184239;-0.248793;0.431663
0.0567178;-0.24365;0.418068
0.0646747;-0.236328;0.418068
0.0718241;-0.229006;0.418068
0.0401816;-0.24365;0.425391
0.0486852;-0.236328;0.425391
0.0567142;-0.229006;0.425391
0.0224939;-0.24365;0.432713
0.0316119;-0.236328;0.432713
0.0402481;-0.229006;0.432713
0.0130823;-0.246663;0.434851
0.0130117;-0.246663;0.434876
0.012941;-0.246663;0.434901
0.0135379;-0.246278;0.434876
0.013227;-0.246278;0.434987
0.0129165;-0.246278;0.435099
0.0139935;-0.245893;0.434901
0.0134464;-0.245893;0.435099
0.0129003;-0.245893;0.435296
0.0165912;-0.24365;0.435039
0.0147985;-0.24365;0.435711
0.0130106;-0.24365;0.436382
0.0248586;-0.236328;0.435484
0.0194266;-0.236328;0.437685
0.013907;-0.236328;0.439885
0.0326473;-0.229006;0.435923
0.0237059;-0.229006;0.439632
0.0144146;-0.229006;0.443341
0.134087;-0.224744;0.380256
0.137723;-0.217422;0.380256
0.140791;-0.2101;0.380256
0.125306;-0.224744;0.387578
0.129326;-0.217422;0.387578
0.133033;-0.2101;0.387578
0.115248;-0.224744;0.3949
0.119903;-0.217422;0.3949
0.123996;-0.2101;0.3949
0.142427;-0.205838;0.380256
0.145036;-0.198516;0.380256
0.14715;-0.191193;0.380256
0.134942;-0.205838;0.387578
0.13786;-0.198516;0.387578
0.140559;-0.191193;0.387578
0.126191;-0.205838;0.3949
0.129701;-0.198516;0.3949
0.132725;-0.191193;0.3949
0.108828;-0.224744;0.399162
0.113804;-0.217422;0.399162
0.1182;-0.2101;0.399162
0.0969847;-0.224744;0.406484
0.102431;-0.217422;0.406484
0.107471;-0.2101;0.406484
0.0838986;-0.224744;0.413807
0.0900736;-0.217422;0.413807
0.0954989;-0.2101;0.413807
0.120569;-0.205838;0.399162
0.124364;-0.198516;0.399162
0.127637;-0.191193;0.399162
0.110122;-0.205838;0.406484
0.114266;-0.198516;0.406484
0.118112;-0.191193;0.406484
0.0983995;-0.205838;0.413807
0.103121;-0.198516;0.413807
0.107352;-0.191193;0.413807
0.148264;-0.186932;0.380256
0.150032;-0.179609;0.380256
0.151368;-0.172287;0.380256
0.141918;-0.186932;0.387578
0.143936;-0.179609;0.387578
0.145796;-0.172287;0.387578
0.134332;-0.186932;0.3949
0.136881;-0.179609;0.3949
0.139013;-0.172287;0.3949
0.152058;-0.168025;0.380256
0.15314;-0.160703;0.380256
0.153849;-0.153381;0.380256
0.146698;-0.168025;0.387578
0.147975;-0.160703;0.387578
0.14915;-0.153381;0.387578
0.140126;-0.168025;0.3949
0.141875;-0.160703;0.3949
0.14327;-0.153381;0.3949
0.129392;-0.186932;0.399162
0.132201;-0.179609;0.399162
0.134548;-0.172287;0.399162
0.120128;-0.186932;0.406484
0.123244;-0.179609;0.406484
0.126105;-0.172287;0.406484
0.109628;-0.186932;0.413807
0.113261;-0.179609;0.413807
0.116452;-0.172287;0.413807
0.13579;-0.168025;0.399162
0.137764;-0.160703;0.399162
0.139343;-0.153381;0.399162
0.127573;-0.168025;0.406484
0.129804;-0.160703;0.406484
0.131841;-0.153381;0.406484
0.118148;-0.168025;0.413807
0.120844;-0.160703;0.413807
0.123168;-0.153381;0.413807
0.0757579;-0.224744;0.418068
0.0821943;-0.217422;0.418068
0.0879081;-0.2101;0.418068
0.0609778;-0.224744;0.425391
0.0676926;-0.217422;0.425391
0.0740614;-0.2101;0.425391
0.0449362;-0.224744;0.432713
0.0523614;-0.217422;0.432713
0.0592072;-0.2101;0.432713
0.0910057;-0.205838;0.418068
0.096055;-0.198516;0.418068
0.100546;-0.191193;0.418068
0.0775245;-0.205838;0.425391
0.0830039;-0.198516;0.425391
0.0880459;-0.191193;0.425391
0.062911;-0.205838;0.432713
0.0688681;-0.198516;0.432713
0.074346;-0.191193;0.432713
0.0503027;-0.209736;0.436975
0.0335251;-0.209736;0.444297
0.0157178;-0.209736;0.451619
0.0510112;-0.208965;0.436975
0.0343063;-0.208965;0.444297
0.0165506;-0.208965;0.451619
0.051712;-0.208193;0.436975
0.0350811;-0.208193;0.444297
0.0173752;-0.208193;0.451619
0.0366913;-0.224969;0.436155
0.0258474;-0.224969;0.440663
0.0145582;-0.224969;0.44517
0.0428678;-0.218418;0.436516
0.0292536;-0.218418;0.442261
0.0150406;-0.218418;0.448006
0.0485376;-0.211867;0.436872
0.0324191;-0.211867;0.443841
0.0154117;-0.211867;0.45081
0.0538532;-0.205838;0.436975
0.0601473;-0.198516;0.436975
0.0658604;-0.191193;0.436975
0.0374285;-0.205838;0.444297
0.0443088;-0.198516;0.444297
0.0505297;-0.191193;0.444297
0.0198587;-0.205838;0.451619
0.0272318;-0.198516;0.451619
0.0340579;-0.191193;0.451619
0.10297;-0.186932;0.418068
0.106875;-0.179609;0.418068
0.110301;-0.172287;0.418068
0.09074;-0.186932;0.425391
0.0950238;-0.179609;0.425391
0.0989627;-0.172287;0.425391
0.0773402;-0.186932;0.432713
0.0821579;-0.179609;0.432713
0.0864907;-0.172287;0.432713
0.112136;-0.168025;0.418068
0.115075;-0.160703;0.418068
0.117605;-0.153381;0.418068
0.101043;-0.168025;0.425391
0.104304;-0.160703;0.425391
0.107288;-0.153381;0.425391
0.0888125;-0.168025;0.432713
0.0925293;-0.160703;0.432713
0.0958552;-0.153381;0.432713
0.0689973;-0.186932;0.436975
0.0741067;-0.179609;0.436975
0.0786831;-0.172287;0.436975
0.0539031;-0.186932;0.444297
0.0594193;-0.179609;0.444297
0.0644772;-0.172287;0.444297
0.0377734;-0.186932;0.451619
0.0437599;-0.179609;0.451619
0.0492437;-0.172287;0.451619
0.0811483;-0.168025;0.436975
0.085119;-0.160703;0.436975
0.0886553;-0.153381;0.436975
0.0671896;-0.168025;0.444297
0.0715199;-0.160703;0.444297
0.0754781;-0.153381;0.444297
0.0521956;-0.168025;0.451619
0.0569336;-0.160703;0.451619
0.061268;-0.153381;0.451619
0.14402;-0.149119;0.304631
0.142233;-0.141797;0.304631
0.140221;-0.134475;0.304631
0.149287;-0.149119;0.311953
0.14741;-0.141797;0.311953
0.145819;-0.134475;0.311953
0.153521;-0.149119;0.319275
0.152083;-0.141797;0.319275
0.150429;-0.134475;0.319275
0.139128;-0.130213;0.304631
0.137423;-0.122891;0.304631
0.135536;-0.115568;0.304631
0.144821;-0.130213;0.311953
0.142987;-0.122891;0.311953
0.141456;-0.115568;0.311953
0.149514;-0.130213;0.319275
0.148055;-0.122891;0.319275
0.146421;-0.115568;0.319275
0.155633;-0.149119;0.323537
0.154325;-0.141797;0.323537
0.152764;-0.134475;0.323537
0.158757;-0.149119;0.330859
0.157412;-0.141797;0.330859
0.156268;-0.134475;0.330859
0.16078;-0.149119;0.338182
0.159867;-0.141797;0.338182
0.158715;-0.134475;0.338182
0.151903;-0.130213;0.323537
0.150544;-0.122891;0.323537
0.148973;-0.115568;0.323537
0.155514;-0.130213;0.330859
0.154078;-0.122891;0.330859
0.152863;-0.115568;0.330859
0.15806;-0.130213;0.338182
0.156996;-0.122891;0.338182
0.155731;-0.115568;0.338182
0.134527;-0.111307;0.304631
0.132975;-0.103984;0.304631
0.131276;-0.096662;0.304631
0.14051;-0.111307;0.311953
0.138791;-0.103984;0.311953
0.137384;-0.096662;0.311953
0.145528;-0.111307;0.319275
0.144122;-0.103984;0.319275
0.142573;-0.096662;0.319275
0.130382;-0.0924005;0.304631
0.129032;-0.0850781;0.304631
0.127559;-0.0777558;0.304631
0.136522;-0.0924005;0.311953
0.134968;-0.0850781;0.311953
0.133724;-0.0777558;0.311953
0.141736;-0.0924005;0.319275
0.140434;-0.0850781;0.319275
0.139011;-0.0777558;0.319275
0.148118;-0.111307;0.323537
0.146781;-0.103984;0.323537
0.145267;-0.096662;0.323537
0.152085;-0.111307;0.330859
0.150633;-0.103984;0.330859
0.149415;-0.096662;0.330859
0.155024;-0.111307;0.338182
0.153886;-0.103984;0.338182
0.152579;-0.096662;0.338182
0.144452;-0.0924005;0.323537
0.143189;-0.0850781;0.323537
0.141776;-0.0777558;0.323537
0.148648;-0.0924005;0.330859
0.147236;-0.0850781;0.330859
0.146061;-0.0777558;0.330859
0.151856;-0.0924005;0.338182
0.150701;-0.0850781;0.338182
0.149402;-0.0777558;0.338182
0.161556;-0.149119;0.342443
0.160789;-0.141797;0.342443
0.159744;-0.134475;0.342443
0.162303;-0.149119;0.349766
0.161557;-0.141797;0.349766
0.160927;-0.134475;0.349766
0.161901;-0.149119;0.357088
0.161583;-0.141797;0.357088
0.161003;-0.134475;0.357088
0.159153;-0.130213;0.342443
0.158203;-0.122891;0.342443
0.157019;-0.115568;0.342443
0.160457;-0.130213;0.349766
0.159489;-0.122891;0.349766
0.158661;-0.115568;0.349766
0.16065;-0.130213;0.357088
0.160052;-0.122891;0.357088
0.159232;-0.115568;0.357088
0.161224;-0.149119;0.36135
0.161069;-0.141797;0.36135
0.160612;-0.134475;0.36135
0.159407;-0.149119;0.368672
0.159336;-0.141797;0.368672
0.159293;-0.134475;0.368672
0.156414;-0.149119;0.375994
0.156765;-0.141797;0.375994
0.156834;-0.134475;0.375994
0.160333;-0.130213;0.36135
0.159867;-0.122891;0.36135
0.159144;-0.115568;0.36135
0.15915;-0.130213;0.368672
0.158727;-0.122891;0.368672
0.158361;-0.115568;0.368672
0.156828;-0.130213;0.375994
0.156772;-0.122891;0.375994
0.156474;-0.115568;0.375994
0.156358;-0.111307;0.342443
0.155306;-0.103984;0.342443
0.154052;-0.096662;0.342443
0.158093;-0.111307;0.349766
0.156983;-0.103984;0.349766
0.15603;-0.096662;0.349766
0.158753;-0.111307;0.357088
0.157958;-0.103984;0.357088
0.156973;-0.096662;0.357088
0.153361;-0.0924005;0.342443
0.152263;-0.0850781;0.342443
0.150992;-0.0777558;0.342443
0.155403;-0.0924005;0.349766
0.154212;-0.0850781;0.349766
0.153188;-0.0777558;0.349766
0.156409;-0.0924005;0.357088
0.155481;-0.0850781;0.357088
0.15439;-0.0777558;0.357088
0.158722;-0.111307;0.36135
0.158031;-0.103984;0.36135
0.157117;-0.096662;0.36135
0.158048;-0.111307;0.368672
0.157358;-0.103984;0.368672
0.156749;-0.096662;0.368672
0.156269;-0.111307;0.375994
0.155896;-0.103984;0.375994
0.155314;-0.096662;0.375994
0.156595;-0.0924005;0.36135
0.155744;-0.0850781;0.36135
0.154699;-0.0777558;0.36135
0.156309;-0.0924005;0.368672
0.155424;-0.0850781;0.368672
0.154633;-0.0777558;0.368672
0.154956;-0.0924005;0.375994
0.154338;-0.0850781;0.375994
0.153536;-0.0777558;0.375994
0.126798;-0.0734942;0.304631
0.125674;-0.0661719;0.304631
0.124444;-0.0588495;0.304631
0.132966;-0.0734942;0.311953
0.131604;-0.0661719;0.311953
0.130543;-0.0588495;0.311953
0.138251;-0.0734942;0.319275
0.137083;-0.0661719;0.319275
0.135809;-0.0588495;0.319275
0.123821;-0.054588;0.304631
0.122925;-0.0472656;0.304631
0.121932;-0.0399433;0.304631
0.129896;-0.054588;0.311953
0.128733;-0.0472656;0.311953
0.127853;-0.0399433;0.311953
0.135136;-0.054588;0.319275
0.134112;-0.0472656;0.319275
0.132992;-0.0399433;0.319275
0.141022;-0.0734942;0.323537
0.139866;-0.0661719;0.323537
0.138578;-0.0588495;0.323537
0.145328;-0.0734942;0.330859
0.14399;-0.0661719;0.330859
0.142886;-0.0588495;0.330859
0.148688;-0.0734942;0.338182
0.147554;-0.0661719;0.338182
0.146294;-0.0588495;0.338182
0.137897;-0.054588;0.323537
0.13686;-0.0472656;0.323537
0.135703;-0.0399433;0.323537
0.142201;-0.054588;0.330859
0.140955;-0.0472656;0.330859
0.139932;-0.0399433;0.330859
0.145604;-0.054588;0.338182
0.144512;-0.0472656;0.338182
0.143306;-0.0399433;0.338182
0.12144;-0.0356817;0.304631
0.120754;-0.0283594;0.304631
0.119972;-0.021037;0.304631
0.127314;-0.0356817;0.311953
0.126338;-0.0283594;0.311953
0.125621;-0.021037;0.311953
0.132405;-0.0356817;0.319275
0.131519;-0.0283594;0.319275
0.130541;-0.021037;0.319275
0.119594;-0.0167755;0.304631
0.119085;-0.00945312;0.304631
0.118478;-0.00213077;0.304631
0.125177;-0.0167755;0.311953
0.124361;-0.00945312;0.311953
0.123778;-0.00213077;0.311953
0.13003;-0.0167755;0.319275
0.129262;-0.00945312;0.319275
0.128401;-0.00213077;0.319275
0.135095;-0.0356817;0.323537
0.134175;-0.0283594;0.323537
0.133141;-0.021037;0.323537
0.139299;-0.0356817;0.330859
0.138145;-0.0283594;0.330859
0.137201;-0.021037;0.330859
0.142647;-0.0356817;0.338182
0.141603;-0.0283594;0.338182
0.140451;-0.021037;0.338182
0.132598;-0.0167755;0.323537
0.131778;-0.00945312;0.323537
0.130845;-0.00213077;0.323537
0.136614;-0.0167755;0.330859
0.135541;-0.00945312;0.330859
0.134659;-0.00213077;0.330859
0.13982;-0.0167755;0.338182
0.138817;-0.00945312;0.338182
0.13771;-0.00213077;0.338182
0.150295;-0.0734942;0.342443
0.149193;-0.0661719;0.342443
0.147938;-0.0588495;0.342443
0.152531;-0.0734942;0.349766
0.151303;-0.0661719;0.349766
0.150245;-0.0588495;0.349766
0.15377;-0.0734942;0.357088
0.152756;-0.0661719;0.357088
0.151597;-0.0588495;0.357088
0.147252;-0.054588;0.342443
0.146169;-0.0472656;0.342443
0.144946;-0.0399433;0.342443
0.149575;-0.054588;0.349766
0.148337;-0.0472656;0.349766
0.147265;-0.0399433;0.349766
0.150943;-0.054588;0.357088
0.149873;-0.0472656;0.357088
0.148671;-0.0399433;0.357088
0.154107;-0.0734942;0.36135
0.153145;-0.0661719;0.36135
0.15201;-0.0588495;0.36135
0.154099;-0.0734942;0.368672
0.153068;-0.0661719;0.368672
0.152141;-0.0588495;0.368672
0.15306;-0.0734942;0.375994
0.152251;-0.0661719;0.375994
0.151279;-0.0588495;0.375994
0.15137;-0.054588;0.36135
0.150329;-0.0472656;0.36135
0.149131;-0.0399433;0.36135
0.151536;-0.054588;0.368672
0.150395;-0.0472656;0.368672
0.149363;-0.0399433;0.368672
0.15071;-0.054588;0.375994
0.149749;-0.0472656;0.375994
0.14864;-0.0399433;0.375994
0.144278;-0.0356817;0.342443
0.143222;-0.0283594;0.342443
0.142035;-0.021037;0.342443
0.146592;-0.0356817;0.349766
0.145357;-0.0283594;0.349766
0.144279;-0.021037;0.349766
0.147994;-0.0356817;0.357088
0.146884;-0.0283594;0.357088
0.145652;-0.021037;0.357088
0.141385;-0.0167755;0.342443
0.140352;-0.00945312;0.342443
0.139194;-0.00213077;0.342443
0.143606;-0.0167755;0.349766
0.142373;-0.00945312;0.349766
0.141286;-0.00213077;0.349766
0.144956;-0.0167755;0.357088
0.143811;-0.00945312;0.357088
0.142549;-0.00213077;0.357088
0.148457;-0.0356817;0.36135
0.147355;-0.0283594;0.36135
0.146108;-0.021037;0.36135
0.148703;-0.0356817;0.368672
0.147475;-0.0283594;0.368672
0.146354;-0.021037;0.368672
0.147995;-0.0356817;0.375994
0.146909;-0.0283594;0.375994
0.145684;-0.021037;0.375994
0.145405;-0.0167755;0.36135
0.14425;-0.00945312;0.36135
0.142957;-0.00213077;0.36135
0.145646;-0.0167755;0.368672
0.144343;-0.00945312;0.368672
0.143139;-0.00213077;0.368672
0.144974;-0.0167755;0.375994
0.143775;-0.00945312;0.375994
0.142446;-0.00213077;0.375994
0.154197;-0.149119;0.380256
0.154728;-0.141797;0.380256
0.154938;-0.134475;0.380256
0.149681;-0.149119;0.387578
0.150361;-0.141797;0.387578
0.150981;-0.134475;0.387578
0.143982;-0.149119;0.3949
0.145078;-0.141797;0.3949
0.145872;-0.134475;0.3949
0.155015;-0.130213;0.380256
0.155109;-0.122891;0.380256
0.154925;-0.115568;0.380256
0.15121;-0.130213;0.387578
0.151408;-0.122891;0.387578
0.151582;-0.115568;0.387578
0.146255;-0.130213;0.3949
0.146818;-0.122891;0.3949
0.147121;-0.115568;0.3949
0.140165;-0.149119;0.399162
0.141457;-0.141797;0.399162
0.142408;-0.134475;0.399162
0.13286;-0.149119;0.406484
0.134362;-0.141797;0.406484
0.135722;-0.134475;0.406484
0.124387;-0.149119;0.413807
0.126301;-0.141797;0.413807
0.127901;-0.134475;0.413807
0.142886;-0.130213;0.399162
0.143618;-0.122891;0.399162
0.144052;-0.115568;0.399162
0.136372;-0.130213;0.406484
0.137272;-0.122891;0.406484
0.138063;-0.115568;0.406484
0.128723;-0.130213;0.413807
0.129982;-0.122891;0.413807
0.13096;-0.115568;0.413807
0.154788;-0.111307;0.380256
0.154537;-0.103984;0.380256
0.154043;-0.096662;0.380256
0.151571;-0.111307;0.387578
0.151382;-0.103984;0.387578
0.151197;-0.096662;0.387578
0.147237;-0.111307;0.3949
0.147365;-0.103984;0.3949
0.147265;-0.096662;0.3949
0.153739;-0.0924005;0.380256
0.153216;-0.0850781;0.380256
0.152479;-0.0777558;0.380256
0.150991;-0.0924005;0.387578
0.150491;-0.0850781;0.387578
0.150017;-0.0777558;0.387578
0.147161;-0.0924005;0.3949
0.146932;-0.0850781;0.3949
0.146503;-0.0777558;0.3949
0.144246;-0.111307;0.399162
0.144513;-0.103984;0.399162
0.144519;-0.096662;0.399162
0.138396;-0.111307;0.406484
0.138786;-0.103984;0.406484
0.139103;-0.096662;0.406484
0.131439;-0.111307;0.413807
0.132143;-0.103984;0.413807
0.132603;-0.096662;0.413807
0.144479;-0.0924005;0.399162
0.144364;-0.0850781;0.399162
0.144018;-0.0777558;0.399162
0.139178;-0.0924005;0.406484
0.139145;-0.0850781;0.406484
0.139068;-0.0777558;0.406484
0.132799;-0.0924005;0.413807
0.13304;-0.0850781;0.413807
0.133062;-0.0777558;0.413807
0.118949;-0.149119;0.418068
0.121082;-0.141797;0.418068
0.122853;-0.134475;0.418068
0.10885;-0.149119;0.425391
0.111261;-0.141797;0.425391
0.113423;-0.134475;0.425391
0.0976233;-0.149119;0.432713
0.100418;-0.141797;0.432713
0.102871;-0.134475;0.432713
0.123776;-0.130213;0.418068
0.125217;-0.122891;0.418068
0.12634;-0.115568;0.418068
0.114521;-0.130213;0.425391
0.116182;-0.122891;0.425391
0.117659;-0.115568;0.425391
0.104153;-0.130213;0.432713
0.106158;-0.122891;0.432713
0.107884;-0.115568;0.432713
0.09055;-0.149119;0.436975
0.0935712;-0.141797;0.436975
0.0962099;-0.134475;0.436975
0.0775983;-0.149119;0.444297
0.0809623;-0.141797;0.444297
0.0839952;-0.134475;0.444297
0.0635991;-0.149119;0.451619
0.0673345;-0.141797;0.451619
0.0707411;-0.134475;0.451619
0.0976055;-0.130213;0.436975
0.0998158;-0.122891;0.436975
0.101705;-0.115568;0.436975
0.0855983;-0.130213;0.444297
0.088115;-0.122891;0.444297
0.0903503;-0.115568;0.444297
0.0725611;-0.130213;0.451619
0.0754246;-0.122891;0.451619
0.077968;-0.115568;0.451619
0.126907;-0.111307;0.418068
0.127769;-0.103984;0.418068
0.128352;-0.096662;0.418068
0.118384;-0.111307;0.425391
0.119429;-0.103984;0.425391
0.120323;-0.096662;0.425391
0.108775;-0.111307;0.432713
0.110131;-0.103984;0.432713
0.111224;-0.096662;0.432713
0.12862;-0.0924005;0.418068
0.128991;-0.0850781;0.418068
0.129112;-0.0777558;0.418068
0.120721;-0.0924005;0.425391
0.121228;-0.0850781;0.425391
0.121623;-0.0777558;0.425391
0.111761;-0.0924005;0.432713
0.112545;-0.0850781;0.432713
0.113094;-0.0777558;0.432713
0.10269;-0.111307;0.436975
0.104218;-0.103984;0.436975
0.105452;-0.096662;0.436975
0.0914994;-0.111307;0.444297
0.093265;-0.103984;0.444297
0.0948118;-0.096662;0.444297
0.0792949;-0.111307;0.451619
0.0813582;-0.103984;0.451619
0.0831564;-0.096662;0.451619
0.106073;-0.0924005;0.436975
0.107007;-0.0850781;0.436975
0.107677;-0.0777558;0.436975
0.0955818;-0.0924005;0.444297
0.0967143;-0.0850781;0.444297
0.0976632;-0.0777558;0.444297
0.0840846;-0.0924005;0.451619
0.085492;-0.0850781;0.451619
0.0866402;-0.0777558;0.451619
0.152042;-0.0734942;0.380256
0.151303;-0.0661719;0.380256
0.150374;-0.0588495;0.380256
0.149654;-0.0734942;0.387578
0.148903;-0.0661719;0.387578
0.148193;-0.0588495;0.387578
0.146219;-0.0734942;0.3949
0.145698;-0.0661719;0.3949
0.144996;-0.0588495;0.3949
0.149831;-0.054588;0.380256
0.148918;-0.0472656;0.380256
0.147832;-0.0399433;0.380256
0.147703;-0.054588;0.387578
0.146746;-0.0472656;0.387578
0.145838;-0.0399433;0.387578
0.144562;-0.054588;0.3949
0.143795;-0.0472656;0.3949
0.142863;-0.0399433;0.3949
0.143784;-0.0734942;0.399162
0.143352;-0.0661719;0.399162
0.142711;-0.0588495;0.399162
0.138925;-0.0734942;0.406484
0.138537;-0.0661719;0.406484
0.138125;-0.0588495;0.406484
0.133017;-0.0734942;0.413807
0.132864;-0.0661719;0.413807
0.132513;-0.0588495;0.413807
0.142314;-0.054588;0.399162
0.141614;-0.0472656;0.399162
0.140723;-0.0399433;0.399162
0.137797;-0.054588;0.406484
0.137105;-0.0472656;0.406484
0.136406;-0.0399433;0.406484
0.132261;-0.054588;0.413807
0.131769;-0.0472656;0.413807
0.131097;-0.0399433;0.413807
0.147202;-0.0356817;0.380256
0.146143;-0.0283594;0.380256
0.144923;-0.021037;0.380256
0.145241;-0.0356817;0.387578
0.144108;-0.0283594;0.387578
0.143029;-0.021037;0.387578
0.142301;-0.0356817;0.3949
0.141322;-0.0283594;0.3949
0.14019;-0.021037;0.3949
0.144217;-0.0167755;0.380256
0.143027;-0.00945312;0.380256
0.141686;-0.00213077;0.380256
0.142337;-0.0167755;0.387578
0.141049;-0.00945312;0.387578
0.139815;-0.00213077;0.387578
0.139516;-0.0167755;0.3949
0.138348;-0.00945312;0.3949
0.137036;-0.00213077;0.3949
0.140187;-0.0356817;0.399162
0.139254;-0.0283594;0.399162
0.138146;-0.021037;0.399162
0.13592;-0.0356817;0.406484
0.134964;-0.0283594;0.406484
0.134012;-0.021037;0.406484
0.130665;-0.0356817;0.413807
0.129877;-0.0283594;0.413807
0.128919;-0.021037;0.413807
0.137486;-0.0167755;0.399162
0.136346;-0.00945312;0.399162
0.135041;-0.00213077;0.399162
0.133384;-0.0167755;0.406484
0.132194;-0.00945312;0.406484
0.131012;-0.00213077;0.406484
0.128328;-0.0167755;0.413807
0.127272;-0.00945312;0.413807
0.126059;-0.00213077;0.413807
0.129126;-0.0734942;0.418068
0.12908;-0.0661719;0.418068
0.128809;-0.0588495;0.418068
0.121744;-0.0734942;0.425391
0.121794;-0.0661719;0.425391
0.121762;-0.0588495;0.425391
0.113331;-0.0734942;0.432713
0.113623;-0.0661719;0.432713
0.113703;-0.0588495;0.432713
0.128605;-0.054588;0.418068
0.128199;-0.0472656;0.418068
0.127586;-0.0399433;0.418068
0.121646;-0.054588;0.425391
0.121301;-0.0472656;0.425391
0.12089;-0.0399433;0.425391
0.113681;-0.054588;0.432713
0.113545;-0.0472656;0.432713
0.113207;-0.0399433;0.432713
0.107985;-0.0734942;0.436975
0.108401;-0.0661719;0.436975
0.108576;-0.0588495;0.436975
0.0980953;-0.0734942;0.444297
0.0986614;-0.0661719;0.444297
0.0990735;-0.0588495;0.444297
0.0872019;-0.0734942;0.451619
0.0880085;-0.0661719;0.451619
0.0885737;-0.0588495;0.451619
0.108608;-0.054588;0.436975
0.10857;-0.0472656;0.436975
0.108308;-0.0399433;0.436975
0.0992016;-0.054588;0.444297
0.0992662;-0.0472656;0.444297
0.0992167;-0.0399433;0.444297
0.0888101;-0.054588;0.451619
0.0890904;-0.0472656;0.451619
0.0891608;-0.0399433;0.451619
0.12719;-0.0356817;0.418068
0.126465;-0.0283594;0.418068
0.125549;-0.021037;0.418068
0.12056;-0.0356817;0.425391
0.119861;-0.0283594;0.425391
0.119114;-0.021037;0.425391
0.11295;-0.0356817;0.432713
0.112429;-0.0283594;0.432713
0.111723;-0.021037;0.432713
0.124983;-0.0167755;0.418068
0.123973;-0.00945312;0.418068
0.122785;-0.00213077;0.418068
0.118597;-0.0167755;0.425391
0.117585;-0.00945312;0.425391
0.116534;-0.00213077;0.425391
0.111261;-0.0167755;0.432713
0.110396;-0.00945312;0.432713
0.109358;-0.00213077;0.432713
0.108097;-0.0356817;0.436975
0.107656;-0.0283594;0.436975
0.10701;-0.021037;0.436975
0.0990894;-0.0356817;0.444297
0.0987227;-0.0283594;0.444297
0.0982573;-0.021037;0.444297
0.0891247;-0.0356817;0.451619
0.0889463;-0.0283594;0.451619
0.0885644;-0.021037;0.451619
0.106582;-0.0167755;0.436975
0.105779;-0.00945312;0.436975
0.104784;-0.00213077;0.436975
0.097894;-0.0167755;0.444297
0.0971331;-0.00945312;0.444297
0.0962903;-0.00213077;0.444297
0.0882729;-0.0167755;0.451619
0.0876732;-0.00945312;0.451619
0.0868838;-0.00213077;0.451619
0.0102974;-0.209736;0.453762
0.0101853;-0.209736;0.453803
0.0100733;-0.209736;0.453844
0.0110305;-0.208965;0.453803
0.0105381;-0.208965;0.453986
0.0100461;-0.208965;0.454169
0.0117562;-0.208193;0.453844
0.0108903;-0.208193;0.454169
0.0100257;-0.208193;0.454493
0.0139663;-0.205838;0.453961
0.0120707;-0.205838;0.454688
0.0101779;-0.205838;0.455415
0.0206154;-0.198516;0.45432
0.0157667;-0.198516;0.456279
0.0108709;-0.198516;0.458239
0.0268452;-0.191193;0.454675
0.0191803;-0.191193;0.457852
0.0113133;-0.191193;0.46103
0.0302476;-0.186932;0.454871
0.0210342;-0.186932;0.458722
0.0115201;-0.186932;0.462574
0.0357114;-0.179609;0.455191
0.0240758;-0.179609;0.460141
0.0119563;-0.179609;0.465092
0.0406851;-0.172287;0.455507
0.0267719;-0.172287;0.461545
0.0121557;-0.172287;0.467583
0.0473903;-0.161543;0.455881
0.0310885;-0.161543;0.463203
0.0137985;-0.161543;0.470525
0.0502856;-0.15705;0.455881
0.0342784;-0.15705;0.463203
0.0172543;-0.15705;0.470525
0.0530224;-0.152557;0.455881
0.0373075;-0.152557;0.463203
0.0205108;-0.152557;0.470525
0.0425617;-0.169333;0.45563
0.0278008;-0.169333;0.462092
0.0122478;-0.169333;0.468554
0.0443238;-0.166503;0.45574
0.0288403;-0.166503;0.462578
0.0124894;-0.166503;0.469417
0.0460317;-0.163673;0.455849
0.029845;-0.163673;0.463063
0.0127009;-0.163673;0.470276
0.00844781;-0.161543;0.472706
0.00801568;-0.161543;0.472878
0.0075837;-0.161543;0.47305
0.0115513;-0.15705;0.472878
0.00966074;-0.15705;0.473638
0.00777055;-0.15705;0.474398
0.014452;-0.152557;0.473048
0.0111479;-0.152557;0.474394
0.00783658;-0.152557;0.475739
0.0550108;-0.149119;0.455881
0.058966;-0.141797;0.455881
0.0625314;-0.134475;0.455881
0.0395073;-0.149119;0.463203
0.0438403;-0.141797;0.463203
0.0476905;-0.134475;0.463203
0.0228787;-0.149119;0.470525
0.0276122;-0.141797;0.470525
0.0319045;-0.134475;0.470525
0.0644625;-0.130213;0.455881
0.0675569;-0.122891;0.455881
0.0702784;-0.115568;0.455881
0.0498018;-0.130213;0.463203
0.0532684;-0.122891;0.463203
0.0563233;-0.115568;0.463203
0.0342316;-0.130213;0.470525
0.0379978;-0.122891;0.470525
0.0413966;-0.115568;0.470525
0.0165817;-0.149119;0.473169
0.0123087;-0.149119;0.474931
0.00801332;-0.149119;0.476693
0.0208982;-0.141797;0.473414
0.0147362;-0.141797;0.476018
0.00848967;-0.141797;0.478622
0.0248387;-0.134475;0.473657
0.0168544;-0.134475;0.477096
0.00867777;-0.134475;0.480536
0.0269699;-0.130213;0.473789
0.0180272;-0.130213;0.477681
0.00881915;-0.130213;0.481573
0.0304054;-0.122891;0.473999
0.0199914;-0.122891;0.478614
0.0091837;-0.122891;0.483228
0.0335162;-0.115568;0.474208
0.021677;-0.115568;0.479539
0.00931162;-0.115568;0.484871
0.0717052;-0.111307;0.455881
0.0739494;-0.103984;0.455881
0.0758986;-0.096662;0.455881
0.0579217;-0.111307;0.463203
0.0604536;-0.103984;0.463203
0.0627004;-0.096662;0.463203
0.0431915;-0.111307;0.470525
0.046019;-0.103984;0.470525
0.0485503;-0.096662;0.470525
0.0769166;-0.0924005;0.455881
0.0784814;-0.0850781;0.455881
0.0797573;-0.0777558;0.455881
0.0638672;-0.0924005;0.463203
0.0656644;-0.0850781;0.463203
0.0672109;-0.0777558;0.463203
0.0498758;-0.0924005;0.470525
0.0519315;-0.0850781;0.470525
0.0537207;-0.0777558;0.470525
0.0351699;-0.111307;0.47432
0.0225935;-0.111307;0.480036
0.00942861;-0.111307;0.485752
0.0377819;-0.103984;0.474496
0.0241003;-0.103984;0.480817
0.00972906;-0.103984;0.487139
0.0401086;-0.096662;0.474671
0.0253678;-0.096662;0.481594
0.00981179;-0.096662;0.488517
0.0422259;-0.0894368;0.474787
0.026897;-0.0894368;0.482109
0.0106595;-0.0894368;0.489432
0.0439833;-0.0834081;0.474787
0.028894;-0.0834081;0.482109
0.0128918;-0.0834081;0.489432
0.0455472;-0.0773793;0.474787
0.0306876;-0.0773793;0.482109
0.0149;-0.0773793;0.489432
0.0408398;-0.0941548;0.474729
0.0257578;-0.0941548;0.481852
0.00981237;-0.0941548;0.488975
0.0412113;-0.0928612;0.474754
0.0259898;-0.0928612;0.481964
0.00988512;-0.0928612;0.489174
0.0415749;-0.0915676;0.47478
0.0262146;-0.0915676;0.482077
0.0099508;-0.0915676;0.489374
0.00568092;-0.0894368;0.491597
0.00540792;-0.0894368;0.491714
0.00513501;-0.0894368;0.491832
0.00771194;-0.0834081;0.491714
0.00651441;-0.0834081;0.492235
0.00531758;-0.0834081;0.492756
0.00951748;-0.0773793;0.491831
0.00741717;-0.0773793;0.492754
0.00531575;-0.0773793;0.493677
0.080393;-0.0734942;0.455881
0.0813341;-0.0661719;0.455881
0.0820162;-0.0588495;0.455881
0.0679782;-0.0734942;0.463203
0.0691148;-0.0661719;0.463203
0.0700561;-0.0588495;0.463203
0.0546371;-0.0734942;0.470525
0.0560202;-0.0661719;0.470525
0.0571555;-0.0588495;0.470525
0.0823229;-0.054588;0.455881
0.0827225;-0.0472656;0.455881
0.0828865;-0.0399433;0.455881
0.0704889;-0.054588;0.463203
0.0710545;-0.0472656;0.463203
0.0714398;-0.0399433;0.463203
0.0577173;-0.054588;0.470525
0.0585193;-0.0472656;0.470525
0.0590668;-0.0399433;0.470525
0.0464644;-0.0734942;0.474787
0.047995;-0.0661719;0.474787
0.0492273;-0.0588495;0.474787
0.0317446;-0.0734942;0.482109
0.0335155;-0.0661719;0.482109
0.0349601;-0.0588495;0.482109
0.0160926;-0.0734942;0.489432
0.0181258;-0.0661719;0.489432
0.0198324;-0.0588495;0.489432
0.049855;-0.054588;0.474787
0.0507991;-0.0472656;0.474787
0.0514548;-0.0399433;0.474787
0.0356982;-0.054588;0.482109
0.0368433;-0.0472656;0.482109
0.0377228;-0.0399433;0.482109
0.0207051;-0.054588;0.489432
0.0220447;-0.0472656;0.489432
0.0231121;-0.0399433;0.489432
0.0829038;-0.0356817;0.455881
0.0828199;-0.0283594;0.455881
0.0825137;-0.021037;0.455881
0.0715501;-0.0356817;0.463203
0.0715793;-0.0283594;0.463203
0.0714657;-0.021037;0.463203
0.0592799;-0.0356817;0.470525
0.0595022;-0.0283594;0.470525
0.0595108;-0.021037;0.470525
0.0822664;-0.0167755;0.455881
0.0817441;-0.00945312;0.455881
0.0810147;-0.00213077;0.455881
0.0712987;-0.0167755;0.463203
0.0708609;-0.00945312;0.463203
0.0702973;-0.00213077;0.463203
0.0594327;-0.0167755;0.470525
0.059169;-0.00945312;0.470525
0.0586947;-0.00213077;0.470525
0.051727;-0.0356817;0.474787
0.0520558;-0.0283594;0.474787
0.0521551;-0.021037;0.474787
0.0381006;-0.0356817;0.482109
0.0385851;-0.0283594;0.482109
0.0388868;-0.021037;0.482109
0.0236154;-0.0356817;0.489432
0.0243102;-0.0283594;0.489432
0.0247661;-0.021037;0.489432
0.0521298;-0.0167755;0.474787
0.0519569;-0.00945312;0.474787
0.0515571;-0.00213077;0.474787
0.0389524;-0.0167755;0.482109
0.038898;-0.00945312;0.482109
0.0386763;-0.00213077;0.482109
0.0249295;-0.0167755;0.489432
0.0250544;-0.00945312;0.489432
0.0249527;-0.00213077;0.489432
0.0106048;-0.0734942;0.491897
0.00800668;-0.0734942;0.493048
0.0054038;-0.0734942;0.494198
0.0124867;-0.0661719;0.492008
0.00908287;-0.0661719;0.493537
0.00566117;-0.0661719;0.495067
0.0140566;-0.0588495;0.492118
0.00987329;-0.0588495;0.494025
0.00564917;-0.0588495;0.495933
0.0148678;-0.054588;0.492172
0.0103128;-0.054588;0.494269
0.00570027;-0.054588;0.496365
0.0161197;-0.0472656;0.492251
0.011054;-0.0472656;0.494617
0.00590226;-0.0472656;0.496983
0.017094;-0.0399433;0.492329
0.0115241;-0.0399433;0.494964
0.00583975;-0.0399433;0.497599
0.0175747;-0.0356817;0.492366
0.0117809;-0.0356817;0.495126
0.00585983;-0.0356817;0.497886
0.0182667;-0.0283594;0.492413
0.0122069;-0.0283594;0.495334
0.00600369;-0.0283594;0.498255
0.0186849;-0.021037;0.492459
0.0123634;-0.021037;0.495542
0.00588519;-0.021037;0.498624
0.0188538;-0.0167755;0.492478
0.0124464;-0.0167755;0.495623
0.00587901;-0.0167755;0.498767
0.0190309;-0.00945312;0.492493
0.0125846;-0.00945312;0.495692
0.00597947;-0.00945312;0.49889
0.01894;-0.00213077;0.492509
0.0124501;-0.00213077;0.495761
0.00580515;-0.00213077;0.499013
0.201161;0.00213077;0.00213077
0.198448;0.00945312;0.00213077
0.195869;0.0167755;0.00213077
0.200565;0.00213077;0.00945312
0.198146;0.00945312;0.00945312
0.195306;0.0167755;0.00945312
0.199642;0.00213077;0.0167755
0.19696;0.00945312;0.0167755
0.194412;0.0167755;0.0167755
0.194248;0.021037;0.00213077
0.191263;0.0283594;0.00213077
0.188412;0.0356817;0.00213077
0.193683;0.021037;0.00945312
0.190977;0.0283594;0.00945312
0.18788;0.0356817;0.00945312
0.192808;0.021037;0.0167755
0.189856;0.0283594;0.0167755
0.187037;0.0356817;0.0167755
0.198762;0.00213077;0.021037
0.196097;0.00945312;0.021037
0.193567;0.0167755;0.021037
0.19666;0.00213077;0.0283594
0.194319;0.00945312;0.0283594
0.191559;0.0167755;0.0283594
0.194246;0.00213077;0.0356817
0.191672;0.00945312;0.0356817
0.189234;0.0167755;0.0356817
0.191975;0.021037;0.021037
0.18904;0.0283594;0.021037
0.18624;0.0356817;0.021037
0.189983;0.021037;0.0283594
0.187358;0.0283594;0.0283594
0.184345;0.0356817;0.0283594
0.187696;0.021037;0.0356817
0.184857;0.0283594;0.0356817
0.182153;0.0356817;0.0356817
0.186642;0.0399433;0.00213077
0.183418;0.0472656;0.00213077
0.180328;0.054588;0.00213077
0.186109;0.0399433;0.00945312
0.18315;0.0472656;0.00945312
0.179829;0.054588;0.00945312
0.185285;0.0399433;0.0167755
0.182095;0.0472656;0.0167755
0.179038;0.054588;0.0167755
0.178428;0.0588495;0.00213077
0.174999;0.0661719;0.00213077
0.171703;0.0734942;0.00213077
0.177929;0.0588495;0.00945312
0.174749;0.0661719;0.00945312
0.171236;0.0734942;0.00945312
0.177158;0.0588495;0.0167755
0.173762;0.0661719;0.0167755
0.170501;0.0734942;0.0167755
0.1845;0.0399433;0.021037
0.181328;0.0472656;0.021037
0.178291;0.054588;0.021037
0.182623;0.0399433;0.0283594
0.179748;0.0472656;0.0283594
0.176513;0.054588;0.0283594
0.180469;0.0399433;0.0356817
0.177398;0.0472656;0.0356817
0.174459;0.054588;0.0356817
0.176422;0.0588495;0.021037
0.173046;0.0661719;0.021037
0.169804;0.0734942;0.021037
0.174664;0.0588495;0.0283594
0.171572;0.0661719;0.0283594
0.168148;0.0734942;0.0283594
0.172649;0.0588495;0.0356817
0.169376;0.0661719;0.0356817
0.166236;0.0734942;0.0356817
0.192509;0.00213077;0.0399433
0.18997;0.00945312;0.0399433
0.187568;0.0167755;0.0399433
0.188952;0.00213077;0.0472656
0.186765;0.00945312;0.0472656
0.184165;0.0167755;0.0472656
0.18511;0.00213077;0.054588
0.182724;0.00945312;0.054588
0.180474;0.0167755;0.054588
0.18605;0.021037;0.0399433
0.183248;0.0283594;0.0399433
0.180582;0.0356817;0.0399433
0.182683;0.021037;0.0472656
0.180221;0.0283594;0.0472656
0.177375;0.0356817;0.0472656
0.179048;0.021037;0.054588
0.176407;0.0283594;0.054588
0.1739;0.0356817;0.054588
0.182561;0.00213077;0.0588495
0.180227;0.00945312;0.0588495
0.178032;0.0167755;0.0588495
0.17764;0.00213077;0.0661719
0.175685;0.00945312;0.0661719
0.173326;0.0167755;0.0661719
0.172477;0.00213077;0.0734942
0.170358;0.00945312;0.0734942
0.168376;0.0167755;0.0734942
0.176637;0.021037;0.0588495
0.174051;0.0283594;0.0588495
0.1716;0.0356817;0.0588495
0.171986;0.021037;0.0661719
0.169767;0.0283594;0.0661719
0.167174;0.0356817;0.0661719
0.16711;0.021037;0.0734942
0.164749;0.0283594;0.0734942
0.162522;0.0356817;0.0734942
0.17892;0.0399433;0.0399433
0.175887;0.0472656;0.0399433
0.172987;0.054588;0.0399433
0.175752;0.0399433;0.0472656
0.173045;0.0472656;0.0472656
0.169984;0.054588;0.0472656
0.172333;0.0399433;0.054588
0.169467;0.0472656;0.054588
0.166733;0.054588;0.054588
0.1712;0.0588495;0.0399433
0.167966;0.0661719;0.0399433
0.164867;0.0734942;0.0399433
0.168236;0.0588495;0.0472656
0.165318;0.0661719;0.0472656
0.162072;0.0734942;0.0472656
0.165044;0.0588495;0.054588
0.161982;0.0661719;0.054588
0.159052;0.0734942;0.054588
0.170067;0.0399433;0.0588495
0.167257;0.0472656;0.0588495
0.164582;0.054588;0.0588495
0.165698;0.0399433;0.0661719
0.163245;0.0472656;0.0661719
0.160446;0.054588;0.0661719
0.161123;0.0399433;0.0734942
0.158548;0.0472656;0.0734942
0.156106;0.054588;0.0734942
0.162928;0.0588495;0.0588495
0.159925;0.0661719;0.0588495
0.157056;0.0734942;0.0588495
0.158851;0.0588495;0.0661719
0.156194;0.0661719;0.0661719
0.153218;0.0734942;0.0661719
0.154589;0.0588495;0.0734942
0.151829;0.0661719;0.0734942
0.149199;0.0734942;0.0734942
0.169693;0.0777558;0.00213077
0.166089;0.0850781;0.00213077
0.16262;0.0924005;0.00213077
0.169226;0.0777558;0.00945312
0.16586;0.0850781;0.00945312
0.162186;0.0924005;0.00945312
0.16851;0.0777558;0.0167755
0.164942;0.0850781;0.0167755
0.161508;0.0924005;0.0167755
0.160518;0.096662;0.00213077
0.156772;0.103984;0.00213077
0.153162;0.111307;0.00213077
0.160085;0.096662;0.00945312
0.156564;0.103984;0.00945312
0.152761;0.111307;0.00945312
0.159426;0.096662;0.0167755
0.155716;0.103984;0.0167755
0.152141;0.111307;0.0167755
0.167826;0.0777558;0.021037
0.164277;0.0850781;0.021037
0.160863;0.0924005;0.021037
0.16619;0.0777558;0.0283594
0.162912;0.0850781;0.0283594
0.15933;0.0924005;0.0283594
0.164318;0.0777558;0.0356817
0.160875;0.0850781;0.0356817
0.157565;0.0924005;0.0356817
0.158794;0.096662;0.021037
0.155104;0.103984;0.021037
0.15155;0.111307;0.021037
0.157282;0.096662;0.0283594
0.153851;0.103984;0.0283594
0.150141;0.111307;0.0283594
0.155557;0.096662;0.0356817
0.151975;0.103984;0.0356817
0.148527;0.111307;0.0356817
0.150987;0.115568;0.00213077
0.14713;0.122891;0.00213077
0.14341;0.130213;0.00213077
0.150587;0.115568;0.00945312
0.146943;0.122891;0.00945312
0.143043;0.130213;0.00945312
0.149986;0.115568;0.0167755
0.146166;0.122891;0.0167755
0.142482;0.130213;0.0167755
0.141179;0.134475;0.00213077
0.137242;0.141797;0.00213077
0.133443;0.149119;0.00213077
0.140814;0.134475;0.00945312
0.137077;0.141797;0.00945312
0.13311;0.149119;0.00945312
0.140272;0.134475;0.0167755
0.136371;0.141797;0.0167755
0.132609;0.149119;0.0167755
0.149408;0.115568;0.021037
0.145608;0.122891;0.021037
0.141945;0.130213;0.021037
0.148021;0.115568;0.0283594
0.144468;0.122891;0.0283594
0.140662;0.130213;0.0283594
0.146447;0.115568;0.0356817
0.142756;0.122891;0.0356817
0.1392;0.130213;0.0356817
0.139747;0.134475;0.021037
0.135867;0.141797;0.021037
0.132126;0.149119;0.021037
0.138488;0.134475;0.0283594
0.134844;0.141797;0.0283594
0.130971;0.149119;0.0283594
0.137066;0.134475;0.0356817
0.133296;0.141797;0.0356817
0.129663;0.149119;0.0356817
0.162972;0.0777558;0.0399433
0.159569;0.0850781;0.0399433
0.1563;0.0924005;0.0399433
0.160219;0.0777558;0.0472656
0.157119;0.0850781;0.0472656
0.153719;0.0924005;0.0472656
0.157258;0.0777558;0.054588
0.154032;0.0850781;0.054588
0.150937;0.0924005;0.054588
0.154316;0.096662;0.0399433
0.150775;0.103984;0.0399433
0.147368;0.111307;0.0399433
0.151778;0.096662;0.0472656
0.148528;0.103984;0.0472656
0.145005;0.111307;0.0472656
0.149056;0.096662;0.054588
0.145694;0.103984;0.054588
0.142464;0.111307;0.054588
0.155297;0.0777558;0.0588495
0.152131;0.0850781;0.0588495
0.149098;0.0924005;0.0588495
0.151521;0.0777558;0.0661719
0.14869;0.0850781;0.0661719
0.145566;0.0924005;0.0661719
0.147583;0.0777558;0.0734942
0.144665;0.0850781;0.0734942
0.141877;0.0924005;0.0734942
0.147253;0.096662;0.0588495
0.143953;0.103984;0.0588495
0.140786;0.111307;0.0588495
0.143784;0.096662;0.0661719
0.140807;0.103984;0.0661719
0.137564;0.111307;0.0661719
0.140176;0.096662;0.0734942
0.13713;0.103984;0.0734942
0.134212;0.111307;0.0734942
0.145312;0.115568;0.0399433
0.141663;0.122891;0.0399433
0.13815;0.130213;0.0399433
0.142992;0.115568;0.0472656
0.139623;0.122891;0.0472656
0.136006;0.130213;0.0472656
0.140513;0.115568;0.054588
0.137046;0.122891;0.054588
0.133712;0.130213;0.054588
0.13604;0.134475;0.0399433
0.132312;0.141797;0.0399433
0.128722;0.149119;0.0399433
0.13394;0.134475;0.0472656
0.130482;0.141797;0.0472656
0.1268;0.149119;0.0472656
0.131708;0.134475;0.054588
0.128165;0.141797;0.054588
0.124754;0.149119;0.054588
0.138871;0.115568;0.0588495
0.135467;0.122891;0.0588495
0.132196;0.130213;0.0588495
0.135715;0.115568;0.0661719
0.132622;0.122891;0.0661719
0.129289;0.130213;0.0661719
0.132444;0.115568;0.0734942
0.129297;0.122891;0.0734942
0.126277;0.130213;0.0734942
0.130229;0.134475;0.0588495
0.126749;0.141797;0.0588495
0.123403;0.149119;0.0588495
0.127388;0.134475;0.0661719
0.124209;0.141797;0.0661719
0.120813;0.149119;0.0661719
0.124459;0.134475;0.0734942
0.121238;0.141797;0.0734942
0.118146;0.149119;0.0734942
0.169185;0.00213077;0.0777558
0.167135;0.00945312;0.0777558
0.165226;0.0167755;0.0777558
0.163031;0.00213077;0.0850781
0.161387;0.00945312;0.0850781
0.159351;0.0167755;0.0850781
0.156694;0.00213077;0.0924005
0.154923;0.00945312;0.0924005
0.15329;0.0167755;0.0924005
0.164002;0.021037;0.0777558
0.161715;0.0283594;0.0777558
0.159565;0.0356817;0.0777558
0.158201;0.021037;0.0850781
0.156309;0.0283594;0.0850781
0.154055;0.0356817;0.0850781
0.152233;0.021037;0.0924005
0.150239;0.0283594;0.0924005
0.14838;0.0356817;0.0924005
0.152753;0.00213077;0.096662
0.151069;0.00945312;0.096662
0.149529;0.0167755;0.096662
0.145544;0.00213077;0.103984
0.144293;0.00945312;0.103984
0.142667;0.0167755;0.103984
0.138229;0.00213077;0.111307
0.136893;0.00945312;0.111307
0.135698;0.0167755;0.111307
0.148526;0.021037;0.096662
0.146625;0.0283594;0.096662
0.144862;0.0356817;0.096662
0.141757;0.021037;0.103984
0.14028;0.0283594;0.103984
0.138456;0.0356817;0.103984
0.134902;0.021037;0.111307
0.133367;0.0283594;0.111307
0.131967;0.0356817;0.111307
0.15821;0.0399433;0.0777558
0.155712;0.0472656;0.0777558
0.153348;0.054588;0.0777558
0.152777;0.0399433;0.0850781
0.150665;0.0472656;0.0850781
0.148218;0.054588;0.0850781
0.147198;0.0399433;0.0924005
0.145006;0.0472656;0.0924005
0.142944;0.054588;0.0924005
0.151878;0.0588495;0.0777558
0.149197;0.0661719;0.0777558
0.146649;0.0734942;0.0777558
0.146828;0.0588495;0.0850781
0.144522;0.0661719;0.0850781
0.141909;0.0734942;0.0850781
0.141654;0.0588495;0.0924005
0.139289;0.0661719;0.0924005
0.137051;0.0734942;0.0924005
0.143738;0.0399433;0.096662
0.141643;0.0472656;0.096662
0.139681;0.054588;0.096662
0.13743;0.0399433;0.103984
0.135749;0.0472656;0.103984
0.13375;0.054588;0.103984
0.131059;0.0399433;0.111307
0.129346;0.0472656;0.111307
0.12776;0.054588;0.111307
0.138449;0.0588495;0.096662
0.136185;0.0661719;0.096662
0.13405;0.0734942;0.096662
0.13262;0.0588495;0.103984
0.13076;0.0661719;0.103984
0.128607;0.0734942;0.103984
0.126752;0.0588495;0.111307
0.124882;0.0661719;0.111307
0.123133;0.0734942;0.111307
0.133763;0.00213077;0.115568
0.132536;0.00945312;0.115568
0.131455;0.0167755;0.115568
0.125736;0.00213077;0.122891
0.124969;0.00945312;0.122891
0.12385;0.0167755;0.122891
0.117705;0.00213077;0.130213
0.116905;0.00945312;0.130213
0.116247;0.0167755;0.130213
0.130725;0.021037;0.115568
0.129306;0.0283594;0.115568
0.128025;0.0356817;0.115568
0.123237;0.021037;0.122891
0.122271;0.0283594;0.122891
0.120979;0.0356817;0.122891
0.115772;0.021037;0.130213
0.114803;0.0283594;0.130213
0.113965;0.0356817;0.130213
0.112884;0.00213077;0.134475
0.112218;0.00945312;0.134475
0.1117;0.0167755;0.134475
0.104364;0.00213077;0.141797
0.104192;0.00945312;0.141797
0.103698;0.0167755;0.141797
0.0959926;0.00213077;0.149119
0.095857;0.00945312;0.149119
0.095861;0.0167755;0.149119
0.111307;0.021037;0.134475
0.110479;0.0283594;0.134475
0.109786;0.0356817;0.134475
0.10345;0.021037;0.141797
0.103108;0.0283594;0.141797
0.102469;0.0356817;0.141797
0.0957809;0.021037;0.149119
0.0955073;0.0283594;0.149119
0.0953555;0.0356817;0.149119
0.127186;0.0399433;0.115568
0.125593;0.0472656;0.115568
0.124131;0.054588;0.115568
0.120263;0.0399433;0.122891
0.119114;0.0472656;0.122891
0.117666;0.054588;0.122891
0.113392;0.0399433;0.130213
0.112267;0.0472656;0.130213
0.111263;0.054588;0.130213
0.123195;0.0588495;0.115568
0.121448;0.0661719;0.115568
0.119826;0.0734942;0.115568
0.116856;0.0588495;0.122891
0.115543;0.0661719;0.122891
0.113956;0.0734942;0.122891
0.1106;0.0588495;0.130213
0.109333;0.0661719;0.130213
0.108179;0.0734942;0.130213
0.109298;0.0399433;0.134475
0.108319;0.0472656;0.134475
0.107465;0.054588;0.134475
0.102131;0.0399433;0.141797
0.101627;0.0472656;0.141797
0.10085;0.054588;0.141797
0.09519;0.0399433;0.149119
0.0947798;0.0472656;0.149119
0.0944761;0.054588;0.149119
0.106889;0.0588495;0.134475
0.105771;0.0661719;0.134475
0.104768;0.0734942;0.134475
0.100428;0.0588495;0.141797
0.0997719;0.0661719;0.141797
0.0988665;0.0734942;0.141797
0.0942279;0.0588495;0.149119
0.0936859;0.0661719;0.149119
0.0932371;0.0734942;0.149119
0.145079;0.0777558;0.0777558
0.142243;0.0850781;0.0777558
0.139538;0.0924005;0.0777558
0.140423;0.0777558;0.0850781
0.137951;0.0850781;0.0850781
0.135198;0.0924005;0.0850781
0.135666;0.0777558;0.0924005
0.133154;0.0850781;0.0924005
0.130766;0.0924005;0.0924005
0.137886;0.096662;0.0777558
0.134922;0.103984;0.0777558
0.132089;0.111307;0.0777558
0.133631;0.096662;0.0850781
0.131021;0.103984;0.0850781
0.128155;0.111307;0.0850781
0.129302;0.096662;0.0924005
0.126668;0.103984;0.0924005
0.124156;0.111307;0.0924005
0.132725;0.0777558;0.096662
0.130316;0.0850781;0.096662
0.128033;0.0924005;0.096662
0.127388;0.0777558;0.103984
0.125372;0.0850781;0.103984
0.123089;0.0924005;0.103984
0.122038;0.0777558;0.111307
0.120031;0.0850781;0.111307
0.118142;0.0924005;0.111307
0.12663;0.096662;0.096662
0.124101;0.103984;0.096662
0.121696;0.111307;0.096662
0.121794;0.096662;0.103984
0.119647;0.103984;0.103984
0.117258;0.111307;0.103984
0.116972;0.096662;0.111307
0.114852;0.103984;0.111307
0.112844;0.111307;0.111307
0.13037;0.115568;0.0777558
0.127307;0.122891;0.0777558
0.124372;0.130213;0.0777558
0.126523;0.115568;0.0850781
0.123803;0.122891;0.0850781
0.12085;0.130213;0.0850781
0.122628;0.115568;0.0924005
0.119898;0.122891;0.0924005
0.117289;0.130213;0.0924005
0.122604;0.134475;0.0777558
0.119468;0.141797;0.0777558
0.116461;0.149119;0.0777558
0.119169;0.134475;0.0850781
0.116364;0.141797;0.0850781
0.113352;0.149119;0.0850781
0.115713;0.134475;0.0924005
0.112912;0.141797;0.0924005
0.110232;0.149119;0.0924005
0.12023;0.115568;0.096662
0.117606;0.122891;0.096662
0.115104;0.130213;0.096662
0.115901;0.115568;0.103984
0.113648;0.122891;0.103984
0.111176;0.130213;0.103984
0.111614;0.115568;0.111307
0.109402;0.122891;0.111307
0.107299;0.130213;0.111307
0.11359;0.134475;0.096662
0.110896;0.141797;0.096662
0.108323;0.149119;0.096662
0.109772;0.134475;0.103984
0.107436;0.141797;0.103984
0.104905;0.149119;0.103984
0.106021;0.134475;0.111307
0.103739;0.141797;0.111307
0.101565;0.149119;0.111307
0.118804;0.0777558;0.115568
0.116924;0.0850781;0.115568
0.115162;0.0924005;0.115568
0.113064;0.0777558;0.122891
0.111605;0.0850781;0.122891
0.109897;0.0924005;0.122891
0.107435;0.0777558;0.130213
0.106042;0.0850781;0.130213
0.104754;0.0924005;0.130213
0.114068;0.096662;0.115568
0.112075;0.103984;0.115568
0.110197;0.111307;0.115568
0.108934;0.096662;0.122891
0.10735;0.103984;0.122891
0.105541;0.111307;0.122891
0.10394;0.096662;0.130213
0.102438;0.103984;0.130213
0.101034;0.111307;0.130213
0.104113;0.0777558;0.134475
0.102871;0.0850781;0.134475
0.101735;0.0924005;0.134475
0.098367;0.0777558;0.141797
0.0975703;0.0850781;0.141797
0.096548;0.0924005;0.141797
0.0929102;0.0777558;0.149119
0.0922436;0.0850781;0.149119
0.0916586;0.0924005;0.149119
0.10101;0.096662;0.134475
0.0996589;0.103984;0.134475
0.098406;0.111307;0.134475
0.0959777;0.096662;0.141797
0.0950537;0.103984;0.141797
0.0939268;0.111307;0.141797
0.0912583;0.096662;0.149119
0.0904759;0.103984;0.149119
0.0897647;0.111307;0.149119
0.109042;0.115568;0.115568
0.106958;0.122891;0.115568
0.104985;0.130213;0.115568
0.104518;0.115568;0.122891
0.102828;0.122891;0.122891
0.100937;0.130213;0.122891
0.100159;0.115568;0.130213
0.0985646;0.122891;0.130213
0.0970623;0.130213;0.130213
0.103781;0.134475;0.115568
0.101628;0.141797;0.115568
0.0995814;0.149119;0.115568
0.0998658;0.134475;0.122891
0.0980903;0.141797;0.122891
0.0961363;0.149119;0.122891
0.0961369;0.134475;0.130213
0.0944675;0.141797;0.130213
0.0928844;0.149119;0.130213
0.0976187;0.115568;0.134475
0.0961746;0.122891;0.134475
0.0948209;0.130213;0.134475
0.0932934;0.115568;0.141797
0.0922557;0.122891;0.141797
0.0910369;0.130213;0.141797
0.0892968;0.115568;0.149119
0.0884082;0.122891;0.149119
0.0875815;0.130213;0.149119
0.0939817;0.134475;0.134475
0.0924594;0.141797;0.134475
0.0910211;0.149119;0.134475
0.0903479;0.134475;0.141797
0.08921;0.141797;0.141797
0.0879118;0.149119;0.141797
0.0870519;0.134475;0.149119
0.0860666;0.141797;0.149119
0.0851349;0.149119;0.149119
0.131175;0.153381;0.00213077
0.127187;0.160703;0.00213077
0.12334;0.168025;0.00213077
0.130844;0.153381;0.00945312
0.127045;0.160703;0.00945312
0.12304;0.168025;0.00945312
0.130362;0.153381;0.0167755
0.126411;0.160703;0.0167755
0.1226;0.168025;0.0167755
0.121052;0.172287;0.00213077
0.117043;0.179609;0.00213077
0.113177;0.186932;0.00213077
0.120754;0.172287;0.00945312
0.116924;0.179609;0.00945312
0.11291;0.186932;0.00945312
0.120333;0.172287;0.0167755
0.116361;0.179609;0.0167755
0.112532;0.186932;0.0167755
0.129892;0.153381;0.021037
0.125962;0.160703;0.021037
0.122172;0.168025;0.021037
0.12876;0.153381;0.0283594
0.125055;0.160703;0.0283594
0.121145;0.168025;0.0283594
0.127492;0.153381;0.0356817
0.123673;0.160703;0.0356817
0.119993;0.168025;0.0356817
0.119918;0.172287;0.021037
0.115967;0.179609;0.021037
0.112159;0.186932;0.021037
0.118914;0.172287;0.0283594
0.115179;0.179609;0.0283594
0.11126;0.186932;0.0283594
0.117802;0.172287;0.0356817
0.113963;0.179609;0.0356817
0.110264;0.186932;0.0356817
0.110885;0.191193;0.00213077
0.106884;0.198516;0.00213077
0.103028;0.205838;0.00213077
0.110621;0.191193;0.00945312
0.106789;0.198516;0.00945312
0.102795;0.205838;0.00945312
0.110262;0.191193;0.0167755
0.106297;0.198516;0.0167755
0.102478;0.205838;0.0167755
0.10075;0.2101;0.00213077
0.0967848;0.217422;0.00213077
0.0929677;0.224744;0.00213077
0.100519;0.2101;0.00945312
0.096714;0.217422;0.00945312
0.0927674;0.224744;0.00945312
0.100221;0.2101;0.0167755
0.0962933;0.217422;0.0167755
0.0925127;0.224744;0.0167755
0.109901;0.191193;0.021037
0.105958;0.198516;0.021037
0.102161;0.205838;0.021037
0.109027;0.191193;0.0283594
0.105289;0.198516;0.0283594
0.10139;0.205838;0.0283594
0.108071;0.191193;0.0356817
0.10424;0.198516;0.0356817
0.100551;0.205838;0.0356817
0.0999166;0.2101;0.021037
0.0960098;0.217422;0.021037
0.0922506;0.224744;0.021037
0.0991704;0.2101;0.0283594
0.095459;0.217422;0.0283594
0.0916085;0.224744;0.0283594
0.0983712;0.2101;0.0356817
0.0945762;0.217422;0.0356817
0.0909261;0.224744;0.0356817
0.126576;0.153381;0.0399433
0.122799;0.160703;0.0399433
0.119161;0.168025;0.0399433
0.124698;0.153381;0.0472656
0.121181;0.160703;0.0472656
0.117462;0.168025;0.0472656
0.122715;0.153381;0.054588
0.119124;0.160703;0.054588
0.115667;0.168025;0.054588
0.116996;0.172287;0.0399433
0.113199;0.179609;0.0399433
0.109543;0.186932;0.0399433
0.115342;0.172287;0.0472656
0.111794;0.179609;0.0472656
0.108067;0.186932;0.0472656
0.113609;0.172287;0.054588
0.109998;0.179609;0.054588
0.106524;0.186932;0.054588
0.1214;0.153381;0.0588495
0.117873;0.160703;0.0588495
0.114481;0.168025;0.0588495
0.118877;0.153381;0.0661719
0.11564;0.160703;0.0661719
0.112209;0.168025;0.0661719
0.116293;0.153381;0.0734942
0.113026;0.160703;0.0734942
0.109888;0.168025;0.0734942
0.11246;0.172287;0.0588495
0.108913;0.179609;0.0588495
0.105503;0.186932;0.0588495
0.110255;0.172287;0.0661719
0.106988;0.179609;0.0661719
0.10355;0.186932;0.0661719
0.108016;0.172287;0.0734942
0.104731;0.179609;0.0734942
0.101575;0.186932;0.0734942
0.107374;0.191193;0.0399433
0.103586;0.198516;0.0399433
0.0999404;0.205838;0.0399433
0.105944;0.191193;0.0472656
0.102394;0.198516;0.0472656
0.0986881;0.205838;0.0472656
0.104462;0.191193;0.054588
0.10086;0.198516;0.054588
0.097396;0.205838;0.054588
0.0977854;0.2101;0.0399433
0.0940332;0.217422;0.0399433
0.0904257;0.224744;0.0399433
0.0965789;0.2101;0.0472656
0.0930548;0.217422;0.0472656
0.0893963;0.224744;0.0472656
0.0953479;0.2101;0.054588
0.0917816;0.217422;0.054588
0.0883548;0.224744;0.054588
0.103479;0.191193;0.0588495
0.099941;0.198516;0.0588495
0.0965407;0.205838;0.0588495
0.101593;0.191193;0.0661719
0.0983238;0.198516;0.0661719
0.0949054;0.205838;0.0661719
0.0997001;0.191193;0.0734942
0.0964223;0.198516;0.0734942
0.0932746;0.205838;0.0734942
0.0945299;0.2101;0.0588495
0.0910274;0.217422;0.0588495
0.0876641;0.224744;0.0588495
0.0929615;0.2101;0.0661719
0.0897167;0.217422;0.0661719
0.0863442;0.224744;0.0661719
0.0914123;0.2101;0.0734942
0.0881681;0.217422;0.0734942
0.0850549;0.224744;0.0734942
0.0907196;0.229006;0.00213077
0.0868179;0.236328;0.00213077
0.0830674;0.24365;0.00213077
0.090522;0.229006;0.00945312
0.0867713;0.236328;0.00945312
0.0829001;0.24365;0.00945312
0.0902859;0.229006;0.0167755
0.0864216;0.236328;0.0167755
0.0827074;0.24365;0.0167755
0.0808652;0.247912;0.00213077
0.0770548;0.255234;0.00213077
0.0733981;0.262557;0.00213077
0.0807008;0.247912;0.00945312
0.0770323;0.255234;0.00945312
0.0732639;0.262557;0.00945312
0.0805266;0.247912;0.0167755
0.0767534;0.255234;0.0167755
0.0731331;0.262557;0.0167755
0.0900364;0.229006;0.021037
0.0861934;0.236328;0.021037
0.0825006;0.24365;0.021037
0.0894186;0.229006;0.0283594
0.0857615;0.236328;0.0283594
0.0819865;0.24365;0.0283594
0.088776;0.229006;0.0356817
0.0850446;0.236328;0.0356817
0.0814605;0.24365;0.0356817
0.0803322;0.247912;0.021037
0.0765805;0.255234;0.021037
0.0729813;0.262557;0.021037
0.0798425;0.247912;0.0283594
0.0762673;0.255234;0.0283594
0.0725948;0.262557;0.0283594
0.0793561;0.247912;0.0356817
0.0757155;0.255234;0.0356817
0.0722245;0.262557;0.0356817
0.0712578;0.266818;0.00213077
0.0675657;0.274141;0.00213077
0.06403;0.281463;0.00213077
0.0711265;0.266818;0.00945312
0.0675674;0.274141;0.00945312
0.0639287;0.281463;0.00945312
0.0710141;0.266818;0.0167755
0.0673591;0.274141;0.0167755
0.0638595;0.281463;0.0167755
0.0619672;0.285725;0.00213077
0.0584202;0.293047;0.00213077
0.055032;0.300369;0.00213077
0.0618688;0.285725;0.00945312
0.0584459;0.293047;0.00945312
0.0549636;0.300369;0.00945312
0.061818;0.285725;0.0167755
0.058308;0.293047;0.0167755
0.0549558;0.300369;0.0167755
0.0708747;0.266818;0.021037
0.0672412;0.274141;0.021037
0.0637626;0.281463;0.021037
0.0705124;0.266818;0.0283594
0.0670462;0.274141;0.0283594
0.063503;0.281463;0.0283594
0.0701814;0.266818;0.0356817
0.0666584;0.274141;0.0356817
0.063287;0.281463;0.0356817
0.0617334;0.285725;0.021037
0.0582448;0.293047;0.021037
0.0549134;0.300369;0.021037
0.0614978;0.285725;0.0283594
0.0581671;0.293047;0.0283594
0.0547797;0.300369;0.0283594
0.0613208;0.285725;0.0356817
0.0579417;0.293047;0.0356817
0.0547164;0.300369;0.0356817
0.0883004;0.229006;0.0399433
0.0846119;0.236328;0.0399433
0.08107;0.24365;0.0399433
0.0873167;0.229006;0.0472656
0.0838462;0.236328;0.0472656
0.0802623;0.24365;0.0472656
0.0863359;0.229006;0.054588
0.0828321;0.236328;0.054588
0.0794697;0.24365;0.054588
0.0789903;0.247912;0.0399433
0.0753923;0.255234;0.0399433
0.0719432;0.262557;0.0399433
0.0782281;0.247912;0.0472656
0.074838;0.255234;0.0472656
0.0713553;0.262557;0.0472656
0.0774954;0.247912;0.054588
0.0740805;0.255234;0.054588
0.0708086;0.262557;0.054588
0.0856821;0.229006;0.0588495
0.0822418;0.236328;0.0588495
0.0789421;0.24365;0.0588495
0.0844288;0.229006;0.0661719
0.0812347;0.236328;0.0661719
0.077934;0.24365;0.0661719
0.0832197;0.229006;0.0734942
0.0800344;0.236328;0.0734942
0.0769808;0.24365;0.0734942
0.0770043;0.247912;0.0588495
0.0736521;0.255234;0.0588495
0.0704417;0.262557;0.0588495
0.0760618;0.247912;0.0661719
0.0729439;0.255234;0.0661719
0.06974;0.262557;0.0661719
0.0751872;0.247912;0.0734942
0.0720852;0.255234;0.0734942
0.0691151;0.262557;0.0734942
0.0699247;0.266818;0.0399433
0.0664439;0.274141;0.0399433
0.0631139;0.281463;0.0399433
0.0693818;0.266818;0.0472656
0.0660985;0.274141;0.0472656
0.0627431;0.281463;0.0472656
0.0688941;0.266818;0.054588
0.0655938;0.274141;0.054588
0.062438;0.281463;0.054588
0.0611719;0.285725;0.0399433
0.0578346;0.293047;0.0399433
0.0546497;0.300369;0.0399433
0.0608453;0.285725;0.0472656
0.0576945;0.293047;0.0472656
0.0544921;0.300369;0.0472656
0.060598;0.285725;0.054588
0.0574375;0.293047;0.054588
0.0544224;0.300369;0.054588
0.0685631;0.266818;0.0588495
0.0653245;0.274141;0.0588495
0.0622285;0.281463;0.0588495
0.0679256;0.266818;0.0661719
0.0649083;0.274141;0.0661719
0.0618253;0.281463;0.0661719
0.067377;0.266818;0.0734942
0.0643815;0.274141;0.0734942
0.0615177;0.281463;0.0734942
0.0604234;0.285725;0.0588495
0.0573229;0.293047;0.0588495
0.0543654;0.300369;0.0588495
0.0600824;0.285725;0.0661719
0.057189;0.293047;0.0661719
0.0542498;0.300369;0.0661719
0.0598479;0.285725;0.0734942
0.0569807;0.293047;0.0734942
0.0542441;0.300369;0.0734942
0.114658;0.153381;0.0777558
0.111476;0.160703;0.0777558
0.108424;0.168025;0.0777558
0.111637;0.153381;0.0850781
0.108776;0.160703;0.0850781
0.105729;0.168025;0.0850781
0.108621;0.153381;0.0924005
0.105776;0.160703;0.0924005
0.10305;0.168025;0.0924005
0.106602;0.172287;0.0777558
0.103402;0.179609;0.0777558
0.100331;0.186932;0.0777558
0.103996;0.172287;0.0850781
0.101104;0.179609;0.0850781
0.0980492;0.186932;0.0850781
0.10142;0.172287;0.0924005
0.098555;0.179609;0.0924005
0.0958081;0.186932;0.0924005
0.106775;0.153381;0.096662
0.104036;0.160703;0.096662
0.101417;0.168025;0.096662
0.103467;0.153381;0.103984
0.101073;0.160703;0.103984
0.0985068;0.168025;0.103984
0.100252;0.153381;0.111307
0.0979227;0.160703;0.111307
0.0956979;0.168025;0.111307
0.0998493;0.172287;0.096662
0.0970899;0.179609;0.096662
0.0944484;0.186932;0.096662
0.0970487;0.172287;0.103984
0.0946191;0.179609;0.103984
0.0920397;0.186932;0.103984
0.0943626;0.172287;0.111307
0.0920071;0.179609;0.111307
0.0897534;0.186932;0.111307
0.0985061;0.191193;0.0777558
0.0953133;0.198516;0.0777558
0.0922501;0.205838;0.0777558
0.0963124;0.191193;0.0850781
0.0934147;0.198516;0.0850781
0.090377;0.205838;0.0850781
0.0941737;0.191193;0.0924005
0.0913124;0.198516;0.0924005
0.0885689;0.205838;0.0924005
0.0904369;0.2101;0.0777558
0.0872769;0.217422;0.0777558
0.0842468;0.224744;0.0777558
0.0886512;0.2101;0.0850781
0.0857732;0.217422;0.0850781
0.0827764;0.224744;0.0850781
0.0869435;0.2101;0.0924005
0.0841095;0.217422;0.0924005
0.0813927;0.224744;0.0924005
0.0928752;0.191193;0.096662
0.0901184;0.198516;0.096662
0.0874782;0.205838;0.096662
0.0905744;0.191193;0.103984
0.0881321;0.198516;0.103984
0.085561;0.205838;0.103984
0.0884079;0.191193;0.111307
0.0860462;0.198516;0.111307
0.0837834;0.205838;0.111307
0.0859127;0.2101;0.096662
0.0831811;0.217422;0.096662
0.0805645;0.224744;0.096662
0.0841009;0.2101;0.103984
0.0816668;0.217422;0.103984
0.0791241;0.224744;0.103984
0.082439;0.2101;0.111307
0.0800897;0.217422;0.111307
0.0778362;0.224744;0.111307
0.0983425;0.153381;0.115568
0.0961403;0.160703;0.115568
0.0940412;0.168025;0.115568
0.0950279;0.153381;0.122891
0.0931863;0.160703;0.122891
0.0911879;0.168025;0.122891
0.0919185;0.153381;0.130213
0.0901902;0.160703;0.130213
0.0885431;0.168025;0.130213
0.0927788;0.172287;0.115568
0.0905478;0.179609;0.115568
0.0884164;0.186932;0.115568
0.0900531;0.172287;0.122891
0.0881638;0.179609;0.122891
0.0861383;0.186932;0.122891
0.0875459;0.172287;0.130213
0.0857744;0.179609;0.130213
0.0840786;0.186932;0.130213
0.0901389;0.153381;0.134475
0.0885535;0.160703;0.134475
0.0870457;0.168025;0.134475
0.0871747;0.153381;0.141797
0.0859497;0.160703;0.141797
0.0845837;0.168025;0.141797
0.0845494;0.153381;0.149119
0.0834769;0.160703;0.149119
0.0824498;0.168025;0.149119
0.086129;0.172287;0.134475
0.0844944;0.179609;0.134475
0.082931;0.186932;0.134475
0.0838054;0.172287;0.141797
0.082505;0.179609;0.141797
0.0810818;0.186932;0.141797
0.0818136;0.172287;0.149119
0.0806623;0.179609;0.149119
0.0795483;0.186932;0.149119
0.0871418;0.191193;0.115568
0.0849009;0.198516;0.115568
0.0827559;0.205838;0.115568
0.0849871;0.191193;0.122891
0.0830673;0.198516;0.122891
0.0810306;0.205838;0.122891
0.0830588;0.191193;0.130213
0.0812579;0.198516;0.130213
0.0795272;0.205838;0.130213
0.0814795;0.2101;0.115568
0.0792461;0.217422;0.115568
0.0771044;0.224744;0.115568
0.0798721;0.2101;0.122891
0.0779368;0.217422;0.122891
0.0759028;0.224744;0.122891
0.0784922;0.2101;0.130213
0.0766739;0.217422;0.130213
0.0749197;0.224744;0.130213
0.0819874;0.191193;0.134475
0.0803159;0.198516;0.134475
0.078709;0.205838;0.134475
0.0802682;0.191193;0.141797
0.0789027;0.198516;0.141797
0.077431;0.205838;0.141797
0.0788659;0.191193;0.149119
0.0776424;0.198516;0.149119
0.0764483;0.205838;0.149119
0.0777451;0.2101;0.134475
0.076047;0.217422;0.134475
0.0744064;0.224744;0.134475
0.0765871;0.2101;0.141797
0.0751644;0.217422;0.141797
0.0736507;0.224744;0.141797
0.0757231;0.2101;0.149119
0.0744322;0.217422;0.149119
0.0731626;0.224744;0.149119
0.08246;0.229006;0.0777558
0.0793576;0.236328;0.0777558
0.0763851;0.24365;0.0777558
0.0810755;0.229006;0.0850781
0.0782409;0.236328;0.0850781
0.0753082;0.24365;0.0850781
0.0797895;0.229006;0.0924005
0.0770049;0.236328;0.0924005
0.0743363;0.24365;0.0924005
0.0746388;0.247912;0.0777558
0.0716176;0.255234;0.0777558
0.068726;0.262557;0.0777558
0.0736454;0.247912;0.0850781
0.0708767;0.255234;0.0850781
0.0680296;0.262557;0.0850781
0.0727675;0.247912;0.0924005
0.0700529;0.255234;0.0924005
0.0674524;0.262557;0.0924005
0.0790193;0.229006;0.096662
0.0763339;0.236328;0.096662
0.0737614;0.24365;0.096662
0.0776807;0.229006;0.103984
0.0752741;0.236328;0.103984
0.0727782;0.24365;0.103984
0.076503;0.229006;0.111307
0.0741829;0.236328;0.111307
0.0719547;0.24365;0.111307
0.0722482;0.247912;0.096662
0.0696283;0.255234;0.096662
0.0671184;0.262557;0.096662
0.0713618;0.247912;0.103984
0.0689999;0.255234;0.103984
0.0665666;0.262557;0.103984
0.0706416;0.247912;0.111307
0.0683649;0.255234;0.111307
0.0661752;0.262557;0.111307
0.0670334;0.266818;0.0777558
0.0641159;0.274141;0.0777558
0.0613269;0.281463;0.0777558
0.0664173;0.266818;0.0850781
0.0637351;0.274141;0.0850781
0.0609935;0.281463;0.0850781
0.0659292;0.266818;0.0924005
0.0633029;0.274141;0.0924005
0.0607879;0.281463;0.0924005
0.0597005;0.285725;0.0777558
0.0569073;0.293047;0.0777558
0.0542405;0.300369;0.0777558
0.0594428;0.285725;0.0850781
0.0568652;0.293047;0.0850781
0.0542465;0.300369;0.0850781
0.05932;0.285725;0.0924005
0.0567976;0.293047;0.0924005
0.0543823;0.300369;0.0924005
0.0656476;0.266818;0.096662
0.0631101;0.274141;0.096662
0.0606788;0.281463;0.096662
0.065186;0.266818;0.103984
0.062883;0.274141;0.103984
0.0605252;0.281463;0.103984
0.0648893;0.266818;0.111307
0.062667;0.274141;0.111307
0.0605256;0.281463;0.111307
0.059259;0.285725;0.096662
0.0568177;0.293047;0.096662
0.0544773;0.300369;0.096662
0.0591872;0.285725;0.103984
0.0569538;0.293047;0.103984
0.0546804;0.300369;0.103984
0.0592719;0.285725;0.111307
0.0571111;0.293047;0.111307
0.0550235;0.300369;0.111307
0.0758356;0.229006;0.115568
0.0736248;0.236328;0.115568
0.0715009;0.24365;0.115568
0.0747448;0.229006;0.122891
0.0728068;0.236328;0.122891
0.0707869;0.24365;0.122891
0.0738757;0.229006;0.130213
0.0720495;0.236328;0.130213
0.0702805;0.24365;0.130213
0.0702476;0.247912;0.115568
0.068072;0.255234;0.115568
0.0659773;0.262557;0.115568
0.0696354;0.247912;0.122891
0.0677046;0.255234;0.122891
0.0657068;0.262557;0.122891
0.0692319;0.247912;0.130213
0.0674041;0.255234;0.130213
0.0656259;0.262557;0.130213
0.0734274;0.229006;0.134475
0.0717104;0.236328;0.134475
0.0700432;0.24365;0.134475
0.0727799;0.229006;0.141797
0.0713057;0.236328;0.141797
0.0697536;0.24365;0.141797
0.0723967;0.229006;0.149119
0.0710409;0.236328;0.149119
0.0696976;0.24365;0.149119
0.0690524;0.247912;0.134475
0.0673211;0.255234;0.134475
0.0656311;0.262557;0.134475
0.0688577;0.247912;0.141797
0.0673345;0.255234;0.141797
0.0657448;0.262557;0.141797
0.0688915;0.247912;0.149119
0.0674705;0.255234;0.149119
0.0660527;0.262557;0.149119
0.0647456;0.266818;0.115568
0.0626143;0.274141;0.115568
0.0605567;0.281463;0.115568
0.0645661;0.266818;0.122891
0.0626487;0.274141;0.122891
0.0606774;0.281463;0.122891
0.0645751;0.266818;0.130213
0.0627485;0.274141;0.130213
0.0609626;0.281463;0.130213
0.0593504;0.285725;0.115568
0.0572686;0.293047;0.115568
0.0552517;0.300369;0.115568
0.0595494;0.285725;0.122891
0.0576475;0.293047;0.122891
0.0557027;0.300369;0.122891
0.0599097;0.285725;0.130213
0.0580832;0.293047;0.130213
0.0562869;0.300369;0.130213
0.06463;0.266818;0.134475
0.0628856;0.274141;0.134475
0.0611729;0.281463;0.134475
0.0648238;0.266818;0.141797
0.0632507;0.274141;0.141797
0.0616205;0.281463;0.141797
0.0652052;0.266818;0.149119
0.0637157;0.274141;0.149119
0.0622193;0.281463;0.149119
0.0601607;0.285725;0.134475
0.0584004;0.293047;0.134475
0.0566608;0.300369;0.134475
0.0606723;0.285725;0.141797
0.0590448;0.293047;0.141797
0.0573677;0.300369;0.141797
0.0613273;0.285725;0.149119
0.0597628;0.293047;0.149119
0.0581804;0.300369;0.149119
0.0910668;0.00213077;0.153381
0.0910998;0.00945312;0.153381
0.0912766;0.0167755;0.153381
0.082561;0.00213077;0.160703
0.0831312;0.00945312;0.160703
0.0834179;0.0167755;0.160703
0.0744708;0.00213077;0.168025
0.0751782;0.00945312;0.168025
0.0760051;0.0167755;0.168025
0.0912976;0.021037;0.153381
0.0911986;0.0283594;0.153381
0.0912235;0.0356817;0.153381
0.0836209;0.021037;0.160703
0.0840434;0.0283594;0.160703
0.0842036;0.0356817;0.160703
0.0764139;0.021037;0.168025
0.0769974;0.0283594;0.168025
0.077674;0.0356817;0.168025
0.0698809;0.00213077;0.172287
0.0708046;0.00945312;0.172287
0.0718445;0.0167755;0.172287
0.0623429;0.00213077;0.179609
0.0638426;0.00945312;0.179609
0.0651033;0.0167755;0.179609
0.0557881;0.00213077;0.186932
0.0575438;0.00945312;0.186932
0.059347;0.0167755;0.186932
0.0723773;0.021037;0.172287
0.0731738;0.0283594;0.172287
0.0740577;0.0356817;0.172287
0.0658561;0.021037;0.179609
0.0671868;0.0283594;0.179609
0.0682954;0.0356817;0.179609
0.0603288;0.021037;0.186932
0.0619058;0.0283594;0.186932
0.0635017;0.0356817;0.186932
0.0911611;0.0399433;0.153381
0.0909284;0.0472656;0.153381
0.0908023;0.054588;0.153381
0.0843251;0.0399433;0.160703
0.0845936;0.0472656;0.160703
0.0846214;0.054588;0.160703
0.0779985;0.0399433;0.168025
0.0784437;0.0472656;0.168025
0.0789604;0.054588;0.168025
0.0906575;0.0588495;0.153381
0.0902931;0.0661719;0.153381
0.0900204;0.0734942;0.153381
0.0846594;0.0588495;0.160703
0.0847726;0.0661719;0.160703
0.0846665;0.0734942;0.160703
0.0791957;0.0588495;0.168025
0.0794948;0.0661719;0.168025
0.0798475;0.0734942;0.168025
0.0745026;0.0399433;0.172287
0.0751539;0.0472656;0.172287
0.0758694;0.054588;0.172287
0.068949;0.0399433;0.179609
0.0700916;0.0472656;0.179609
0.0710299;0.054588;0.179609
0.0643648;0.0399433;0.186932
0.0657419;0.0472656;0.186932
0.0671168;0.054588;0.186932
0.0762198;0.0588495;0.172287
0.076716;0.0661719;0.172287
0.0772571;0.0734942;0.172287
0.0715763;0.0588495;0.179609
0.0725212;0.0661719;0.179609
0.0732796;0.0734942;0.179609
0.0678542;0.0588495;0.186932
0.0690206;0.0661719;0.186932
0.0701688;0.0734942;0.186932
0.0524606;0.00213077;0.191193
0.0544591;0.00945312;0.191193
0.0564822;0.0167755;0.191193
0.0479097;0.00213077;0.198516
0.0503737;0.00945312;0.198516
0.0526525;0.0167755;0.198516
0.0453622;0.00213077;0.205838
0.0480189;0.00945312;0.205838
0.0505852;0.0167755;0.205838
0.0575907;0.021037;0.191193
0.0593837;0.0283594;0.191193
0.0611751;0.0356817;0.191193
0.0539524;0.021037;0.198516
0.056143;0.0283594;0.198516
0.0581626;0.0356817;0.198516
0.0520183;0.021037;0.205838
0.0543827;0.0283594;0.205838
0.0566512;0.0356817;0.205838
0.0448765;0.00213077;0.2101
0.0476104;0.00945312;0.2101
0.0502309;0.0167755;0.2101
0.045874;0.00213077;0.217422
0.0485333;0.00945312;0.217422
0.0511545;0.0167755;0.217422
0.0488975;0.00213077;0.224744
0.0514108;0.00945312;0.224744
0.0537949;0.0167755;0.224744
0.0517027;0.021037;0.2101
0.054144;0.0283594;0.2101
0.0564697;0.0356817;0.2101
0.0526204;0.021037;0.217422
0.0550385;0.0283594;0.217422
0.0573977;0.0356817;0.217422
0.0551726;0.021037;0.224744
0.0575167;0.0283594;0.224744
0.0597193;0.0356817;0.224744
0.0621511;0.0399433;0.191193
0.0637212;0.0472656;0.191193
0.0652705;0.054588;0.191193
0.0593062;0.0399433;0.198516
0.0612197;0.0472656;0.198516
0.0629755;0.054588;0.198516
0.0579128;0.0399433;0.205838
0.059986;0.0472656;0.205838
0.061959;0.054588;0.205838
0.0661089;0.0588495;0.191193
0.0674479;0.0661719;0.191193
0.0687519;0.0734942;0.191193
0.0639619;0.0588495;0.198516
0.0655992;0.0661719;0.198516
0.0670911;0.0734942;0.198516
0.0630507;0.0588495;0.205838
0.0648353;0.0661719;0.205838
0.0665165;0.0734942;0.205838
0.0577699;0.0399433;0.2101
0.059917;0.0472656;0.2101
0.0619469;0.054588;0.2101
0.0587095;0.0399433;0.217422
0.0608605;0.0472656;0.217422
0.0629412;0.054588;0.217422
0.0609778;0.0399433;0.224744
0.0630984;0.0472656;0.224744
0.0650722;0.054588;0.224744
0.0630755;0.0588495;0.2101
0.0649294;0.0661719;0.2101
0.0666647;0.0734942;0.2101
0.0640904;0.0588495;0.217422
0.0659611;0.0661719;0.217422
0.0677554;0.0734942;0.217422
0.0661895;0.0588495;0.224744
0.0680559;0.0661719;0.224744
0.0697736;0.0734942;0.224744
0.0897959;0.0777558;0.153381
0.0893048;0.0850781;0.153381
0.0888923;0.0924005;0.153381
0.0846212;0.0777558;0.160703
0.0845816;0.0850781;0.160703
0.0843433;0.0924005;0.160703
0.0799917;0.0777558;0.168025
0.0801419;0.0850781;0.168025
0.0803306;0.0924005;0.168025
0.0885921;0.096662;0.153381
0.0879808;0.103984;0.153381
0.0874368;0.111307;0.153381
0.0842166;0.096662;0.160703
0.0840286;0.103984;0.160703
0.083662;0.111307;0.160703
0.0803837;0.096662;0.168025
0.0803853;0.103984;0.168025
0.0804125;0.111307;0.168025
0.0775103;0.0777558;0.172287
0.0778466;0.0850781;0.172287
0.0782121;0.0924005;0.172287
0.0737151;0.0777558;0.179609
0.0744586;0.0850781;0.179609
0.0750326;0.0924005;0.179609
0.0707775;0.0777558;0.186932
0.0717286;0.0850781;0.186932
0.0726491;0.0924005;0.186932
0.0783673;0.096662;0.172287
0.0785427;0.103984;0.172287
0.078734;0.111307;0.172287
0.075356;0.096662;0.179609
0.0758982;0.103984;0.179609
0.0762869;0.111307;0.179609
0.0731287;0.096662;0.186932
0.0738637;0.103984;0.186932
0.074558;0.111307;0.186932
0.0870656;0.115568;0.153381
0.0863419;0.122891;0.153381
0.0856751;0.130213;0.153381
0.0834568;0.115568;0.160703
0.0831264;0.122891;0.160703
0.0826363;0.130213;0.160703
0.080376;0.115568;0.168025
0.0802311;0.122891;0.168025
0.0801005;0.130213;0.168025
0.0852378;0.134475;0.153381
0.0844099;0.141797;0.153381
0.0836292;0.149119;0.153381
0.0823559;0.134475;0.160703
0.0818895;0.141797;0.160703
0.081281;0.149119;0.160703
0.0799765;0.134475;0.168025
0.0796882;0.141797;0.168025
0.0794043;0.149119;0.168025
0.078792;0.115568;0.172287
0.0788077;0.122891;0.172287
0.0788277;0.130213;0.172287
0.0764984;0.115568;0.179609
0.0768414;0.122891;0.179609
0.0770458;0.130213;0.179609
0.0749093;0.115568;0.186932
0.0754296;0.122891;0.186932
0.0759007;0.130213;0.186932
0.0787901;0.134475;0.172287
0.0786484;0.141797;0.172287
0.0785008;0.149119;0.172287
0.0771468;0.134475;0.179609
0.0772937;0.141797;0.179609
0.0773156;0.149119;0.179609
0.0761254;0.134475;0.186932
0.0764332;0.141797;0.186932
0.0766847;0.149119;0.186932
0.0694509;0.0777558;0.191193
0.0705563;0.0850781;0.191193
0.0716155;0.0924005;0.191193
0.0679212;0.0777558;0.198516
0.0692852;0.0850781;0.198516
0.0705153;0.0924005;0.198516
0.0674403;0.0777558;0.205838
0.0689399;0.0850781;0.205838
0.0703335;0.0924005;0.205838
0.0721755;0.096662;0.191193
0.0730476;0.103984;0.191193
0.0738649;0.111307;0.191193
0.0711911;0.096662;0.198516
0.0722863;0.103984;0.198516
0.073258;0.111307;0.198516
0.071092;0.096662;0.205838
0.0723108;0.103984;0.205838
0.0734213;0.111307;0.205838
0.0676229;0.0777558;0.2101
0.0691859;0.0850781;0.2101
0.0706293;0.0924005;0.2101
0.0687379;0.0777558;0.217422
0.070322;0.0850781;0.217422
0.0718267;0.0924005;0.217422
0.0707369;0.0777558;0.224744
0.0723317;0.0850781;0.224744
0.0737775;0.0924005;0.224744
0.0714188;0.096662;0.2101
0.0726943;0.103984;0.2101
0.073849;0.111307;0.2101
0.0726407;0.096662;0.217422
0.0739355;0.103984;0.217422
0.0751498;0.111307;0.217422
0.0745794;0.096662;0.224744
0.0758924;0.103984;0.224744
0.0770569;0.111307;0.224744
0.0742872;0.115568;0.191193
0.0749284;0.122891;0.191193
0.0755073;0.130213;0.191193
0.0737818;0.115568;0.198516
0.074613;0.122891;0.198516
0.0753301;0.130213;0.198516
0.0740171;0.115568;0.205838
0.0749594;0.122891;0.205838
0.0757915;0.130213;0.205838
0.075794;0.134475;0.191193
0.076207;0.141797;0.191193
0.0765514;0.149119;0.191193
0.0757045;0.134475;0.198516
0.0762764;0.141797;0.198516
0.0767427;0.149119;0.198516
0.076227;0.134475;0.205838
0.076897;0.141797;0.205838
0.0774549;0.149119;0.205838
0.074472;0.115568;0.2101
0.0754633;0.122891;0.2101
0.0763331;0.130213;0.2101
0.075795;0.115568;0.217422
0.0768;0.122891;0.217422
0.0777245;0.130213;0.217422
0.0776932;0.115568;0.224744
0.0787187;0.122891;0.224744
0.0795963;0.130213;0.224744
0.0767915;0.134475;0.2101
0.0775023;0.141797;0.2101
0.0780904;0.149119;0.2101
0.0782013;0.134475;0.217422
0.078917;0.141797;0.217422
0.0795529;0.149119;0.217422
0.0800645;0.134475;0.224744
0.0807993;0.141797;0.224744
0.0813866;0.149119;0.224744
0.051441;0.00213077;0.229006
0.0537914;0.00945312;0.229006
0.056015;0.0167755;0.229006
0.0568973;0.00213077;0.236328
0.0587807;0.00945312;0.236328
0.0608151;0.0167755;0.236328
0.0631069;0.00213077;0.24365
0.0647815;0.00945312;0.24365
0.0663621;0.0167755;0.24365
0.0573146;0.021037;0.229006
0.0595486;0.0283594;0.229006
0.0616389;0.0356817;0.229006
0.0619545;0.021037;0.236328
0.0638283;0.0283594;0.236328
0.0657875;0.0356817;0.236328
0.0673222;0.021037;0.24365
0.0690304;0.0283594;0.24365
0.0706174;0.0356817;0.24365
0.0670009;0.00213077;0.247912
0.0684856;0.00945312;0.247912
0.0698723;0.0167755;0.247912
0.0740499;0.00213077;0.255234
0.0750463;0.00945312;0.255234
0.0762758;0.0167755;0.255234
0.0810794;0.00213077;0.262557
0.0819461;0.00945312;0.262557
0.0827323;0.0167755;0.262557
0.0707285;0.021037;0.247912
0.0722743;0.0283594;0.247912
0.0736958;0.0356817;0.247912
0.0769603;0.021037;0.255234
0.0780727;0.0283594;0.255234
0.0793523;0.0356817;0.255234
0.0832483;0.021037;0.262557
0.0842286;0.0283594;0.262557
0.0851052;0.0356817;0.262557
0.0628434;0.0399433;0.229006
0.0648888;0.0472656;0.229006
0.0667827;0.054588;0.229006
0.0668723;0.0399433;0.236328
0.068637;0.0472656;0.236328
0.0704417;0.054588;0.236328
0.0715576;0.0399433;0.24365
0.0731951;0.0472656;0.24365
0.0746941;0.054588;0.24365
0.0678619;0.0588495;0.229006
0.0696761;0.0661719;0.229006
0.0713354;0.0734942;0.229006
0.0714304;0.0588495;0.236328
0.0730211;0.0661719;0.236328
0.0746203;0.0734942;0.236328
0.075566;0.0588495;0.24365
0.0770597;0.0661719;0.24365
0.0784045;0.0734942;0.24365
0.0745482;0.0399433;0.247912
0.0760494;0.0472656;0.247912
0.0774089;0.054588;0.247912
0.0800536;0.0399433;0.255234
0.0811762;0.0472656;0.255234
0.0824127;0.054588;0.255234
0.085652;0.0399433;0.262557
0.0866496;0.0472656;0.262557
0.0875249;0.054588;0.262557
0.0782071;0.0588495;0.247912
0.0795868;0.0661719;0.247912
0.0808138;0.0734942;0.247912
0.0830797;0.0588495;0.255234
0.0841299;0.0661719;0.255234
0.0852517;0.0734942;0.255234
0.0880529;0.0588495;0.262557
0.0889888;0.0661719;0.262557
0.0897886;0.0734942;0.262557
0.0851936;0.00213077;0.266818
0.0859075;0.00945312;0.266818
0.0865298;0.0167755;0.266818
0.0922787;0.00213077;0.274141
0.092563;0.00945312;0.274141
0.0930928;0.0167755;0.274141
0.0989947;0.00213077;0.281463
0.0992156;0.00945312;0.281463
0.0993548;0.0167755;0.281463
0.0869547;0.021037;0.266818
0.0877871;0.0283594;0.266818
0.0885075;0.0356817;0.266818
0.0933731;0.021037;0.274141
0.0937971;0.0283594;0.274141
0.0944135;0.0356817;0.274141
0.0994945;0.021037;0.281463
0.099834;0.0283594;0.281463
0.100075;0.0356817;0.281463
0.102799;0.00213077;0.285725
0.102902;0.00945312;0.285725
0.102909;0.0167755;0.285725
0.109171;0.00213077;0.293047
0.108904;0.00945312;0.293047
0.108867;0.0167755;0.293047
0.114987;0.00213077;0.300369
0.114701;0.00945312;0.300369
0.114327;0.0167755;0.300369
0.102974;0.021037;0.285725
0.103191;0.0283594;0.285725
0.103297;0.0356817;0.285725
0.108815;0.021037;0.293047
0.108668;0.0283594;0.293047
0.108708;0.0356817;0.293047
0.11416;0.021037;0.300369
0.113965;0.0283594;0.300369
0.113672;0.0356817;0.300369
0.0889683;0.0399433;0.266818
0.0898274;0.0472656;0.266818
0.0905577;0.054588;0.266818
0.0947345;0.0399433;0.274141
0.0952129;0.0472656;0.274141
0.0958362;0.054588;0.274141
0.100257;0.0399433;0.281463
0.10064;0.0472656;0.281463
0.10091;0.054588;0.281463
0.0910064;0.0588495;0.266818
0.0918151;0.0661719;0.266818
0.092482;0.0734942;0.266818
0.0961528;0.0588495;0.274141
0.0966109;0.0661719;0.274141
0.0971725;0.0734942;0.274141
0.101092;0.0588495;0.281463
0.101449;0.0661719;0.281463
0.101681;0.0734942;0.281463
0.103404;0.0399433;0.285725
0.103663;0.0472656;0.285725
0.1038;0.054588;0.285725
0.108694;0.0399433;0.293047
0.108601;0.0472656;0.293047
0.108657;0.054588;0.293047
0.113539;0.0399433;0.300369
0.113379;0.0472656;0.300369
0.113109;0.054588;0.300369
0.103909;0.0588495;0.285725
0.104146;0.0661719;0.285725
0.104249;0.0734942;0.285725
0.108646;0.0588495;0.293047
0.108546;0.0661719;0.293047
0.108558;0.0734942;0.293047
0.112978;0.0588495;0.300369
0.112797;0.0661719;0.300369
0.112497;0.0734942;0.300369
0.072271;0.0777558;0.229006
0.0738282;0.0850781;0.229006
0.0752294;0.0924005;0.229006
0.0754858;0.0777558;0.236328
0.0768599;0.0850781;0.236328
0.0782202;0.0924005;0.236328
0.0791744;0.0777558;0.24365
0.0804738;0.0850781;0.24365
0.0816183;0.0924005;0.24365
0.0760102;0.096662;0.229006
0.0772945;0.103984;0.229006
0.0784228;0.111307;0.229006
0.0789447;0.096662;0.236328
0.0800739;0.103984;0.236328
0.0811732;0.111307;0.236328
0.0822627;0.096662;0.24365
0.0833327;0.103984;0.24365
0.0842444;0.111307;0.24365
0.0815214;0.0777558;0.247912
0.0827245;0.0850781;0.247912
0.0837683;0.0924005;0.247912
0.0858456;0.0777558;0.255234
0.0867605;0.0850781;0.255234
0.087714;0.0924005;0.255234
0.0902581;0.0777558;0.262557
0.0910699;0.0850781;0.262557
0.0917356;0.0924005;0.262557
0.0843593;0.096662;0.247912
0.0853464;0.103984;0.247912
0.0861703;0.111307;0.247912
0.0882055;0.096662;0.255234
0.0889378;0.103984;0.255234
0.0896828;0.111307;0.255234
0.0921154;0.096662;0.262557
0.0927543;0.103984;0.262557
0.0932402;0.111307;0.262557
0.0790418;0.115568;0.229006
0.0800434;0.122891;0.229006
0.0808895;0.130213;0.229006
0.0817449;0.115568;0.236328
0.0826098;0.122891;0.236328
0.0834334;0.130213;0.236328
0.0847468;0.115568;0.24365
0.0855627;0.122891;0.24365
0.0862184;0.130213;0.24365
0.0813423;0.134475;0.229006
0.0820549;0.141797;0.229006
0.0826126;0.149119;0.229006
0.083844;0.134475;0.236328
0.0844315;0.141797;0.236328
0.0849692;0.149119;0.236328
0.0865672;0.134475;0.24365
0.0871113;0.141797;0.24365
0.0874943;0.149119;0.24365
0.0866259;0.115568;0.247912
0.0873687;0.122891;0.247912
0.0879459;0.130213;0.247912
0.0900498;0.115568;0.255234
0.0905639;0.122891;0.255234
0.0910704;0.130213;0.255234
0.0935062;0.115568;0.262557
0.0939344;0.122891;0.262557
0.0942048;0.130213;0.262557
0.0882525;0.134475;0.247912
0.0887302;0.141797;0.247912
0.0890411;0.149119;0.247912
0.0912965;0.134475;0.255234
0.0915652;0.141797;0.255234
0.0918104;0.149119;0.255234
0.0943381;0.134475;0.262557
0.0945264;0.141797;0.262557
0.0945533;0.149119;0.262557
0.092879;0.0777558;0.266818
0.0935747;0.0850781;0.266818
0.094119;0.0924005;0.266818
0.0974465;0.0777558;0.274141
0.0978209;0.0850781;0.274141
0.0982638;0.0924005;0.274141
0.101828;0.0777558;0.281463
0.1021;0.0850781;0.281463
0.102237;0.0924005;0.281463
0.0944327;0.096662;0.266818
0.0949656;0.103984;0.266818
0.0953402;0.111307;0.266818
0.0984633;0.096662;0.274141
0.0987016;0.103984;0.274141
0.098979;0.111307;0.274141
0.102316;0.096662;0.281463
0.102454;0.103984;0.281463
0.102447;0.111307;0.281463
0.104324;0.0777558;0.285725
0.104481;0.0850781;0.285725
0.104494;0.0924005;0.285725
0.108516;0.0777558;0.293047
0.108355;0.0850781;0.293047
0.108272;0.0924005;0.293047
0.112336;0.0777558;0.300369
0.112083;0.0850781;0.300369
0.111703;0.0924005;0.300369
0.104506;0.096662;0.285725
0.104532;0.103984;0.285725
0.104408;0.111307;0.285725
0.10817;0.096662;0.293047
0.107896;0.103984;0.293047
0.107673;0.111307;0.293047
0.111484;0.096662;0.300369
0.111113;0.103984;0.300369
0.110607;0.111307;0.300369
0.0955454;0.115568;0.266818
0.0958761;0.122891;0.266818
0.0960436;0.130213;0.266818
0.0990781;0.115568;0.274141
0.0991374;0.122891;0.274141
0.0992117;0.130213;0.274141
0.102433;0.115568;0.281463
0.102393;0.122891;0.281463
0.102202;0.130213;0.281463
0.0961205;0.134475;0.266818
0.0962181;0.141797;0.266818
0.0961487;0.149119;0.266818
0.0991891;0.134475;0.274141
0.0990347;0.141797;0.274141
0.098875;0.149119;0.274141
0.102073;0.134475;0.281463
0.10182;0.141797;0.281463
0.101412;0.149119;0.281463
0.104329;0.115568;0.285725
0.104183;0.122891;0.285725
0.103881;0.130213;0.285725
0.107485;0.115568;0.293047
0.107057;0.122891;0.293047
0.106654;0.130213;0.293047
0.110305;0.115568;0.300369
0.109776;0.122891;0.300369
0.109104;0.130213;0.300369
0.10369;0.134475;0.285725
0.103336;0.141797;0.285725
0.102821;0.149119;0.285725
0.106357;0.134475;0.293047
0.105737;0.141797;0.293047
0.10512;0.149119;0.293047
0.108698;0.134475;0.300369
0.107974;0.141797;0.300369
0.107101;0.149119;0.300369
0.0831306;0.153381;0.153381
0.0822059;0.160703;0.153381
0.0813195;0.168025;0.153381
0.0809287;0.153381;0.160703
0.0803327;0.160703;0.160703
0.0796107;0.168025;0.160703
0.0791949;0.153381;0.168025
0.0787665;0.160703;0.168025
0.0783334;0.168025;0.168025
0.0807642;0.172287;0.153381
0.0797495;0.179609;0.153381
0.0787644;0.186932;0.153381
0.0791895;0.172287;0.160703
0.0784692;0.179609;0.160703
0.0776377;0.186932;0.160703
0.0780408;0.172287;0.168025
0.0774751;0.179609;0.168025
0.0768962;0.186932;0.168025
0.0783695;0.153381;0.172287
0.0780728;0.160703;0.172287
0.0777611;0.168025;0.172287
0.0773076;0.153381;0.179609
0.0772617;0.160703;0.179609
0.0771031;0.168025;0.179609
0.0767845;0.153381;0.186932
0.0768823;0.160703;0.186932
0.0769174;0.168025;0.186932
0.0775377;0.172287;0.172287
0.0770884;0.179609;0.172287
0.0766155;0.186932;0.172287
0.0769875;0.172287;0.179609
0.0767518;0.179609;0.179609
0.0764142;0.186932;0.179609
0.0768939;0.172287;0.186932
0.0767838;0.179609;0.186932
0.0766052;0.186932;0.186932
0.0781558;0.191193;0.153381
0.0770565;0.198516;0.153381
0.0759782;0.205838;0.153381
0.0771499;0.191193;0.160703
0.0763096;0.198516;0.160703
0.0753711;0.205838;0.160703
0.0765219;0.191193;0.168025
0.0758207;0.198516;0.168025
0.0750981;0.205838;0.168025
0.0753189;0.2101;0.153381
0.0741384;0.217422;0.153381
0.0729701;0.224744;0.153381
0.0748183;0.2101;0.160703
0.0738604;0.217422;0.160703
0.0728157;0.224744;0.160703
0.0746428;0.2101;0.168025
0.0738067;0.217422;0.168025
0.072941;0.224744;0.168025
0.0763013;0.191193;0.172287
0.0757006;0.198516;0.172287
0.0750681;0.205838;0.172287
0.076192;0.191193;0.179609
0.0757684;0.198516;0.179609
0.0752524;0.205838;0.179609
0.0764595;0.191193;0.186932
0.0761428;0.198516;0.186932
0.0757519;0.205838;0.186932
0.0746636;0.2101;0.172287
0.0739117;0.217422;0.172287
0.0731199;0.224744;0.172287
0.074924;0.2101;0.179609
0.0743133;0.217422;0.179609
0.0736182;0.224744;0.179609
0.0754846;0.2101;0.186932
0.0749616;0.217422;0.186932
0.0743586;0.224744;0.186932
0.0767045;0.153381;0.191193
0.0768923;0.160703;0.191193
0.0770058;0.168025;0.191193
0.0769699;0.153381;0.198516
0.0772867;0.160703;0.198516
0.0775055;0.168025;0.198516
0.0777325;0.153381;0.205838
0.0781336;0.160703;0.205838
0.0784208;0.168025;0.205838
0.077027;0.172287;0.191193
0.0769919;0.179609;0.191193
0.0768774;0.186932;0.191193
0.0775875;0.172287;0.198516
0.0776527;0.179609;0.198516
0.0776265;0.186932;0.198516
0.0785424;0.172287;0.205838
0.0786777;0.179609;0.205838
0.0786967;0.186932;0.205838
0.0783863;0.153381;0.2101
0.0788196;0.160703;0.2101
0.079129;0.168025;0.2101
0.0798619;0.153381;0.217422
0.0802891;0.160703;0.217422
0.0806378;0.168025;0.217422
0.0816853;0.153381;0.224744
0.0821276;0.160703;0.224744
0.0824225;0.168025;0.224744
0.0792639;0.172287;0.2101
0.0794222;0.179609;0.2101
0.079455;0.186932;0.2101
0.0807795;0.172287;0.217422
0.080919;0.179609;0.217422
0.0809812;0.186932;0.217422
0.0825507;0.172287;0.224744
0.0826991;0.179609;0.224744
0.0827;0.186932;0.224744
0.0767679;0.191193;0.191193
0.0765116;0.198516;0.191193
0.0761706;0.205838;0.191193
0.0775648;0.191193;0.198516
0.0773806;0.198516;0.198516
0.0771107;0.205838;0.198516
0.0786636;0.191193;0.205838
0.0785349;0.198516;0.205838
0.0782874;0.205838;0.205838
0.0759312;0.2101;0.191193
0.0754539;0.217422;0.191193
0.0748868;0.224744;0.191193
0.076906;0.2101;0.198516
0.0764735;0.217422;0.198516
0.0759603;0.224744;0.198516
0.0781002;0.2101;0.205838
0.0777081;0.217422;0.205838
0.0771943;0.224744;0.205838
0.0794299;0.191193;0.2101
0.0793148;0.198516;0.2101
0.0790722;0.205838;0.2101
0.080956;0.191193;0.217422
0.0808079;0.198516;0.217422
0.0805841;0.205838;0.217422
0.0826568;0.191193;0.224744
0.0825101;0.198516;0.224744
0.0822149;0.205838;0.224744
0.0788877;0.2101;0.2101
0.0784995;0.217422;0.2101
0.0779814;0.224744;0.2101
0.0803917;0.2101;0.217422
0.0799555;0.217422;0.217422
0.0794448;0.224744;0.217422
0.0819993;0.2101;0.224744
0.0815559;0.217422;0.224744
0.0809623;0.224744;0.224744
0.0722615;0.229006;0.153381
0.071001;0.236328;0.153381
0.0697436;0.24365;0.153381
0.0721982;0.229006;0.160703
0.0711232;0.236328;0.160703
0.0699711;0.24365;0.160703
0.0724045;0.229006;0.168025
0.0714322;0.236328;0.168025
0.0704219;0.24365;0.168025
0.0689857;0.247912;0.153381
0.0676438;0.255234;0.153381
0.0662956;0.262557;0.153381
0.0692879;0.247912;0.160703
0.0680937;0.255234;0.160703
0.0668306;0.262557;0.160703
0.069803;0.247912;0.168025
0.0686911;0.255234;0.168025
0.0675328;0.262557;0.168025
0.0726247;0.229006;0.172287
0.07172;0.236328;0.172287
0.0707673;0.24365;0.172287
0.0731832;0.229006;0.179609
0.0723843;0.236328;0.179609
0.071508;0.24365;0.179609
0.0739693;0.229006;0.186932
0.0732388;0.236328;0.186932
0.0724222;0.24365;0.186932
0.07018;0.247912;0.172287
0.0691191;0.255234;0.172287
0.0680019;0.262557;0.172287
0.0709649;0.247912;0.179609
0.0699753;0.255234;0.179609
0.0689138;0.262557;0.179609
0.0719098;0.247912;0.186932
0.070969;0.255234;0.186932
0.0699355;0.262557;0.186932
0.0654864;0.266818;0.153381
0.0640591;0.274141;0.153381
0.0626152;0.281463;0.153381
0.0660795;0.266818;0.160703
0.0647618;0.274141;0.160703
0.0633815;0.281463;0.160703
0.0668288;0.266818;0.168025
0.0655722;0.274141;0.168025
0.0642599;0.281463;0.168025
0.0617515;0.285725;0.153381
0.0602315;0.293047;0.153381
0.058684;0.300369;0.153381
0.0625585;0.285725;0.160703
0.0611101;0.293047;0.160703
0.059604;0.300369;0.160703
0.063467;0.285725;0.168025
0.0620579;0.293047;0.168025
0.0605834;0.300369;0.168025
0.06732;0.266818;0.172287
0.0660975;0.274141;0.172287
0.0648101;0.281463;0.172287
0.0682601;0.266818;0.179609
0.0670751;0.274141;0.179609
0.0658226;0.281463;0.179609
0.0692977;0.266818;0.186932
0.0681421;0.274141;0.186932
0.0668868;0.281463;0.186932
0.0640296;0.285725;0.172287
0.0626381;0.293047;0.172287
0.0611725;0.300369;0.172287
0.0650547;0.285725;0.179609
0.0636677;0.293047;0.179609
0.0622164;0.300369;0.179609
0.0661202;0.285725;0.186932
0.0647435;0.293047;0.186932
0.0632592;0.300369;0.186932
0.0745172;0.229006;0.191193
0.073818;0.236328;0.191193
0.0730235;0.24365;0.191193
0.0756124;0.229006;0.198516
0.074931;0.236328;0.198516
0.0741732;0.24365;0.198516
0.076853;0.229006;0.205838
0.076197;0.236328;0.205838
0.0754156;0.24365;0.205838
0.0725226;0.247912;0.191193
0.071599;0.255234;0.191193
0.0705741;0.262557;0.191193
0.0736813;0.247912;0.198516
0.072749;0.255234;0.198516
0.0717437;0.262557;0.198516
0.0749193;0.247912;0.205838
0.0739973;0.255234;0.205838
0.0729455;0.262557;0.205838
0.0776372;0.229006;0.2101
0.0769754;0.236328;0.2101
0.0761803;0.24365;0.2101
0.0790847;0.229006;0.217422
0.0783587;0.236328;0.217422
0.0775595;0.24365;0.217422
0.0805731;0.229006;0.224744
0.0798305;0.236328;0.224744
0.0789353;0.24365;0.224744
0.0756755;0.247912;0.2101
0.0747377;0.255234;0.2101
0.0736629;0.262557;0.2101
0.0770303;0.247912;0.217422
0.0760114;0.255234;0.217422
0.0749209;0.262557;0.217422
0.0783705;0.247912;0.224744
0.0773255;0.255234;0.224744
0.0761244;0.262557;0.224744
0.0699397;0.266818;0.191193
0.0687874;0.274141;0.191193
0.0675274;0.281463;0.191193
0.0711058;0.266818;0.198516
0.0699188;0.274141;0.198516
0.0686616;0.281463;0.198516
0.0722923;0.266818;0.205838
0.0711008;0.274141;0.205838
0.0697741;0.281463;0.205838
0.0667565;0.285725;0.191193
0.0653693;0.293047;0.191193
0.0638675;0.300369;0.191193
0.0678747;0.285725;0.198516
0.0664273;0.293047;0.198516
0.0649121;0.300369;0.198516
0.0689612;0.285725;0.205838
0.0674951;0.293047;0.205838
0.0658872;0.300369;0.205838
0.0729954;0.266818;0.2101
0.0717781;0.274141;0.2101
0.070419;0.281463;0.2101
0.0742204;0.266818;0.217422
0.0729044;0.274141;0.217422
0.0715181;0.281463;0.217422
0.0753816;0.266818;0.224744
0.07403;0.274141;0.224744
0.0725174;0.281463;0.224744
0.0695862;0.285725;0.2101
0.0680841;0.293047;0.2101
0.0664346;0.300369;0.2101
0.0706434;0.285725;0.217422
0.0690244;0.293047;0.217422
0.0673367;0.300369;0.217422
0.0715934;0.285725;0.224744
0.0699296;0.293047;0.224744
0.0680985;0.300369;0.224744
0.0828961;0.153381;0.229006
0.0833157;0.160703;0.229006
0.0835807;0.168025;0.229006
0.085213;0.153381;0.236328
0.0855135;0.160703;0.236328
0.0857579;0.168025;0.236328
0.0876808;0.153381;0.24365
0.0879403;0.160703;0.24365
0.0880379;0.168025;0.24365
0.083693;0.172287;0.229006
0.0838165;0.179609;0.229006
0.0837854;0.186932;0.229006
0.0858307;0.172287;0.236328
0.0858369;0.179609;0.236328
0.0857823;0.186932;0.236328
0.0880555;0.172287;0.24365
0.0880205;0.179609;0.24365
0.0878228;0.186932;0.24365
0.0891885;0.153381;0.247912
0.0893857;0.160703;0.247912
0.0894152;0.168025;0.247912
0.0918829;0.153381;0.255234
0.0918853;0.160703;0.255234
0.0918518;0.168025;0.255234
0.0945392;0.153381;0.262557
0.0944645;0.160703;0.262557
0.0942259;0.168025;0.262557
0.0893956;0.172287;0.247912
0.0893004;0.179609;0.247912
0.0890365;0.186932;0.247912
0.0917607;0.172287;0.255234
0.0914804;0.179609;0.255234
0.0911542;0.186932;0.255234
0.0940525;0.172287;0.262557
0.0936965;0.179609;0.262557
0.0931742;0.186932;0.262557
0.0837247;0.191193;0.229006
0.0835497;0.198516;0.229006
0.0832193;0.205838;0.229006
0.0856807;0.191193;0.236328
0.0853866;0.198516;0.236328
0.0850283;0.205838;0.236328
0.0876665;0.191193;0.24365
0.087329;0.198516;0.24365
0.0868276;0.205838;0.24365
0.0829839;0.2101;0.229006
0.0825077;0.217422;0.229006
0.0818746;0.224744;0.229006
0.0847494;0.2101;0.236328
0.0841495;0.217422;0.236328
0.083483;0.224744;0.236328
0.0864931;0.2101;0.24365
0.0858461;0.217422;0.24365
0.0850335;0.224744;0.24365
0.0888437;0.191193;0.247912
0.0884465;0.198516;0.247912
0.0878793;0.205838;0.247912
0.0908916;0.191193;0.255234
0.0903149;0.198516;0.255234
0.0896844;0.205838;0.255234
0.0928321;0.191193;0.262557
0.0921796;0.198516;0.262557
0.0913584;0.205838;0.262557
0.0875081;0.2101;0.247912
0.0868006;0.217422;0.247912
0.0859213;0.224744;0.247912
0.0892435;0.2101;0.255234
0.0883588;0.217422;0.255234
0.0874143;0.224744;0.255234
0.0908395;0.2101;0.262557
0.0898777;0.217422;0.262557
0.0887445;0.224744;0.262557
0.0960816;0.153381;0.266818
0.0959212;0.160703;0.266818
0.0955911;0.168025;0.266818
0.0987137;0.153381;0.274141
0.098317;0.160703;0.274141
0.0978984;0.168025;0.274141
0.10115;0.153381;0.281463
0.100656;0.160703;0.281463
0.100002;0.168025;0.281463
0.0953673;0.172287;0.266818
0.0949291;0.179609;0.266818
0.0943187;0.186932;0.266818
0.0975843;0.172287;0.274141
0.0969217;0.179609;0.274141
0.0962236;0.186932;0.274141
0.0995909;0.172287;0.281463
0.0988315;0.179609;0.281463
0.0979087;0.186932;0.281463
0.102499;0.153381;0.285725
0.101908;0.160703;0.285725
0.101152;0.168025;0.285725
0.104696;0.153381;0.293047
0.103852;0.160703;0.293047
0.102993;0.168025;0.293047
0.106571;0.153381;0.300369
0.105621;0.160703;0.300369
0.104517;0.168025;0.300369
0.100683;0.172287;0.285725
0.0998298;0.179609;0.285725
0.0988068;0.186932;0.285725
0.102426;0.172287;0.293047
0.101331;0.179609;0.293047
0.100205;0.186932;0.293047
0.103846;0.172287;0.300369
0.102643;0.179609;0.300369
0.101282;0.186932;0.300369
0.0939276;0.191193;0.266818
0.0931951;0.198516;0.266818
0.0922878;0.205838;0.266818
0.0957448;0.191193;0.274141
0.0947965;0.198516;0.274141
0.0938013;0.205838;0.274141
0.0973357;0.191193;0.281463
0.0962903;0.198516;0.281463
0.0950778;0.205838;0.281463
0.0917207;0.2101;0.266818
0.0906798;0.217422;0.266818
0.0894611;0.224744;0.266818
0.0931478;0.2101;0.274141
0.0918965;0.217422;0.274141
0.0905893;0.224744;0.274141
0.0943321;0.2101;0.281463
0.0929827;0.217422;0.281463
0.0914625;0.224744;0.281463
0.098178;0.191193;0.285725
0.097041;0.198516;0.285725
0.0957303;0.205838;0.285725
0.099479;0.191193;0.293047
0.098109;0.198516;0.293047
0.0966944;0.205838;0.293047
0.100455;0.191193;0.300369
0.0989741;0.198516;0.300369
0.0973321;0.205838;0.300369
0.0949299;0.2101;0.285725
0.0934904;0.217422;0.285725
0.091873;0.224744;0.285725
0.0957982;0.2101;0.293047
0.0941319;0.217422;0.293047
0.0924098;0.224744;0.293047
0.0963364;0.2101;0.300369
0.0945576;0.217422;0.300369
0.0926129;0.224744;0.300369
0.0814627;0.229006;0.229006
0.0806821;0.236328;0.229006
0.0797424;0.24365;0.229006
0.0830237;0.229006;0.236328
0.0821126;0.236328;0.236328
0.0811332;0.24365;0.236328
0.0845167;0.229006;0.24365
0.0835539;0.236328;0.24365
0.0824228;0.24365;0.24365
0.0791519;0.247912;0.229006
0.078063;0.255234;0.229006
0.0768118;0.262557;0.229006
0.0804906;0.247912;0.236328
0.0792623;0.255234;0.236328
0.077965;0.262557;0.236328
0.0817197;0.247912;0.24365
0.0804347;0.255234;0.24365
0.0789774;0.262557;0.24365
0.0853669;0.229006;0.247912
0.0843416;0.236328;0.247912
0.0831419;0.24365;0.247912
0.0867891;0.229006;0.255234
0.0855857;0.236328;0.255234
0.0843181;0.24365;0.255234
0.0880415;0.229006;0.262557
0.0867592;0.236328;0.262557
0.0853017;0.24365;0.262557
0.0823999;0.247912;0.247912
0.0810494;0.255234;0.247912
0.0795209;0.262557;0.247912
0.0835031;0.247912;0.255234
0.0819709;0.255234;0.255234
0.0803716;0.262557;0.255234
0.0844084;0.247912;0.262557
0.0827949;0.255234;0.262557
0.0810017;0.262557;0.262557
0.0760398;0.266818;0.229006
0.0746378;0.274141;0.229006
0.0730693;0.281463;0.229006
0.0771354;0.266818;0.236328
0.0755833;0.274141;0.236328
0.0739621;0.281463;0.236328
0.0780841;0.266818;0.24365
0.07647;0.274141;0.24365
0.0746785;0.281463;0.24365
0.0721123;0.285725;0.229006
0.0703913;0.293047;0.229006
0.0684983;0.300369;0.229006
0.0729418;0.285725;0.236328
0.071058;0.293047;0.236328
0.0691063;0.300369;0.236328
0.0735903;0.285725;0.24365
0.0716399;0.293047;0.24365
0.0695048;0.300369;0.24365
0.0785866;0.266818;0.247912
0.0769035;0.274141;0.247912
0.0750373;0.281463;0.247912
0.0793614;0.266818;0.255234
0.0774903;0.274141;0.255234
0.0755509;0.281463;0.255234
0.0799117;0.266818;0.262557
0.0779571;0.274141;0.262557
0.0758167;0.281463;0.262557
0.0739059;0.285725;0.247912
0.0718821;0.293047;0.247912
0.0696687;0.300369;0.247912
0.0743396;0.285725;0.255234
0.0721189;0.293047;0.255234
0.0698304;0.300369;0.255234
0.0745239;0.285725;0.262557
0.0722182;0.293047;0.262557
0.0697183;0.300369;0.262557
0.0887103;0.229006;0.266818
0.0873486;0.236328;0.266818
0.0858055;0.24365;0.266818
0.0897522;0.229006;0.274141
0.0881824;0.236328;0.274141
0.0865499;0.24365;0.274141
0.0905345;0.229006;0.281463
0.0888653;0.236328;0.281463
0.087021;0.24365;0.281463
0.0848638;0.247912;0.266818
0.0831699;0.255234;0.266818
0.0812899;0.262557;0.266818
0.085521;0.247912;0.274141
0.0836184;0.255234;0.274141
0.0816482;0.262557;0.274141
0.0859016;0.247912;0.281463
0.0838984;0.255234;0.281463
0.0817147;0.262557;0.281463
0.0908907;0.229006;0.285725
0.089132;0.236328;0.285725
0.0871908;0.24365;0.285725
0.0913321;0.229006;0.293047
0.0893503;0.236328;0.293047
0.0873034;0.24365;0.293047
0.0914369;0.229006;0.300369
0.0893406;0.236328;0.300369
0.0870737;0.24365;0.300369
0.0860173;0.247912;0.285725
0.0839243;0.255234;0.285725
0.0816432;0.262557;0.285725
0.086034;0.247912;0.293047
0.0837189;0.255234;0.293047
0.0813319;0.262557;0.293047
0.0857067;0.247912;0.300369
0.0832753;0.255234;0.300369
0.0806678;0.262557;0.300369
0.0801506;0.266818;0.266818
0.0781137;0.274141;0.266818
0.0758847;0.281463;0.266818
0.0804199;0.266818;0.274141
0.0781708;0.274141;0.274141
0.0758515;0.281463;0.274141
0.0803958;0.266818;0.281463
0.0780451;0.274141;0.281463
0.0755072;0.281463;0.281463
0.0745414;0.285725;0.266818
0.0721509;0.293047;0.266818
0.0695599;0.300369;0.266818
0.0744165;0.285725;0.274141
0.0718072;0.293047;0.274141
0.0691273;0.300369;0.274141
0.0739811;0.285725;0.281463
0.0712706;0.293047;0.281463
0.0683637;0.300369;0.281463
0.0802697;0.266818;0.285725
0.0778284;0.274141;0.285725
0.0751918;0.281463;0.285725
0.0798613;0.266818;0.293047
0.0771958;0.274141;0.293047
0.0744539;0.281463;0.293047
0.0790999;0.266818;0.300369
0.0763173;0.274141;0.300369
0.0733514;0.281463;0.300369
0.0736103;0.285725;0.285725
0.070808;0.293047;0.285725
0.0678008;0.300369;0.285725
0.0727729;0.285725;0.293047
0.0697412;0.293047;0.293047
0.0666324;0.300369;0.293047
0.0715727;0.285725;0.300369
0.0684237;0.293047;0.300369
0.065084;0.300369;0.300369
0.0530621;0.304631;0.00213077
0.0496868;0.311953;0.00213077
0.0464725;0.319275;0.00213077
0.0529966;0.304631;0.00945312
0.0497364;0.311953;0.00945312
0.046437;0.319275;0.00945312
0.0530071;0.304631;0.0167755
0.0496686;0.311953;0.0167755
0.0464901;0.319275;0.0167755
0.044611;0.323537;0.00213077
0.0414337;0.330859;0.00213077
0.0384195;0.338182;0.00213077
0.0445782;0.323537;0.00945312
0.0415069;0.330859;0.00945312
0.0384169;0.338182;0.00945312
0.0446496;0.323537;0.0167755
0.041509;0.330859;0.0167755
0.0385302;0.338182;0.0167755
0.052977;0.304631;0.021037
0.0496598;0.311953;0.021037
0.0465018;0.319275;0.021037
0.0528671;0.304631;0.0283594
0.0496981;0.311953;0.0283594
0.0464929;0.319275;0.0283594
0.0528422;0.304631;0.0356817
0.0496331;0.311953;0.0356817
0.0465794;0.319275;0.0356817
0.0446735;0.323537;0.021037
0.0415541;0.330859;0.021037
0.0385956;0.338182;0.021037
0.044688;0.323537;0.0283594
0.0417066;0.330859;0.0283594
0.0387097;0.338182;0.0283594
0.0448123;0.323537;0.0356817
0.041799;0.330859;0.0356817
0.0389423;0.338182;0.0356817
0.0366816;0.342443;0.00213077
0.0337287;0.349766;0.00213077
0.0309405;0.357088;0.00213077
0.0366816;0.342443;0.00945312
0.0338253;0.349766;0.00945312
0.0309709;0.357088;0.00945312
0.0368133;0.342443;0.0167755
0.0338968;0.349766;0.0167755
0.0311438;0.357088;0.0167755
0.0293416;0.36135;0.00213077
0.0266394;0.368672;0.00213077
0.0241034;0.375994;0.00213077
0.0293743;0.36135;0.00945312
0.0267589;0.368672;0.00945312
0.0241667;0.375994;0.00945312
0.0295655;0.36135;0.0167755
0.0268995;0.368672;0.0167755
0.024398;0.375994;0.0167755
0.0368906;0.342443;0.021037
0.0339951;0.349766;0.021037
0.0312619;0.357088;0.021037
0.0370275;0.342443;0.0283594
0.0342593;0.349766;0.0283594
0.0314965;0.357088;0.0283594
0.0372968;0.342443;0.0356817
0.0345046;0.349766;0.0356817
0.0318693;0.357088;0.0356817
0.0296953;0.36135;0.021037
0.0270499;0.368672;0.021037
0.0245677;0.375994;0.021037
0.0299518;0.36135;0.0283594
0.0274218;0.368672;0.0283594
0.0249186;0.375994;0.0283594
0.0303599;0.36135;0.0356817
0.0278132;0.368672;0.0356817
0.0254229;0.375994;0.0356817
0.0527993;0.304631;0.0399433
0.0496314;0.311953;0.0399433
0.0466171;0.319275;0.0399433
0.0526849;0.304631;0.0472656
0.0496916;0.311953;0.0472656
0.046667;0.319275;0.0472656
0.0526712;0.304631;0.054588
0.0496747;0.311953;0.054588
0.0468238;0.319275;0.054588
0.0448731;0.323537;0.0399433
0.0418998;0.330859;0.0399433
0.0390809;0.338182;0.0399433
0.0449646;0.323537;0.0472656
0.0421528;0.330859;0.0472656
0.0393302;0.338182;0.0472656
0.0451748;0.323537;0.054588
0.0423652;0.330859;0.054588
0.0397005;0.338182;0.054588
0.0526477;0.304631;0.0588495
0.0497088;0.311953;0.0588495
0.0469123;0.319275;0.0588495
0.0525913;0.304631;0.0661719
0.0498434;0.311953;0.0661719
0.0470689;0.319275;0.0661719
0.0526545;0.304631;0.0734942
0.0499352;0.311953;0.0734942
0.047344;0.319275;0.0734942
0.045295;0.323537;0.0588495
0.0425395;0.330859;0.0588495
0.0399248;0.338182;0.0588495
0.0455067;0.323537;0.0661719
0.0429233;0.330859;0.0661719
0.0403321;0.338182;0.0661719
0.0458448;0.323537;0.0734942
0.04329;0.330859;0.0734942
0.0408592;0.338182;0.0734942
0.0374577;0.342443;0.0399433
0.0347037;0.349766;0.0399433
0.032104;0.357088;0.0399433
0.0377462;0.342443;0.0472656
0.0351386;0.349766;0.0472656
0.0325404;0.357088;0.0472656
0.0381663;0.342443;0.054588
0.0355646;0.349766;0.054588
0.0331054;0.357088;0.054588
0.0306153;0.36135;0.0399433
0.0281041;0.368672;0.0399433
0.0257459;0.375994;0.0399433
0.0310874;0.36135;0.0472656
0.0287045;0.368672;0.0472656
0.0263508;0.375994;0.0472656
0.031697;0.36135;0.054588
0.0293211;0.368672;0.054588
0.0270831;0.375994;0.054588
0.0384195;0.342443;0.0588495
0.0358669;0.349766;0.0588495
0.0334516;0.357088;0.0588495
0.038876;0.342443;0.0661719
0.036473;0.349766;0.0661719
0.0340795;0.357088;0.0661719
0.0394583;0.342443;0.0734942
0.0370803;0.349766;0.0734942
0.0348196;0.357088;0.0734942
0.0320681;0.36135;0.0588495
0.0297338;0.368672;0.0588495
0.0275311;0.375994;0.0588495
0.0327369;0.36135;0.0661719
0.030525;0.368672;0.0661719
0.0283376;0.375994;0.0661719
0.0335218;0.36135;0.0734942
0.0313268;0.368672;0.0734942
0.0292391;0.375994;0.0734942
0.0226585;0.380256;0.00213077
0.0202334;0.387578;0.00213077
0.0179755;0.3949;0.00213077
0.022724;0.380256;0.00945312
0.0203756;0.387578;0.00945312
0.0180719;0.3949;0.00945312
0.0229736;0.380256;0.0167755
0.0205843;0.387578;0.0167755
0.0183601;0.3949;0.0167755
0.0167001;0.399162;0.00213077
0.0145787;0.406484;0.00213077
0.0126257;0.413807;0.00213077
0.0167984;0.399162;0.00945312
0.014743;0.406484;0.00945312
0.0127549;0.413807;0.00945312
0.0171046;0.399162;0.0167755
0.0150182;0.406484;0.0167755
0.0130974;0.413807;0.0167755
0.0231546;0.380256;0.021037
0.0207852;0.387578;0.021037
0.0185792;0.3949;0.021037
0.0235261;0.380256;0.0283594
0.0212586;0.387578;0.0283594
0.0190395;0.3949;0.0283594
0.024063;0.380256;0.0356817
0.0217847;0.387578;0.0356817
0.0196607;0.3949;0.0356817
0.0173344;0.399162;0.021037
0.0152666;0.406484;0.021037
0.0133623;0.413807;0.021037
0.0178129;0.399162;0.0283594
0.015831;0.406484;0.0283594
0.0139189;0.413807;0.0283594
0.0184624;0.399162;0.0356817
0.0164726;0.406484;0.0356817
0.0146329;0.413807;0.0356817
0.0115354;0.418068;0.00213077
0.00974419;0.425391;0.00213077
0.00812093;0.432713;0.00213077
0.0116663;0.418068;0.00945312
0.00992997;0.425391;0.00945312
0.00828257;0.432713;0.00945312
0.0120261;0.418068;0.0167755
0.0102682;0.425391;0.0167755
0.0086744;0.432713;0.0167755
0.00722994;0.436975;0.00213077
0.00579719;0.444297;0.00213077
0.00453701;0.451619;0.00213077
0.00739321;0.436975;0.00945312
0.00600364;0.444297;0.00945312
0.00472981;0.451619;0.00945312
0.00780048;0.436975;0.0167755
0.00639679;0.444297;0.0167755
0.00515826;0.451619;0.0167755
0.0123004;0.418068;0.021037
0.0105585;0.425391;0.021037
0.00897754;0.432713;0.021037
0.0128711;0.418068;0.0283594
0.0111944;0.425391;0.0283594
0.00960591;0.432713;0.0283594
0.0136056;0.418068;0.0356817
0.0119176;0.425391;0.0356817
0.0103704;0.432713;0.0356817
0.00811039;0.436975;0.021037
0.00671664;0.444297;0.021037
0.00548239;0.451619;0.021037
0.00874488;0.436975;0.0283594
0.00738623;0.444297;0.0283594
0.00613202;0.451619;0.0283594
0.00951644;0.436975;0.0356817
0.00813129;0.444297;0.0356817
0.00687285;0.451619;0.0356817
0.0244044;0.380256;0.0399433
0.0221572;0.387578;0.0399433
0.0200598;0.3949;0.0399433
0.0250395;0.380256;0.0472656
0.0228983;0.387578;0.0472656
0.0208042;0.3949;0.0472656
0.0258087;0.380256;0.054588
0.0236711;0.387578;0.054588
0.0216637;0.3949;0.054588
0.0188762;0.399162;0.0399433
0.0169101;0.406484;0.0399433
0.0150881;0.413807;0.0399433
0.0196426;0.399162;0.0472656
0.0177536;0.406484;0.0472656
0.0159268;0.413807;0.0472656
0.0205273;0.399162;0.054588
0.0186322;0.406484;0.054588
0.0168551;0.413807;0.054588
0.026276;0.380256;0.0588495
0.0241693;0.387578;0.0588495
0.0221851;0.3949;0.0588495
0.0271122;0.380256;0.0661719
0.0250945;0.387578;0.0661719
0.0231129;0.3949;0.0661719
0.0280446;0.380256;0.0734942
0.02603;0.387578;0.0734942
0.0241089;0.3949;0.0734942
0.0210602;0.399162;0.0588495
0.019181;0.406484;0.0588495
0.0174106;0.413807;0.0588495
0.0220025;0.399162;0.0661719
0.0201719;0.406484;0.0661719
0.0183837;0.413807;0.0661719
0.0230117;0.399162;0.0734942
0.0211636;0.406484;0.0734942
0.0193907;0.413807;0.0734942
0.0140694;0.418068;0.0399433
0.0123927;0.425391;0.0399433
0.0108489;0.432713;0.0399433
0.0149171;0.418068;0.0472656
0.0132798;0.425391;0.0472656
0.0117127;0.432713;0.0472656
0.0158543;0.418068;0.054588
0.014192;0.425391;0.054588
0.0126287;0.432713;0.054588
0.0099939;0.436975;0.0399433
0.00860071;0.444297;0.0399433
0.00732259;0.451619;0.0399433
0.0108477;0.436975;0.0472656
0.00944493;0.444297;0.0472656
0.00811061;0.451619;0.0472656
0.0117497;0.436975;0.054588
0.0102912;0.444297;0.054588
0.00890622;0.451619;0.054588
0.0164107;0.418068;0.0588495
0.0147445;0.425391;0.0588495
0.0131665;0.432713;0.0588495
0.017379;0.418068;0.0661719
0.0157145;0.425391;0.0661719
0.0140895;0.432713;0.0661719
0.0183777;0.418068;0.0734942
0.0166678;0.425391;0.0734942
0.0150089;0.432713;0.0734942
0.0122746;0.436975;0.0588495
0.0107861;0.444297;0.0588495
0.00936019;0.451619;0.0588495
0.0131692;0.436975;0.0661719
0.01163;0.444297;0.0661719
0.0101201;0.451619;0.0661719
0.0140566;0.436975;0.0734942
0.0124404;0.444297;0.0734942
0.0108477;0.451619;0.0734942
0.0526912;0.304631;0.0777558
0.0500404;0.311953;0.0777558
0.0475126;0.319275;0.0777558
0.0527667;0.304631;0.0850781
0.0503089;0.311953;0.0850781
0.0478267;0.319275;0.0850781
0.0529772;0.304631;0.0924005
0.0505707;0.311953;0.0924005
0.048265;0.319275;0.0924005
0.0460497;0.323537;0.0777558
0.043556;0.330859;0.0777558
0.0411798;0.338182;0.0777558
0.046425;0.323537;0.0850781
0.0440978;0.330859;0.0850781
0.0417611;0.338182;0.0850781
0.0469279;0.323537;0.0924005
0.0446442;0.330859;0.0924005
0.0424529;0.338182;0.0924005
0.0531149;0.304631;0.096662
0.0507797;0.311953;0.096662
0.0485381;0.319275;0.096662
0.0533895;0.304631;0.103984
0.0512316;0.311953;0.103984
0.0490468;0.319275;0.103984
0.0538042;0.304631;0.111307
0.0517074;0.311953;0.111307
0.0496741;0.319275;0.111307
0.0472369;0.323537;0.096662
0.0450123;0.330859;0.096662
0.0428718;0.338182;0.096662
0.0478043;0.323537;0.103984
0.0457229;0.330859;0.103984
0.0436247;0.338182;0.103984
0.0484885;0.323537;0.111307
0.0464524;0.330859;0.111307
0.044468;0.338182;0.111307
0.0398098;0.342443;0.0777558
0.037483;0.349766;0.0777558
0.0352658;0.357088;0.0777558
0.0404418;0.342443;0.0850781
0.0382504;0.349766;0.0850781
0.0360619;0.357088;0.0850781
0.0411854;0.342443;0.0924005
0.0390253;0.349766;0.0924005
0.0369465;0.357088;0.0924005
0.0339919;0.36135;0.0777558
0.031835;0.368672;0.0777558
0.0297767;0.375994;0.0777558
0.0348253;0.36135;0.0850781
0.0327676;0.368672;0.0850781
0.0307219;0.375994;0.0850781
0.0357461;0.36135;0.0924005
0.0337028;0.368672;0.0924005
0.0317265;0.375994;0.0924005
0.0416321;0.342443;0.096662
0.0395163;0.349766;0.096662
0.0374725;0.357088;0.096662
0.0424285;0.342443;0.103984
0.0404178;0.349766;0.103984
0.0383976;0.357088;0.103984
0.0433119;0.342443;0.111307
0.041327;0.349766;0.111307
0.0393797;0.357088;0.111307
0.0362902;0.36135;0.096662
0.0342738;0.368672;0.096662
0.0323143;0.375994;0.096662
0.0372414;0.36135;0.103984
0.0352885;0.368672;0.103984
0.0333295;0.375994;0.103984
0.0382449;0.36135;0.111307
0.0362948;0.368672;0.111307
0.0343661;0.375994;0.111307
0.0540719;0.304631;0.115568
0.0520397;0.311953;0.115568
0.050062;0.319275;0.115568
0.0545865;0.304631;0.122891
0.0526975;0.311953;0.122891
0.0507741;0.319275;0.122891
0.0552296;0.304631;0.130213
0.0533974;0.311953;0.130213
0.0515836;0.319275;0.130213
0.0489068;0.323537;0.115568
0.0469191;0.330859;0.115568
0.0449733;0.338182;0.115568
0.0496661;0.323537;0.122891
0.0477822;0.330859;0.122891
0.0458699;0.338182;0.122891
0.0505167;0.323537;0.130213
0.0486682;0.330859;0.130213
0.0468248;0.338182;0.130213
0.0556344;0.304631;0.134475
0.053851;0.311953;0.134475
0.0520762;0.319275;0.134475
0.0563878;0.304631;0.141797
0.0546978;0.311953;0.141797
0.0529632;0.319275;0.141797
0.0572389;0.304631;0.149119
0.0555895;0.311953;0.149119
0.0539104;0.319275;0.149119
0.0510297;0.323537;0.134475
0.0492117;0.330859;0.134475
0.047389;0.338182;0.134475
0.0519452;0.323537;0.141797
0.0501803;0.330859;0.141797
0.0483739;0.338182;0.141797
0.0529125;0.323537;0.149119
0.0511648;0.330859;0.149119
0.0493749;0.338182;0.149119
0.0438374;0.342443;0.115568
0.0418827;0.349766;0.115568
0.0399557;0.357088;0.115568
0.044763;0.342443;0.122891
0.0428709;0.349766;0.122891
0.0409535;0.357088;0.122891
0.0457404;0.342443;0.130213
0.0438601;0.349766;0.130213
0.0419703;0.357088;0.130213
0.0388299;0.36135;0.115568
0.0368904;0.368672;0.115568
0.0349624;0.375994;0.115568
0.0398378;0.36135;0.122891
0.0379187;0.368672;0.122891
0.0359741;0.375994;0.122891
0.0408575;0.36135;0.130213
0.0389249;0.368672;0.130213
0.0369672;0.375994;0.130213
0.046314;0.342443;0.134475
0.0444449;0.349766;0.134475
0.0425571;0.357088;0.134475
0.0473089;0.342443;0.141797
0.045453;0.349766;0.141797
0.0435564;0.357088;0.141797
0.0483114;0.342443;0.149119
0.0464489;0.349766;0.149119
0.0445307;0.357088;0.149119
0.0414425;0.36135;0.134475
0.0395019;0.368672;0.134475
0.0375274;0.375994;0.134475
0.0424333;0.36135;0.141797
0.040467;0.368672;0.141797
0.038458;0.375994;0.141797
0.0433909;0.36135;0.149119
0.0413936;0.368672;0.149119
0.0393268;0.375994;0.149119
0.0285971;0.380256;0.0777558
0.0266041;0.387578;0.0777558
0.0246948;0.3949;0.0777558
0.0295631;0.380256;0.0850781
0.0276281;0.387578;0.0850781
0.0257096;0.3949;0.0850781
0.0305855;0.380256;0.0924005
0.0286429;0.387578;0.0924005
0.0267499;0.3949;0.0924005
0.0236017;0.399162;0.0777558
0.0217555;0.406484;0.0777558
0.0199737;0.413807;0.0777558
0.0246179;0.399162;0.0850781
0.0227843;0.406484;0.0850781
0.0209657;0.413807;0.0850781
0.0256554;0.399162;0.0924005
0.0237873;0.406484;0.0924005
0.0219482;0.413807;0.0924005
0.0311804;0.380256;0.096662
0.0292449;0.387578;0.096662
0.0273486;0.3949;0.096662
0.0322024;0.380256;0.103984
0.0302867;0.387578;0.103984
0.0283641;0.3949;0.103984
0.0332401;0.380256;0.111307
0.0313011;0.387578;0.111307
0.0293657;0.3949;0.111307
0.0262491;0.399162;0.096662
0.0243667;0.406484;0.096662
0.0225028;0.413807;0.096662
0.0272508;0.399162;0.103984
0.0253437;0.406484;0.103984
0.0234239;0.413807;0.103984
0.0282323;0.399162;0.111307
0.0262735;0.406484;0.111307
0.0242992;0.413807;0.111307
0.0189519;0.418068;0.0777558
0.0172206;0.425391;0.0777558
0.0155302;0.432713;0.0777558
0.0199231;0.418068;0.0850781
0.0181565;0.425391;0.0850781
0.0163983;0.432713;0.0850781
0.0208802;0.418068;0.0924005
0.0190492;0.425391;0.0924005
0.0172255;0.432713;0.0924005
0.0145561;0.436975;0.0777558
0.0128958;0.444297;0.0777558
0.011249;0.451619;0.0777558
0.0153817;0.436975;0.0850781
0.0136408;0.444297;0.0850781
0.0118917;0.451619;0.0850781
0.0161618;0.436975;0.0924005
0.0143241;0.444297;0.0924005
0.0124654;0.451619;0.0924005
0.0214172;0.418068;0.096662
0.0195498;0.425391;0.096662
0.01768;0.432713;0.096662
0.0223034;0.418068;0.103984
0.0203687;0.425391;0.103984
0.0184118;0.432713;0.103984
0.0231377;0.418068;0.111307
0.0211214;0.425391;0.111307
0.0190719;0.432713;0.111307
0.0165861;0.436975;0.096662
0.0146904;0.444297;0.096662
0.0127647;0.451619;0.096662
0.017262;0.436975;0.103984
0.0152597;0.444297;0.103984
0.0132175;0.451619;0.103984
0.0178602;0.436975;0.111307
0.0157445;0.444297;0.111307
0.0135779;0.451619;0.111307
0.0338339;0.380256;0.115568
0.031885;0.387578;0.115568
0.0299302;0.3949;0.115568
0.0348361;0.380256;0.122891
0.0328661;0.387578;0.122891
0.0308669;0.3949;0.122891
0.0358122;0.380256;0.130213
0.0338022;0.387578;0.130213
0.0317509;0.3949;0.130213
0.0287825;0.399162;0.115568
0.026793;0.406484;0.115568
0.0247792;0.413807;0.115568
0.0296901;0.399162;0.122891
0.0276397;0.406484;0.122891
0.0255523;0.413807;0.122891
0.0305378;0.399162;0.130213
0.0284208;0.406484;0.130213
0.026246;0.413807;0.130213
0.0363596;0.380256;0.134475
0.034322;0.387578;0.134475
0.0322358;0.3949;0.134475
0.0372635;0.380256;0.141797
0.0351633;0.387578;0.141797
0.033016;0.3949;0.141797
0.0380981;0.380256;0.149119
0.0359429;0.387578;0.149119
0.0337041;0.3949;0.149119
0.0309994;0.399162;0.134475
0.0288369;0.406484;0.134475
0.0266103;0.413807;0.134475
0.0317358;0.399162;0.141797
0.0294773;0.406484;0.141797
0.0271635;0.413807;0.141797
0.0323717;0.399162;0.149119
0.0300328;0.406484;0.149119
0.0275976;0.413807;0.149119
0.023592;0.418068;0.115568
0.0215256;0.425391;0.115568
0.0194171;0.432713;0.115568
0.0243174;0.418068;0.122891
0.022154;0.425391;0.122891
0.0199412;0.432713;0.122891
0.0249552;0.418068;0.130213
0.0226957;0.425391;0.130213
0.0203649;0.432713;0.130213
0.0181684;0.436975;0.115568
0.0159836;0.444297;0.115568
0.013739;0.451619;0.115568
0.018627;0.436975;0.122891
0.0163149;0.444297;0.122891
0.0139362;0.451619;0.122891
0.0189763;0.436975;0.130213
0.0165402;0.444297;0.130213
0.0140271;0.451619;0.130213
0.0252855;0.418068;0.134475
0.0229612;0.425391;0.134475
0.0205611;0.432713;0.134475
0.0257794;0.418068;0.141797
0.023329;0.425391;0.141797
0.0208108;0.432713;0.141797
0.0261474;0.418068;0.149119
0.0235962;0.425391;0.149119
0.020931;0.432713;0.149119
0.0191302;0.436975;0.134475
0.0166154;0.444297;0.134475
0.0140167;0.451619;0.134475
0.0193077;0.436975;0.141797
0.0166457;0.444297;0.141797
0.0138917;0.451619;0.141797
0.0193428;0.436975;0.149119
0.0165536;0.444297;0.149119
0.0136436;0.451619;0.149119
0.00386624;0.455881;0.00213077
0.00281462;0.463203;0.00213077
0.00192101;0.470525;0.00213077
0.00405987;0.455881;0.00945312
0.00303865;0.463203;0.00945312
0.00214265;0.470525;0.00945312
0.00449826;0.455881;0.0167755
0.00346324;0.463203;0.0167755
0.00257507;0.470525;0.0167755
0.00147793;0.474787;0.00213077
0.000856096;0.482109;0.00213077
0.000399894;0.489432;0.00213077
0.00169947;0.474787;0.00945312
0.00108698;0.482109;0.00945312
0.000617954;0.489432;0.00945312
0.00212677;0.474787;0.0167755
0.00146927;0.482109;0.0167755
0.000927337;0.489432;0.0167755
0.00482258;0.455881;0.021037
0.00378334;0.463203;0.021037
0.00288083;0.470525;0.021037
0.00546138;0.455881;0.0283594
0.00440972;0.463203;0.0283594
0.00345415;0.470525;0.0283594
0.00618532;0.455881;0.0356817
0.00507328;0.463203;0.0356817
0.00405236;0.470525;0.0356817
0.0024174;0.474787;0.021037
0.0017186;0.482109;0.021037
0.00111535;0.489432;0.021037
0.00294864;0.474787;0.0283594
0.00215934;0.482109;0.0283594
0.00143379;0.489432;0.0283594
0.00349599;0.474787;0.0356817
0.00259204;0.482109;0.0356817
0.00172763;0.489432;0.0356817
0.000255122;0.492509;0.00213077
0.000127134;0.495761;0.00213077
4.60767e-05;0.499013;0.00213077
0.000460927;0.492493;0.00945312
0.000320168;0.495692;0.00945312
0.000205184;0.49889;0.00945312
0.000729013;0.492478;0.0167755
0.000537122;0.495623;0.0167755
0.00035784;0.498767;0.0167755
0.000887089;0.492459;0.021037
0.000663906;0.495542;0.021037
0.000448489;0.498624;0.021037
0.00115143;0.492413;0.0283594
0.000878704;0.495334;0.0283594
0.000607921;0.498255;0.0283594
0.00138724;0.492366;0.0356817
0.00106794;0.495126;0.0356817
0.000747727;0.497886;0.0356817
0.00661863;0.455881;0.0399433
0.00546973;0.463203;0.0399433
0.00439895;0.470525;0.0399433
0.0073696;0.455881;0.0472656
0.00615212;0.463203;0.0472656
0.00498288;0.470525;0.0472656
0.00812341;0.455881;0.054588
0.00681173;0.463203;0.054588
0.00553831;0.470525;0.054588
0.0038073;0.474787;0.0399433
0.00283231;0.482109;0.0399433
0.00188552;0.489432;0.0399433
0.00432385;0.474787;0.0472656
0.00321791;0.482109;0.0472656
0.00212469;0.489432;0.0472656
0.00480918;0.474787;0.054588
0.00356283;0.482109;0.054588
0.00230698;0.489432;0.054588
0.00854958;0.455881;0.0588495
0.00718257;0.463203;0.0588495
0.00584186;0.470525;0.0588495
0.00925605;0.455881;0.0661719
0.00778802;0.463203;0.0661719
0.006324;0.470525;0.0661719
0.00992461;0.455881;0.0734942
0.00833938;0.463203;0.0734942
0.00674762;0.470525;0.0734942
0.00506877;0.474787;0.0588495
0.00373934;0.482109;0.0588495
0.00239064;0.489432;0.0588495
0.00547134;0.474787;0.0661719
0.00399645;0.482109;0.0661719
0.00249641;0.489432;0.0661719
0.00581395;0.474787;0.0734942
0.00418994;0.482109;0.0734942
0.00253004;0.489432;0.0734942
0.00151352;0.492329;0.0399433
0.00117349;0.494964;0.0399433
0.000831519;0.497599;0.0399433
0.00170304;0.492251;0.0472656
0.00134456;0.494617;0.0472656
0.000982307;0.496983;0.0472656
0.00183256;0.492172;0.054588
0.00146931;0.494269;0.054588
0.00110118;0.496365;0.054588
0.00189024;0.492118;0.0588495
0.00153622;0.494025;0.0588495
0.00117694;0.495933;0.0588495
0.00196171;0.492008;0.0661719
0.00164331;0.493537;0.0661719
0.00132062;0.495067;0.0661719
0.00196101;0.491897;0.0734942
0.00169225;0.493048;0.0734942
0.00142118;0.494198;0.0734942
0.0102882;0.455881;0.0777558
0.00863141;0.463203;0.0777558
0.0069631;0.470525;0.0777558
0.0108642;0.455881;0.0850781
0.00908124;0.463203;0.0850781
0.00727495;0.470525;0.0850781
0.0113691;0.455881;0.0924005
0.0094575;0.463203;0.0924005
0.00750362;0.470525;0.0924005
0.00596819;0.474787;0.0773793
0.00426418;0.482109;0.0773793
0.0025163;0.489432;0.0773793
0.00616583;0.474787;0.0834081
0.00433581;0.482109;0.0834081
0.00244939;0.489432;0.0834081
0.00630501;0.474787;0.0894368
0.00434649;0.482109;0.0894368
0.00231915;0.489432;0.0894368
0.00634107;0.47478;0.0915676
0.00434365;0.482077;0.0915676
0.00227364;0.489374;0.0915676
0.00636464;0.474754;0.0928612
0.00436407;0.481964;0.0928612
0.00229019;0.489174;0.0928612
0.00638528;0.474729;0.0941548
0.00438215;0.481852;0.0941548
0.00230513;0.488975;0.0941548
0.0116259;0.455881;0.096662
0.0096362;0.463203;0.096662
0.00759805;0.470525;0.096662
0.0120039;0.455881;0.103984
0.00987368;0.463203;0.103984
0.00769208;0.470525;0.103984
0.0122881;0.455881;0.111307
0.0100199;0.463203;0.111307
0.00768442;0.470525;0.111307
0.00642674;0.474671;0.096662
0.00442964;0.481594;0.096662
0.00235814;0.488517;0.096662
0.00648873;0.474496;0.103984
0.00452685;0.480817;0.103984
0.00249366;0.487139;0.103984
0.00644782;0.47432;0.111307
0.00454081;0.480036;0.111307
0.00257063;0.485752;0.111307
0.00193147;0.491831;0.0773793
0.0017022;0.492754;0.0773793
0.00147153;0.493677;0.0773793
0.0018472;0.491714;0.0834081
0.00170481;0.492235;0.0834081
0.00156205;0.492756;0.0834081
0.00170508;0.491597;0.0894368
0.00166965;0.491714;0.0894368
0.00163421;0.491832;0.0894368
0.0124042;0.455881;0.115568
0.0100572;0.463203;0.115568
0.00763197;0.470525;0.115568
0.0125186;0.455881;0.122891
0.0100188;0.463203;0.122891
0.00743657;0.470525;0.122891
0.0125154;0.455881;0.130213
0.0098402;0.463203;0.130213
0.00708844;0.470525;0.130213
0.00638202;0.474208;0.115568
0.00452996;0.479539;0.115568
0.00262179;0.484871;0.115568
0.00618139;0.473999;0.122891
0.00447599;0.478614;0.122891
0.00272445;0.483228;0.122891
0.00583767;0.473789;0.130213
0.00431781;0.477681;0.130213
0.00275879;0.481573;0.130213
0.0124559;0.455881;0.134475
0.00969153;0.463203;0.134475
0.00683566;0.470525;0.134475
0.0122522;0.455881;0.141797
0.00934999;0.463203;0.141797
0.00631914;0.470525;0.141797
0.0119037;0.455881;0.149119
0.00883474;0.463203;0.149119
0.00563858;0.470525;0.149119
0.00559079;0.473657;0.134475
0.00420798;0.477096;0.134475
0.00279061;0.480536;0.134475
0.0050933;0.473414;0.141797
0.00398522;0.476018;0.141797
0.00286012;0.478622;0.141797
0.0044506;0.473169;0.149119
0.00364598;0.474931;0.149119
0.00283969;0.476693;0.149119
0.0577605;0.304631;0.153381
0.0561375;0.311953;0.153381
0.0544757;0.319275;0.153381
0.0587037;0.304631;0.160703
0.0571148;0.311953;0.160703
0.0554713;0.319275;0.160703
0.0596963;0.304631;0.168025
0.0581246;0.311953;0.168025
0.0564774;0.319275;0.168025
0.0534852;0.323537;0.153381
0.0517459;0.330859;0.153381
0.0499556;0.338182;0.153381
0.0544867;0.323537;0.160703
0.0527447;0.330859;0.160703
0.0509497;0.338182;0.160703
0.0554893;0.323537;0.168025
0.0537427;0.330859;0.168025
0.0519096;0.338182;0.168025
0.0602883;0.304631;0.172287
0.0587179;0.311953;0.172287
0.0570639;0.319275;0.172287
0.0613294;0.304631;0.179609
0.0597315;0.311953;0.179609
0.0580715;0.319275;0.179609
0.0623595;0.304631;0.186932
0.0607533;0.311953;0.186932
0.059031;0.319275;0.186932
0.0560695;0.323537;0.172287
0.0543081;0.330859;0.172287
0.0524532;0.338182;0.172287
0.0570594;0.323537;0.179609
0.0552398;0.330859;0.179609
0.053359;0.338182;0.179609
0.0579924;0.323537;0.186932
0.0561464;0.330859;0.186932
0.0541751;0.338182;0.186932
0.0488893;0.342443;0.153381
0.0470172;0.349766;0.153381
0.0450816;0.357088;0.153381
0.0498723;0.342443;0.160703
0.047962;0.349766;0.160703
0.0459985;0.357088;0.160703
0.0508124;0.342443;0.168025
0.0488761;0.349766;0.168025
0.0468417;0.357088;0.168025
0.0439287;0.36135;0.153381
0.041904;0.368672;0.153381
0.0398034;0.375994;0.153381
0.044818;0.36135;0.160703
0.0427216;0.368672;0.160703
0.0405699;0.375994;0.160703
0.0456259;0.36135;0.168025
0.0434825;0.368672;0.168025
0.0412292;0.375994;0.168025
0.0513407;0.342443;0.172287
0.049374;0.349766;0.172287
0.0473034;0.357088;0.172287
0.0522145;0.342443;0.179609
0.05016;0.349766;0.179609
0.0480441;0.357088;0.179609
0.052991;0.342443;0.186932
0.0508929;0.349766;0.186932
0.0486595;0.357088;0.186932
0.0460638;0.36135;0.172287
0.0438751;0.368672;0.172287
0.0415722;0.375994;0.172287
0.0467587;0.36135;0.179609
0.0444546;0.368672;0.179609
0.0420875;0.375994;0.179609
0.0473215;0.36135;0.186932
0.0449566;0.368672;0.186932
0.0424462;0.375994;0.186932
0.0629558;0.304631;0.191193
0.0613258;0.311953;0.191193
0.0595736;0.319275;0.191193
0.0639722;0.304631;0.198516
0.062257;0.311953;0.198516
0.0604755;0.319275;0.198516
0.0649108;0.304631;0.205838
0.0631631;0.311953;0.205838
0.0612661;0.319275;0.205838
0.0585155;0.323537;0.191193
0.0566327;0.330859;0.191193
0.0546195;0.338182;0.191193
0.0593776;0.323537;0.198516
0.0573851;0.330859;0.198516
0.0553273;0.338182;0.198516
0.0601212;0.323537;0.205838
0.0580832;0.330859;0.205838
0.0558873;0.338182;0.205838
0.0654326;0.304631;0.2101
0.0636388;0.311953;0.2101
0.0616912;0.319275;0.2101
0.0662839;0.304631;0.217422
0.0643544;0.311953;0.217422
0.0623579;0.319275;0.217422
0.0669892;0.304631;0.224744
0.0650065;0.311953;0.224744
0.0628484;0.319275;0.224744
0.0605152;0.323537;0.2101
0.0584211;0.330859;0.2101
0.0561658;0.338182;0.2101
0.0611224;0.323537;0.217422
0.0588735;0.330859;0.217422
0.0565588;0.338182;0.217422
0.0615491;0.323537;0.224744
0.0592392;0.330859;0.224744
0.0567444;0.338182;0.224744
0.0534088;0.342443;0.191193
0.0512613;0.349766;0.191193
0.0489746;0.357088;0.191193
0.0540653;0.342443;0.198516
0.0517846;0.349766;0.198516
0.0494385;0.357088;0.198516
0.054568;0.342443;0.205838
0.0522289;0.349766;0.205838
0.0497231;0.357088;0.205838
0.047603;0.36135;0.191193
0.0451761;0.368672;0.191193
0.0426015;0.375994;0.191193
0.0480046;0.36135;0.198516
0.0454216;0.368672;0.198516
0.0427728;0.375994;0.198516
0.0482222;0.36135;0.205838
0.0455684;0.368672;0.205838
0.042738;0.375994;0.205838
0.0548098;0.342443;0.2101
0.0524046;0.349766;0.2101
0.0498306;0.357088;0.2101
0.0551349;0.342443;0.217422
0.052556;0.349766;0.217422
0.0499118;0.357088;0.217422
0.0552489;0.342443;0.224744
0.0526015;0.349766;0.224744
0.0497599;0.357088;0.224744
0.0482882;0.36135;0.2101
0.0455591;0.368672;0.2101
0.042651;0.375994;0.2101
0.0482935;0.36135;0.217422
0.0453733;0.368672;0.217422
0.0423843;0.375994;0.217422
0.0480614;0.36135;0.224744
0.0450642;0.368672;0.224744
0.0418643;0.375994;0.224744
0.038552;0.380256;0.153381
0.0363528;0.387578;0.153381
0.0340646;0.3949;0.153381
0.0392754;0.380256;0.160703
0.0369735;0.387578;0.160703
0.0346115;0.3949;0.160703
0.0398839;0.380256;0.168025
0.0375144;0.387578;0.168025
0.0350226;0.3949;0.168025
0.0326997;0.399162;0.153381
0.030299;0.406484;0.153381
0.0277997;0.413807;0.153381
0.0331885;0.399162;0.160703
0.0306562;0.406484;0.160703
0.0280592;0.413807;0.160703
0.0335354;0.399162;0.168025
0.0309169;0.406484;0.168025
0.0281658;0.413807;0.168025
0.0401947;0.380256;0.172287
0.0377647;0.387578;0.172287
0.0352105;0.3949;0.172287
0.0406514;0.380256;0.179609
0.0380796;0.387578;0.179609
0.0354416;0.3949;0.179609
0.0409464;0.380256;0.186932
0.0382995;0.387578;0.186932
0.0354931;0.3949;0.186932
0.0336844;0.399162;0.172287
0.030994;0.406484;0.172287
0.0281696;0.413807;0.172287
0.0338448;0.399162;0.179609
0.0309899;0.406484;0.179609
0.0280632;0.413807;0.179609
0.0338174;0.399162;0.186932
0.0308667;0.406484;0.186932
0.0277499;0.413807;0.186932
0.0263097;0.418068;0.153381
0.0236861;0.425391;0.153381
0.0209467;0.432713;0.153381
0.0264983;0.418068;0.160703
0.0237216;0.425391;0.160703
0.0208666;0.432713;0.160703
0.026525;0.418068;0.168025
0.0236369;0.425391;0.168025
0.0206062;0.432713;0.168025
0.0193082;0.436975;0.153381
0.0164247;0.444297;0.153381
0.0134258;0.451619;0.153381
0.0191443;0.436975;0.160703
0.0160747;0.444297;0.160703
0.012917;0.451619;0.160703
0.0187906;0.436975;0.168025
0.0155913;0.444297;0.168025
0.0122563;0.451619;0.168025
0.0264814;0.418068;0.172287
0.0235038;0.425391;0.172287
0.0203827;0.432713;0.172287
0.0262942;0.418068;0.179609
0.0231323;0.425391;0.179609
0.0198849;0.432713;0.179609
0.025893;0.418068;0.186932
0.0226294;0.425391;0.186932
0.0191931;0.432713;0.186932
0.0185132;0.436975;0.172287
0.0152226;0.444297;0.172287
0.0118006;0.451619;0.172287
0.0179241;0.436975;0.179609
0.0144356;0.444297;0.179609
0.010865;0.451619;0.179609
0.0171294;0.436975;0.186932
0.0134949;0.444297;0.186932
0.0097149;0.451619;0.186932
0.0410618;0.380256;0.191193
0.0383427;0.387578;0.191193
0.035464;0.3949;0.191193
0.0411598;0.380256;0.198516
0.0382637;0.387578;0.198516
0.0353012;0.3949;0.198516
0.0410474;0.380256;0.205838
0.038067;0.387578;0.205838
0.0349015;0.3949;0.205838
0.0337389;0.399162;0.191193
0.0306957;0.406484;0.191193
0.0274942;0.413807;0.191193
0.0334943;0.399162;0.198516
0.0302467;0.406484;0.198516
0.0269327;0.413807;0.198516
0.0330191;0.399162;0.205838
0.0296913;0.406484;0.205838
0.0261326;0.413807;0.205838
0.0409123;0.380256;0.2101
0.0378462;0.387578;0.2101
0.0345959;0.3949;0.2101
0.0405593;0.380256;0.217422
0.0372816;0.387578;0.217422
0.033944;0.3949;0.217422
0.0399512;0.380256;0.224744
0.0365818;0.387578;0.224744
0.0330133;0.3949;0.224744
0.0326644;0.399162;0.2101
0.0292534;0.406484;0.2101
0.0256142;0.413807;0.2101
0.0319154;0.399162;0.217422
0.0282789;0.406484;0.217422
0.0245788;0.413807;0.217422
0.0308887;0.399162;0.224744
0.0271448;0.406484;0.224744
0.0231812;0.413807;0.224744
0.0255897;0.418068;0.191193
0.0222361;0.425391;0.191193
0.0187026;0.432713;0.191193
0.0249426;0.418068;0.198516
0.0213882;0.425391;0.198516
0.0177237;0.432713;0.198516
0.0240347;0.418068;0.205838
0.0204006;0.425391;0.205838
0.0165527;0.432713;0.205838
0.0165883;0.436975;0.191193
0.0128582;0.444297;0.191193
0.00894657;0.451619;0.191193
0.0155136;0.436975;0.198516
0.011563;0.444297;0.198516
0.0074707;0.451619;0.198516
0.0141886;0.436975;0.205838
0.0100155;0.444297;0.205838
0.00578355;0.451619;0.205838
0.023445;0.418068;0.2101
0.0196748;0.425391;0.2101
0.0157362;0.432713;0.2101
0.0223032;0.418068;0.217422
0.0182166;0.425391;0.217422
0.0141193;0.432713;0.217422
0.0208249;0.418068;0.224744
0.0166877;0.425391;0.224744
0.0123224;0.432713;0.224744
0.0137095;0.436975;0.208193
0.00946704;0.444297;0.208193
0.00519276;0.451619;0.208193
0.013557;0.436975;0.208965
0.0092997;0.444297;0.208965
0.00499137;0.451619;0.208965
0.0134013;0.436975;0.209736
0.0091293;0.444297;0.209736
0.00478828;0.451619;0.209736
0.0130143;0.436872;0.211867
0.00891444;0.443841;0.211867
0.00471317;0.45081;0.211867
0.0116951;0.436516;0.218418
0.00823954;0.442261;0.218418
0.00467824;0.448006;0.218418
0.0101433;0.436155;0.224969
0.00735938;0.440663;0.224969
0.00453464;0.44517;0.224969
0.0673521;0.304631;0.229006
0.0653048;0.311953;0.229006
0.0630788;0.319275;0.229006
0.0678905;0.304631;0.236328
0.0656661;0.311953;0.236328
0.0633759;0.319275;0.236328
0.068217;0.304631;0.24365
0.0659222;0.311953;0.24365
0.0634331;0.319275;0.24365
0.0617385;0.323537;0.229006
0.0593564;0.330859;0.229006
0.056788;0.338182;0.229006
0.0619594;0.323537;0.236328
0.0593843;0.330859;0.236328
0.0567467;0.338182;0.236328
0.0619397;0.323537;0.24365
0.0592915;0.330859;0.24365
0.0564368;0.338182;0.24365
0.068335;0.304631;0.247912
0.0659619;0.311953;0.247912
0.0633908;0.319275;0.247912
0.0684122;0.304631;0.255234
0.0658307;0.311953;0.255234
0.0631845;0.319275;0.255234
0.0682163;0.304631;0.262557
0.0655495;0.311953;0.262557
0.0626775;0.319275;0.262557
0.0618484;0.323537;0.247912
0.0591153;0.330859;0.247912
0.0561749;0.338182;0.247912
0.0615525;0.323537;0.255234
0.0585958;0.330859;0.255234
0.0555803;0.338182;0.255234
0.0609604;0.323537;0.262557
0.0579214;0.330859;0.262557
0.0546585;0.338182;0.262557
0.0552473;0.342443;0.229006
0.0525194;0.349766;0.229006
0.049598;0.357088;0.229006
0.0551242;0.342443;0.236328
0.0521869;0.349766;0.236328
0.0491882;0.357088;0.236328
0.0547331;0.342443;0.24365
0.0517238;0.349766;0.24365
0.0484896;0.357088;0.24365
0.0478509;0.36135;0.229006
0.0447661;0.368672;0.229006
0.0414796;0.375994;0.229006
0.0473532;0.36135;0.236328
0.0440443;0.368672;0.236328
0.0406713;0.375994;0.236328
0.0465622;0.36135;0.24365
0.0431736;0.368672;0.24365
0.0395571;0.375994;0.24365
0.054419;0.342443;0.247912
0.0513195;0.349766;0.247912
0.0480009;0.357088;0.247912
0.0537282;0.342443;0.255234
0.0503882;0.349766;0.255234
0.0470026;0.357088;0.255234
0.0527168;0.342443;0.262557
0.0492983;0.349766;0.262557
0.0456398;0.357088;0.262557
0.0460149;0.36135;0.247912
0.0425167;0.368672;0.247912
0.038808;0.375994;0.247912
0.0449215;0.36135;0.255234
0.0411561;0.368672;0.255234
0.0373448;0.375994;0.255234
0.043483;0.36135;0.262557
0.039671;0.368672;0.262557
0.0355251;0.375994;0.262557
0.0680056;0.304631;0.266818
0.0652507;0.311953;0.266818
0.0622852;0.319275;0.266818
0.0674775;0.304631;0.274141
0.0644934;0.311953;0.274141
0.0614431;0.319275;0.274141
0.0666218;0.304631;0.281463
0.0635379;0.311953;0.281463
0.0602465;0.319275;0.281463
0.0605141;0.323537;0.266818
0.0573833;0.330859;0.266818
0.0540243;0.338182;0.266818
0.0595721;0.323537;0.274141
0.0561985;0.330859;0.274141
0.0527641;0.338182;0.274141
0.0582833;0.323537;0.281463
0.0548169;0.330859;0.281463
0.0511233;0.338182;0.281463
0.0660027;0.304631;0.285725
0.0628244;0.311953;0.285725
0.0594289;0.319275;0.285725
0.0647325;0.304631;0.293047
0.0613158;0.311953;0.293047
0.0578219;0.319275;0.293047
0.0630872;0.304631;0.300369
0.0595572;0.311953;0.300369
0.0558211;0.319275;0.300369
0.0574078;0.323537;0.285725
0.0538472;0.330859;0.285725
0.0500505;0.338182;0.285725
0.0556924;0.323537;0.293047
0.0518804;0.330859;0.293047
0.0480053;0.338182;0.293047
0.0535905;0.323537;0.300369
0.0496646;0.330859;0.300369
0.0455342;0.338182;0.300369
0.0520236;0.342443;0.266818
0.0485049;0.349766;0.266818
0.0447513;0.357088;0.266818
0.0506557;0.342443;0.274141
0.0468681;0.349766;0.274141
0.0430528;0.357088;0.274141
0.0489249;0.342443;0.281463
0.0450521;0.349766;0.281463
0.040931;0.357088;0.281463
0.0425383;0.36135;0.266818
0.0386366;0.368672;0.266818
0.0344187;0.375994;0.266818
0.040721;0.36135;0.274141
0.0365393;0.368672;0.274141
0.0323522;0.375994;0.274141
0.0384992;0.36135;0.281463
0.0342563;0.368672;0.281463
0.0297518;0.375994;0.281463
0.0477942;0.342443;0.285725
0.0438208;0.349766;0.285725
0.0395833;0.357088;0.285725
0.0456393;0.342443;0.293047
0.041389;0.349766;0.293047
0.0370799;0.357088;0.293047
0.043078;0.342443;0.300369
0.0387299;0.349766;0.300369
0.0341162;0.357088;0.300369
0.0370852;0.36135;0.285725
0.0327285;0.368672;0.285725
0.0280912;0.375994;0.285725
0.0344619;0.36135;0.293047
0.0298002;0.368672;0.293047
0.0251157;0.375994;0.293047
0.0314119;0.36135;0.300369
0.026731;0.368672;0.300369
0.0217797;0.375994;0.300369
0.0395172;0.380256;0.229006
0.0360546;0.387578;0.229006
0.0323781;0.3949;0.229006
0.0386204;0.380256;0.236328
0.0349301;0.387578;0.236328
0.0311516;0.3949;0.236328
0.0374039;0.380256;0.24365
0.0336334;0.387578;0.24365
0.0296503;0.3949;0.24365
0.0301954;0.399162;0.229006
0.0263566;0.406484;0.229006
0.0222771;0.413807;0.229006
0.02886;0.399162;0.236328
0.0247752;0.406484;0.236328
0.0206191;0.413807;0.236328
0.0272407;0.399162;0.24365
0.0230049;0.406484;0.24365
0.0186484;0.413807;0.24365
0.0366054;0.380256;0.247912
0.0327339;0.387578;0.247912
0.0286319;0.3949;0.247912
0.0350552;0.380256;0.255234
0.0309433;0.387578;0.255234
0.0266991;0.3949;0.255234
0.0331052;0.380256;0.262557
0.0289733;0.387578;0.262557
0.0245637;0.3949;0.262557
0.0261798;0.399162;0.247912
0.0218695;0.406484;0.247912
0.0173484;0.413807;0.247912
0.0241648;0.399162;0.255234
0.019636;0.406484;0.255234
0.0148764;0.413807;0.255234
0.0218475;0.399162;0.262557
0.0170315;0.406484;0.262557
0.0121029;0.413807;0.262557
0.0198664;0.418068;0.229006
0.0156443;0.425391;0.229006
0.0111502;0.432713;0.229006
0.0180856;0.418068;0.236328
0.0135338;0.425391;0.236328
0.00890541;0.432713;0.236328
0.0159919;0.418068;0.24365
0.0112525;0.425391;0.24365
0.00644133;0.432713;0.24365
0.00912178;0.435923;0.229006
0.00679009;0.439632;0.229006
0.00440832;0.443341;0.229006
0.00713111;0.435484;0.236328
0.00570178;0.437685;0.236328
0.00425609;0.439885;0.236328
0.0048878;0.435039;0.24365
0.00440952;0.435711;0.24365
0.00393641;0.436382;0.24365
0.0152859;0.418068;0.245893
0.0105171;0.425391;0.245893
0.00563795;0.432713;0.245893
0.0151626;0.418068;0.246278
0.0103887;0.425391;0.246278
0.00549028;0.432713;0.246278
0.0150385;0.418068;0.246663
0.0102594;0.425391;0.246663
0.00534265;0.432713;0.246663
0.0144225;0.417935;0.248793
0.00992466;0.424799;0.248793
0.0052553;0.431663;0.248793
0.0122672;0.417472;0.255731
0.00876708;0.422746;0.255731
0.00516391;0.428019;0.255731
0.00986688;0.417003;0.262669
0.00735259;0.420663;0.262669
0.00486033;0.424323;0.262669
0.00415456;0.434901;0.245893
0.0040068;0.435099;0.245893
0.00385977;0.435296;0.245893
0.00401706;0.434876;0.246278
0.0039327;0.434987;0.246278
0.00384858;0.435099;0.246278
0.00388047;0.434851;0.246663
0.00386121;0.434876;0.246663
0.00384195;0.434901;0.246663
0.0319114;0.380256;0.266818
0.0276103;0.387578;0.266818
0.0231402;0.3949;0.266818
0.0297312;0.380256;0.274141
0.0249908;0.387578;0.274141
0.0203675;0.3949;0.274141
0.0270594;0.380256;0.281463
0.0223253;0.387578;0.281463
0.0173489;0.3949;0.281463
0.0206178;0.399162;0.266118
0.015669;0.406484;0.266118
0.0106743;0.413807;0.266118
0.0188065;0.399162;0.271035
0.0137524;0.406484;0.271035
0.00864435;0.413807;0.271035
0.0168233;0.399162;0.275952
0.0116964;0.406484;0.275952
0.00645952;0.413807;0.275952
0.0159459;0.399109;0.278082
0.0109265;0.406251;0.278082
0.00576786;0.413393;0.278082
0.0149995;0.398928;0.280488
0.010414;0.405446;0.280488
0.00567291;0.411964;0.280488
0.0140095;0.398746;0.282894
0.00987322;0.404637;0.282894
0.00557033;0.410528;0.282894
0.0253574;0.380256;0.285725
0.0205525;0.387578;0.285725
0.0153904;0.3949;0.285725
0.0222407;0.380256;0.293047
0.0170191;0.387578;0.293047
0.0117304;0.3949;0.293047
0.0186886;0.380256;0.300369
0.0132462;0.387578;0.300369
0.00788473;0.3949;0.300369
0.0128238;0.398522;0.285725
0.00923744;0.403645;0.285725
0.00540029;0.408769;0.285725
0.00956213;0.397931;0.293047
0.00739423;0.401022;0.293047
0.00515079;0.404113;0.293047
0.006098;0.397329;0.300369
0.00528129;0.398353;0.300369
0.00448813;0.399377;0.300369
0.00861559;0.416762;0.266118
0.00658523;0.419593;0.266118
0.00458509;0.422425;0.266118
0.00679343;0.416404;0.271035
0.00558216;0.418008;0.271035
0.00438028;0.419612;0.271035
0.00483384;0.416043;0.275952
0.00455705;0.416407;0.275952
0.00428093;0.41677;0.275952
0.0116868;0.455881;0.152557
0.00853469;0.463203;0.152557
0.00526242;0.470525;0.152557
0.0113505;0.455881;0.15705
0.00809362;0.463203;0.15705
0.00471564;0.470525;0.15705
0.0109491;0.455881;0.161543
0.0075809;0.463203;0.161543
0.00409385;0.470525;0.161543
0.0107497;0.455849;0.163673
0.00737833;0.463063;0.163673
0.00389432;0.470276;0.163673
0.0104929;0.45574;0.166503
0.00722969;0.462578;0.166503
0.00387009;0.469417;0.166503
0.0102104;0.45563;0.169333
0.00705995;0.462092;0.169333
0.00382936;0.468554;0.169333
0.00410085;0.473048;0.152557
0.00346071;0.474394;0.152557
0.00282177;0.475739;0.152557
0.0035977;0.472878;0.15705
0.00321482;0.473638;0.15705
0.00283317;0.474398;0.15705
0.0030297;0.472706;0.161543
0.00293834;0.472878;0.161543
0.00284712;0.47305;0.161543
0.0099209;0.455507;0.172287
0.00691666;0.461545;0.172287
0.00382961;0.467583;0.172287
0.00907887;0.455191;0.179609
0.00651522;0.460141;0.179609
0.0038733;0.465092;0.179609
0.00799765;0.454871;0.186932
0.00593922;0.458722;0.186932
0.00383142;0.462574;0.186932
0.00727693;0.454675;0.191193
0.00554336;0.457852;0.191193
0.00376875;0.46103;0.191193
0.00592667;0.45432;0.198516
0.00480089;0.456279;0.198516
0.00366787;0.458239;0.198516
0.00440792;0.453961;0.205838
0.00395178;0.454688;0.205838
0.00350033;0.455415;0.205838
0.00388191;0.453844;0.208193
0.00366945;0.454169;0.208193
0.00345849;0.454493;0.208193
0.00369255;0.453803;0.208965
0.00356954;0.453986;0.208965
0.00344701;0.454169;0.208965
0.00350377;0.453762;0.209736
0.00347531;0.453803;0.209736
0.00344688;0.453844;0.209736
0.11819;0.00213077;0.304631
0.117813;0.00945312;0.304631
0.117333;0.0167755;0.304631
0.123408;0.00213077;0.311953
0.122716;0.00945312;0.311953
0.122225;0.0167755;0.311953
0.12795;0.00213077;0.319275
0.127269;0.00945312;0.319275
0.126491;0.0167755;0.319275
0.117106;0.021037;0.304631
0.116812;0.0283594;0.304631
0.116405;0.0356817;0.304631
0.121906;0.021037;0.311953
0.121293;0.0283594;0.311953
0.12085;0.0356817;0.311953
0.12608;0.021037;0.319275
0.125448;0.0283594;0.319275
0.124715;0.0356817;0.319275
0.130354;0.00213077;0.323537
0.129606;0.00945312;0.323537
0.128744;0.0167755;0.323537
0.134108;0.00213077;0.330859
0.133095;0.00945312;0.330859
0.13225;0.0167755;0.330859
0.1371;0.00213077;0.338182
0.136121;0.00945312;0.338182
0.135038;0.0167755;0.338182
0.128285;0.021037;0.323537
0.127575;0.0283594;0.323537
0.126749;0.0356817;0.323537
0.131719;0.021037;0.330859
0.130737;0.0283594;0.330859
0.129898;0.0356817;0.330859
0.134435;0.021037;0.338182
0.133458;0.0283594;0.338182
0.132372;0.0356817;0.338182
0.116209;0.0399433;0.304631
0.115943;0.0472656;0.304631
0.115557;0.054588;0.304631
0.120553;0.0399433;0.311953
0.119973;0.0472656;0.311953
0.119529;0.054588;0.311953
0.124318;0.0399433;0.319275
0.123695;0.0472656;0.319275
0.122963;0.054588;0.319275
0.115361;0.0588495;0.304631
0.115073;0.0661719;0.304631
0.114655;0.0734942;0.304631
0.119228;0.0588495;0.311953
0.118632;0.0661719;0.311953
0.118142;0.0734942;0.311953
0.122557;0.0588495;0.319275
0.121899;0.0661719;0.319275
0.121125;0.0734942;0.319275
0.1263;0.0399433;0.323537
0.12559;0.0472656;0.323537
0.124758;0.054588;0.323537
0.129368;0.0399433;0.330859
0.128383;0.0472656;0.330859
0.127515;0.054588;0.330859
0.131761;0.0399433;0.338182
0.130755;0.0472656;0.338182
0.129637;0.054588;0.338182
0.124297;0.0588495;0.323537
0.123547;0.0661719;0.323537
0.122669;0.0734942;0.323537
0.126966;0.0588495;0.330859
0.125942;0.0661719;0.330859
0.125009;0.0734942;0.330859
0.128999;0.0588495;0.338182
0.127931;0.0661719;0.338182
0.126748;0.0734942;0.338182
0.138556;0.00213077;0.342443
0.137532;0.00945312;0.342443
0.136384;0.0167755;0.342443
0.140608;0.00213077;0.349766
0.139369;0.00945312;0.349766
0.138259;0.0167755;0.349766
0.141833;0.00213077;0.357088
0.140648;0.00945312;0.357088
0.139347;0.0167755;0.357088
0.135746;0.021037;0.342443
0.13471;0.0283594;0.342443
0.13355;0.0356817;0.342443
0.137569;0.021037;0.349766
0.136306;0.0283594;0.349766
0.135155;0.0356817;0.349766
0.138605;0.021037;0.357088
0.137366;0.0283594;0.357088
0.136013;0.0356817;0.357088
0.142224;0.00213077;0.36135
0.141013;0.00945312;0.36135
0.139668;0.0167755;0.36135
0.142387;0.00213077;0.368672
0.141009;0.00945312;0.368672
0.139721;0.0167755;0.368672
0.141675;0.00213077;0.375994
0.140368;0.00945312;0.375994
0.138936;0.0167755;0.375994
0.138901;0.021037;0.36135
0.137623;0.0283594;0.36135
0.136214;0.0356817;0.36135
0.13892;0.021037;0.368672
0.137461;0.0283594;0.368672
0.136079;0.0356817;0.368672
0.138103;0.021037;0.375994
0.136686;0.0283594;0.375994
0.135145;0.0356817;0.375994
0.132898;0.0399433;0.342443
0.131823;0.0472656;0.342443
0.130622;0.054588;0.342443
0.134439;0.0399433;0.349766
0.13313;0.0472656;0.349766
0.131913;0.054588;0.349766
0.135235;0.0399433;0.357088
0.133923;0.0472656;0.357088
0.132496;0.054588;0.357088
0.129938;0.0588495;0.342443
0.128795;0.0661719;0.342443
0.127523;0.0734942;0.342443
0.131157;0.0588495;0.349766
0.129777;0.0661719;0.349766
0.128467;0.0734942;0.349766
0.131669;0.0588495;0.357088
0.130263;0.0661719;0.357088
0.128739;0.0734942;0.357088
0.135404;0.0399433;0.36135
0.134042;0.0472656;0.36135
0.13255;0.054588;0.36135
0.135224;0.0399433;0.368672
0.133671;0.0472656;0.368672
0.13218;0.054588;0.368672
0.134246;0.0399433;0.375994
0.132708;0.0472656;0.375994
0.131048;0.054588;0.375994
0.131686;0.0588495;0.36135
0.13022;0.0661719;0.36135
0.128623;0.0734942;0.36135
0.131261;0.0588495;0.368672
0.129597;0.0661719;0.368672
0.127978;0.0734942;0.368672
0.130075;0.0588495;0.375994
0.128402;0.0661719;0.375994
0.126607;0.0734942;0.375994
0.114429;0.0777558;0.304631
0.114069;0.0850781;0.304631
0.113572;0.0924005;0.304631
0.117809;0.0777558;0.311953
0.11715;0.0850781;0.311953
0.116569;0.0924005;0.311953
0.120685;0.0777558;0.319275
0.11995;0.0850781;0.319275
0.119093;0.0924005;0.319275
0.113288;0.096662;0.304631
0.112812;0.103984;0.304631
0.112191;0.111307;0.304631
0.116179;0.096662;0.311953
0.115415;0.103984;0.311953
0.114702;0.111307;0.311953
0.118594;0.096662;0.319275
0.117743;0.103984;0.319275
0.116762;0.111307;0.319275
0.122171;0.0777558;0.323537
0.121341;0.0850781;0.323537
0.120378;0.0924005;0.323537
0.124418;0.0777558;0.330859
0.123317;0.0850781;0.330859
0.122283;0.0924005;0.330859
0.126064;0.0777558;0.338182
0.124903;0.0850781;0.338182
0.12362;0.0924005;0.338182
0.11982;0.096662;0.323537
0.118872;0.103984;0.323537
0.117784;0.111307;0.323537
0.12163;0.096662;0.330859
0.120417;0.103984;0.330859
0.119246;0.111307;0.330859
0.122871;0.096662;0.338182
0.121582;0.103984;0.338182
0.120167;0.111307;0.338182
0.111825;0.115568;0.304631
0.111192;0.122891;0.304631
0.110408;0.130213;0.304631
0.114231;0.115568;0.311953
0.113322;0.122891;0.311953
0.112439;0.130213;0.311953
0.116183;0.115568;0.319275
0.115178;0.122891;0.319275
0.114037;0.130213;0.319275
0.109939;0.134475;0.304631
0.109113;0.141797;0.304631
0.108131;0.149119;0.304631
0.111866;0.134475;0.311953
0.110776;0.141797;0.311953
0.10969;0.149119;0.311953
0.113357;0.134475;0.319275
0.112164;0.141797;0.319275
0.11083;0.149119;0.319275
0.117146;0.115568;0.323537
0.116043;0.122891;0.323537
0.114795;0.130213;0.323537
0.11851;0.115568;0.330859
0.11715;0.122891;0.330859
0.115809;0.130213;0.330859
0.119333;0.115568;0.338182
0.117884;0.122891;0.338182
0.116305;0.130213;0.338182
0.114055;0.134475;0.323537
0.112764;0.141797;0.323537
0.111324;0.149119;0.323537
0.114971;0.134475;0.330859
0.11343;0.141797;0.330859
0.111888;0.149119;0.330859
0.115367;0.134475;0.338182
0.113728;0.141797;0.338182
0.111954;0.149119;0.338182
0.126789;0.0777558;0.342443
0.125546;0.0850781;0.342443
0.124171;0.0924005;0.342443
0.127655;0.0777558;0.349766
0.126174;0.0850781;0.349766
0.124742;0.0924005;0.349766
0.127849;0.0777558;0.357088
0.126322;0.0850781;0.357088
0.124674;0.0924005;0.357088
0.123369;0.096662;0.342443
0.121994;0.103984;0.342443
0.120483;0.111307;0.342443
0.123857;0.096662;0.349766
0.122247;0.103984;0.349766
0.120664;0.111307;0.349766
0.123706;0.096662;0.357088
0.122032;0.103984;0.357088
0.120235;0.111307;0.357088
0.127692;0.0777558;0.36135
0.126098;0.0850781;0.36135
0.124372;0.0924005;0.36135
0.126984;0.0777558;0.368672
0.125188;0.0850781;0.368672
0.123419;0.0924005;0.368672
0.12555;0.0777558;0.375994
0.123724;0.0850781;0.375994
0.121775;0.0924005;0.375994
0.123359;0.096662;0.36135
0.121613;0.103984;0.36135
0.119731;0.111307;0.36135
0.122337;0.096662;0.368672
0.120387;0.103984;0.368672
0.118446;0.111307;0.368672
0.120623;0.096662;0.375994
0.118623;0.103984;0.375994
0.1165;0.111307;0.375994
0.119595;0.115568;0.342443
0.118058;0.122891;0.342443
0.116381;0.130213;0.342443
0.119689;0.115568;0.349766
0.11792;0.122891;0.349766
0.116157;0.130213;0.349766
0.119172;0.115568;0.357088
0.117325;0.122891;0.357088
0.11535;0.130213;0.357088
0.115388;0.134475;0.342443
0.113659;0.141797;0.342443
0.111785;0.149119;0.342443
0.115075;0.134475;0.349766
0.113118;0.141797;0.349766
0.111147;0.149119;0.349766
0.114177;0.134475;0.357088
0.112129;0.141797;0.357088
0.10995;0.149119;0.357088
0.118621;0.115568;0.36135
0.116697;0.122891;0.36135
0.114634;0.130213;0.36135
0.117262;0.115568;0.368672
0.115134;0.122891;0.368672
0.112996;0.130213;0.368672
0.115241;0.115568;0.375994
0.113046;0.122891;0.375994
0.110725;0.130213;0.375994
0.113413;0.134475;0.36135
0.111283;0.141797;0.36135
0.109014;0.149119;0.36135
0.111696;0.134475;0.368672
0.109365;0.141797;0.368672
0.107007;0.149119;0.368672
0.109346;0.134475;0.375994
0.106933;0.141797;0.375994
0.104393;0.149119;0.375994
0.140909;0.00213077;0.380256
0.139596;0.00945312;0.380256
0.138138;0.0167755;0.380256
0.139036;0.00213077;0.387578
0.137604;0.00945312;0.387578
0.136221;0.0167755;0.387578
0.136258;0.00213077;0.3949
0.134914;0.00945312;0.3949
0.133433;0.0167755;0.3949
0.137292;0.021037;0.380256
0.135853;0.0283594;0.380256
0.134275;0.0356817;0.380256
0.135358;0.021037;0.387578
0.133784;0.0283594;0.387578
0.132251;0.0356817;0.387578
0.132557;0.021037;0.3949
0.131041;0.0283594;0.3949
0.129394;0.0356817;0.3949
0.134269;0.00213077;0.399162
0.132936;0.00945312;0.399162
0.131447;0.0167755;0.399162
0.130256;0.00213077;0.406484
0.12885;0.00945312;0.406484
0.127453;0.0167755;0.406484
0.125322;0.00213077;0.413807
0.124021;0.00945312;0.413807
0.12257;0.0167755;0.413807
0.130568;0.021037;0.399162
0.129049;0.0283594;0.399162
0.127382;0.0356817;0.399162
0.126575;0.021037;0.406484
0.124966;0.0283594;0.406484
0.12336;0.0356817;0.406484
0.121697;0.021037;0.413807
0.120162;0.0283594;0.413807
0.118485;0.0356817;0.413807
0.133355;0.0399433;0.380256
0.131784;0.0472656;0.380256
0.130075;0.054588;0.380256
0.131303;0.0399433;0.387578
0.129583;0.0472656;0.387578
0.127894;0.054588;0.387578
0.128419;0.0399433;0.3949
0.126731;0.0472656;0.3949
0.124914;0.054588;0.3949
0.129076;0.0588495;0.380256
0.127359;0.0661719;0.380256
0.125507;0.0734942;0.380256
0.126856;0.0588495;0.387578
0.124981;0.0661719;0.387578
0.123123;0.0734942;0.387578
0.123839;0.0588495;0.3949
0.121971;0.0661719;0.3949
0.119976;0.0734942;0.3949
0.126396;0.0399433;0.399162
0.124692;0.0472656;0.399162
0.122844;0.054588;0.399162
0.122364;0.0399433;0.406484
0.120554;0.0472656;0.406484
0.118741;0.054588;0.406484
0.11748;0.0399433;0.413807
0.115718;0.0472656;0.413807
0.113819;0.054588;0.413807
0.121751;0.0588495;0.399162
0.119856;0.0661719;0.399162
0.11782;0.0734942;0.399162
0.117626;0.0588495;0.406484
0.115613;0.0661719;0.406484
0.113588;0.0734942;0.406484
0.112683;0.0588495;0.413807
0.110693;0.0661719;0.413807
0.108569;0.0734942;0.413807
0.122064;0.00213077;0.418068
0.120791;0.00945312;0.418068
0.119351;0.0167755;0.418068
0.115846;0.00213077;0.425391
0.114546;0.00945312;0.425391
0.113214;0.0167755;0.425391
0.108708;0.00213077;0.432713
0.107528;0.00945312;0.432713
0.106183;0.0167755;0.432713
0.118484;0.021037;0.418068
0.116964;0.0283594;0.418068
0.115284;0.0356817;0.418068
0.112366;0.021037;0.425391
0.110797;0.0283594;0.425391
0.109196;0.0356817;0.425391
0.105357;0.021037;0.432713
0.103881;0.0283594;0.432713
0.102248;0.0356817;0.432713
0.104159;0.00213077;0.436975
0.103024;0.00945312;0.436975
0.101708;0.0167755;0.436975
0.0957142;0.00213077;0.444297
0.0945943;0.00945312;0.444297
0.0934014;0.0167755;0.444297
0.0863627;0.00213077;0.451619
0.085378;0.00945312;0.451619
0.0842117;0.0167755;0.451619
0.100899;0.021037;0.436975
0.0994517;0.0283594;0.436975
0.0978334;0.0356817;0.436975
0.0926267;0.021037;0.444297
0.0911718;0.0283594;0.444297
0.0896487;0.0356817;0.444297
0.0834756;0.021037;0.451619
0.0821297;0.0283594;0.451619
0.0806121;0.0356817;0.451619
0.114278;0.0399433;0.418068
0.112517;0.0472656;0.418068
0.110603;0.054588;0.418068
0.108196;0.0399433;0.425391
0.106369;0.0472656;0.425391
0.104507;0.054588;0.425391
0.101255;0.0399433;0.432713
0.0994933;0.0472656;0.432713
0.0975845;0.054588;0.432713
0.10946;0.0588495;0.418068
0.107459;0.0661719;0.418068
0.10531;0.0734942;0.418068
0.103359;0.0588495;0.425391
0.10128;0.0661719;0.425391
0.0991571;0.0734942;0.425391
0.0964315;0.0588495;0.432713
0.0943919;0.0661719;0.432713
0.0922106;0.0734942;0.432713
0.0968496;0.0399433;0.436975
0.0951036;0.0472656;0.436975
0.0931956;0.054588;0.436975
0.0886873;0.0399433;0.444297
0.0869153;0.0472656;0.444297
0.0850718;0.054588;0.444297
0.0796745;0.0399433;0.451619
0.0779855;0.0472656;0.451619
0.0761319;0.054588;0.451619
0.0920438;0.0588495;0.436975
0.0900084;0.0661719;0.436975
0.0878177;0.0734942;0.436975
0.083928;0.0588495;0.444297
0.0818509;0.0661719;0.444297
0.0797007;0.0734942;0.444297
0.0749961;0.0588495;0.451619
0.0729702;0.0661719;0.451619
0.0708001;0.0734942;0.451619
0.124418;0.0777558;0.380256
0.12254;0.0850781;0.380256
0.120526;0.0924005;0.380256
0.121987;0.0777558;0.387578
0.119943;0.0850781;0.387578
0.117903;0.0924005;0.387578
0.118793;0.0777558;0.3949
0.116734;0.0850781;0.3949
0.11455;0.0924005;0.3949
0.119339;0.096662;0.380256
0.11728;0.103984;0.380256
0.115085;0.111307;0.380256
0.11666;0.096662;0.387578
0.114432;0.103984;0.387578
0.112191;0.111307;0.387578
0.113253;0.096662;0.3949
0.110988;0.103984;0.3949
0.108599;0.111307;0.3949
0.116615;0.0777558;0.399162
0.11452;0.0850781;0.399162
0.112286;0.0924005;0.399162
0.11235;0.0777558;0.406484
0.110128;0.0850781;0.406484
0.107882;0.0924005;0.406484
0.107301;0.0777558;0.413807
0.105078;0.0850781;0.413807
0.102725;0.0924005;0.413807
0.110961;0.096662;0.399162
0.108652;0.103984;0.399162
0.106206;0.111307;0.399162
0.106517;0.096662;0.406484
0.104075;0.103984;0.406484
0.101595;0.111307;0.406484
0.10132;0.096662;0.413807
0.0988563;0.103984;0.413807
0.0962632;0.111307;0.413807
0.113787;0.115568;0.380256
0.111527;0.122891;0.380256
0.109131;0.130213;0.380256
0.110832;0.115568;0.387578
0.1084;0.122891;0.387578
0.10594;0.130213;0.387578
0.107178;0.115568;0.3949
0.104692;0.122891;0.3949
0.102081;0.130213;0.3949
0.107709;0.134475;0.380256
0.105227;0.141797;0.380256
0.102606;0.149119;0.380256
0.104452;0.134475;0.387578
0.101797;0.141797;0.387578
0.0990971;0.149119;0.387578
0.100525;0.134475;0.3949
0.0977991;0.141797;0.3949
0.0949469;0.149119;0.3949
0.104753;0.115568;0.399162
0.102216;0.122891;0.399162
0.0995414;0.130213;0.399162
0.100095;0.115568;0.406484
0.0974193;0.122891;0.406484
0.0946937;0.130213;0.406484
0.0947153;0.115568;0.413807
0.0919985;0.122891;0.413807
0.089154;0.130213;0.413807
0.0979509;0.134475;0.399162
0.0951677;0.141797;0.399162
0.0922468;0.149119;0.399162
0.0930498;0.134475;0.406484
0.0901258;0.141797;0.406484
0.0871357;0.149119;0.406484
0.087456;0.134475;0.413807
0.0844734;0.141797;0.413807
0.0813629;0.149119;0.413807
0.104028;0.0777558;0.418068
0.101784;0.0850781;0.418068
0.0993957;0.0924005;0.418068
0.0978585;0.0777558;0.425391
0.095525;0.0850781;0.425391
0.0931391;0.0924005;0.425391
0.0908969;0.0777558;0.432713
0.0885775;0.0850781;0.432713
0.0861229;0.0924005;0.432713
0.0979718;0.096662;0.418068
0.0954778;0.103984;0.418068
0.0928425;0.111307;0.418068
0.0916891;0.096662;0.425391
0.089097;0.103984;0.425391
0.0864437;0.111307;0.425391
0.0846488;0.096662;0.432713
0.0820482;0.103984;0.432713
0.0793149;0.111307;0.432713
0.0865005;0.0777558;0.436975
0.0841775;0.0850781;0.436975
0.0817039;0.0924005;0.436975
0.0783832;0.0777558;0.444297
0.0760108;0.0850781;0.444297
0.0735558;0.0924005;0.444297
0.0694797;0.0777558;0.451619
0.0671287;0.0850781;0.451619
0.0646442;0.0924005;0.451619
0.0802197;0.096662;0.436975
0.0776046;0.103984;0.436975
0.074843;0.111307;0.436975
0.0720617;0.096662;0.444297
0.0693872;0.103984;0.444297
0.0666214;0.111307;0.444297
0.063144;0.096662;0.451619
0.060475;0.103984;0.451619
0.0576621;0.111307;0.451619
0.0912711;0.115568;0.418068
0.0885163;0.122891;0.418068
0.0856221;0.130213;0.418068
0.0848389;0.115568;0.425391
0.0819791;0.122891;0.425391
0.0790454;0.130213;0.425391
0.0776774;0.115568;0.432713
0.0747906;0.122891;0.432713
0.071768;0.130213;0.432713
0.0838963;0.134475;0.418068
0.0808688;0.141797;0.418068
0.0777033;0.149119;0.418068
0.0772779;0.134475;0.425391
0.0741401;0.141797;0.425391
0.0709175;0.149119;0.425391
0.0699578;0.134475;0.432713
0.0667729;0.141797;0.432713
0.0634594;0.149119;0.432713
0.0731891;0.115568;0.436975
0.0702766;0.122891;0.436975
0.0672191;0.130213;0.436975
0.0649457;0.115568;0.444297
0.0619607;0.122891;0.444297
0.0588807;0.130213;0.444297
0.0559696;0.115568;0.451619
0.0529751;0.122891;0.451619
0.0498368;0.130213;0.451619
0.0653888;0.134475;0.436975
0.0621697;0.141797;0.436975
0.0588123;0.149119;0.436975
0.0570245;0.134475;0.444297
0.0537276;0.141797;0.444297
0.0503244;0.149119;0.444297
0.0479544;0.134475;0.451619
0.0446342;0.141797;0.451619
0.041173;0.149119;0.451619
0.107539;0.153381;0.304631
0.10649;0.160703;0.304631
0.105279;0.168025;0.304631
0.108996;0.153381;0.311953
0.107693;0.160703;0.311953
0.106375;0.168025;0.311953
0.11003;0.153381;0.319275
0.108618;0.160703;0.319275
0.10706;0.168025;0.319275
0.104548;0.172287;0.304631
0.103247;0.179609;0.304631
0.101781;0.186932;0.304631
0.105542;0.172287;0.311953
0.103997;0.179609;0.311953
0.10242;0.186932;0.311953
0.106124;0.172287;0.319275
0.104465;0.179609;0.319275
0.102656;0.186932;0.319275
0.110465;0.153381;0.323537
0.108955;0.160703;0.323537
0.107292;0.168025;0.323537
0.110931;0.153381;0.330859
0.109179;0.160703;0.330859
0.107407;0.168025;0.330859
0.110896;0.153381;0.338182
0.109037;0.160703;0.338182
0.10704;0.168025;0.338182
0.106296;0.172287;0.323537
0.104541;0.179609;0.323537
0.102626;0.186932;0.323537
0.106313;0.172287;0.330859
0.104323;0.179609;0.330859
0.102294;0.186932;0.330859
0.105845;0.172287;0.338182
0.10374;0.179609;0.338182
0.101492;0.186932;0.338182
0.100895;0.191193;0.304631
0.0993183;0.198516;0.304631
0.0975722;0.205838;0.304631
0.101434;0.191193;0.311953
0.0996216;0.198516;0.311953
0.0977617;0.205838;0.311953
0.101567;0.191193;0.319275
0.0996363;0.198516;0.319275
0.0975512;0.205838;0.319275
0.0965187;0.2101;0.304631
0.0946447;0.217422;0.304631
0.0925968;0.224744;0.304631
0.0966088;0.2101;0.311953
0.094505;0.217422;0.311953
0.0923407;0.224744;0.311953
0.0962962;0.2101;0.319275
0.0940704;0.217422;0.319275
0.091686;0.224744;0.319275
0.101479;0.191193;0.323537
0.0994519;0.198516;0.323537
0.0972617;0.205838;0.323537
0.101048;0.191193;0.330859
0.0987927;0.198516;0.330859
0.0964827;0.205838;0.330859
0.100145;0.191193;0.338182
0.0977679;0.198516;0.338182
0.0952442;0.205838;0.338182
0.0959485;0.2101;0.323537
0.0936269;0.217422;0.323537
0.0911375;0.224744;0.323537
0.0950709;0.2101;0.330859
0.0925264;0.217422;0.330859
0.0899127;0.224744;0.330859
0.0937313;0.2101;0.338182
0.0910589;0.217422;0.338182
0.0882363;0.224744;0.338182
0.110671;0.153381;0.342443
0.108721;0.160703;0.342443
0.106623;0.168025;0.342443
0.109943;0.153381;0.349766
0.107769;0.160703;0.349766
0.105565;0.168025;0.349766
0.108652;0.153381;0.357088
0.106376;0.160703;0.357088
0.103967;0.168025;0.357088
0.105372;0.172287;0.342443
0.103174;0.179609;0.342443
0.100824;0.186932;0.342443
0.104221;0.172287;0.349766
0.101806;0.179609;0.349766
0.0993414;0.186932;0.349766
0.102529;0.172287;0.357088
0.100001;0.179609;0.357088
0.0973365;0.186932;0.357088
0.107665;0.153381;0.36135
0.105306;0.160703;0.36135
0.102804;0.168025;0.36135
0.105577;0.153381;0.368672
0.103019;0.160703;0.368672
0.100415;0.168025;0.368672
0.10288;0.153381;0.375994
0.100226;0.160703;0.375994
0.0974432;0.168025;0.375994
0.101314;0.172287;0.36135
0.0987007;0.179609;0.36135
0.0959407;0.186932;0.36135
0.0988409;0.172287;0.368672
0.0960319;0.179609;0.368672
0.0931597;0.186932;0.368672
0.0957827;0.172287;0.375994
0.0928652;0.179609;0.375994
0.0898169;0.186932;0.375994
0.099421;0.191193;0.342443
0.0969512;0.198516;0.342443
0.0943251;0.205838;0.342443
0.0978444;0.191193;0.349766
0.0951616;0.198516;0.349766
0.092413;0.205838;0.349766
0.0957437;0.191193;0.357088
0.0929386;0.198516;0.357088
0.0899941;0.205838;0.357088
0.0927554;0.2101;0.342443
0.0899898;0.217422;0.342443
0.0870639;0.224744;0.342443
0.0907485;0.2101;0.349766
0.0877743;0.217422;0.349766
0.0847189;0.224744;0.349766
0.0882326;0.2101;0.357088
0.0851275;0.217422;0.357088
0.08188;0.224744;0.357088
0.0942949;0.191193;0.36135
0.0914031;0.198516;0.36135
0.0883614;0.205838;0.36135
0.0914274;0.191193;0.368672
0.0883436;0.198516;0.368672
0.0851795;0.205838;0.368672
0.0879959;0.191193;0.375994
0.0847919;0.198516;0.375994
0.081455;0.205838;0.375994
0.0865459;0.2101;0.36135
0.0833524;0.217422;0.36135
0.0800059;0.224744;0.36135
0.0832754;0.2101;0.368672
0.0798929;0.217422;0.368672
0.0764141;0.224744;0.368672
0.0794604;0.2101;0.375994
0.0759469;0.217422;0.375994
0.0722968;0.224744;0.375994
0.0913634;0.229006;0.304631
0.0891726;0.236328;0.304631
0.0868025;0.24365;0.304631
0.0910082;0.229006;0.311953
0.0885915;0.236328;0.311953
0.0861032;0.24365;0.311953
0.090252;0.229006;0.319275
0.0877097;0.236328;0.319275
0.0850044;0.24365;0.319275
0.0853781;0.247912;0.304631
0.0828523;0.255234;0.304631
0.0801409;0.262557;0.304631
0.0845792;0.247912;0.311953
0.0818291;0.255234;0.311953
0.0789985;0.262557;0.311953
0.0833793;0.247912;0.319275
0.0805005;0.255234;0.319275
0.0774535;0.262557;0.319275
0.0896453;0.229006;0.323537
0.0870075;0.236328;0.323537
0.0841966;0.24365;0.323537
0.0883217;0.229006;0.330859
0.0854651;0.236328;0.330859
0.0825259;0.24365;0.330859
0.0865442;0.229006;0.338182
0.0835541;0.236328;0.338182
0.08041;0.24365;0.338182
0.0825134;0.247912;0.323537
0.0795393;0.255234;0.323537
0.0763855;0.262557;0.323537
0.0807428;0.247912;0.330859
0.0775522;0.255234;0.330859
0.0742674;0.262557;0.330859
0.0785252;0.247912;0.338182
0.0751946;0.255234;0.338182
0.0717072;0.262557;0.338182
0.0785154;0.266818;0.304631
0.0756382;0.274141;0.304631
0.0725673;0.281463;0.304631
0.0772719;0.266818;0.311953
0.0741694;0.274141;0.311953
0.0709801;0.281463;0.311953
0.0756259;0.266818;0.319275
0.072392;0.274141;0.319275
0.0689841;0.281463;0.319275
0.0707303;0.285725;0.304631
0.0674853;0.293047;0.304631
0.0640382;0.300369;0.304631
0.0690404;0.285725;0.311953
0.0655657;0.293047;0.311953
0.062001;0.300369;0.311953
0.0669443;0.285725;0.319275
0.0633389;0.293047;0.319275
0.0595492;0.300369;0.319275
0.0744993;0.266818;0.323537
0.0711697;0.274141;0.323537
0.0676534;0.281463;0.323537
0.0722797;0.266818;0.330859
0.0687333;0.274141;0.330859
0.0650842;0.281463;0.330859
0.0696178;0.266818;0.338182
0.0659261;0.274141;0.338182
0.0620726;0.281463;0.338182
0.0655545;0.285725;0.323537
0.0618538;0.293047;0.323537
0.0579551;0.300369;0.323537
0.0628812;0.285725;0.330859
0.0589609;0.293047;0.330859
0.0549336;0.300369;0.330859
0.0597673;0.285725;0.338182
0.0556986;0.293047;0.338182
0.0514625;0.300369;0.338182
0.0853147;0.229006;0.342443
0.0822312;0.236328;0.342443
0.0789826;0.24365;0.342443
0.0828742;0.229006;0.349766
0.0795864;0.236328;0.349766
0.076202;0.24365;0.349766
0.0799369;0.229006;0.357088
0.0765111;0.236328;0.357088
0.0729406;0.24365;0.357088
0.0770407;0.247912;0.342443
0.0736164;0.255234;0.342443
0.0700215;0.262557;0.342443
0.0741638;0.247912;0.349766
0.0705389;0.255234;0.349766
0.0668008;0.262557;0.349766
0.0708026;0.247912;0.357088
0.0670302;0.255234;0.357088
0.0631125;0.262557;0.357088
0.0780077;0.229006;0.36135
0.0744922;0.236328;0.36135
0.0708226;0.24365;0.36135
0.0743251;0.229006;0.368672
0.0706232;0.236328;0.368672
0.0668125;0.24365;0.368672
0.0701148;0.229006;0.375994
0.0662719;0.236328;0.375994
0.0622909;0.24365;0.375994
0.0686304;0.247912;0.36135
0.0647668;0.255234;0.36135
0.060742;0.262557;0.36135
0.0645321;0.247912;0.368672
0.0604897;0.255234;0.368672
0.056305;0.262557;0.368672
0.0599152;0.247912;0.375994
0.0557302;0.255234;0.375994
0.051395;0.262557;0.375994
0.0678745;0.266818;0.342443
0.0640897;0.274141;0.342443
0.0601262;0.281463;0.342443
0.0645549;0.266818;0.349766
0.0605716;0.274141;0.349766
0.0564627;0.281463;0.349766
0.0607641;0.266818;0.357088
0.0566207;0.274141;0.357088
0.0523385;0.281463;0.357088
0.0577608;0.285725;0.342443
0.0535973;0.293047;0.342443
0.0492517;0.300369;0.342443
0.053995;0.285725;0.349766
0.0496283;0.293047;0.349766
0.0451365;0.300369;0.349766
0.0497735;0.285725;0.357088
0.0452379;0.293047;0.357088
0.0405515;0.300369;0.357088
0.0583386;0.266818;0.36135
0.0541095;0.274141;0.36135
0.0497202;0.281463;0.36135
0.0538049;0.266818;0.368672
0.0494001;0.274141;0.368672
0.0448493;0.281463;0.368672
0.0487789;0.266818;0.375994
0.0441748;0.274141;0.375994
0.0394903;0.281463;0.375994
0.0471012;0.285725;0.36135
0.0424779;0.293047;0.36135
0.0376695;0.300369;0.36135
0.0421387;0.285725;0.368672
0.0373499;0.293047;0.368672
0.032371;0.300369;0.368672
0.0366883;0.285725;0.375994
0.0317132;0.293047;0.375994
0.0266008;0.300369;0.375994
0.101049;0.153381;0.380256
0.0983219;0.160703;0.380256
0.0954552;0.168025;0.380256
0.0974685;0.153381;0.387578
0.0945701;0.160703;0.387578
0.0916092;0.168025;0.387578
0.0932459;0.153381;0.3949
0.0902602;0.160703;0.3949
0.0871479;0.168025;0.3949
0.0937482;0.172287;0.380256
0.0907545;0.179609;0.380256
0.0876188;0.186932;0.380256
0.0898279;0.172287;0.387578
0.0866646;0.179609;0.387578
0.083421;0.186932;0.387578
0.0852902;0.172287;0.3949
0.0820255;0.179609;0.3949
0.0786334;0.186932;0.3949
0.0905076;0.153381;0.399162
0.0874593;0.160703;0.399162
0.0842735;0.168025;0.399162
0.0853374;0.153381;0.406484
0.0821468;0.160703;0.406484
0.0788743;0.168025;0.406484
0.0795045;0.153381;0.413807
0.0762372;0.160703;0.413807
0.0728427;0.168025;0.413807
0.082375;0.172287;0.399162
0.079044;0.179609;0.399162
0.0755757;0.186932;0.399162
0.0769115;0.172287;0.406484
0.0734384;0.179609;0.406484
0.0698692;0.186932;0.406484
0.0708136;0.172287;0.413807
0.0672453;0.179609;0.413807
0.0635539;0.186932;0.413807
0.0857496;0.191193;0.380256
0.0824667;0.198516;0.380256
0.0790397;0.205838;0.380256
0.0814741;0.191193;0.387578
0.0780241;0.198516;0.387578
0.0744767;0.205838;0.387578
0.0766063;0.191193;0.3949
0.0730396;0.198516;0.3949
0.0693464;0.205838;0.3949
0.0769956;0.2101;0.380256
0.0734015;0.217422;0.380256
0.0696592;0.224744;0.380256
0.0723517;0.2101;0.387578
0.0685932;0.217422;0.387578
0.0647216;0.224744;0.387578
0.0671376;0.2101;0.3949
0.0632479;0.217422;0.3949
0.0592329;0.224744;0.3949
0.0735068;0.191193;0.399162
0.0698702;0.198516;0.399162
0.0660936;0.205838;0.399162
0.0677347;0.191193;0.406484
0.0639602;0.198516;0.406484
0.0600639;0.205838;0.406484
0.061349;0.191193;0.413807
0.0574675;0.198516;0.413807
0.0534583;0.205838;0.413807
0.0638401;0.2101;0.399162
0.0598789;0.217422;0.399162
0.0557777;0.224744;0.399162
0.0577375;0.2101;0.406484
0.053639;0.217422;0.406484
0.0494077;0.224744;0.406484
0.0510527;0.2101;0.413807
0.0468172;0.217422;0.413807
0.0424782;0.224744;0.413807
0.0758149;0.153381;0.418068
0.0724982;0.160703;0.418068
0.0690425;0.168025;0.418068
0.0689832;0.153381;0.425391
0.065556;0.160703;0.425391
0.062026;0.168025;0.425391
0.0614746;0.153381;0.432713
0.057979;0.160703;0.432713
0.0543598;0.168025;0.432713
0.0669791;0.172287;0.418068
0.0633541;0.179609;0.418068
0.0595947;0.186932;0.418068
0.059912;0.172287;0.425391
0.0561755;0.179609;0.425391
0.0523202;0.186932;0.425391
0.0521956;0.172287;0.432713
0.0483793;0.179609;0.432713
0.0444307;0.186932;0.432713
0.0568049;0.153381;0.436975
0.0532723;0.160703;0.436975
0.0496022;0.168025;0.436975
0.0482843;0.153381;0.444297
0.0446705;0.160703;0.444297
0.0409272;0.168025;0.444297
0.0390885;0.153381;0.451619
0.0354037;0.160703;0.451619
0.0315911;0.168025;0.451619
0.0474086;0.172287;0.436975
0.0435479;0.179609;0.436975
0.0395496;0.186932;0.436975
0.0386877;0.172287;0.444297
0.0347441;0.179609;0.444297
0.0306718;0.186932;0.444297
0.0293134;0.172287;0.451619
0.0253053;0.179609;0.451619
0.0211667;0.186932;0.451619
0.0573501;0.191193;0.418068
0.0534056;0.198516;0.418068
0.0493307;0.205838;0.418068
0.0500155;0.191193;0.425391
0.0459522;0.198516;0.425391
0.04176;0.205838;0.425391
0.0420704;0.191193;0.432713
0.0379069;0.198516;0.432713
0.0335979;0.205838;0.432713
0.0468924;0.2101;0.418068
0.0425935;0.217422;0.418068
0.0381617;0.224744;0.418068
0.0392712;0.2101;0.425391
0.0348758;0.217422;0.425391
0.0302861;0.224744;0.425391
0.0310249;0.2101;0.432713
0.0265115;0.217422;0.432713
0.0218711;0.224744;0.432713
0.0371537;0.191193;0.436975
0.0329315;0.198516;0.436975
0.0285806;0.205838;0.436975
0.0282206;0.191193;0.444297
0.0239004;0.198516;0.444297
0.0194883;0.205838;0.444297
0.0186826;0.191193;0.451619
0.0142901;0.198516;0.451619
0.00976463;0.205838;0.451619
0.0271515;0.208193;0.436975
0.0180473;0.208193;0.444297
0.00828062;0.208193;0.451619
0.0266771;0.208965;0.436975
0.0175685;0.208965;0.444297
0.00779346;0.208965;0.451619
0.0262015;0.209736;0.436975
0.0170878;0.209736;0.444297
0.00730429;0.209736;0.451619
0.0250058;0.211867;0.436872
0.0163395;0.211867;0.443841
0.00706077;0.211867;0.45081
0.0213263;0.218418;0.436516
0.0141814;0.218418;0.442261
0.00662244;0.218418;0.448006
0.0175788;0.224969;0.436155
0.0119361;0.224969;0.440663
0.0060516;0.224969;0.44517
0.0674253;0.229006;0.380256
0.0634974;0.236328;0.380256
0.0594226;0.24365;0.380256
0.0624044;0.229006;0.387578
0.0583123;0.236328;0.387578
0.0540962;0.24365;0.387578
0.0568346;0.229006;0.3949
0.052605;0.236328;0.3949
0.0482357;0.24365;0.3949
0.0569902;0.247912;0.380256
0.0527151;0.255234;0.380256
0.0482983;0.262557;0.380256
0.0515757;0.247912;0.387578
0.0471321;0.255234;0.387578
0.0425582;0.262557;0.387578
0.0456397;0.247912;0.3949
0.0410636;0.255234;0.3949
0.0363017;0.262557;0.3949
0.0533327;0.229006;0.399162
0.0490319;0.236328;0.399162
0.0445814;0.24365;0.399162
0.0468834;0.229006;0.406484
0.0424448;0.236328;0.406484
0.0378702;0.24365;0.406484
0.0398768;0.229006;0.413807
0.0352797;0.236328;0.413807
0.0305729;0.24365;0.413807
0.041926;0.247912;0.399162
0.0372515;0.255234;0.399162
0.0324192;0.262557;0.399162
0.0351114;0.247912;0.406484
0.0302578;0.255234;0.406484
0.0253396;0.262557;0.406484
0.0277651;0.247912;0.413807
0.0228131;0.255234;0.413807
0.017727;0.262557;0.413807
0.0456448;0.266818;0.380256
0.0409541;0.274141;0.380256
0.0361306;0.281463;0.380256
0.0398473;0.266818;0.387578
0.0350339;0.274141;0.387578
0.0299729;0.281463;0.387578
0.0334426;0.266818;0.3949
0.0284429;0.274141;0.3949
0.0233475;0.281463;0.3949
0.0332641;0.285725;0.380256
0.0282333;0.293047;0.380256
0.023055;0.300369;0.380256
0.0270144;0.285725;0.387578
0.021913;0.293047;0.387578
0.0165674;0.300369;0.387578
0.0203569;0.285725;0.3949
0.0150556;0.293047;0.3949
0.00946606;0.300369;0.3949
0.0300003;0.266118;0.399162
0.0229135;0.266118;0.406484
0.0151941;0.266118;0.413807
0.0265995;0.271035;0.399162
0.0194712;0.271035;0.406484
0.0116364;0.271035;0.413807
0.0231573;0.275952;0.399162
0.0159212;0.275952;0.406484
0.0080333;0.275952;0.413807
0.0217024;0.278082;0.399109
0.0145905;0.278082;0.406251
0.00691929;0.278082;0.413393
0.020171;0.280488;0.398928
0.0136264;0.280488;0.405446
0.00669621;0.280488;0.411964
0.0186381;0.282894;0.398746
0.0126476;0.282894;0.404637
0.00642686;0.282894;0.410528
0.0168172;0.285725;0.398522
0.0115155;0.285725;0.403645
0.00611172;0.285725;0.408769
0.012023;0.293047;0.397931
0.00877558;0.293047;0.401022
0.00546689;0.293047;0.404113
0.00699762;0.300369;0.397329
0.00600568;0.300369;0.398353
0.00499037;0.300369;0.399377
0.0355164;0.229006;0.418068
0.0308667;0.236328;0.418068
0.0260878;0.24365;0.418068
0.0275772;0.229006;0.425391
0.0228652;0.236328;0.425391
0.017962;0.24365;0.425391
0.0191167;0.229006;0.432713
0.0142577;0.236328;0.432713
0.00921016;0.24365;0.432713
0.0245971;0.245893;0.418068
0.0164211;0.245893;0.425391
0.00762737;0.245893;0.432713
0.0243395;0.246278;0.418068
0.0161547;0.246278;0.425391
0.00735877;0.246278;0.432713
0.0240816;0.246663;0.418068
0.0158879;0.246663;0.425391
0.00708934;0.246663;0.432713
0.0227905;0.248793;0.417935
0.0150909;0.248793;0.424799
0.00688318;0.248793;0.431663
0.0185422;0.255731;0.417472
0.0125904;0.255731;0.422746
0.00632826;0.255731;0.428019
0.0141681;0.262669;0.417003
0.0100529;0.262669;0.420663
0.00574189;0.262669;0.424323
0.0152225;0.229006;0.435923
0.0105491;0.229006;0.439632
0.00572841;0.229006;0.443341
0.0108408;0.236328;0.435484
0.00806686;0.236328;0.437685
0.00523459;0.236328;0.439885
0.00630688;0.24365;0.435039
0.00548591;0.24365;0.435711
0.00465582;0.24365;0.436382
0.00488202;0.245893;0.434901
0.00464518;0.245893;0.435099
0.0044074;0.245893;0.435296
0.00464426;0.246278;0.434876
0.00451141;0.246278;0.434987
0.00437827;0.246278;0.435099
0.00440524;0.246663;0.434851
0.00437544;0.246663;0.434876
0.00434563;0.246663;0.434901
0.0119317;0.266118;0.416762
0.00877147;0.266118;0.419593
0.00547693;0.266118;0.422425
0.0087091;0.271035;0.416404
0.00692001;0.271035;0.418008
0.00508568;0.271035;0.419612
0.00549366;0.275952;0.416043
0.00508144;0.275952;0.416407
0.00466701;0.275952;0.41677
0.0805279;0.00213077;0.455881
0.079603;0.00945312;0.455881
0.078482;0.0167755;0.455881
0.0698736;0.00213077;0.463203
0.0690024;0.00945312;0.463203
0.0680208;0.0167755;0.463203
0.0583414;0.00213077;0.470525
0.0576197;0.00945312;0.470525
0.0566983;0.0167755;0.470525
0.0777715;0.021037;0.455881
0.0764696;0.0283594;0.455881
0.0749834;0.0356817;0.455881
0.0673599;0.021037;0.463203
0.0660867;0.0283594;0.463203
0.0647113;0.0356817;0.463203
0.0560922;0.021037;0.470525
0.0549459;0.0283594;0.470525
0.0536058;0.0356817;0.470525
0.0512459;0.00213077;0.474787
0.050597;0.00945312;0.474787
0.0497365;0.0167755;0.474787
0.0384406;0.00213077;0.482109
0.0378785;0.00945312;0.482109
0.0371721;0.0167755;0.482109
0.0248031;0.00213077;0.489432
0.0244037;0.00945312;0.489432
0.0237808;0.0167755;0.489432
0.0491645;0.021037;0.474787
0.0480753;0.0283594;0.474787
0.0467823;0.0356817;0.474787
0.0366617;0.021037;0.482109
0.0356327;0.0283594;0.482109
0.0344713;0.0356817;0.482109
0.0233371;0.021037;0.489432
0.0224535;0.0283594;0.489432
0.0213583;0.0356817;0.489432
0.0740633;0.0399433;0.455881
0.0724043;0.0472656;0.455881
0.0705701;0.054588;0.455881
0.0638274;0.0399433;0.463203
0.062178;0.0472656;0.463203
0.0604291;0.054588;0.463203
0.0527599;0.0399433;0.470525
0.051214;0.0472656;0.470525
0.0494907;0.054588;0.470525
0.0694472;0.0588495;0.455881
0.0674411;0.0661719;0.455881
0.0652729;0.0734942;0.455881
0.0593365;0.0588495;0.463203
0.0573319;0.0661719;0.463203
0.0552144;0.0734942;0.463203
0.0484198;0.0588495;0.470525
0.0464873;0.0661719;0.470525
0.0443987;0.0734942;0.470525
0.0459603;0.0399433;0.474787
0.0444561;0.0472656;0.474787
0.0427745;0.054588;0.474787
0.0336984;0.0399433;0.482109
0.0322287;0.0472656;0.482109
0.0306495;0.054588;0.482109
0.0206442;0.0399433;0.489432
0.0192958;0.0472656;0.489432
0.0177364;0.054588;0.489432
0.0417221;0.0588495;0.474787
0.0398089;0.0661719;0.474787
0.037736;0.0734942;0.474787
0.0296374;0.0588495;0.482109
0.027738;0.0661719;0.482109
0.0257127;0.0734942;0.482109
0.0167546;0.0588495;0.489432
0.0149706;0.0661719;0.489432
0.013007;0.0734942;0.489432
0.0188269;0.00213077;0.492509
0.012373;0.00213077;0.495761
0.0057698;0.00213077;0.499013
0.0185355;0.00945312;0.492493
0.0122492;0.00945312;0.495692
0.00582679;0.00945312;0.49889
0.0179695;0.0167755;0.492478
0.011847;0.0167755;0.495623
0.00559807;0.0167755;0.498767
0.0175902;0.021037;0.492459
0.0116231;0.021037;0.495542
0.00553666;0.021037;0.498624
0.0168684;0.0283594;0.492413
0.0112656;0.0283594;0.495334
0.00555733;0.0283594;0.498255
0.0158806;0.0356817;0.492366
0.0106295;0.0356817;0.495126
0.00528313;0.0356817;0.497886
0.0152601;0.0399433;0.492329
0.0102695;0.0399433;0.494964
0.00519091;0.0399433;0.497599
0.0141214;0.0472656;0.492251
0.00968063;0.0472656;0.494617
0.0051622;0.0472656;0.496983
0.0127105;0.054588;0.492172
0.0088165;0.054588;0.494269
0.00484993;0.054588;0.496365
0.0118439;0.0588495;0.492118
0.00832529;0.0588495;0.494025
0.00473914;0.0588495;0.495933
0.0103206;0.0661719;0.492008
0.00752689;0.0661719;0.493537
0.00468168;0.0661719;0.495067
0.00857877;0.0734942;0.491897
0.00648719;0.0734942;0.493048
0.00436149;0.0734942;0.494198
0.0639567;0.0777558;0.455881
0.0616167;0.0850781;0.455881
0.0591231;0.0924005;0.455881
0.0539121;0.0777558;0.463203
0.0515591;0.0850781;0.463203
0.0490844;0.0924005;0.463203
0.043104;0.0777558;0.470525
0.0407667;0.0850781;0.470525
0.0382939;0.0924005;0.470525
0.0576177;0.096662;0.455881
0.0549466;0.103984;0.455881
0.052121;0.111307;0.455881
0.0475749;0.096662;0.463203
0.0448765;0.103984;0.463203
0.0420616;0.111307;0.463203
0.0367953;0.096662;0.470525
0.034115;0.103984;0.470525
0.0312787;0.111307;0.470525
0.0365724;0.0773793;0.474787
0.0245853;0.0773793;0.482109
0.0118961;0.0773793;0.489432
0.0346896;0.0834081;0.474787
0.0227486;0.0834081;0.482109
0.0100888;0.0834081;0.489432
0.0327016;0.0894368;0.474787
0.0207937;0.0894368;0.482109
0.00816191;0.0894368;0.489432
0.0319846;0.0915676;0.47478
0.0201284;0.0915676;0.482077
0.00755407;0.0915676;0.489374
0.0315753;0.0928612;0.474754
0.0198716;0.0928612;0.481964
0.00746782;0.0928612;0.489174
0.0311608;0.0941548;0.474729
0.0196089;0.0941548;0.481852
0.00737513;0.0941548;0.488975
0.030375;0.096662;0.474671
0.0191671;0.096662;0.481594
0.00732868;0.096662;0.488517
0.0279824;0.103984;0.474496
0.0177975;0.103984;0.480817
0.00711029;0.103984;0.487139
0.0254127;0.111307;0.47432
0.0162439;0.111307;0.480036
0.00666347;0.111307;0.485752
0.0504203;0.115568;0.455881
0.0474138;0.122891;0.455881
0.0442585;0.130213;0.455881
0.0403507;0.115568;0.463203
0.0373016;0.122891;0.463203
0.0341445;0.130213;0.463203
0.0295646;0.115568;0.470525
0.0265209;0.122891;0.470525
0.0233239;0.130213;0.470525
0.0423621;0.134475;0.455881
0.0390138;0.141797;0.455881
0.0355244;0.149119;0.455881
0.0322302;0.134475;0.463203
0.0288174;0.141797;0.463203
0.0252955;0.149119;0.463203
0.0213983;0.134475;0.470525
0.0179899;0.141797;0.470525
0.0144339;0.149119;0.470525
0.0238757;0.115568;0.474208
0.0153496;0.115568;0.479539
0.00646682;0.115568;0.484871
0.0211702;0.122891;0.473999
0.0138272;0.122891;0.478614
0.00621784;0.122891;0.483228
0.0182849;0.130213;0.473789
0.0121174;0.130213;0.477681
0.00574542;0.130213;0.481573
0.0165639;0.134475;0.473657
0.0111318;0.134475;0.477096
0.00553407;0.134475;0.480536
0.0135469;0.141797;0.473414
0.00945242;0.141797;0.476018
0.00525776;0.141797;0.478622
0.0103586;0.149119;0.473169
0.00759312;0.149119;0.474931
0.00477558;0.149119;0.476693
0.00758771;0.0773793;0.491831
0.00591101;0.0773793;0.492754
0.00421075;0.0773793;0.493677
0.00599412;0.0834081;0.491714
0.00504358;0.0834081;0.492235
0.00408505;0.0834081;0.492756
0.00428637;0.0894368;0.491597
0.00406856;0.0894368;0.491714
0.00385034;0.0894368;0.491832
0.0338352;0.152557;0.455881
0.0235997;0.152557;0.463203
0.012714;0.152557;0.470525
0.0315838;0.15705;0.455881
0.0213337;0.15705;0.463203
0.010423;0.15705;0.470525
0.029283;0.161543;0.455881
0.0190123;0.161543;0.463203
0.00807511;0.161543;0.470525
0.0282171;0.163673;0.455849
0.0180951;0.163673;0.463063
0.00732514;0.163673;0.470276
0.0268747;0.166503;0.45574
0.0172877;0.166503;0.462578
0.00711817;0.166503;0.469417
0.0255124;0.169333;0.45563
0.0164595;0.169333;0.462092
0.00688711;0.169333;0.468554
0.0240834;0.172287;0.455507
0.0156311;0.172287;0.461545
0.00673953;0.172287;0.467583
0.0204732;0.179609;0.455191
0.013542;0.179609;0.460141
0.00633079;0.179609;0.465092
0.0167419;0.186932;0.454871
0.0113381;0.186932;0.458722
0.00575736;0.186932;0.462574
0.00881542;0.152557;0.473048
0.00670604;0.152557;0.474394
0.00456474;0.152557;0.475739
0.00677822;0.15705;0.472878
0.00558695;0.15705;0.473638
0.00438556;0.15705;0.474398
0.00468766;0.161543;0.472706
0.00441701;0.161543;0.472878
0.00414584;0.161543;0.47305
0.014517;0.191193;0.454675
0.0100573;0.191193;0.457852
0.00547521;0.191193;0.46103
0.0105976;0.198516;0.45432
0.0078629;0.198516;0.456279
0.00507382;0.198516;0.458239
0.00652738;0.205838;0.453961
0.00553179;0.205838;0.454688
0.00452546;0.205838;0.455415
0.00518538;0.208193;0.453844
0.00474587;0.208193;0.454169
0.00430393;0.208193;0.454493
0.004751;0.208965;0.453803
0.00450447;0.208965;0.453986
0.00425714;0.208965;0.454169
0.00431444;0.209736;0.453762
0.00425912;0.209736;0.453803
0.00420376;0.209736;0.453844
0.0619828;0.304631;0.304631
0.0583574;0.311953;0.304631
0.0545126;0.319275;0.304631
0.0598393;0.304631;0.311953
0.0559772;0.311953;0.311953
0.0520223;0.319275;0.311953
0.0572847;0.304631;0.319275
0.05329;0.311953;0.319275
0.0491032;0.319275;0.319275
0.0522217;0.323537;0.304631
0.0481946;0.330859;0.304631
0.043946;0.338182;0.304631
0.0496242;0.323537;0.311953
0.045346;0.330859;0.311953
0.0409829;0.338182;0.311953
0.0466049;0.323537;0.319275
0.0421998;0.330859;0.319275
0.0375889;0.338182;0.319275
0.05563;0.304631;0.323537
0.0515363;0.311953;0.323537
0.0472368;0.319275;0.323537
0.0525038;0.304631;0.330859
0.0481841;0.311953;0.330859
0.0437556;0.319275;0.330859
0.0489337;0.304631;0.338182
0.0444722;0.311953;0.338182
0.039827;0.319275;0.338182
0.0446798;0.323537;0.323537
0.0401779;0.330859;0.323537
0.0354445;0.338182;0.323537
0.0410941;0.323537;0.330859
0.0363649;0.330859;0.330859
0.0315036;0.338182;0.330859
0.0370641;0.323537;0.338182
0.0322074;0.330859;0.338182
0.0271517;0.338182;0.338182
0.0414373;0.342443;0.304631
0.037003;0.349766;0.304631
0.0322496;0.357088;0.304631
0.0383614;0.342443;0.311953
0.0336821;0.349766;0.311953
0.0288604;0.357088;0.311953
0.0348419;0.342443;0.319275
0.0300388;0.349766;0.319275
0.0250661;0.357088;0.319275
0.0294758;0.36135;0.304631
0.024696;0.368672;0.304631
0.0195929;0.375994;0.304631
0.0259394;0.36135;0.311953
0.0207579;0.368672;0.311953
0.015483;0.375994;0.311953
0.0220429;0.36135;0.319275
0.0166436;0.368672;0.319275
0.0110968;0.375994;0.319275
0.0326333;0.342443;0.323537
0.0277319;0.349766;0.323537
0.0226355;0.357088;0.323537
0.0285886;0.342443;0.330859
0.0234241;0.349766;0.330859
0.0181109;0.357088;0.330859
0.0241064;0.342443;0.338182
0.0187296;0.349766;0.338182
0.0132006;0.357088;0.338182
0.0204585;0.36135;0.322045
0.015021;0.368672;0.322045
0.00937358;0.375994;0.322045
0.0191314;0.36135;0.324241
0.0136568;0.368672;0.324241
0.00800606;0.375994;0.324241
0.0177707;0.36135;0.326437
0.0122598;0.368672;0.326437
0.00660623;0.375994;0.326437
0.016529;0.361201;0.328568
0.0113752;0.368014;0.328568
0.00612561;0.374827;0.328568
0.0135355;0.360687;0.333694
0.0096651;0.365733;0.333694
0.00577746;0.370779;0.333694
0.0103687;0.360166;0.338821
0.00782795;0.36342;0.338821
0.00529372;0.366675;0.338821
0.0466643;0.304631;0.342443
0.0421068;0.311953;0.342443
0.0373449;0.319275;0.342443
0.0424471;0.304631;0.349766
0.0376855;0.311953;0.349766
0.0327746;0.319275;0.349766
0.0377677;0.304631;0.357088
0.0328652;0.311953;0.357088
0.0277701;0.319275;0.357088
0.0345199;0.323537;0.342443
0.029567;0.330859;0.342443
0.0243947;0.338182;0.342443
0.0298342;0.323537;0.349766
0.0246406;0.330859;0.349766
0.0192921;0.338182;0.349766
0.0247125;0.323537;0.357088
0.0193258;0.330859;0.357088
0.0137807;0.338182;0.357088
0.0348237;0.304631;0.36135
0.0298399;0.311953;0.36135
0.0246452;0.319275;0.36135
0.0294155;0.304631;0.368672
0.0242461;0.311953;0.368672
0.0188949;0.319275;0.368672
0.0235595;0.304631;0.375994
0.0181975;0.311953;0.375994
0.0126562;0.319275;0.375994
0.022626;0.322045;0.36135
0.0168215;0.322045;0.368672
0.0105144;0.322045;0.375994
0.0210106;0.324241;0.36135
0.015156;0.324241;0.368672
0.00879569;0.324241;0.375994
0.0193808;0.326437;0.36135
0.0134746;0.326437;0.368672
0.00705327;0.326437;0.375994
0.0179008;0.328568;0.361201
0.0123845;0.328568;0.368014
0.00641046;0.328568;0.374827
0.014413;0.333694;0.360687
0.0103173;0.333694;0.365733
0.00594346;0.333694;0.370779
0.0108583;0.338821;0.360166
0.00822491;0.338821;0.36342
0.00545774;0.338821;0.366675
0.0221639;0.342443;0.341149
0.0167237;0.349766;0.341149
0.0111059;0.357088;0.341149
0.0202188;0.342443;0.344023
0.0147363;0.349766;0.344023
0.00903733;0.357088;0.344023
0.0182044;0.342443;0.346897
0.012673;0.349766;0.346897
0.00690792;0.357088;0.346897
0.0167725;0.342299;0.349027
0.0115881;0.349128;0.349027
0.00620164;0.355956;0.349027
0.013813;0.341801;0.353476
0.0098841;0.346918;0.353476
0.00586216;0.352034;0.353476
0.0107052;0.341297;0.357924
0.00805429;0.344679;0.357924
0.00538273;0.348062;0.357924
0.00887931;0.359924;0.341149
0.00696604;0.362348;0.341149
0.0050593;0.364771;0.341149
0.00701623;0.359618;0.344023
0.00591326;0.360989;0.344023
0.00481392;0.36236;0.344023
0.00511175;0.359309;0.346897
0.00485689;0.359619;0.346897
0.00460234;0.359929;0.346897
0.00921938;0.341149;0.359924
0.0072628;0.341149;0.362348
0.00522727;0.341149;0.364771
0.00718572;0.344023;0.359618
0.00607838;0.344023;0.360989
0.00494498;0.344023;0.36236
0.00515024;0.346897;0.359309
0.00489937;0.346897;0.359619
0.00464717;0.346897;0.359929
0.0174917;0.380256;0.302657
0.0120231;0.387578;0.302657
0.00663534;0.3949;0.302657
0.0172184;0.380256;0.303197
0.0117554;0.387578;0.303197
0.00631864;0.3949;0.303197
0.0169424;0.380256;0.303736
0.0114849;0.387578;0.303736
0.0060041;0.3949;0.303736
0.0159539;0.380081;0.305867
0.0109739;0.386801;0.305867
0.00585027;0.393522;0.305867
0.0125477;0.379472;0.31265
0.00916895;0.384103;0.31265
0.00573554;0.388734;0.31265
0.00876916;0.378854;0.319433
0.00681284;0.381358;0.319433
0.00494169;0.383862;0.319433
0.00498801;0.397139;0.302657
0.004666;0.397507;0.302657
0.00434937;0.397876;0.302657
0.00468543;0.397092;0.303197
0.00449609;0.3973;0.303197
0.00430846;0.397508;0.303197
0.00439109;0.397045;0.303736
0.00434661;0.397092;0.303736
0.00430222;0.397139;0.303736
0.00727664;0.37861;0.322045
0.00589037;0.380279;0.322045
0.00456126;0.381947;0.322045
0.00608644;0.378399;0.324241
0.00526569;0.379342;0.324241
0.00446253;0.380285;0.324241
0.0048774;0.378187;0.326437
0.00468269;0.3784;0.326437
0.00448898;0.378613;0.326437
0.0214041;0.302657;0.380256
0.0148453;0.302657;0.387578
0.00766442;0.302657;0.3949
0.0210069;0.303197;0.380256
0.014431;0.303197;0.387578
0.00724722;0.303197;0.3949
0.0206091;0.303736;0.380256
0.0140159;0.303736;0.387578
0.00682719;0.303736;0.3949
0.0191841;0.305867;0.380081
0.013102;0.305867;0.386801
0.00654489;0.305867;0.393522
0.0146399;0.31265;0.379472
0.0103994;0.31265;0.384103
0.005891;0.31265;0.388734
0.00999156;0.319433;0.378854
0.00773626;0.319433;0.381358
0.00535424;0.319433;0.383862
0.00816717;0.322045;0.37861
0.0066991;0.322045;0.380279
0.0051647;0.322045;0.381947
0.00661754;0.324241;0.378399
0.00581291;0.324241;0.379342
0.0049856;0.324241;0.380285
0.00503525;0.326437;0.378187
0.00485963;0.326437;0.3784
0.00468277;0.326437;0.378613
0.0053586;0.302657;0.397139
0.00502208;0.302657;0.397507
0.00468169;0.302657;0.397876
0.00498674;0.303197;0.397092
0.00480104;0.303197;0.3973
0.00461404;0.303197;0.397508
0.00460974;0.303736;0.397045
0.00456881;0.303736;0.397092
0.00452781;0.303736;0.397139
