3.07879;-0.303736;-0.397139
3.07832;-0.303736;-0.397092
3.07785;-0.303736;-0.397045
3.07837;-0.303197;-0.397508
3.07632;-0.303197;-0.3973
3.07425;-0.303197;-0.397092
3.07788;-0.302657;-0.397876
3.07427;-0.302657;-0.397507
3.07065;-0.302657;-0.397139
3.06486;-0.326437;-0.378613
3.0625;-0.326437;-0.3784
3.06012;-0.326437;-0.378187
3.06656;-0.324241;-0.380285
3.05637;-0.324241;-0.379342
3.04608;-0.324241;-0.378399
3.06754;-0.322045;-0.381947
3.04993;-0.322045;-0.380279
3.03206;-0.322045;-0.37861
3.05767;-0.303736;-0.3949
2.98775;-0.303736;-0.387578
2.91625;-0.303736;-0.380256
3.05364;-0.303197;-0.3949
2.98382;-0.303197;-0.387578
2.91241;-0.303197;-0.380256
3.04961;-0.302657;-0.3949
2.97989;-0.302657;-0.387578
2.90858;-0.302657;-0.380256
3.06757;-0.319433;-0.383862
3.04175;-0.319433;-0.381358
3.01546;-0.319433;-0.378854
3.065;-0.31265;-0.388734
3.01919;-0.31265;-0.384103
2.97245;-0.31265;-0.379472
3.0605;-0.305867;-0.393522
2.99579;-0.305867;-0.386801
2.92972;-0.305867;-0.380081
2.7936;-0.378613;-0.326437
2.7923;-0.3784;-0.326437
2.79099;-0.378187;-0.326437
2.7747;-0.380285;-0.324241
2.76881;-0.379342;-0.324241
2.76297;-0.378399;-0.324241
2.75579;-0.381947;-0.322045
2.74554;-0.380279;-0.322045
2.73521;-0.37861;-0.322045
2.59252;-0.397139;-0.303736
2.59231;-0.397092;-0.303736
2.59209;-0.397045;-0.303736
2.58615;-0.397508;-0.303197
2.58522;-0.3973;-0.303197
2.58428;-0.397092;-0.303197
2.57967;-0.397876;-0.302657
2.57804;-0.397507;-0.302657
2.57642;-0.397139;-0.302657
2.58053;-0.3949;-0.303736
2.54047;-0.387578;-0.303736
2.49962;-0.380256;-0.303736
2.57279;-0.3949;-0.303197
2.53341;-0.387578;-0.303197
2.49273;-0.380256;-0.303197
2.56504;-0.3949;-0.302657
2.52637;-0.387578;-0.302657
2.48586;-0.380256;-0.302657
2.73084;-0.383862;-0.319433
2.71592;-0.381358;-0.319433
2.70093;-0.378854;-0.319433
2.66647;-0.388734;-0.31265
2.6387;-0.384103;-0.31265
2.61209;-0.379472;-0.31265
2.60284;-0.393522;-0.305867
2.56407;-0.386801;-0.305867
2.52605;-0.380081;-0.305867
3.00524;-0.346897;-0.359929
3.00155;-0.346897;-0.359619
2.99786;-0.346897;-0.359309
3.01292;-0.344023;-0.36236
2.99683;-0.344023;-0.360989
2.98069;-0.344023;-0.359618
3.02005;-0.341149;-0.364771
2.99192;-0.341149;-0.362348
2.96362;-0.341149;-0.359924
2.93751;-0.359929;-0.346897
2.93536;-0.359619;-0.346897
2.93322;-0.359309;-0.346897
2.9178;-0.36236;-0.344023
2.90833;-0.360989;-0.344023
2.89893;-0.359618;-0.344023
2.89755;-0.364771;-0.341149
2.88092;-0.362348;-0.341149
2.86452;-0.359924;-0.341149
2.91773;-0.357088;-0.346897
2.86738;-0.349766;-0.346897
2.81815;-0.342443;-0.346897
2.88163;-0.357088;-0.344023
2.83222;-0.349766;-0.344023
2.78386;-0.342443;-0.344023
2.8455;-0.357088;-0.341149
2.79703;-0.349766;-0.341149
2.74952;-0.342443;-0.341149
2.98962;-0.348062;-0.357924
2.96525;-0.344679;-0.357924
2.94115;-0.341297;-0.357924
2.96388;-0.352034;-0.353476
2.92767;-0.346918;-0.353476
2.89205;-0.341801;-0.353476
2.93651;-0.355956;-0.349027
2.88904;-0.349128;-0.349027
2.84258;-0.342299;-0.349027
3.03666;-0.326437;-0.375994
2.95734;-0.326437;-0.368672
2.87644;-0.326437;-0.36135
3.02042;-0.324241;-0.375994
2.94162;-0.324241;-0.368672
2.86136;-0.324241;-0.36135
3.00428;-0.322045;-0.375994
2.92598;-0.322045;-0.368672
2.84639;-0.322045;-0.36135
3.02493;-0.338821;-0.366675
2.98752;-0.338821;-0.36342
2.94979;-0.338821;-0.360166
3.03348;-0.333694;-0.370779
2.9769;-0.333694;-0.365733
2.91949;-0.333694;-0.360687
3.0399;-0.328568;-0.374827
2.96543;-0.328568;-0.368014
2.88952;-0.328568;-0.361201
2.98418;-0.319275;-0.375994
2.93174;-0.311953;-0.375994
2.88022;-0.304631;-0.375994
2.90649;-0.319275;-0.368672
2.85588;-0.311953;-0.368672
2.80654;-0.304631;-0.368672
2.82773;-0.319275;-0.36135
2.77926;-0.311953;-0.36135
2.7319;-0.304631;-0.36135
2.90941;-0.338182;-0.357088
2.85885;-0.330859;-0.357088
2.80951;-0.323537;-0.357088
2.82377;-0.338182;-0.349766
2.77559;-0.330859;-0.349766
2.72844;-0.323537;-0.349766
2.73761;-0.338182;-0.342443
2.69159;-0.330859;-0.342443
2.64688;-0.323537;-0.342443
2.78147;-0.319275;-0.357088
2.73425;-0.311953;-0.357088
2.68788;-0.304631;-0.357088
2.70155;-0.319275;-0.349766
2.65616;-0.311953;-0.349766
2.61164;-0.304631;-0.349766
2.62111;-0.319275;-0.342443
2.57737;-0.311953;-0.342443
2.53507;-0.304631;-0.342443
2.77703;-0.375994;-0.326437
2.73093;-0.368672;-0.326437
2.68575;-0.36135;-0.326437
2.7478;-0.375994;-0.324241
2.70221;-0.368672;-0.324241
2.65769;-0.36135;-0.324241
2.71878;-0.375994;-0.322045
2.67356;-0.368672;-0.322045
2.62966;-0.36135;-0.322045
2.8803;-0.366675;-0.338821
2.85821;-0.36342;-0.338821
2.83646;-0.360166;-0.338821
2.8402;-0.370779;-0.333694
2.80704;-0.365733;-0.333694
2.77437;-0.360687;-0.333694
2.79807;-0.374827;-0.328568
2.7547;-0.368014;-0.328568
2.71208;-0.361201;-0.328568
2.80804;-0.357088;-0.338182
2.76054;-0.349766;-0.338182
2.71404;-0.342443;-0.338182
2.71558;-0.357088;-0.330859
2.67049;-0.349766;-0.330859
2.62656;-0.342443;-0.330859
2.6234;-0.357088;-0.323537
2.58079;-0.349766;-0.323537
2.53932;-0.342443;-0.323537
2.68162;-0.375994;-0.319275
2.63795;-0.368672;-0.319275
2.59461;-0.36135;-0.319275
2.58369;-0.375994;-0.311953
2.54356;-0.368672;-0.311953
2.50285;-0.36135;-0.311953
2.48735;-0.375994;-0.304631
2.44856;-0.368672;-0.304631
2.41231;-0.36135;-0.304631
2.57003;-0.357088;-0.319275
2.52899;-0.349766;-0.319275
2.48839;-0.342443;-0.319275
2.47951;-0.357088;-0.311953
2.4404;-0.349766;-0.311953
2.40134;-0.342443;-0.311953
2.39058;-0.357088;-0.304631
2.35204;-0.349766;-0.304631
2.31585;-0.342443;-0.304631
2.68745;-0.338182;-0.338182
2.64266;-0.330859;-0.338182
2.59899;-0.323537;-0.338182
2.60139;-0.338182;-0.330859
2.5586;-0.330859;-0.330859
2.51657;-0.323537;-0.330859
2.51524;-0.338182;-0.323537
2.47419;-0.330859;-0.323537
2.43466;-0.323537;-0.323537
2.57391;-0.319275;-0.338182
2.53145;-0.311953;-0.338182
2.49022;-0.304631;-0.338182
2.49272;-0.319275;-0.330859
2.45259;-0.311953;-0.330859
2.41297;-0.304631;-0.330859
2.41198;-0.319275;-0.323537
2.37338;-0.311953;-0.323537
2.33602;-0.304631;-0.323537
2.46493;-0.338182;-0.319275
2.42537;-0.330859;-0.319275
2.38698;-0.323537;-0.319275
2.37921;-0.338182;-0.311953
2.34226;-0.330859;-0.311953
2.3054;-0.323537;-0.311953
2.29513;-0.338182;-0.304631
2.25943;-0.330859;-0.304631
2.22502;-0.323537;-0.304631
2.36494;-0.319275;-0.319275
2.32751;-0.311953;-0.319275
2.29112;-0.304631;-0.319275
2.28443;-0.319275;-0.311953
2.24925;-0.311953;-0.311953
2.21419;-0.304631;-0.311953
2.20511;-0.319275;-0.304631
2.17105;-0.311953;-0.304631
2.13825;-0.304631;-0.304631
2.81243;-0.209736;-0.453844
2.81222;-0.209736;-0.453803
2.812;-0.209736;-0.453762
2.80913;-0.208965;-0.454169
2.80817;-0.208965;-0.453986
2.80721;-0.208965;-0.453803
2.80581;-0.208193;-0.454493
2.80413;-0.208193;-0.454169
2.80244;-0.208193;-0.453844
2.79524;-0.205838;-0.455415
2.79157;-0.205838;-0.454688
2.78786;-0.205838;-0.453961
2.76212;-0.198516;-0.458239
2.75276;-0.198516;-0.456279
2.74322;-0.198516;-0.45432
2.72935;-0.191193;-0.46103
2.71472;-0.191193;-0.457852
2.69973;-0.191193;-0.454675
2.60442;-0.161543;-0.47305
2.60376;-0.161543;-0.472878
2.6031;-0.161543;-0.472706
2.58433;-0.15705;-0.474398
2.5815;-0.15705;-0.473638
2.57863;-0.15705;-0.472878
2.56447;-0.152557;-0.475739
2.55957;-0.152557;-0.474394
2.55459;-0.152557;-0.473048
2.71022;-0.186932;-0.462574
2.69283;-0.186932;-0.458722
2.67492;-0.186932;-0.454871
2.67717;-0.179609;-0.465092
2.65557;-0.179609;-0.460141
2.63313;-0.179609;-0.455191
2.64451;-0.172287;-0.467583
2.61913;-0.172287;-0.461545
2.59251;-0.172287;-0.455507
2.59474;-0.161543;-0.470525
2.56552;-0.161543;-0.463203
2.53452;-0.161543;-0.455881
2.56971;-0.15705;-0.470525
2.54086;-0.15705;-0.463203
2.51029;-0.15705;-0.455881
2.54513;-0.152557;-0.470525
2.51662;-0.152557;-0.463203
2.48648;-0.152557;-0.455881
2.63133;-0.169333;-0.468554
2.60459;-0.169333;-0.462092
2.57643;-0.169333;-0.45563
2.61852;-0.166503;-0.469417
2.59063;-0.166503;-0.462578
2.56115;-0.166503;-0.45574
2.6058;-0.163673;-0.470276
2.57678;-0.163673;-0.463063
2.54602;-0.163673;-0.455849
2.30471;-0.0894368;-0.491832
2.3044;-0.0894368;-0.491714
2.30409;-0.0894368;-0.491597
2.28113;-0.0834081;-0.492756
2.27978;-0.0834081;-0.492235
2.27842;-0.0834081;-0.491714
2.2581;-0.0773793;-0.493677
2.25575;-0.0773793;-0.492754
2.25337;-0.0773793;-0.491831
2.54917;-0.149119;-0.476693
2.54287;-0.149119;-0.474931
2.53644;-0.149119;-0.473169
2.51674;-0.141797;-0.478622
2.50776;-0.141797;-0.476018
2.49852;-0.141797;-0.473414
2.48503;-0.134475;-0.480536
2.47353;-0.134475;-0.477096
2.46165;-0.134475;-0.473657
2.46668;-0.130213;-0.481573
2.4539;-0.130213;-0.477681
2.44065;-0.130213;-0.473789
2.43535;-0.122891;-0.483228
2.42063;-0.122891;-0.478614
2.40529;-0.122891;-0.473999
2.40474;-0.115568;-0.484871
2.38824;-0.115568;-0.479539
2.37092;-0.115568;-0.474208
2.52661;-0.149119;-0.470525
2.488;-0.141797;-0.470525
2.45053;-0.134475;-0.470525
2.49835;-0.149119;-0.463203
2.46029;-0.141797;-0.463203
2.42343;-0.134475;-0.463203
2.46853;-0.149119;-0.455881
2.43108;-0.141797;-0.455881
2.39471;-0.134475;-0.455881
2.42921;-0.130213;-0.470525
2.39333;-0.122891;-0.470525
2.35849;-0.115568;-0.470525
2.40242;-0.130213;-0.463203
2.36699;-0.122891;-0.463203
2.33265;-0.115568;-0.463203
2.374;-0.130213;-0.455881
2.33916;-0.122891;-0.455881
2.30536;-0.115568;-0.455881
2.38708;-0.111307;-0.485752
2.36968;-0.111307;-0.480036
2.35136;-0.111307;-0.47432
2.35698;-0.103984;-0.487139
2.33829;-0.103984;-0.480817
2.31847;-0.103984;-0.474496
2.32765;-0.096662;-0.488517
2.30775;-0.096662;-0.481594
2.28651;-0.096662;-0.474671
2.29828;-0.0894368;-0.489432
2.27772;-0.0894368;-0.482109
2.25571;-0.0894368;-0.474787
2.27237;-0.0834081;-0.489432
2.25208;-0.0834081;-0.482109
2.23038;-0.0834081;-0.474787
2.2471;-0.0773793;-0.489432
2.22706;-0.0773793;-0.482109
2.20567;-0.0773793;-0.474787
2.31775;-0.0941548;-0.488975
2.29746;-0.0941548;-0.481852
2.27578;-0.0941548;-0.474729
2.31258;-0.0928612;-0.489174
2.29213;-0.0928612;-0.481964
2.27027;-0.0928612;-0.474754
2.30743;-0.0915676;-0.489374
2.28683;-0.0915676;-0.482077
2.26479;-0.0915676;-0.47478
2.33869;-0.111307;-0.470525
2.30546;-0.103984;-0.470525
2.27317;-0.096662;-0.470525
2.31315;-0.111307;-0.463203
2.28037;-0.103984;-0.463203
2.24852;-0.096662;-0.463203
2.28615;-0.111307;-0.455881
2.25386;-0.103984;-0.455881
2.22251;-0.096662;-0.455881
2.25482;-0.0924005;-0.470525
2.224;-0.0850781;-0.470525
2.19409;-0.0777558;-0.470525
2.23042;-0.0924005;-0.463203
2.20002;-0.0850781;-0.463203
2.1705;-0.0777558;-0.463203
2.20467;-0.0924005;-0.455881
2.17471;-0.0850781;-0.455881
2.14566;-0.0777558;-0.455881
2.24335;-0.0734942;-0.494198
2.24047;-0.0734942;-0.493048
2.23753;-0.0734942;-0.491897
2.21589;-0.0661719;-0.495067
2.21213;-0.0661719;-0.493537
2.2083;-0.0661719;-0.492008
2.18924;-0.0588495;-0.495933
2.18466;-0.0588495;-0.494025
2.17996;-0.0588495;-0.492118
2.17392;-0.054588;-0.496365
2.16894;-0.054588;-0.494269
2.16384;-0.054588;-0.492172
2.14791;-0.0472656;-0.496983
2.14239;-0.0472656;-0.494617
2.13674;-0.0472656;-0.492251
2.12272;-0.0399433;-0.497599
2.11667;-0.0399433;-0.494964
2.11047;-0.0399433;-0.492329
2.10824;-0.0356817;-0.497886
2.10196;-0.0356817;-0.495126
2.09552;-0.0356817;-0.492366
2.08367;-0.0283594;-0.498255
2.07713;-0.0283594;-0.495334
2.07041;-0.0283594;-0.492413
2.0599;-0.021037;-0.498624
2.0531;-0.021037;-0.495542
2.0461;-0.021037;-0.492459
2.04624;-0.0167755;-0.498767
2.03935;-0.0167755;-0.495623
2.03227;-0.0167755;-0.492478
2.02305;-0.00945312;-0.49889
2.01614;-0.00945312;-0.495692
2.00902;-0.00945312;-0.492493
2.00065;-0.00213077;-0.499013
1.99371;-0.00213077;-0.495761
1.98655;-0.00213077;-0.492509
2.23113;-0.0734942;-0.489432
2.20171;-0.0661719;-0.489432
2.17322;-0.0588495;-0.489432
2.21125;-0.0734942;-0.482109
2.18214;-0.0661719;-0.482109
2.15397;-0.0588495;-0.482109
2.19005;-0.0734942;-0.474787
2.16128;-0.0661719;-0.474787
2.13341;-0.0588495;-0.474787
2.15703;-0.054588;-0.489432
2.12982;-0.0472656;-0.489432
2.10345;-0.0399433;-0.489432
2.13794;-0.054588;-0.482109
2.11098;-0.0472656;-0.482109
2.08486;-0.0399433;-0.482109
2.11755;-0.054588;-0.474787
2.09089;-0.0472656;-0.474787
2.06509;-0.0399433;-0.474787
2.17708;-0.0734942;-0.470525
2.14854;-0.0661719;-0.470525
2.12083;-0.0588495;-0.470525
2.15374;-0.0734942;-0.463203
2.1256;-0.0661719;-0.463203
2.09825;-0.0588495;-0.463203
2.12913;-0.0734942;-0.455881
2.10138;-0.0661719;-0.455881
2.07448;-0.0588495;-0.455881
2.10508;-0.054588;-0.470525
2.07863;-0.0472656;-0.470525
2.05301;-0.0399433;-0.470525
2.08271;-0.054588;-0.463203
2.05666;-0.0472656;-0.463203
2.03137;-0.0399433;-0.463203
2.05919;-0.054588;-0.455881
2.0335;-0.0472656;-0.455881
2.00863;-0.0399433;-0.455881
2.08848;-0.0356817;-0.489432
2.06336;-0.0283594;-0.489432
2.03901;-0.021037;-0.489432
2.07005;-0.0356817;-0.482109
2.0452;-0.0283594;-0.482109
2.02107;-0.021037;-0.482109
2.05044;-0.0356817;-0.474787
2.02584;-0.0283594;-0.474787
2.00202;-0.021037;-0.474787
2.02519;-0.0167755;-0.489432
2.00201;-0.00945312;-0.489432
1.97957;-0.00213077;-0.489432
2.00738;-0.0167755;-0.482109
1.98445;-0.00945312;-0.482109
1.96219;-0.00213077;-0.482109
1.98848;-0.0167755;-0.474787
1.96577;-0.00945312;-0.474787
1.9438;-0.00213077;-0.474787
2.03847;-0.0356817;-0.470525
2.01406;-0.0283594;-0.470525
1.9904;-0.021037;-0.470525
2.01702;-0.0356817;-0.463203
1.99296;-0.0283594;-0.463203
1.96959;-0.021037;-0.463203
1.99448;-0.0356817;-0.455881
1.97074;-0.0283594;-0.455881
1.94776;-0.021037;-0.455881
1.97696;-0.0167755;-0.470525
1.95442;-0.00945312;-0.470525
1.9326;-0.00213077;-0.470525
1.95633;-0.0167755;-0.463203
1.93412;-0.00945312;-0.463203
1.91256;-0.00213077;-0.463203
1.9347;-0.0167755;-0.455881
1.91277;-0.00945312;-0.455881
1.89157;-0.00213077;-0.455881
3.0382;-0.275952;-0.41677
3.03533;-0.275952;-0.416407
3.03244;-0.275952;-0.416043
3.02382;-0.271035;-0.419612
3.01145;-0.271035;-0.418008
2.99889;-0.271035;-0.416404
3.00889;-0.266118;-0.422425
2.98783;-0.266118;-0.419593
2.96623;-0.266118;-0.416762
2.95479;-0.246663;-0.434901
2.95462;-0.246663;-0.434876
2.95445;-0.246663;-0.434851
2.95339;-0.246278;-0.435099
2.95264;-0.246278;-0.434987
2.95189;-0.246278;-0.434876
2.95198;-0.245893;-0.435296
2.95065;-0.245893;-0.435099
2.94933;-0.245893;-0.434901
2.94318;-0.24365;-0.436382
2.93881;-0.24365;-0.435711
2.93441;-0.24365;-0.435039
2.91339;-0.236328;-0.439885
2.89998;-0.236328;-0.437685
2.88636;-0.236328;-0.435484
2.88348;-0.229006;-0.443341
2.86171;-0.229006;-0.439632
2.83948;-0.229006;-0.435923
2.94044;-0.246663;-0.432713
2.8913;-0.246663;-0.425391
2.84039;-0.246663;-0.418068
2.93773;-0.246278;-0.432713
2.88865;-0.246278;-0.425391
2.83778;-0.246278;-0.418068
2.93502;-0.245893;-0.432713
2.886;-0.245893;-0.425391
2.83519;-0.245893;-0.418068
2.99744;-0.262669;-0.424323
2.97088;-0.262669;-0.420663
2.94358;-0.262669;-0.417003
2.97316;-0.255731;-0.428019
2.93629;-0.255731;-0.422746
2.89835;-0.255731;-0.417472
2.94851;-0.248793;-0.431663
2.90198;-0.248793;-0.424799
2.85391;-0.248793;-0.417935
2.91932;-0.24365;-0.432713
2.86891;-0.236328;-0.432713
2.81974;-0.229006;-0.432713
2.87068;-0.24365;-0.425391
2.82145;-0.236328;-0.425391
2.77343;-0.229006;-0.425391
2.82017;-0.24365;-0.418068
2.77212;-0.236328;-0.418068
2.72558;-0.229006;-0.418068
3.07461;-0.300369;-0.399377
3.06501;-0.300369;-0.398353
3.05531;-0.300369;-0.397329
3.06054;-0.293047;-0.404113
3.03349;-0.293047;-0.401022
3.00629;-0.293047;-0.397931
3.04584;-0.285725;-0.408769
3.00204;-0.285725;-0.403645
2.95803;-0.285725;-0.398522
3.01483;-0.275952;-0.413807
2.95567;-0.275952;-0.406484
2.89413;-0.275952;-0.399162
2.97881;-0.271035;-0.413807
2.92083;-0.271035;-0.406484
2.86028;-0.271035;-0.399162
2.94363;-0.266118;-0.413807
2.88652;-0.266118;-0.406484
2.82721;-0.266118;-0.399162
3.0398;-0.282894;-0.410528
2.9901;-0.282894;-0.404637
2.93966;-0.282894;-0.398746
3.03375;-0.280488;-0.411964
2.97956;-0.280488;-0.405446
2.92404;-0.280488;-0.398928
3.02738;-0.278082;-0.413393
2.96899;-0.278082;-0.406251
2.90859;-0.278082;-0.399109
3.03266;-0.300369;-0.3949
2.97899;-0.293047;-0.3949
2.92619;-0.285725;-0.3949
2.96344;-0.300369;-0.387578
2.91144;-0.293047;-0.387578
2.86034;-0.285725;-0.387578
2.89255;-0.300369;-0.380256
2.8423;-0.293047;-0.380256
2.79365;-0.285725;-0.380256
2.89602;-0.281463;-0.3949
2.84556;-0.274141;-0.3949
2.79661;-0.266818;-0.3949
2.83146;-0.281463;-0.387578
2.7831;-0.274141;-0.387578
2.73536;-0.266818;-0.387578
2.76574;-0.281463;-0.380256
2.71839;-0.274141;-0.380256
2.67246;-0.266818;-0.380256
2.91853;-0.262557;-0.413807
2.86774;-0.255234;-0.413807
2.8183;-0.247912;-0.413807
2.86187;-0.262557;-0.406484
2.81228;-0.255234;-0.406484
2.76447;-0.247912;-0.406484
2.80359;-0.262557;-0.399162
2.75574;-0.255234;-0.399162
2.70907;-0.247912;-0.399162
2.7901;-0.24365;-0.413807
2.74273;-0.236328;-0.413807
2.69684;-0.229006;-0.413807
2.73723;-0.24365;-0.406484
2.69106;-0.236328;-0.406484
2.64607;-0.229006;-0.406484
2.68242;-0.24365;-0.399162
2.63757;-0.236328;-0.399162
2.59397;-0.229006;-0.399162
2.76885;-0.262557;-0.3949
2.72199;-0.255234;-0.3949
2.676;-0.247912;-0.3949
2.7081;-0.262557;-0.387578
2.6625;-0.255234;-0.387578
2.61805;-0.247912;-0.387578
2.6462;-0.262557;-0.380256
2.60189;-0.255234;-0.380256
2.55899;-0.247912;-0.380256
2.64975;-0.24365;-0.3949
2.60575;-0.236328;-0.3949
2.56293;-0.229006;-0.3949
2.59274;-0.24365;-0.387578
2.55013;-0.236328;-0.387578
2.50851;-0.229006;-0.387578
2.5345;-0.24365;-0.380256
2.49314;-0.236328;-0.380256
2.453;-0.229006;-0.380256
2.80101;-0.209736;-0.451619
2.76218;-0.209736;-0.444297
2.72135;-0.209736;-0.436975
2.79603;-0.208965;-0.451619
2.75728;-0.208965;-0.444297
2.71656;-0.208965;-0.436975
2.79106;-0.208193;-0.451619
2.75239;-0.208193;-0.444297
2.71179;-0.208193;-0.436975
2.86674;-0.224969;-0.44517
2.84079;-0.224969;-0.440663
2.8141;-0.224969;-0.436155
2.83875;-0.218418;-0.448006
2.80681;-0.218418;-0.442261
2.77357;-0.218418;-0.436516
2.81064;-0.211867;-0.45081
2.77328;-0.211867;-0.443841
2.73406;-0.211867;-0.436872
2.77594;-0.205838;-0.451619
2.72978;-0.198516;-0.451619
2.68495;-0.191193;-0.451619
2.73752;-0.205838;-0.444297
2.6922;-0.198516;-0.444297
2.64829;-0.191193;-0.444297
2.69727;-0.205838;-0.436975
2.65297;-0.198516;-0.436975
2.60995;-0.191193;-0.436975
2.79175;-0.224744;-0.432713
2.74475;-0.217422;-0.432713
2.69902;-0.2101;-0.432713
2.74617;-0.224744;-0.425391
2.70037;-0.217422;-0.425391
2.65558;-0.2101;-0.425391
2.69897;-0.224744;-0.418068
2.65401;-0.217422;-0.418068
2.6104;-0.2101;-0.418068
2.67303;-0.205838;-0.432713
2.62933;-0.198516;-0.432713
2.58678;-0.191193;-0.432713
2.63009;-0.205838;-0.425391
2.58731;-0.198516;-0.425391
2.54562;-0.191193;-0.425391
2.58554;-0.205838;-0.418068
2.54365;-0.198516;-0.418068
2.50301;-0.191193;-0.418068
2.65943;-0.186932;-0.451619
2.61649;-0.179609;-0.451619
2.57477;-0.172287;-0.451619
2.6233;-0.186932;-0.444297
2.58115;-0.179609;-0.444297
2.54016;-0.172287;-0.444297
2.58541;-0.186932;-0.436975
2.54405;-0.179609;-0.436975
2.5039;-0.172287;-0.436975
2.55105;-0.168025;-0.451619
2.51119;-0.160703;-0.451619
2.47244;-0.153381;-0.451619
2.51685;-0.168025;-0.444297
2.47769;-0.160703;-0.444297
2.4396;-0.153381;-0.444297
2.48105;-0.168025;-0.436975
2.4426;-0.160703;-0.436975
2.40526;-0.153381;-0.436975
2.56251;-0.186932;-0.432713
2.52168;-0.179609;-0.432713
2.48201;-0.172287;-0.432713
2.52191;-0.186932;-0.425391
2.48205;-0.179609;-0.425391
2.4432;-0.172287;-0.425391
2.47986;-0.186932;-0.418068
2.44084;-0.179609;-0.418068
2.40299;-0.172287;-0.418068
2.45944;-0.168025;-0.432713
2.42146;-0.160703;-0.432713
2.38455;-0.153381;-0.432713
2.42111;-0.168025;-0.425391
2.38401;-0.160703;-0.425391
2.34785;-0.153381;-0.425391
2.38142;-0.168025;-0.418068
2.34509;-0.160703;-0.418068
2.30985;-0.153381;-0.418068
2.67061;-0.224744;-0.413807
2.62627;-0.217422;-0.413807
2.58329;-0.2101;-0.413807
2.62051;-0.224744;-0.406484
2.57754;-0.217422;-0.406484
2.53557;-0.2101;-0.406484
2.5691;-0.224744;-0.399162
2.52721;-0.217422;-0.399162
2.48656;-0.2101;-0.399162
2.55881;-0.205838;-0.413807
2.51756;-0.198516;-0.413807
2.47749;-0.191193;-0.413807
2.51172;-0.205838;-0.406484
2.47166;-0.198516;-0.406484
2.43253;-0.191193;-0.406484
2.46336;-0.205838;-0.399162
2.42425;-0.198516;-0.399162
2.38632;-0.191193;-0.399162
2.53849;-0.224744;-0.3949
2.49732;-0.217422;-0.3949
2.45734;-0.2101;-0.3949
2.48484;-0.224744;-0.387578
2.44504;-0.217422;-0.387578
2.40612;-0.2101;-0.387578
2.43006;-0.224744;-0.380256
2.39137;-0.217422;-0.380256
2.35384;-0.2101;-0.380256
2.43453;-0.205838;-0.3949
2.39609;-0.198516;-0.3949
2.35877;-0.191193;-0.3949
2.38399;-0.205838;-0.387578
2.34683;-0.198516;-0.387578
2.31047;-0.191193;-0.387578
2.3324;-0.205838;-0.380256
2.29624;-0.198516;-0.380256
2.26118;-0.191193;-0.380256
2.45466;-0.186932;-0.413807
2.41623;-0.179609;-0.413807
2.3789;-0.172287;-0.413807
2.41028;-0.186932;-0.406484
2.37292;-0.179609;-0.406484
2.33646;-0.172287;-0.406484
2.36468;-0.186932;-0.399162
2.3282;-0.179609;-0.399162
2.29283;-0.172287;-0.399162
2.35763;-0.168025;-0.413807
2.32184;-0.160703;-0.413807
2.28708;-0.153381;-0.413807
2.31573;-0.168025;-0.406484
2.28093;-0.160703;-0.406484
2.24697;-0.153381;-0.406484
2.27266;-0.168025;-0.399162
2.23868;-0.160703;-0.399162
2.20573;-0.153381;-0.399162
2.33749;-0.186932;-0.3949
2.30162;-0.179609;-0.3949
2.26683;-0.172287;-0.3949
2.28981;-0.186932;-0.387578
2.25514;-0.179609;-0.387578
2.22123;-0.172287;-0.387578
2.24117;-0.186932;-0.380256
2.2074;-0.179609;-0.380256
2.1747;-0.172287;-0.380256
2.24699;-0.168025;-0.3949
2.21357;-0.160703;-0.3949
2.18115;-0.153381;-0.3949
2.20197;-0.168025;-0.387578
2.16965;-0.160703;-0.387578
2.13806;-0.153381;-0.387578
2.15603;-0.168025;-0.380256
2.12455;-0.160703;-0.380256
2.09407;-0.153381;-0.380256
2.85081;-0.300369;-0.375994
2.80165;-0.293047;-0.375994
2.754;-0.285725;-0.375994
2.77847;-0.300369;-0.368672
2.73108;-0.293047;-0.368672
2.6846;-0.285725;-0.368672
2.70476;-0.300369;-0.36135
2.65902;-0.293047;-0.36135
2.61457;-0.285725;-0.36135
2.7266;-0.281463;-0.375994
2.68008;-0.274141;-0.375994
2.63511;-0.266818;-0.375994
2.65816;-0.281463;-0.368672
2.61377;-0.274141;-0.368672
2.57021;-0.266818;-0.368672
2.58914;-0.281463;-0.36135
2.54619;-0.274141;-0.36135
2.50454;-0.266818;-0.36135
2.66133;-0.300369;-0.357088
2.6167;-0.293047;-0.357088
2.57334;-0.285725;-0.357088
2.58631;-0.300369;-0.349766
2.54368;-0.293047;-0.349766
2.50182;-0.285725;-0.349766
2.51086;-0.300369;-0.342443
2.46981;-0.293047;-0.342443
2.43;-0.285725;-0.342443
2.54852;-0.281463;-0.357088
2.50654;-0.274141;-0.357088
2.4658;-0.266818;-0.357088
2.47802;-0.281463;-0.349766
2.438;-0.274141;-0.349766
2.39859;-0.266818;-0.349766
2.40716;-0.281463;-0.342443
2.36848;-0.274141;-0.342443
2.33101;-0.266818;-0.342443
2.60948;-0.262557;-0.375994
2.56615;-0.255234;-0.375994
2.52402;-0.247912;-0.375994
2.54545;-0.262557;-0.368672
2.50388;-0.255234;-0.368672
2.46307;-0.247912;-0.368672
2.48069;-0.262557;-0.36135
2.44037;-0.255234;-0.36135
2.40129;-0.247912;-0.36135
2.49998;-0.24365;-0.375994
2.45947;-0.236328;-0.375994
2.42008;-0.229006;-0.375994
2.43985;-0.24365;-0.368672
2.40088;-0.236328;-0.368672
2.36267;-0.229006;-0.368672
2.37893;-0.24365;-0.36135
2.34112;-0.236328;-0.36135
2.3045;-0.229006;-0.36135
2.44249;-0.262557;-0.357088
2.40308;-0.255234;-0.357088
2.36483;-0.247912;-0.357088
2.37618;-0.262557;-0.349766
2.33858;-0.255234;-0.349766
2.30157;-0.247912;-0.349766
2.30953;-0.262557;-0.342443
2.27314;-0.255234;-0.342443
2.23793;-0.247912;-0.342443
2.34296;-0.24365;-0.357088
2.30601;-0.236328;-0.357088
2.27017;-0.229006;-0.357088
2.28054;-0.24365;-0.349766
2.24526;-0.236328;-0.349766
2.21056;-0.229006;-0.349766
2.21775;-0.24365;-0.342443
2.18359;-0.236328;-0.342443
2.15054;-0.229006;-0.342443
2.46662;-0.300369;-0.338182
2.42669;-0.293047;-0.338182
2.38785;-0.285725;-0.338182
2.39044;-0.300369;-0.330859
2.35257;-0.293047;-0.330859
2.31513;-0.285725;-0.330859
2.31451;-0.300369;-0.323537
2.27796;-0.293047;-0.323537
2.24263;-0.285725;-0.323537
2.36557;-0.281463;-0.338182
2.32788;-0.274141;-0.338182
2.29132;-0.266818;-0.338182
2.29384;-0.281463;-0.330859
2.25812;-0.274141;-0.330859
2.22284;-0.266818;-0.330859
2.22232;-0.281463;-0.323537
2.18783;-0.274141;-0.323537
2.15448;-0.266818;-0.323537
2.2702;-0.300369;-0.319275
2.23471;-0.293047;-0.319275
2.20031;-0.285725;-0.319275
2.19427;-0.300369;-0.311953
2.1609;-0.293047;-0.311953
2.12773;-0.285725;-0.311953
2.11934;-0.300369;-0.304631
2.08708;-0.293047;-0.304631
2.05595;-0.285725;-0.304631
2.18056;-0.281463;-0.319275
2.14703;-0.274141;-0.319275
2.11454;-0.266818;-0.319275
2.10889;-0.281463;-0.311953
2.0773;-0.274141;-0.311953
2.04595;-0.266818;-0.311953
2.03801;-0.281463;-0.304631
2.00746;-0.274141;-0.304631
1.97798;-0.266818;-0.304631
2.27038;-0.262557;-0.338182
2.23492;-0.255234;-0.338182
2.20054;-0.247912;-0.338182
2.20279;-0.262557;-0.330859
2.16916;-0.255234;-0.330859
2.13595;-0.247912;-0.330859
2.13533;-0.262557;-0.323537
2.10281;-0.255234;-0.323537
2.0714;-0.247912;-0.323537
2.18085;-0.24365;-0.338182
2.14753;-0.236328;-0.338182
2.11526;-0.229006;-0.338182
2.11709;-0.24365;-0.330859
2.08547;-0.236328;-0.330859
2.05427;-0.229006;-0.330859
2.05337;-0.24365;-0.323537
2.02278;-0.236328;-0.323537
1.99324;-0.229006;-0.323537
2.09589;-0.262557;-0.319275
2.06426;-0.255234;-0.319275
2.03365;-0.247912;-0.319275
2.02814;-0.262557;-0.311953
1.99832;-0.255234;-0.311953
1.96875;-0.247912;-0.311953
1.96102;-0.262557;-0.304631
1.93216;-0.255234;-0.304631
1.90433;-0.247912;-0.304631
2.01609;-0.24365;-0.319275
1.98632;-0.236328;-0.319275
1.95753;-0.229006;-0.319275
1.95197;-0.24365;-0.311953
1.92388;-0.236328;-0.311953
1.89606;-0.229006;-0.311953
1.88834;-0.24365;-0.304631
1.86115;-0.236328;-0.304631
1.83495;-0.229006;-0.304631
2.39758;-0.224744;-0.375994
2.35965;-0.217422;-0.375994
2.32283;-0.2101;-0.375994
2.34095;-0.224744;-0.368672
2.30449;-0.217422;-0.368672
2.26873;-0.2101;-0.368672
2.28356;-0.224744;-0.36135
2.24818;-0.217422;-0.36135
2.2139;-0.2101;-0.36135
2.3018;-0.205838;-0.375994
2.26634;-0.198516;-0.375994
2.23194;-0.191193;-0.375994
2.24842;-0.205838;-0.368672
2.21433;-0.198516;-0.368672
2.18091;-0.191193;-0.368672
2.19431;-0.205838;-0.36135
2.1612;-0.198516;-0.36135
2.12916;-0.191193;-0.36135
2.24968;-0.224744;-0.357088
2.21508;-0.217422;-0.357088
2.18152;-0.2101;-0.357088
2.19084;-0.224744;-0.349766
2.15778;-0.217422;-0.349766
2.12528;-0.2101;-0.349766
2.13161;-0.224744;-0.342443
2.09958;-0.217422;-0.342443
2.06861;-0.2101;-0.342443
2.16235;-0.205838;-0.357088
2.12997;-0.198516;-0.357088
2.09859;-0.191193;-0.357088
2.10682;-0.205838;-0.349766
2.07587;-0.198516;-0.349766
2.04546;-0.191193;-0.349766
2.05088;-0.205838;-0.342443
2.02089;-0.198516;-0.342443
1.9919;-0.191193;-0.342443
2.2123;-0.186932;-0.375994
2.17919;-0.179609;-0.375994
2.14709;-0.172287;-0.375994
2.16193;-0.186932;-0.368672
2.13009;-0.179609;-0.368672
2.09889;-0.172287;-0.368672
2.11085;-0.186932;-0.36135
2.07992;-0.179609;-0.36135
2.05;-0.172287;-0.36135
2.12877;-0.168025;-0.375994
2.09789;-0.160703;-0.375994
2.06797;-0.153381;-0.375994
2.08118;-0.168025;-0.368672
2.05148;-0.160703;-0.368672
2.02239;-0.153381;-0.368672
2.03291;-0.168025;-0.36135
2.00405;-0.160703;-0.36135
1.97615;-0.153381;-0.36135
2.08067;-0.186932;-0.357088
2.05041;-0.179609;-0.357088
2.02111;-0.172287;-0.357088
2.0282;-0.186932;-0.349766
1.99928;-0.179609;-0.349766
1.97088;-0.172287;-0.349766
1.97532;-0.186932;-0.342443
1.94729;-0.179609;-0.342443
1.92021;-0.172287;-0.342443
2.00438;-0.168025;-0.357088
1.97614;-0.160703;-0.357088
1.94882;-0.153381;-0.357088
1.95477;-0.168025;-0.349766
1.92778;-0.160703;-0.349766
1.90129;-0.153381;-0.349766
1.90473;-0.168025;-0.342443
1.87857;-0.160703;-0.342443
1.85332;-0.153381;-0.342443
2.09678;-0.224744;-0.338182
2.06553;-0.217422;-0.338182
2.03528;-0.2101;-0.338182
2.03655;-0.224744;-0.330859
2.00688;-0.217422;-0.330859
1.97762;-0.2101;-0.330859
1.9763;-0.224744;-0.323537
1.94759;-0.217422;-0.323537
1.91988;-0.2101;-0.323537
2.01797;-0.205838;-0.338182
1.9887;-0.198516;-0.338182
1.96039;-0.191193;-0.338182
1.96102;-0.205838;-0.330859
1.93322;-0.198516;-0.330859
1.90584;-0.191193;-0.330859
1.90399;-0.205838;-0.323537
1.87709;-0.198516;-0.323537
1.85115;-0.191193;-0.323537
1.94103;-0.224744;-0.319275
1.91307;-0.217422;-0.319275
1.88606;-0.2101;-0.319275
1.88028;-0.224744;-0.311953
1.85389;-0.217422;-0.311953
1.82779;-0.2101;-0.311953
1.8199;-0.224744;-0.304631
1.79437;-0.217422;-0.304631
1.76977;-0.2101;-0.304631
1.87058;-0.205838;-0.319275
1.84438;-0.198516;-0.319275
1.81909;-0.191193;-0.319275
1.81299;-0.205838;-0.311953
1.78825;-0.198516;-0.311953
1.76382;-0.191193;-0.311953
1.75566;-0.205838;-0.304631
1.73173;-0.198516;-0.304631
1.70871;-0.191193;-0.304631
1.9442;-0.186932;-0.338182
1.91684;-0.179609;-0.338182
1.89039;-0.172287;-0.338182
1.89031;-0.186932;-0.330859
1.86431;-0.179609;-0.330859
1.83873;-0.172287;-0.330859
1.83629;-0.186932;-0.323537
1.81114;-0.179609;-0.323537
1.78689;-0.172287;-0.323537
1.87527;-0.168025;-0.338182
1.84973;-0.160703;-0.338182
1.82507;-0.153381;-0.338182
1.82423;-0.168025;-0.330859
1.79997;-0.160703;-0.330859
1.77611;-0.153381;-0.330859
1.77302;-0.168025;-0.323537
1.74956;-0.160703;-0.323537
1.72696;-0.153381;-0.323537
1.80461;-0.186932;-0.319275
1.78012;-0.179609;-0.319275
1.75649;-0.172287;-0.319275
1.74997;-0.186932;-0.311953
1.72685;-0.179609;-0.311953
1.70403;-0.172287;-0.311953
1.69551;-0.186932;-0.304631
1.67315;-0.179609;-0.304631
1.65166;-0.172287;-0.304631
1.74298;-0.168025;-0.319275
1.72013;-0.160703;-0.319275
1.69811;-0.153381;-0.319275
1.69112;-0.168025;-0.311953
1.66955;-0.160703;-0.311953
1.6483;-0.153381;-0.311953
1.63935;-0.168025;-0.304631
1.61852;-0.160703;-0.304631
1.59852;-0.153381;-0.304631
2.4504;-0.149119;-0.451619
2.41334;-0.141797;-0.451619
2.37726;-0.134475;-0.451619
2.41795;-0.149119;-0.444297
2.38154;-0.141797;-0.444297
2.34611;-0.134475;-0.444297
2.384;-0.149119;-0.436975
2.34823;-0.141797;-0.436975
2.31353;-0.134475;-0.436975
2.35673;-0.130213;-0.451619
2.32227;-0.122891;-0.451619
2.28879;-0.115568;-0.451619
2.32596;-0.130213;-0.444297
2.29212;-0.122891;-0.444297
2.25922;-0.115568;-0.444297
2.29378;-0.130213;-0.436975
2.26056;-0.122891;-0.436975
2.22832;-0.115568;-0.436975
2.36353;-0.149119;-0.432713
2.3282;-0.141797;-0.432713
2.2939;-0.134475;-0.432713
2.32729;-0.149119;-0.425391
2.29277;-0.141797;-0.425391
2.25915;-0.134475;-0.425391
2.28977;-0.149119;-0.418068
2.25596;-0.141797;-0.418068
2.22318;-0.134475;-0.418068
2.27439;-0.130213;-0.432713
2.24158;-0.122891;-0.432713
2.20971;-0.115568;-0.432713
2.24006;-0.130213;-0.425391
2.20799;-0.122891;-0.425391
2.17674;-0.115568;-0.425391
2.20451;-0.130213;-0.418068
2.17308;-0.122891;-0.418068
2.14262;-0.115568;-0.418068
2.26976;-0.111307;-0.451619
2.23779;-0.103984;-0.451619
2.20672;-0.096662;-0.451619
2.24052;-0.111307;-0.444297
2.20912;-0.103984;-0.444297
2.17857;-0.096662;-0.444297
2.20997;-0.111307;-0.436975
2.17911;-0.103984;-0.436975
2.1492;-0.096662;-0.436975
2.18905;-0.0924005;-0.451619
2.15938;-0.0850781;-0.451619
2.13059;-0.0777558;-0.451619
2.16122;-0.0924005;-0.444297
2.13209;-0.0850781;-0.444297
2.10376;-0.0777558;-0.444297
2.13217;-0.0924005;-0.436975
2.10355;-0.0850781;-0.436975
2.07581;-0.0777558;-0.436975
2.19157;-0.111307;-0.432713
2.16109;-0.103984;-0.432713
2.13151;-0.096662;-0.432713
2.15899;-0.111307;-0.425391
2.1292;-0.103984;-0.425391
2.1002;-0.096662;-0.425391
2.12528;-0.111307;-0.418068
2.09609;-0.103984;-0.418068
2.06781;-0.096662;-0.418068
2.11468;-0.0924005;-0.432713
2.08641;-0.0850781;-0.432713
2.05898;-0.0777558;-0.432713
2.08373;-0.0924005;-0.425391
2.0561;-0.0850781;-0.425391
2.02919;-0.0777558;-0.425391
2.0517;-0.0924005;-0.418068
2.02462;-0.0850781;-0.418068
1.99839;-0.0777558;-0.418068
2.26729;-0.149119;-0.413807
2.23397;-0.141797;-0.413807
2.20163;-0.134475;-0.413807
2.22767;-0.149119;-0.406484
2.19527;-0.141797;-0.406484
2.16366;-0.134475;-0.406484
2.18695;-0.149119;-0.399162
2.1553;-0.141797;-0.399162
2.12464;-0.134475;-0.399162
2.18322;-0.130213;-0.413807
2.15224;-0.122891;-0.413807
2.12219;-0.115568;-0.413807
2.1457;-0.130213;-0.406484
2.11558;-0.122891;-0.406484
2.0862;-0.115568;-0.406484
2.10716;-0.130213;-0.399162
2.07773;-0.122891;-0.399162
2.04923;-0.115568;-0.399162
2.16267;-0.149119;-0.3949
2.13155;-0.141797;-0.3949
2.10138;-0.134475;-0.3949
2.12011;-0.149119;-0.387578
2.09002;-0.141797;-0.387578
2.0606;-0.134475;-0.387578
2.07668;-0.149119;-0.380256
2.04735;-0.141797;-0.380256
2.01897;-0.134475;-0.380256
2.08419;-0.130213;-0.3949
2.05524;-0.122891;-0.3949
2.02719;-0.115568;-0.3949
2.0439;-0.130213;-0.387578
2.01591;-0.122891;-0.387578
1.98856;-0.115568;-0.387578
2.00279;-0.130213;-0.380256
1.9755;-0.122891;-0.380256
1.94912;-0.115568;-0.380256
2.10508;-0.111307;-0.413807
2.07631;-0.103984;-0.413807
2.04841;-0.096662;-0.413807
2.06952;-0.111307;-0.406484
2.04154;-0.103984;-0.406484
2.01425;-0.096662;-0.406484
2.03298;-0.111307;-0.399162
2.00564;-0.103984;-0.399162
1.97917;-0.096662;-0.399162
2.03253;-0.0924005;-0.413807
2.00582;-0.0850781;-0.413807
1.97995;-0.0777558;-0.413807
1.99876;-0.0924005;-0.406484
1.9728;-0.0850781;-0.406484
1.94749;-0.0777558;-0.406484
1.9641;-0.0924005;-0.399162
1.93872;-0.0850781;-0.399162
1.91417;-0.0777558;-0.399162
2.01121;-0.111307;-0.3949
1.98432;-0.103984;-0.3949
1.95827;-0.096662;-0.3949
1.97304;-0.111307;-0.387578
1.94703;-0.103984;-0.387578
1.92162;-0.096662;-0.387578
1.93408;-0.111307;-0.380256
1.90872;-0.103984;-0.380256
1.88422;-0.096662;-0.380256
1.94343;-0.0924005;-0.3949
1.91848;-0.0850781;-0.3949
1.89432;-0.0777558;-0.3949
1.90722;-0.0924005;-0.387578
1.88309;-0.0850781;-0.387578
1.85952;-0.0777558;-0.387578
1.87026;-0.0924005;-0.380256
1.84673;-0.0850781;-0.380256
1.82402;-0.0777558;-0.380256
2.11422;-0.0734942;-0.451619
2.08673;-0.0661719;-0.451619
2.06009;-0.0588495;-0.451619
2.08768;-0.0734942;-0.444297
2.0607;-0.0661719;-0.444297
2.03448;-0.0588495;-0.444297
2.06003;-0.0734942;-0.436975
2.0335;-0.0661719;-0.436975
2.00781;-0.0588495;-0.436975
2.04494;-0.054588;-0.451619
2.01951;-0.0472656;-0.451619
1.99486;-0.0399433;-0.451619
2.01959;-0.054588;-0.444297
1.99464;-0.0472656;-0.444297
1.97036;-0.0399433;-0.444297
1.9932;-0.054588;-0.436975
1.96864;-0.0472656;-0.436975
1.94488;-0.0399433;-0.436975
2.04338;-0.0734942;-0.432713
2.01717;-0.0661719;-0.432713
1.99177;-0.0588495;-0.432713
2.01392;-0.0734942;-0.425391
1.98831;-0.0661719;-0.425391
1.96338;-0.0588495;-0.425391
1.98346;-0.0734942;-0.418068
1.95835;-0.0661719;-0.418068
1.93406;-0.0588495;-0.418068
1.97732;-0.054588;-0.432713
1.95306;-0.0472656;-0.432713
1.92956;-0.0399433;-0.432713
1.94924;-0.054588;-0.425391
1.92554;-0.0472656;-0.425391
1.90247;-0.0399433;-0.425391
1.92023;-0.054588;-0.418068
1.89698;-0.0472656;-0.418068
1.8745;-0.0399433;-0.418068
1.98085;-0.0356817;-0.451619
1.95733;-0.0283594;-0.451619
1.93456;-0.021037;-0.451619
1.95659;-0.0356817;-0.444297
1.93352;-0.0283594;-0.444297
1.91109;-0.021037;-0.444297
1.93137;-0.0356817;-0.436975
1.90866;-0.0283594;-0.436975
1.88671;-0.021037;-0.436975
1.92162;-0.0167755;-0.451619
1.8999;-0.00945312;-0.451619
1.87889;-0.00213077;-0.451619
1.89837;-0.0167755;-0.444297
1.87707;-0.00945312;-0.444297
1.85637;-0.00213077;-0.444297
1.87422;-0.0167755;-0.436975
1.85326;-0.00945312;-0.436975
1.833;-0.00213077;-0.436975
1.9162;-0.0356817;-0.432713
1.89377;-0.0283594;-0.432713
1.87206;-0.021037;-0.432713
1.88939;-0.0356817;-0.425391
1.86748;-0.0283594;-0.425391
1.84616;-0.021037;-0.425391
1.86172;-0.0356817;-0.418068
1.84022;-0.0283594;-0.418068
1.81946;-0.021037;-0.418068
1.85972;-0.0167755;-0.432713
1.839;-0.00945312;-0.432713
1.81897;-0.00213077;-0.432713
1.83408;-0.0167755;-0.425391
1.81386;-0.00945312;-0.425391
1.79418;-0.00213077;-0.425391
1.80765;-0.0167755;-0.418068
1.7878;-0.00945312;-0.418068
1.76864;-0.00213077;-0.418068
1.96523;-0.0734942;-0.413807
1.94047;-0.0661719;-0.413807
1.91651;-0.0588495;-0.413807
1.93313;-0.0734942;-0.406484
1.90907;-0.0661719;-0.406484
1.88562;-0.0588495;-0.406484
1.90019;-0.0734942;-0.399162
1.87667;-0.0661719;-0.399162
1.85393;-0.0588495;-0.399162
1.90287;-0.054588;-0.413807
1.87995;-0.0472656;-0.413807
1.85778;-0.0399433;-0.413807
1.87232;-0.054588;-0.406484
1.85005;-0.0472656;-0.406484
1.82835;-0.0399433;-0.406484
1.84099;-0.054588;-0.399162
1.81921;-0.0472656;-0.399162
1.79818;-0.0399433;-0.399162
1.88057;-0.0734942;-0.3949
1.85743;-0.0661719;-0.3949
1.83505;-0.0588495;-0.3949
1.84616;-0.0734942;-0.387578
1.8238;-0.0661719;-0.387578
1.80197;-0.0588495;-0.387578
1.81107;-0.0734942;-0.380256
1.78927;-0.0661719;-0.380256
1.76823;-0.0588495;-0.380256
1.82232;-0.054588;-0.3949
1.8009;-0.0472656;-0.3949
1.78021;-0.0399433;-0.3949
1.78961;-0.054588;-0.387578
1.76892;-0.0472656;-0.387578
1.74872;-0.0399433;-0.387578
1.75625;-0.054588;-0.380256
1.73607;-0.0472656;-0.380256
1.71662;-0.0399433;-0.380256
1.84517;-0.0356817;-0.413807
1.82398;-0.0283594;-0.413807
1.80349;-0.021037;-0.413807
1.81605;-0.0356817;-0.406484
1.79547;-0.0283594;-0.406484
1.77542;-0.021037;-0.406484
1.7862;-0.0356817;-0.399162
1.76607;-0.0283594;-0.399162
1.74664;-0.021037;-0.399162
1.79185;-0.0167755;-0.413807
1.77228;-0.00945312;-0.413807
1.75338;-0.00213077;-0.413807
1.76406;-0.0167755;-0.406484
1.74506;-0.00945312;-0.406484
1.72656;-0.00213077;-0.406484
1.73559;-0.0167755;-0.399162
1.71701;-0.00945312;-0.399162
1.69909;-0.00213077;-0.399162
1.76843;-0.0356817;-0.3949
1.74864;-0.0283594;-0.3949
1.72952;-0.021037;-0.3949
1.73729;-0.0356817;-0.387578
1.71817;-0.0283594;-0.387578
1.69952;-0.021037;-0.387578
1.70554;-0.0356817;-0.380256
1.68691;-0.0283594;-0.380256
1.66895;-0.021037;-0.380256
1.71865;-0.0167755;-0.3949
1.70038;-0.00945312;-0.3949
1.68275;-0.00213077;-0.3949
1.68897;-0.0167755;-0.387578
1.67133;-0.00945312;-0.387578
1.65413;-0.00213077;-0.387578
1.65872;-0.0167755;-0.380256
1.64153;-0.00945312;-0.380256
1.62498;-0.00213077;-0.380256
2.0509;-0.149119;-0.375994
2.02213;-0.141797;-0.375994
1.99427;-0.134475;-0.375994
2.00589;-0.149119;-0.368672
1.97822;-0.141797;-0.368672
1.95114;-0.134475;-0.368672
1.96022;-0.149119;-0.36135
1.93334;-0.141797;-0.36135
1.90736;-0.134475;-0.36135
1.97838;-0.130213;-0.375994
1.95162;-0.122891;-0.375994
1.92572;-0.115568;-0.375994
1.93577;-0.130213;-0.368672
1.91004;-0.122891;-0.368672
1.88485;-0.115568;-0.368672
1.89253;-0.130213;-0.36135
1.86752;-0.122891;-0.36135
1.84337;-0.115568;-0.36135
1.93322;-0.149119;-0.357088
1.90692;-0.141797;-0.357088
1.88148;-0.134475;-0.357088
1.88627;-0.149119;-0.349766
1.86113;-0.141797;-0.349766
1.83646;-0.134475;-0.349766
1.83889;-0.149119;-0.342443
1.81451;-0.141797;-0.342443
1.79101;-0.134475;-0.342443
1.86696;-0.130213;-0.357088
1.84249;-0.122891;-0.357088
1.81884;-0.115568;-0.357088
1.82248;-0.130213;-0.349766
1.7991;-0.122891;-0.349766
1.77617;-0.115568;-0.349766
1.77758;-0.130213;-0.342443
1.75491;-0.122891;-0.342443
1.73307;-0.115568;-0.342443
1.91095;-0.111307;-0.375994
1.88608;-0.103984;-0.375994
1.86203;-0.096662;-0.375994
1.87057;-0.111307;-0.368672
1.84666;-0.103984;-0.368672
1.82327;-0.096662;-0.368672
1.82959;-0.111307;-0.36135
1.80635;-0.103984;-0.36135
1.78393;-0.096662;-0.36135
1.84832;-0.0924005;-0.375994
1.82525;-0.0850781;-0.375994
1.80295;-0.0777558;-0.375994
1.81002;-0.0924005;-0.368672
1.78784;-0.0850781;-0.368672
1.76615;-0.0777558;-0.368672
1.77114;-0.0924005;-0.36135
1.74959;-0.0850781;-0.36135
1.72881;-0.0777558;-0.36135
1.80535;-0.111307;-0.357088
1.78262;-0.103984;-0.357088
1.76067;-0.096662;-0.357088
1.76318;-0.111307;-0.349766
1.74147;-0.103984;-0.349766
1.72019;-0.096662;-0.349766
1.7206;-0.111307;-0.342443
1.69956;-0.103984;-0.342443
1.6793;-0.096662;-0.342443
1.74815;-0.0924005;-0.357088
1.72707;-0.0850781;-0.357088
1.70673;-0.0777558;-0.357088
1.70814;-0.0924005;-0.349766
1.68802;-0.0850781;-0.349766
1.6683;-0.0777558;-0.349766
1.66774;-0.0924005;-0.342443
1.64824;-0.0850781;-0.342443
1.62948;-0.0777558;-0.342443
1.81098;-0.149119;-0.338182
1.78719;-0.141797;-0.338182
1.76423;-0.134475;-0.338182
1.7626;-0.149119;-0.330859
1.74002;-0.141797;-0.330859
1.71781;-0.134475;-0.330859
1.71404;-0.149119;-0.323537
1.69219;-0.141797;-0.323537
1.67118;-0.134475;-0.323537
1.75112;-0.130213;-0.338182
1.72901;-0.122891;-0.338182
1.70768;-0.115568;-0.338182
1.70525;-0.130213;-0.330859
1.68426;-0.122891;-0.330859
1.66364;-0.115568;-0.330859
1.65916;-0.130213;-0.323537
1.63887;-0.122891;-0.323537
1.61937;-0.115568;-0.323537
1.68553;-0.149119;-0.319275
1.66426;-0.141797;-0.319275
1.64379;-0.134475;-0.319275
1.63628;-0.149119;-0.311953
1.61623;-0.141797;-0.311953
1.59648;-0.134475;-0.311953
1.58708;-0.149119;-0.304631
1.56772;-0.141797;-0.304631
1.54915;-0.134475;-0.304631
1.6321;-0.130213;-0.319275
1.61236;-0.122891;-0.319275
1.59337;-0.115568;-0.319275
1.58532;-0.130213;-0.311953
1.56672;-0.122891;-0.311953
1.54841;-0.115568;-0.311953
1.53854;-0.130213;-0.304631
1.5206;-0.122891;-0.304631
1.50342;-0.115568;-0.304631
1.6955;-0.111307;-0.338182
1.67498;-0.103984;-0.338182
1.6552;-0.096662;-0.338182
1.65198;-0.111307;-0.330859
1.63251;-0.103984;-0.330859
1.6134;-0.096662;-0.330859
1.60823;-0.111307;-0.323537
1.58942;-0.103984;-0.323537
1.57136;-0.096662;-0.323537
1.64392;-0.0924005;-0.338182
1.6249;-0.0850781;-0.338182
1.6066;-0.0777558;-0.338182
1.6026;-0.0924005;-0.330859
1.58458;-0.0850781;-0.330859
1.5669;-0.0777558;-0.330859
1.56105;-0.0924005;-0.323537
1.54366;-0.0850781;-0.323537
1.52697;-0.0777558;-0.323537
1.58252;-0.111307;-0.319275
1.56424;-0.103984;-0.319275
1.54666;-0.096662;-0.319275
1.53808;-0.111307;-0.311953
1.52087;-0.103984;-0.311953
1.50395;-0.096662;-0.311953
1.4936;-0.111307;-0.304631
1.47703;-0.103984;-0.304631
1.46117;-0.096662;-0.304631
1.53664;-0.0924005;-0.319275
1.51973;-0.0850781;-0.319275
1.5035;-0.0777558;-0.319275
1.4944;-0.0924005;-0.311953
1.47852;-0.0850781;-0.311953
1.46291;-0.0777558;-0.311953
1.45211;-0.0924005;-0.304631
1.43683;-0.0850781;-0.304631
1.42223;-0.0777558;-0.304631
1.79024;-0.0734942;-0.375994
1.76886;-0.0661719;-0.375994
1.74821;-0.0588495;-0.375994
1.75387;-0.0734942;-0.368672
1.73333;-0.0661719;-0.368672
1.71325;-0.0588495;-0.368672
1.71696;-0.0734942;-0.36135
1.697;-0.0661719;-0.36135
1.67778;-0.0588495;-0.36135
1.73645;-0.054588;-0.375994
1.71667;-0.0472656;-0.375994
1.69758;-0.0399433;-0.375994
1.70189;-0.054588;-0.368672
1.68289;-0.0472656;-0.368672
1.66433;-0.0399433;-0.368672
1.66682;-0.054588;-0.36135
1.64836;-0.0472656;-0.36135
1.6306;-0.0399433;-0.36135
1.69514;-0.0734942;-0.357088
1.67562;-0.0661719;-0.357088
1.6568;-0.0588495;-0.357088
1.65715;-0.0734942;-0.349766
1.63853;-0.0661719;-0.349766
1.6203;-0.0588495;-0.349766
1.61878;-0.0734942;-0.342443
1.60075;-0.0661719;-0.342443
1.58342;-0.0588495;-0.342443
1.64608;-0.054588;-0.357088
1.62804;-0.0472656;-0.357088
1.61066;-0.0399433;-0.357088
1.60999;-0.054588;-0.349766
1.59279;-0.0472656;-0.349766
1.57596;-0.0399433;-0.349766
1.57353;-0.054588;-0.342443
1.55689;-0.0472656;-0.342443
1.5409;-0.0399433;-0.342443
1.68671;-0.0356817;-0.375994
1.66844;-0.0283594;-0.375994
1.65081;-0.021037;-0.375994
1.65383;-0.0356817;-0.368672
1.6363;-0.0283594;-0.368672
1.61917;-0.021037;-0.368672
1.62048;-0.0356817;-0.36135
1.60345;-0.0283594;-0.36135
1.58706;-0.021037;-0.36135
1.64079;-0.0167755;-0.375994
1.62393;-0.00945312;-0.375994
1.60769;-0.00213077;-0.375994
1.60948;-0.0167755;-0.368672
1.59332;-0.00945312;-0.368672
1.57754;-0.00213077;-0.368672
1.57774;-0.0167755;-0.36135
1.56204;-0.00945312;-0.36135
1.54696;-0.00213077;-0.36135
1.60076;-0.0356817;-0.357088
1.58411;-0.0283594;-0.357088
1.56809;-0.021037;-0.357088
1.56645;-0.0356817;-0.349766
1.55059;-0.0283594;-0.349766
1.53507;-0.021037;-0.349766
1.53179;-0.0356817;-0.342443
1.51645;-0.0283594;-0.342443
1.50173;-0.021037;-0.342443
1.55897;-0.0167755;-0.357088
1.54363;-0.00945312;-0.357088
1.52889;-0.00213077;-0.357088
1.52632;-0.0167755;-0.349766
1.51172;-0.00945312;-0.349766
1.49745;-0.00213077;-0.349766
1.49334;-0.0167755;-0.342443
1.47923;-0.00945312;-0.342443
1.46571;-0.00213077;-0.342443
1.59617;-0.0734942;-0.338182
1.57859;-0.0661719;-0.338182
1.56168;-0.0588495;-0.338182
1.55692;-0.0734942;-0.330859
1.54028;-0.0661719;-0.330859
1.52396;-0.0588495;-0.330859
1.51745;-0.0734942;-0.323537
1.5014;-0.0661719;-0.323537
1.48602;-0.0588495;-0.323537
1.55204;-0.054588;-0.338182
1.53582;-0.0472656;-0.338182
1.52023;-0.0399433;-0.338182
1.51475;-0.054588;-0.330859
1.49942;-0.0472656;-0.330859
1.48438;-0.0399433;-0.330859
1.47725;-0.054588;-0.323537
1.46246;-0.0472656;-0.323537
1.44831;-0.0399433;-0.323537
1.49425;-0.0734942;-0.319275
1.47866;-0.0661719;-0.319275
1.46371;-0.0588495;-0.319275
1.45411;-0.0734942;-0.311953
1.43949;-0.0661719;-0.311953
1.42513;-0.0588495;-0.311953
1.4139;-0.0734942;-0.304631
1.39986;-0.0661719;-0.304631
1.38645;-0.0588495;-0.304631
1.4552;-0.054588;-0.319275
1.44085;-0.0472656;-0.319275
1.42711;-0.0399433;-0.319275
1.41704;-0.054588;-0.311953
1.40361;-0.0472656;-0.311953
1.39042;-0.0399433;-0.311953
1.37881;-0.054588;-0.304631
1.36593;-0.0472656;-0.304631
1.35365;-0.0399433;-0.304631
1.51136;-0.0356817;-0.338182
1.49642;-0.0283594;-0.338182
1.48207;-0.021037;-0.338182
1.47591;-0.0356817;-0.330859
1.4618;-0.0283594;-0.330859
1.44798;-0.021037;-0.330859
1.44025;-0.0356817;-0.323537
1.42666;-0.0283594;-0.323537
1.41368;-0.021037;-0.323537
1.47391;-0.0167755;-0.338182
1.46018;-0.00945312;-0.338182
1.44701;-0.00213077;-0.338182
1.44019;-0.0167755;-0.330859
1.42724;-0.00945312;-0.330859
1.41456;-0.00213077;-0.330859
1.40628;-0.0167755;-0.323537
1.39382;-0.00945312;-0.323537
1.38192;-0.00213077;-0.323537
1.41929;-0.0356817;-0.319275
1.40611;-0.0283594;-0.319275
1.39351;-0.021037;-0.319275
1.38301;-0.0356817;-0.311953
1.3707;-0.0283594;-0.311953
1.35863;-0.021037;-0.311953
1.34665;-0.0356817;-0.304631
1.33487;-0.0283594;-0.304631
1.32365;-0.021037;-0.304631
1.38634;-0.0167755;-0.319275
1.37427;-0.00945312;-0.319275
1.36274;-0.00213077;-0.319275
1.35184;-0.0167755;-0.311953
1.34059;-0.00945312;-0.311953
1.32956;-0.00213077;-0.311953
1.31726;-0.0167755;-0.304631
1.30651;-0.00945312;-0.304631
1.29629;-0.00213077;-0.304631
1.88188;-0.453844;-0.209736
1.88174;-0.453803;-0.209736
1.8816;-0.453762;-0.209736
1.88148;-0.454169;-0.208965
1.88085;-0.453986;-0.208965
1.88023;-0.453803;-0.208965
1.88128;-0.454493;-0.208193
1.88014;-0.454169;-0.208193
1.87901;-0.453844;-0.208193
1.88152;-0.455415;-0.205838
1.87882;-0.454688;-0.205838
1.87616;-0.453961;-0.205838
1.89152;-0.458239;-0.198516
1.88345;-0.456279;-0.198516
1.87542;-0.45432;-0.198516
1.91499;-0.46103;-0.191193
1.9008;-0.457852;-0.191193
1.8866;-0.454675;-0.191193
1.93446;-0.462574;-0.186932
1.91623;-0.458722;-0.186932
1.89805;-0.454871;-0.186932
1.97586;-0.465092;-0.179609
1.95059;-0.460141;-0.179609
1.92518;-0.455191;-0.179609
2.02864;-0.467583;-0.172287
1.99477;-0.461545;-0.172287
1.96114;-0.455507;-0.172287
2.13669;-0.47305;-0.161543
2.13559;-0.472878;-0.161543
2.13449;-0.472706;-0.161543
2.18145;-0.474398;-0.15705
2.17636;-0.473638;-0.15705
2.17131;-0.472878;-0.15705
2.22906;-0.475739;-0.152557
2.21949;-0.474394;-0.152557
2.21005;-0.473048;-0.152557
2.12057;-0.470525;-0.161543
2.07389;-0.463203;-0.161543
2.02728;-0.455881;-0.161543
2.15563;-0.470525;-0.15705
2.10676;-0.463203;-0.15705
2.0579;-0.455881;-0.15705
2.19238;-0.470525;-0.152557
2.14121;-0.463203;-0.152557
2.09033;-0.455881;-0.152557
2.05307;-0.468554;-0.169333
2.01519;-0.462092;-0.169333
1.97786;-0.45563;-0.169333
2.07747;-0.469417;-0.166503
2.03608;-0.462578;-0.166503
1.99506;-0.45574;-0.166503
2.10307;-0.470276;-0.163673
2.05808;-0.463063;-0.163673
2.01327;-0.455849;-0.163673
2.31132;-0.41677;-0.275952
2.30973;-0.416407;-0.275952
2.30814;-0.416043;-0.275952
2.26215;-0.419612;-0.271035
2.25497;-0.418008;-0.271035
2.24795;-0.416404;-0.271035
2.2126;-0.422425;-0.266118
2.20104;-0.419593;-0.266118
2.18944;-0.416762;-0.266118
2.55501;-0.399377;-0.300369
2.55025;-0.398353;-0.300369
2.54552;-0.397329;-0.300369
2.48207;-0.404113;-0.293047
2.46547;-0.401022;-0.293047
2.44932;-0.397931;-0.293047
2.40712;-0.408769;-0.285725
2.38174;-0.403645;-0.285725
2.35589;-0.398522;-0.285725
2.53328;-0.3949;-0.300369
2.49521;-0.387578;-0.300369
2.456;-0.380256;-0.300369
2.43392;-0.3949;-0.293047
2.39744;-0.387578;-0.293047
2.36185;-0.380256;-0.293047
2.33796;-0.3949;-0.285725
2.30343;-0.387578;-0.285725
2.27035;-0.380256;-0.285725
2.29827;-0.413807;-0.275952
2.26631;-0.406484;-0.275952
2.23496;-0.399162;-0.275952
2.23669;-0.413807;-0.271035
2.20551;-0.406484;-0.271035
2.17526;-0.399162;-0.271035
2.17735;-0.413807;-0.266118
2.14745;-0.406484;-0.266118
2.11759;-0.399162;-0.266118
2.37466;-0.410528;-0.282894
2.34825;-0.404637;-0.282894
2.32041;-0.398746;-0.282894
2.34894;-0.411964;-0.280488
2.32015;-0.405446;-0.280488
2.29064;-0.398928;-0.280488
2.3238;-0.413393;-0.278082
2.29248;-0.406251;-0.278082
2.26119;-0.399109;-0.278082
2.28426;-0.3949;-0.281463
2.25086;-0.387578;-0.281463
2.21806;-0.380256;-0.281463
2.19473;-0.3949;-0.274141
2.1631;-0.387578;-0.274141
2.13146;-0.380256;-0.274141
2.10806;-0.3949;-0.266818
2.07827;-0.387578;-0.266818
2.05014;-0.380256;-0.266818
2.04411;-0.434901;-0.246663
2.04403;-0.434876;-0.246663
2.04395;-0.434851;-0.246663
2.04085;-0.435099;-0.246278
2.04051;-0.434987;-0.246278
2.04017;-0.434876;-0.246278
2.03761;-0.435296;-0.245893
2.03701;-0.435099;-0.245893
2.0364;-0.434901;-0.245893
2.03648;-0.432713;-0.246663
2.01056;-0.425391;-0.246663
1.98413;-0.418068;-0.246663
2.03267;-0.432713;-0.246278
2.00689;-0.425391;-0.246278
1.98053;-0.418068;-0.246278
2.02888;-0.432713;-0.245893
2.00324;-0.425391;-0.245893
1.97695;-0.418068;-0.245893
2.17768;-0.424323;-0.262669
2.16364;-0.420663;-0.262669
2.14935;-0.417003;-0.262669
2.11336;-0.428019;-0.255731
2.09326;-0.422746;-0.255731
2.07322;-0.417472;-0.255731
2.05413;-0.431663;-0.248793
2.02915;-0.424799;-0.248793
2.00398;-0.417935;-0.248793
2.01989;-0.436382;-0.24365
2.01775;-0.435711;-0.24365
2.01564;-0.435039;-0.24365
1.96985;-0.439885;-0.236328
1.962;-0.437685;-0.236328
1.95437;-0.435484;-0.236328
1.92921;-0.443341;-0.229006
1.91621;-0.439632;-0.229006
1.90315;-0.435923;-0.229006
2.0077;-0.432713;-0.24365
1.98223;-0.425391;-0.24365
1.95634;-0.418068;-0.24365
1.94483;-0.432713;-0.236328
1.9196;-0.425391;-0.236328
1.8945;-0.418068;-0.236328
1.89194;-0.432713;-0.229006
1.86657;-0.425391;-0.229006
1.84132;-0.418068;-0.229006
2.13556;-0.413807;-0.262557
2.10677;-0.406484;-0.262557
2.0774;-0.399162;-0.262557
2.05431;-0.413807;-0.255234
2.02715;-0.406484;-0.255234
1.99942;-0.399162;-0.255234
1.98045;-0.413807;-0.247912
1.95406;-0.406484;-0.247912
1.92773;-0.399162;-0.247912
2.06023;-0.3949;-0.262557
2.03167;-0.387578;-0.262557
2.0042;-0.380256;-0.262557
1.98352;-0.3949;-0.255234
1.95639;-0.387578;-0.255234
1.92835;-0.380256;-0.255234
1.91223;-0.3949;-0.247912
1.88543;-0.387578;-0.247912
1.85894;-0.380256;-0.247912
1.94108;-0.413807;-0.24365
1.91487;-0.406484;-0.24365
1.88878;-0.399162;-0.24365
1.87966;-0.413807;-0.236328
1.85365;-0.406484;-0.236328
1.82761;-0.399162;-0.236328
1.82647;-0.413807;-0.229006
1.80055;-0.406484;-0.229006
1.77465;-0.399162;-0.229006
1.87344;-0.3949;-0.24365
1.84702;-0.387578;-0.24365
1.8211;-0.380256;-0.24365
1.81258;-0.3949;-0.236328
1.78685;-0.387578;-0.236328
1.76084;-0.380256;-0.236328
1.7595;-0.3949;-0.229006
1.73347;-0.387578;-0.229006
1.70776;-0.380256;-0.229006
2.43289;-0.375994;-0.300369
2.395;-0.368672;-0.300369
2.35958;-0.36135;-0.300369
2.34141;-0.375994;-0.293047
2.30599;-0.368672;-0.293047
2.27027;-0.36135;-0.293047
2.25098;-0.375994;-0.285725
2.21723;-0.368672;-0.285725
2.18449;-0.36135;-0.285725
2.33859;-0.357088;-0.300369
2.30155;-0.349766;-0.300369
2.26649;-0.342443;-0.300369
2.25015;-0.357088;-0.293047
2.21666;-0.349766;-0.293047
2.18283;-0.342443;-0.293047
2.1654;-0.357088;-0.285725
2.1328;-0.349766;-0.285725
2.10163;-0.342443;-0.285725
2.19914;-0.375994;-0.281463
2.16696;-0.368672;-0.281463
2.13547;-0.36135;-0.281463
2.11372;-0.375994;-0.274141
2.08384;-0.368672;-0.274141
2.05307;-0.36135;-0.274141
2.03323;-0.375994;-0.266818
2.00321;-0.368672;-0.266818
1.97485;-0.36135;-0.266818
2.11699;-0.357088;-0.281463
2.08539;-0.349766;-0.281463
2.05511;-0.342443;-0.281463
2.03562;-0.357088;-0.274141
2.0066;-0.349766;-0.274141
1.97697;-0.342443;-0.274141
1.95841;-0.357088;-0.266818
1.92986;-0.349766;-0.266818
1.90231;-0.342443;-0.266818
2.24643;-0.338182;-0.300369
2.21195;-0.330859;-0.300369
2.17847;-0.323537;-0.300369
2.16369;-0.338182;-0.293047
2.13172;-0.330859;-0.293047
2.09934;-0.323537;-0.293047
2.08353;-0.338182;-0.285725
2.05231;-0.330859;-0.285725
2.02224;-0.323537;-0.285725
2.15911;-0.319275;-0.300369
2.12612;-0.311953;-0.300369
2.09423;-0.304631;-0.300369
2.0809;-0.319275;-0.293047
2.05015;-0.311953;-0.293047
2.01933;-0.304631;-0.293047
2.0048;-0.319275;-0.285725
1.97491;-0.311953;-0.285725
1.94615;-0.304631;-0.285725
2.03753;-0.338182;-0.281463
2.00721;-0.330859;-0.281463
1.97799;-0.323537;-0.281463
1.96012;-0.338182;-0.274141
1.932;-0.330859;-0.274141
1.90351;-0.323537;-0.274141
1.88625;-0.338182;-0.266818
1.85861;-0.330859;-0.266818
1.83199;-0.323537;-0.266818
1.96107;-0.319275;-0.281463
1.93206;-0.311953;-0.281463
1.90406;-0.304631;-0.281463
1.88733;-0.319275;-0.274141
1.86028;-0.311953;-0.274141
1.83301;-0.304631;-0.274141
1.81654;-0.319275;-0.266818
1.79001;-0.311953;-0.266818
1.76443;-0.304631;-0.266818
1.98763;-0.375994;-0.262557
1.95845;-0.368672;-0.262557
1.93084;-0.36135;-0.262557
1.91234;-0.375994;-0.255234
1.88563;-0.368672;-0.255234
1.85838;-0.36135;-0.255234
1.84344;-0.375994;-0.247912
1.81692;-0.368672;-0.247912
1.79114;-0.36135;-0.247912
1.91484;-0.357088;-0.262557
1.887;-0.349766;-0.262557
1.86011;-0.342443;-0.262557
1.84287;-0.357088;-0.255234
1.81684;-0.349766;-0.255234
1.79024;-0.342443;-0.255234
1.77609;-0.357088;-0.247912
1.7501;-0.349766;-0.247912
1.72484;-0.342443;-0.247912
1.80588;-0.375994;-0.24365
1.77962;-0.368672;-0.24365
1.75413;-0.36135;-0.24365
1.74588;-0.375994;-0.236328
1.72046;-0.368672;-0.236328
1.69471;-0.36135;-0.236328
1.69276;-0.375994;-0.229006
1.66693;-0.368672;-0.229006
1.64153;-0.36135;-0.229006
1.73925;-0.357088;-0.24365
1.71355;-0.349766;-0.24365
1.68859;-0.342443;-0.24365
1.67995;-0.357088;-0.236328
1.65505;-0.349766;-0.236328
1.62992;-0.342443;-0.236328
1.62675;-0.357088;-0.229006
1.60143;-0.349766;-0.229006
1.57666;-0.342443;-0.229006
1.84443;-0.338182;-0.262557
1.81744;-0.330859;-0.262557
1.79142;-0.323537;-0.262557
1.77506;-0.338182;-0.255234
1.74967;-0.330859;-0.255234
1.72399;-0.323537;-0.255234
1.71013;-0.338182;-0.247912
1.68485;-0.330859;-0.247912
1.66039;-0.323537;-0.247912
1.77633;-0.319275;-0.262557
1.75042;-0.311953;-0.262557
1.7254;-0.304631;-0.262557
1.70937;-0.319275;-0.255234
1.6849;-0.311953;-0.255234
1.66024;-0.304631;-0.255234
1.64619;-0.319275;-0.247912
1.62186;-0.311953;-0.247912
1.59833;-0.304631;-0.247912
1.67406;-0.338182;-0.24365
1.6491;-0.330859;-0.24365
1.62491;-0.323537;-0.24365
1.61554;-0.338182;-0.236328
1.59135;-0.330859;-0.236328
1.56702;-0.323537;-0.236328
1.5623;-0.338182;-0.229006
1.53774;-0.330859;-0.229006
1.51381;-0.323537;-0.229006
1.61088;-0.319275;-0.24365
1.58685;-0.311953;-0.24365
1.5636;-0.304631;-0.24365
1.55314;-0.319275;-0.236328
1.52985;-0.311953;-0.236328
1.50652;-0.304631;-0.236328
1.49997;-0.319275;-0.229006
1.47636;-0.311953;-0.229006
1.45346;-0.304631;-0.229006
1.8737;-0.451619;-0.209736
1.84667;-0.444297;-0.209736
1.81957;-0.436975;-0.209736
1.87214;-0.451619;-0.208965
1.84495;-0.444297;-0.208965
1.81769;-0.436975;-0.208965
1.87072;-0.451619;-0.208193
1.84334;-0.444297;-0.208193
1.81592;-0.436975;-0.208193
1.91023;-0.44517;-0.224969
1.89483;-0.440663;-0.224969
1.87925;-0.436155;-0.224969
1.88793;-0.448006;-0.218418
1.86769;-0.442261;-0.218418
1.84759;-0.436516;-0.218418
1.8758;-0.45081;-0.211867
1.85042;-0.443841;-0.211867
1.82503;-0.436872;-0.211867
1.866;-0.432713;-0.224744
1.84042;-0.425391;-0.224744
1.81469;-0.418068;-0.224744
1.82982;-0.432713;-0.217422
1.80334;-0.425391;-0.217422
1.77697;-0.418068;-0.217422
1.80451;-0.432713;-0.2101
1.77664;-0.425391;-0.2101
1.74888;-0.418068;-0.2101
1.86725;-0.451619;-0.205838
1.83929;-0.444297;-0.205838
1.81132;-0.436975;-0.205838
1.86436;-0.451619;-0.198516
1.83431;-0.444297;-0.198516
1.80415;-0.436975;-0.198516
1.87293;-0.451619;-0.191193
1.84008;-0.444297;-0.191193
1.80714;-0.436975;-0.191193
1.79485;-0.432713;-0.205838
1.76602;-0.425391;-0.205838
1.73692;-0.418068;-0.205838
1.78637;-0.432713;-0.198516
1.75544;-0.425391;-0.198516
1.72439;-0.418068;-0.198516
1.78791;-0.432713;-0.191193
1.75468;-0.425391;-0.191193
1.72123;-0.418068;-0.191193
1.79968;-0.413807;-0.224744
1.77374;-0.406484;-0.224744
1.74751;-0.399162;-0.224744
1.76152;-0.413807;-0.217422
1.73464;-0.406484;-0.217422
1.70758;-0.399162;-0.217422
1.73266;-0.413807;-0.2101
1.70452;-0.406484;-0.2101
1.67641;-0.399162;-0.2101
1.73217;-0.3949;-0.224744
1.70598;-0.387578;-0.224744
1.68003;-0.380256;-0.224744
1.69186;-0.3949;-0.217422
1.66506;-0.387578;-0.217422
1.63826;-0.380256;-0.217422
1.66008;-0.3949;-0.2101
1.63211;-0.387578;-0.2101
1.60432;-0.380256;-0.2101
1.72004;-0.413807;-0.205838
1.6912;-0.406484;-0.205838
1.66227;-0.399162;-0.205838
1.70629;-0.413807;-0.198516
1.67548;-0.406484;-0.198516
1.64503;-0.399162;-0.198516
1.70189;-0.413807;-0.191193
1.669;-0.406484;-0.191193
1.63619;-0.399162;-0.191193
1.64548;-0.3949;-0.205838
1.61675;-0.387578;-0.205838
1.5881;-0.380256;-0.205838
1.62727;-0.3949;-0.198516
1.59673;-0.387578;-0.198516
1.56654;-0.380256;-0.198516
1.61723;-0.3949;-0.191193
1.58486;-0.387578;-0.191193
1.55261;-0.380256;-0.191193
1.88268;-0.451619;-0.186932
1.848;-0.444297;-0.186932
1.81334;-0.436975;-0.186932
1.90676;-0.451619;-0.179609
1.869;-0.444297;-0.179609
1.83136;-0.436975;-0.179609
1.93949;-0.451619;-0.172287
1.89851;-0.444297;-0.172287
1.8574;-0.436975;-0.172287
1.79321;-0.432713;-0.186932
1.75849;-0.425391;-0.186932
1.72357;-0.418068;-0.186932
1.80937;-0.432713;-0.179609
1.77169;-0.425391;-0.179609
1.73448;-0.418068;-0.179609
1.83365;-0.432713;-0.172287
1.79316;-0.425391;-0.172287
1.75263;-0.418068;-0.172287
1.96189;-0.451619;-0.168025
1.91892;-0.444297;-0.168025
1.87605;-0.436975;-0.168025
2.00547;-0.451619;-0.160703
1.95891;-0.444297;-0.160703
1.91317;-0.436975;-0.160703
2.05502;-0.451619;-0.153381
2.00495;-0.444297;-0.153381
1.95489;-0.436975;-0.153381
1.85125;-0.432713;-0.168025
1.80884;-0.425391;-0.168025
1.76642;-0.418068;-0.168025
1.88641;-0.432713;-0.160703
1.84034;-0.425391;-0.160703
1.79525;-0.418068;-0.160703
1.92619;-0.432713;-0.153381
1.87755;-0.425391;-0.153381
1.82887;-0.418068;-0.153381
1.70343;-0.413807;-0.186932
1.66918;-0.406484;-0.186932
1.63486;-0.399162;-0.186932
1.71275;-0.413807;-0.179609
1.6755;-0.406484;-0.179609
1.63895;-0.399162;-0.179609
1.72926;-0.413807;-0.172287
1.68956;-0.406484;-0.172287
1.64993;-0.399162;-0.172287
1.61509;-0.3949;-0.186932
1.5815;-0.387578;-0.186932
1.54797;-0.380256;-0.186932
1.61771;-0.3949;-0.179609
1.58139;-0.387578;-0.179609
1.54585;-0.380256;-0.179609
1.62716;-0.3949;-0.172287
1.58858;-0.387578;-0.172287
1.55022;-0.380256;-0.172287
1.74206;-0.413807;-0.168025
1.70072;-0.406484;-0.168025
1.65941;-0.399162;-0.168025
1.76906;-0.413807;-0.160703
1.72427;-0.406484;-0.160703
1.68057;-0.399162;-0.160703
1.80087;-0.413807;-0.153381
1.75352;-0.406484;-0.153381
1.70643;-0.399162;-0.153381
1.63571;-0.3949;-0.168025
1.59562;-0.387578;-0.168025
1.55569;-0.380256;-0.168025
1.65524;-0.3949;-0.160703
1.61195;-0.387578;-0.160703
1.56979;-0.380256;-0.160703
1.67945;-0.3949;-0.153381
1.63381;-0.387578;-0.153381
1.58851;-0.380256;-0.153381
1.66489;-0.375994;-0.224744
1.63889;-0.368672;-0.224744
1.61329;-0.36135;-0.224744
1.62275;-0.375994;-0.217422
1.59631;-0.368672;-0.217422
1.56992;-0.36135;-0.217422
1.5882;-0.375994;-0.2101
1.56067;-0.368672;-0.2101
1.53346;-0.36135;-0.2101
1.59842;-0.357088;-0.224744
1.57295;-0.349766;-0.224744
1.54802;-0.342443;-0.224744
1.55471;-0.357088;-0.217422
1.52894;-0.349766;-0.217422
1.50326;-0.342443;-0.217422
1.51773;-0.357088;-0.2101
1.49094;-0.349766;-0.2101
1.4646;-0.342443;-0.2101
1.57153;-0.375994;-0.205838
1.5433;-0.368672;-0.205838
1.51536;-0.36135;-0.205838
1.54905;-0.375994;-0.198516
1.51923;-0.368672;-0.198516
1.48988;-0.36135;-0.198516
1.53403;-0.375994;-0.191193
1.50252;-0.368672;-0.191193
1.47132;-0.36135;-0.191193
1.49924;-0.357088;-0.205838
1.47182;-0.349766;-0.205838
1.44483;-0.342443;-0.205838
1.47294;-0.357088;-0.198516
1.44415;-0.349766;-0.198516
1.41584;-0.342443;-0.198516
1.45339;-0.357088;-0.191193
1.42303;-0.349766;-0.191193
1.3931;-0.342443;-0.191193
1.53358;-0.338182;-0.224744
1.5089;-0.330859;-0.224744
1.48485;-0.323537;-0.224744
1.48853;-0.338182;-0.217422
1.46365;-0.330859;-0.217422
1.43893;-0.323537;-0.217422
1.44941;-0.338182;-0.2101
1.4236;-0.330859;-0.2101
1.39836;-0.323537;-0.2101
1.47096;-0.319275;-0.224744
1.44727;-0.311953;-0.224744
1.42429;-0.304631;-0.224744
1.4248;-0.319275;-0.217422
1.40102;-0.311953;-0.217422
1.37745;-0.304631;-0.217422
1.38384;-0.319275;-0.2101
1.35923;-0.311953;-0.2101
1.33528;-0.304631;-0.2101
1.4293;-0.338182;-0.205838
1.40294;-0.330859;-0.205838
1.37713;-0.323537;-0.205838
1.39957;-0.338182;-0.198516
1.37205;-0.330859;-0.198516
1.34504;-0.323537;-0.198516
1.37595;-0.338182;-0.191193
1.34697;-0.330859;-0.191193
1.31855;-0.323537;-0.191193
1.36232;-0.319275;-0.205838
1.33723;-0.311953;-0.205838
1.3128;-0.304631;-0.205838
1.32958;-0.319275;-0.198516
1.30351;-0.311953;-0.198516
1.27799;-0.304631;-0.198516
1.3023;-0.319275;-0.191193
1.27491;-0.311953;-0.191193
1.24819;-0.304631;-0.191193
1.52869;-0.375994;-0.186932
1.49604;-0.368672;-0.186932
1.46366;-0.36135;-0.186932
1.52528;-0.375994;-0.179609
1.49016;-0.368672;-0.179609
1.45589;-0.36135;-0.179609
1.52823;-0.375994;-0.172287
1.49104;-0.368672;-0.172287
1.45421;-0.36135;-0.172287
1.44509;-0.357088;-0.186932
1.41369;-0.349766;-0.186932
1.38271;-0.342443;-0.186932
1.43612;-0.357088;-0.179609
1.40251;-0.349766;-0.179609
1.36977;-0.342443;-0.179609
1.43313;-0.357088;-0.172287
1.39759;-0.349766;-0.172287
1.36251;-0.342443;-0.172287
1.53283;-0.375994;-0.168025
1.49426;-0.368672;-0.168025
1.45598;-0.36135;-0.168025
1.54541;-0.375994;-0.160703
1.50387;-0.368672;-0.160703
1.46352;-0.36135;-0.160703
1.5626;-0.375994;-0.153381
1.51887;-0.368672;-0.153381
1.4756;-0.36135;-0.153381
1.43411;-0.357088;-0.168025
1.39727;-0.349766;-0.168025
1.36088;-0.342443;-0.168025
1.44025;-0.357088;-0.160703
1.40069;-0.349766;-0.160703
1.36233;-0.342443;-0.160703
1.45089;-0.357088;-0.153381
1.40929;-0.349766;-0.153381
1.36823;-0.342443;-0.153381
1.36497;-0.338182;-0.186932
1.33506;-0.330859;-0.186932
1.30569;-0.323537;-0.186932
1.35095;-0.338182;-0.179609
1.31905;-0.330859;-0.179609
1.28805;-0.323537;-0.179609
1.34249;-0.338182;-0.172287
1.3088;-0.330859;-0.172287
1.27569;-0.323537;-0.172287
1.28892;-0.319275;-0.186932
1.26068;-0.311953;-0.186932
1.23311;-0.304631;-0.186932
1.27029;-0.319275;-0.179609
1.24031;-0.311953;-0.179609
1.21123;-0.304631;-0.179609
1.25684;-0.319275;-0.172287
1.22517;-0.311953;-0.172287
1.19421;-0.304631;-0.172287
1.34012;-0.338182;-0.168025
1.30523;-0.330859;-0.168025
1.27091;-0.323537;-0.168025
1.34028;-0.338182;-0.160703
1.30289;-0.330859;-0.160703
1.26672;-0.323537;-0.160703
1.34484;-0.338182;-0.153381
1.30552;-0.330859;-0.153381
1.26685;-0.323537;-0.153381
1.25138;-0.319275;-0.168025
1.21861;-0.311953;-0.168025
1.18653;-0.304631;-0.168025
1.24598;-0.319275;-0.160703
1.21094;-0.311953;-0.160703
1.17711;-0.304631;-0.160703
1.24486;-0.319275;-0.153381
1.20799;-0.311953;-0.153381
1.17186;-0.304631;-0.153381
2.26661;-0.476693;-0.149119
2.25357;-0.474931;-0.149119
2.24073;-0.473169;-0.149119
2.3493;-0.478622;-0.141797
2.32883;-0.476018;-0.141797
2.30858;-0.473414;-0.141797
2.43663;-0.480536;-0.134475
2.4078;-0.477096;-0.134475
2.3792;-0.473657;-0.134475
2.22159;-0.470525;-0.149119
2.16876;-0.463203;-0.149119
2.11618;-0.455881;-0.149119
2.28625;-0.470525;-0.141797
2.22975;-0.463203;-0.141797
2.17342;-0.455881;-0.141797
2.35313;-0.470525;-0.134475
2.2925;-0.463203;-0.134475
2.23271;-0.455881;-0.134475
2.48835;-0.481573;-0.130213
2.45444;-0.477681;-0.130213
2.42078;-0.473789;-0.130213
2.57703;-0.483228;-0.122891
2.53446;-0.478614;-0.122891
2.49215;-0.473999;-0.122891
2.66661;-0.484871;-0.115568
2.61492;-0.479539;-0.115568
2.56357;-0.474208;-0.115568
2.39258;-0.470525;-0.130213
2.3298;-0.463203;-0.130213
2.26799;-0.455881;-0.130213
2.46057;-0.470525;-0.122891
2.39462;-0.463203;-0.122891
2.32937;-0.455881;-0.122891
2.52835;-0.470525;-0.115568
2.45901;-0.463203;-0.115568
2.39053;-0.455881;-0.115568
2.99499;-0.491832;-0.0894368
2.99363;-0.491714;-0.0894368
2.99226;-0.491597;-0.0894368
3.05979;-0.492756;-0.0834081
3.05363;-0.492235;-0.0834081
3.0475;-0.491714;-0.0834081
3.12221;-0.493677;-0.0773793
3.11105;-0.492754;-0.0773793
3.09997;-0.491831;-0.0773793
2.71815;-0.485752;-0.111307
2.66112;-0.480036;-0.111307
2.60454;-0.47432;-0.111307
2.80505;-0.487139;-0.103984
2.7389;-0.480817;-0.103984
2.67341;-0.474496;-0.103984
2.89045;-0.488517;-0.096662
2.81501;-0.481594;-0.096662
2.74052;-0.474671;-0.096662
2.56725;-0.470525;-0.111307
2.49605;-0.463203;-0.111307
2.42586;-0.455881;-0.111307
2.63271;-0.470525;-0.103984
2.55859;-0.463203;-0.103984
2.48557;-0.455881;-0.103984
2.69637;-0.470525;-0.096662
2.61926;-0.463203;-0.096662
2.54325;-0.455881;-0.096662
2.96761;-0.489432;-0.0894368
2.88498;-0.482109;-0.0894368
2.80346;-0.474787;-0.0894368
3.02085;-0.489432;-0.0834081
2.93607;-0.482109;-0.0834081
2.85238;-0.474787;-0.0834081
3.07131;-0.489432;-0.0773793
2.98455;-0.482109;-0.0773793
2.89885;-0.474787;-0.0773793
2.91907;-0.488975;-0.0941548
2.84049;-0.481852;-0.0941548
2.76295;-0.474729;-0.0941548
2.93334;-0.489174;-0.0928612
2.85327;-0.481964;-0.0928612
2.77429;-0.474754;-0.0928612
2.94752;-0.489374;-0.0915676
2.86597;-0.482077;-0.0915676
2.78553;-0.47478;-0.0915676
2.73224;-0.470525;-0.0924005
2.65349;-0.463203;-0.0924005
2.57585;-0.455881;-0.0924005
2.79121;-0.470525;-0.0850781
2.70989;-0.463203;-0.0850781
2.62979;-0.455881;-0.0850781
2.84675;-0.470525;-0.0777558
2.76303;-0.463203;-0.0777558
2.68041;-0.455881;-0.0777558
3.16029;-0.494198;-0.0734942
3.14617;-0.493048;-0.0734942
3.13215;-0.491897;-0.0734942
3.22746;-0.495067;-0.0661719
3.20822;-0.493537;-0.0661719
3.1891;-0.492008;-0.0661719
3.29018;-0.495933;-0.0588495
3.26558;-0.494025;-0.0588495
3.24114;-0.492118;-0.0588495
3.32348;-0.496365;-0.054588
3.2961;-0.494269;-0.054588
3.26888;-0.492172;-0.054588
3.37468;-0.496983;-0.0472656
3.34324;-0.494617;-0.0472656
3.31193;-0.492251;-0.0472656
3.42037;-0.497599;-0.0399433
3.38479;-0.494964;-0.0399433
3.34941;-0.492329;-0.0399433
3.10229;-0.489432;-0.0734942
3.0143;-0.482109;-0.0734942
2.92739;-0.474787;-0.0734942
3.15706;-0.489432;-0.0661719
3.0668;-0.482109;-0.0661719
2.97779;-0.474787;-0.0661719
3.20689;-0.489432;-0.0588495
3.11446;-0.482109;-0.0588495
3.02352;-0.474787;-0.0588495
2.87731;-0.470525;-0.0734942
2.79222;-0.463203;-0.0734942
2.70836;-0.455881;-0.0734942
2.92643;-0.470525;-0.0661719
2.83919;-0.463203;-0.0661719
2.75357;-0.455881;-0.0661719
2.97118;-0.470525;-0.0588495
2.88219;-0.463203;-0.0588495
2.79461;-0.455881;-0.0588495
3.2335;-0.489432;-0.054588
3.14001;-0.482109;-0.054588
3.04807;-0.474787;-0.054588
3.27491;-0.489432;-0.0472656
3.17992;-0.482109;-0.0472656
3.08646;-0.474787;-0.0472656
3.31083;-0.489432;-0.0399433
3.21446;-0.482109;-0.0399433
3.11958;-0.474787;-0.0399433
2.99515;-0.470525;-0.054588
2.90518;-0.463203;-0.054588
2.81664;-0.455881;-0.054588
3.03256;-0.470525;-0.0472656
2.94095;-0.463203;-0.0472656
2.85111;-0.455881;-0.0472656
3.06494;-0.470525;-0.0399433
2.97209;-0.463203;-0.0399433
2.8808;-0.455881;-0.0399433
3.44332;-0.497886;-0.0356817
3.40577;-0.495126;-0.0356817
3.36843;-0.492366;-0.0356817
3.47627;-0.498255;-0.0283594
3.43611;-0.495334;-0.0283594
3.39615;-0.492413;-0.0283594
3.50319;-0.498624;-0.021037
3.46035;-0.495542;-0.021037
3.41781;-0.492459;-0.021037
3.51492;-0.498767;-0.0167755
3.47103;-0.495623;-0.0167755
3.42746;-0.492478;-0.0167755
3.52818;-0.49889;-0.00945312
3.48341;-0.495692;-0.00945312
3.43891;-0.492493;-0.00945312
3.53512;-0.499013;-0.00213077
3.48941;-0.495761;-0.00213077
3.44407;-0.492509;-0.00213077
3.32907;-0.489432;-0.0356817
3.232;-0.482109;-0.0356817
3.13645;-0.474787;-0.0356817
3.3557;-0.489432;-0.0283594
3.25759;-0.482109;-0.0283594
3.16116;-0.474787;-0.0283594
3.3764;-0.489432;-0.021037
3.27749;-0.482109;-0.021037
3.1802;-0.474787;-0.021037
3.08143;-0.470525;-0.0356817
2.9879;-0.463203;-0.0356817
2.89597;-0.455881;-0.0356817
3.10553;-0.470525;-0.0283594
3.01095;-0.463203;-0.0283594
2.91827;-0.455881;-0.0283594
3.12418;-0.470525;-0.021037
3.02897;-0.463203;-0.021037
2.9354;-0.455881;-0.021037
3.38565;-0.489432;-0.0167755
3.28638;-0.482109;-0.0167755
3.18875;-0.474787;-0.0167755
3.39668;-0.489432;-0.00945312
3.29698;-0.482109;-0.00945312
3.19903;-0.474787;-0.00945312
3.40158;-0.489432;-0.00213077
3.30171;-0.482109;-0.00213077
3.20349;-0.474787;-0.00213077
3.13253;-0.470525;-0.0167755
3.037;-0.463203;-0.0167755
2.94311;-0.455881;-0.0167755
3.14254;-0.470525;-0.00945312
3.04651;-0.463203;-0.00945312
2.95242;-0.455881;-0.00945312
3.14694;-0.470525;-0.00213077
3.05084;-0.463203;-0.00213077
2.9564;-0.455881;-0.00213077
2.08576;-0.451619;-0.149119
2.03358;-0.444297;-0.149119
1.98131;-0.436975;-0.149119
2.14063;-0.451619;-0.141797
2.0848;-0.444297;-0.141797
2.02993;-0.436975;-0.141797
2.19814;-0.451619;-0.134475
2.13901;-0.444297;-0.134475
2.08054;-0.436975;-0.134475
1.95147;-0.432713;-0.149119
1.90108;-0.425391;-0.149119
1.85055;-0.418068;-0.149119
1.99813;-0.432713;-0.141797
1.94389;-0.425391;-0.141797
1.89082;-0.418068;-0.141797
2.04698;-0.432713;-0.134475
1.98995;-0.425391;-0.134475
1.93335;-0.418068;-0.134475
2.23234;-0.451619;-0.130213
2.17134;-0.444297;-0.130213
2.11089;-0.436975;-0.130213
2.29159;-0.451619;-0.122891
2.22729;-0.444297;-0.122891
2.16412;-0.436975;-0.122891
2.35101;-0.451619;-0.115568
2.28369;-0.444297;-0.115568
2.21726;-0.436975;-0.115568
2.07627;-0.432713;-0.130213
2.01755;-0.425391;-0.130213
1.95913;-0.418068;-0.130213
2.12763;-0.432713;-0.122891
2.06552;-0.425391;-0.122891
2.00471;-0.418068;-0.122891
2.17915;-0.432713;-0.115568
2.11448;-0.425391;-0.115568
2.05049;-0.418068;-0.115568
1.82151;-0.413807;-0.149119
1.77245;-0.406484;-0.149119
1.7236;-0.399162;-0.149119
1.86004;-0.413807;-0.141797
1.80746;-0.406484;-0.141797
1.75623;-0.399162;-0.141797
1.90086;-0.413807;-0.134475
1.84584;-0.406484;-0.134475
1.79129;-0.399162;-0.134475
1.69564;-0.3949;-0.149119
1.64844;-0.387578;-0.149119
1.60151;-0.380256;-0.149119
1.72661;-0.3949;-0.141797
1.67611;-0.387578;-0.141797
1.627;-0.380256;-0.141797
1.76007;-0.3949;-0.134475
1.70732;-0.387578;-0.134475
1.65508;-0.380256;-0.134475
1.92565;-0.413807;-0.130213
1.86904;-0.406484;-0.130213
1.81283;-0.399162;-0.130213
1.96955;-0.413807;-0.122891
1.90968;-0.406484;-0.122891
1.85131;-0.399162;-0.122891
2.01379;-0.413807;-0.115568
1.95168;-0.406484;-0.115568
1.89027;-0.399162;-0.115568
1.78068;-0.3949;-0.130213
1.72644;-0.387578;-0.130213
1.67265;-0.380256;-0.130213
1.81762;-0.3949;-0.122891
1.76027;-0.387578;-0.122891
1.70449;-0.380256;-0.122891
1.85513;-0.3949;-0.115568
1.79577;-0.387578;-0.115568
1.73709;-0.380256;-0.115568
2.38535;-0.451619;-0.111307
2.31629;-0.444297;-0.111307
2.24813;-0.436975;-0.111307
2.44331;-0.451619;-0.103984
2.3713;-0.444297;-0.103984
2.30069;-0.436975;-0.103984
2.49947;-0.451619;-0.096662
2.42499;-0.444297;-0.096662
2.35154;-0.436975;-0.096662
2.20908;-0.432713;-0.111307
2.14286;-0.425391;-0.111307
2.07726;-0.418068;-0.111307
2.26;-0.432713;-0.103984
2.19083;-0.425391;-0.103984
2.12311;-0.418068;-0.103984
2.30942;-0.432713;-0.096662
2.23805;-0.425391;-0.096662
2.16756;-0.418068;-0.096662
2.53119;-0.451619;-0.0924005
2.45528;-0.444297;-0.0924005
2.38038;-0.436975;-0.0924005
2.58362;-0.451619;-0.0850781
2.50523;-0.444297;-0.0850781
2.42831;-0.436975;-0.0850781
2.63299;-0.451619;-0.0777558
2.55263;-0.444297;-0.0777558
2.47333;-0.436975;-0.0777558
2.33745;-0.432713;-0.0924005
2.26473;-0.425391;-0.0924005
2.19289;-0.418068;-0.0924005
2.384;-0.432713;-0.0850781
2.30876;-0.425391;-0.0850781
2.23516;-0.418068;-0.0850781
2.42784;-0.432713;-0.0777558
2.35083;-0.425391;-0.0777558
2.27489;-0.418068;-0.0777558
2.03968;-0.413807;-0.111307
1.97614;-0.406484;-0.111307
1.91324;-0.399162;-0.111307
2.08403;-0.413807;-0.103984
2.01762;-0.406484;-0.103984
1.95283;-0.399162;-0.103984
2.12717;-0.413807;-0.096662
2.05884;-0.406484;-0.096662
1.99138;-0.399162;-0.096662
1.87727;-0.3949;-0.111307
1.81657;-0.387578;-0.111307
1.75651;-0.380256;-0.111307
1.91549;-0.3949;-0.103984
1.85202;-0.387578;-0.103984
1.79026;-0.380256;-0.103984
1.95279;-0.3949;-0.096662
1.88762;-0.387578;-0.096662
1.82329;-0.380256;-0.096662
2.15174;-0.413807;-0.0924005
2.08218;-0.406484;-0.0924005
2.01345;-0.399162;-0.0924005
2.19276;-0.413807;-0.0850781
2.12075;-0.406484;-0.0850781
2.05049;-0.399162;-0.0850781
2.2314;-0.413807;-0.0777558
2.15786;-0.406484;-0.0777558
2.08534;-0.399162;-0.0777558
1.97417;-0.3949;-0.0924005
1.90785;-0.387578;-0.0924005
1.84233;-0.380256;-0.0924005
2.01004;-0.3949;-0.0850781
1.94134;-0.387578;-0.0850781
1.87446;-0.380256;-0.0850781
2.04386;-0.3949;-0.0777558
1.97382;-0.387578;-0.0777558
1.90475;-0.380256;-0.0777558
1.57469;-0.375994;-0.149119
1.5295;-0.368672;-0.149119
1.4847;-0.36135;-0.149119
1.59865;-0.375994;-0.141797
1.55037;-0.368672;-0.141797
1.50354;-0.36135;-0.141797
1.62523;-0.375994;-0.134475
1.57488;-0.368672;-0.134475
1.5251;-0.36135;-0.134475
1.45915;-0.357088;-0.149119
1.41617;-0.349766;-0.149119
1.3737;-0.342443;-0.149119
1.47655;-0.357088;-0.141797
1.43069;-0.349766;-0.141797
1.38629;-0.342443;-0.141797
1.49671;-0.357088;-0.134475
1.44891;-0.349766;-0.134475
1.40174;-0.342443;-0.134475
1.64193;-0.375994;-0.130213
1.59018;-0.368672;-0.130213
1.53895;-0.36135;-0.130213
1.67233;-0.375994;-0.122891
1.61764;-0.368672;-0.122891
1.56457;-0.36135;-0.122891
1.70357;-0.375994;-0.115568
1.64704;-0.368672;-0.115568
1.59122;-0.36135;-0.115568
1.50974;-0.357088;-0.130213
1.46061;-0.349766;-0.130213
1.41208;-0.342443;-0.130213
1.53401;-0.357088;-0.122891
1.4821;-0.349766;-0.122891
1.43184;-0.342443;-0.122891
1.55937;-0.357088;-0.115568
1.50576;-0.349766;-0.115568
1.45287;-0.342443;-0.115568
1.34952;-0.338182;-0.149119
1.30891;-0.330859;-0.149119
1.26892;-0.323537;-0.149119
1.36076;-0.338182;-0.141797
1.31745;-0.330859;-0.141797
1.27563;-0.323537;-0.141797
1.37487;-0.338182;-0.134475
1.32974;-0.330859;-0.134475
1.2853;-0.323537;-0.134475
1.24619;-0.319275;-0.149119
1.2081;-0.311953;-0.149119
1.17073;-0.304631;-0.149119
1.25163;-0.319275;-0.141797
1.21102;-0.311953;-0.141797
1.17189;-0.304631;-0.141797
1.26004;-0.319275;-0.134475
1.21768;-0.311953;-0.134475
1.1761;-0.304631;-0.134475
1.38445;-0.338182;-0.130213
1.33806;-0.330859;-0.130213
1.29234;-0.323537;-0.130213
1.40294;-0.338182;-0.122891
1.3539;-0.330859;-0.122891
1.30653;-0.323537;-0.122891
1.42275;-0.338182;-0.115568
1.37211;-0.330859;-0.115568
1.32225;-0.323537;-0.115568
1.26635;-0.319275;-0.130213
1.2228;-0.311953;-0.130213
1.17999;-0.304631;-0.130213
1.27934;-0.319275;-0.122891
1.23328;-0.311953;-0.122891
1.18887;-0.304631;-0.122891
1.29389;-0.319275;-0.115568
1.2463;-0.311953;-0.115568
1.19952;-0.304631;-0.115568
1.72221;-0.375994;-0.111307
1.66442;-0.368672;-0.111307
1.60729;-0.36135;-0.111307
1.75469;-0.375994;-0.103984
1.69424;-0.368672;-0.103984
1.63556;-0.36135;-0.103984
1.78654;-0.375994;-0.096662
1.72457;-0.368672;-0.096662
1.66343;-0.36135;-0.096662
1.57472;-0.357088;-0.111307
1.51991;-0.349766;-0.111307
1.4658;-0.342443;-0.111307
1.60179;-0.357088;-0.103984
1.54445;-0.349766;-0.103984
1.48889;-0.342443;-0.103984
1.62855;-0.357088;-0.096662
1.56981;-0.349766;-0.096662
1.51189;-0.342443;-0.096662
1.80493;-0.375994;-0.0924005
1.74188;-0.368672;-0.0924005
1.67963;-0.36135;-0.0924005
1.83597;-0.375994;-0.0850781
1.77063;-0.368672;-0.0850781
1.70715;-0.36135;-0.0850781
1.86531;-0.375994;-0.0777558
1.79878;-0.368672;-0.0777558
1.73319;-0.36135;-0.0777558
1.64413;-0.357088;-0.0924005
1.58437;-0.349766;-0.0924005
1.52541;-0.342443;-0.0924005
1.67064;-0.357088;-0.0850781
1.60867;-0.349766;-0.0850781
1.54859;-0.342443;-0.0850781
1.69577;-0.357088;-0.0777558
1.63274;-0.349766;-0.0777558
1.57062;-0.342443;-0.0777558
1.43499;-0.338182;-0.111307
1.38322;-0.330859;-0.111307
1.33219;-0.323537;-0.111307
1.45695;-0.338182;-0.103984
1.40275;-0.330859;-0.103984
1.35035;-0.323537;-0.103984
1.4789;-0.338182;-0.096662
1.42341;-0.330859;-0.096662
1.36875;-0.323537;-0.096662
1.30317;-0.319275;-0.111307
1.2545;-0.311953;-0.111307
1.2066;-0.304631;-0.111307
1.32026;-0.319275;-0.103984
1.26927;-0.311953;-0.103984
1.22005;-0.304631;-0.103984
1.33765;-0.319275;-0.096662
1.28542;-0.311953;-0.096662
1.23403;-0.304631;-0.096662
1.49183;-0.338182;-0.0924005
1.43537;-0.330859;-0.0924005
1.37972;-0.323537;-0.0924005
1.51405;-0.338182;-0.0850781
1.45547;-0.330859;-0.0850781
1.39877;-0.323537;-0.0850781
1.53522;-0.338182;-0.0777558
1.47566;-0.330859;-0.0777558
1.41701;-0.323537;-0.0777558
1.34805;-0.319275;-0.0924005
1.2949;-0.311953;-0.0924005
1.24256;-0.304631;-0.0924005
1.3662;-0.319275;-0.0850781
1.31099;-0.311953;-0.0850781
1.25766;-0.304631;-0.0850781
1.38361;-0.319275;-0.0777558
1.3275;-0.311953;-0.0777558
1.27227;-0.304631;-0.0777558
2.66027;-0.451619;-0.0734942
2.57873;-0.444297;-0.0734942
2.49826;-0.436975;-0.0734942
2.70433;-0.451619;-0.0661719
2.62071;-0.444297;-0.0661719
2.53868;-0.436975;-0.0661719
2.7444;-0.451619;-0.0588495
2.65927;-0.444297;-0.0588495
2.57533;-0.436975;-0.0588495
2.45212;-0.432713;-0.0734942
2.37401;-0.425391;-0.0734942
2.29697;-0.418068;-0.0734942
2.49145;-0.432713;-0.0661719
2.41129;-0.425391;-0.0661719
2.3329;-0.418068;-0.0661719
2.52719;-0.432713;-0.0588495
2.44573;-0.425391;-0.0588495
2.36546;-0.418068;-0.0588495
2.76589;-0.451619;-0.054588
2.67986;-0.444297;-0.054588
2.59504;-0.436975;-0.054588
2.79948;-0.451619;-0.0472656
2.71186;-0.444297;-0.0472656
2.62595;-0.436975;-0.0472656
2.82849;-0.451619;-0.0399433
2.73986;-0.444297;-0.0399433
2.65252;-0.436975;-0.0399433
2.54641;-0.432713;-0.054588
2.46412;-0.425391;-0.054588
2.38302;-0.418068;-0.054588
2.57651;-0.432713;-0.0472656
2.49265;-0.425391;-0.0472656
2.41064;-0.418068;-0.0472656
2.60245;-0.432713;-0.0399433
2.51774;-0.425391;-0.0399433
2.43432;-0.418068;-0.0399433
2.25287;-0.413807;-0.0734942
2.17833;-0.406484;-0.0734942
2.10478;-0.399162;-0.0734942
2.2878;-0.413807;-0.0661719
2.21125;-0.406484;-0.0661719
2.13654;-0.399162;-0.0661719
2.31951;-0.413807;-0.0588495
2.24184;-0.406484;-0.0588495
2.1653;-0.399162;-0.0588495
2.06274;-0.3949;-0.0734942
1.99176;-0.387578;-0.0734942
1.92174;-0.380256;-0.0734942
2.09356;-0.3949;-0.0661719
2.02062;-0.387578;-0.0661719
1.94959;-0.380256;-0.0661719
2.12153;-0.3949;-0.0588495
2.04763;-0.387578;-0.0588495
1.97482;-0.380256;-0.0588495
2.33661;-0.413807;-0.054588
2.25817;-0.406484;-0.054588
2.18086;-0.399162;-0.054588
2.36348;-0.413807;-0.0472656
2.28349;-0.406484;-0.0472656
2.20541;-0.399162;-0.0472656
2.38658;-0.413807;-0.0399433
2.30589;-0.406484;-0.0399433
2.22642;-0.399162;-0.0399433
2.13666;-0.3949;-0.054588
2.06205;-0.387578;-0.054588
1.98852;-0.380256;-0.054588
2.16053;-0.3949;-0.0472656
2.08438;-0.387578;-0.0472656
2.01021;-0.380256;-0.0472656
2.18098;-0.3949;-0.0399433
2.10428;-0.387578;-0.0399433
2.02873;-0.380256;-0.0399433
2.8433;-0.451619;-0.0356817
2.75406;-0.444297;-0.0356817
2.66612;-0.436975;-0.0356817
2.86504;-0.451619;-0.0283594
2.77472;-0.444297;-0.0283594
2.68619;-0.436975;-0.0283594
2.8818;-0.451619;-0.021037
2.791;-0.444297;-0.021037
2.70155;-0.436975;-0.021037
2.61572;-0.432713;-0.0356817
2.53045;-0.425391;-0.0356817
2.44648;-0.418068;-0.0356817
2.63527;-0.432713;-0.0283594
2.5489;-0.425391;-0.0283594
2.46447;-0.418068;-0.0283594
2.65028;-0.432713;-0.021037
2.56355;-0.425391;-0.021037
2.47817;-0.418068;-0.021037
2.88933;-0.451619;-0.0167755
2.79823;-0.444297;-0.0167755
2.70848;-0.436975;-0.0167755
2.8984;-0.451619;-0.00945312
2.80674;-0.444297;-0.00945312
2.7169;-0.436975;-0.00945312
2.90232;-0.451619;-0.00213077
2.81069;-0.444297;-0.00213077
2.72044;-0.436975;-0.00213077
2.65704;-0.432713;-0.0167755
2.57003;-0.425391;-0.0167755
2.48438;-0.418068;-0.0167755
2.66523;-0.432713;-0.00945312
2.57762;-0.425391;-0.00945312
2.49197;-0.418068;-0.00945312
2.66871;-0.432713;-0.00213077
2.58122;-0.425391;-0.00213077
2.49509;-0.418068;-0.00213077
2.39843;-0.413807;-0.0356817
2.31722;-0.406484;-0.0356817
2.23724;-0.399162;-0.0356817
2.41594;-0.413807;-0.0283594
2.33363;-0.406484;-0.0283594
2.2533;-0.399162;-0.0283594
2.42932;-0.413807;-0.021037
2.34676;-0.406484;-0.021037
2.26547;-0.399162;-0.021037
2.19151;-0.3949;-0.0356817
2.11433;-0.387578;-0.0356817
2.0383;-0.380256;-0.0356817
2.20713;-0.3949;-0.0283594
2.12883;-0.387578;-0.0283594
2.05256;-0.380256;-0.0283594
2.219;-0.3949;-0.021037
2.14055;-0.387578;-0.021037
2.06331;-0.380256;-0.021037
2.43537;-0.413807;-0.0167755
2.35255;-0.406484;-0.0167755
2.27101;-0.399162;-0.0167755
2.44274;-0.413807;-0.00945312
2.35928;-0.406484;-0.00945312
2.27781;-0.399162;-0.00945312
2.44582;-0.413807;-0.00213077
2.36254;-0.406484;-0.00213077
2.28056;-0.399162;-0.00213077
2.22439;-0.3949;-0.0167755
2.1457;-0.387578;-0.0167755
2.06822;-0.380256;-0.0167755
2.231;-0.3949;-0.00945312
2.15163;-0.387578;-0.00945312
2.0743;-0.380256;-0.00945312
2.2337;-0.3949;-0.00213077
2.15459;-0.387578;-0.00213077
2.0767;-0.380256;-0.00213077
1.88176;-0.375994;-0.0734942
1.81435;-0.368672;-0.0734942
1.74787;-0.36135;-0.0734942
1.90875;-0.375994;-0.0661719
1.83943;-0.368672;-0.0661719
1.77206;-0.36135;-0.0661719
1.93323;-0.375994;-0.0588495
1.86309;-0.368672;-0.0588495
1.79399;-0.36135;-0.0588495
1.70994;-0.357088;-0.0734942
1.64609;-0.349766;-0.0734942
1.58313;-0.342443;-0.0734942
1.73334;-0.357088;-0.0661719
1.66763;-0.349766;-0.0661719
1.60388;-0.342443;-0.0661719
1.75456;-0.357088;-0.0588495
1.68814;-0.349766;-0.0588495
1.62271;-0.342443;-0.0588495
1.94653;-0.375994;-0.054588
1.87572;-0.368672;-0.054588
1.80594;-0.36135;-0.054588
1.96758;-0.375994;-0.0472656
1.89527;-0.368672;-0.0472656
1.82496;-0.36135;-0.0472656
1.98559;-0.375994;-0.0399433
1.91282;-0.368672;-0.0399433
1.84116;-0.36135;-0.0399433
1.76614;-0.357088;-0.054588
1.69909;-0.349766;-0.054588
1.63303;-0.342443;-0.054588
1.78456;-0.357088;-0.0472656
1.71604;-0.349766;-0.0472656
1.64953;-0.342443;-0.0472656
1.80027;-0.357088;-0.0399433
1.73139;-0.349766;-0.0399433
1.66355;-0.342443;-0.0399433
1.54726;-0.338182;-0.0734942
1.48692;-0.330859;-0.0734942
1.42746;-0.323537;-0.0734942
1.56725;-0.338182;-0.0661719
1.50512;-0.330859;-0.0661719
1.44495;-0.323537;-0.0661719
1.58541;-0.338182;-0.0588495
1.52265;-0.330859;-0.0588495
1.46084;-0.323537;-0.0588495
1.39361;-0.319275;-0.0734942
1.33675;-0.311953;-0.0734942
1.28076;-0.304631;-0.0734942
1.41038;-0.319275;-0.0661719
1.35179;-0.311953;-0.0661719
1.29512;-0.304631;-0.0661719
1.42564;-0.319275;-0.0588495
1.36647;-0.311953;-0.0588495
1.30822;-0.304631;-0.0588495
1.59538;-0.338182;-0.054588
1.53202;-0.330859;-0.054588
1.46961;-0.323537;-0.054588
1.61132;-0.338182;-0.0472656
1.54652;-0.330859;-0.0472656
1.48372;-0.323537;-0.0472656
1.62488;-0.338182;-0.0399433
1.55979;-0.330859;-0.0399433
1.4957;-0.323537;-0.0399433
1.43408;-0.319275;-0.054588
1.37434;-0.311953;-0.054588
1.31552;-0.304631;-0.054588
1.44766;-0.319275;-0.0472656
1.38652;-0.311953;-0.0472656
1.32736;-0.304631;-0.0472656
1.4592;-0.319275;-0.0399433
1.39781;-0.311953;-0.0399433
1.33738;-0.304631;-0.0399433
1.99488;-0.375994;-0.0356817
1.92167;-0.368672;-0.0356817
1.84956;-0.36135;-0.0356817
2.00874;-0.375994;-0.0283594
1.93442;-0.368672;-0.0283594
1.86214;-0.36135;-0.0283594
2.0192;-0.375994;-0.021037
1.94481;-0.368672;-0.021037
1.87157;-0.36135;-0.021037
1.80842;-0.357088;-0.0356817
1.73912;-0.349766;-0.0356817
1.67086;-0.342443;-0.0356817
1.82062;-0.357088;-0.0283594
1.75021;-0.349766;-0.0283594
1.68185;-0.342443;-0.0283594
1.82978;-0.357088;-0.021037
1.75936;-0.349766;-0.021037
1.69004;-0.342443;-0.021037
2.02398;-0.375994;-0.0167755
1.94936;-0.368672;-0.0167755
1.87589;-0.36135;-0.0167755
2.02988;-0.375994;-0.00945312
1.95455;-0.368672;-0.00945312
1.88129;-0.36135;-0.00945312
2.03222;-0.375994;-0.00213077
1.95722;-0.368672;-0.00213077
1.88337;-0.36135;-0.00213077
1.83398;-0.357088;-0.0167755
1.76336;-0.349766;-0.0167755
1.69382;-0.342443;-0.0167755
1.83921;-0.357088;-0.00945312
1.76786;-0.349766;-0.00945312
1.69857;-0.342443;-0.00945312
1.84123;-0.357088;-0.00213077
1.77025;-0.349766;-0.00213077
1.70035;-0.342443;-0.00213077
1.63195;-0.338182;-0.0356817
1.56647;-0.330859;-0.0356817
1.50198;-0.323537;-0.0356817
1.64259;-0.338182;-0.0283594
1.57602;-0.330859;-0.0283594
1.51147;-0.323537;-0.0283594
1.65052;-0.338182;-0.021037
1.58399;-0.330859;-0.021037
1.5185;-0.323537;-0.021037
1.46525;-0.319275;-0.0356817
1.40349;-0.311953;-0.0356817
1.34268;-0.304631;-0.0356817
1.47441;-0.319275;-0.0283594
1.41158;-0.311953;-0.0283594
1.35075;-0.304631;-0.0283594
1.48119;-0.319275;-0.021037
1.41844;-0.311953;-0.021037
1.35666;-0.304631;-0.021037
1.65418;-0.338182;-0.0167755
1.58746;-0.330859;-0.0167755
1.52176;-0.323537;-0.0167755
1.65878;-0.338182;-0.00945312
1.59132;-0.330859;-0.00945312
1.5259;-0.323537;-0.00945312
1.66051;-0.338182;-0.00213077
1.59344;-0.330859;-0.00213077
1.5274;-0.323537;-0.00213077
1.48434;-0.319275;-0.0167755
1.4214;-0.311953;-0.0167755
1.35943;-0.304631;-0.0167755
1.48834;-0.319275;-0.00945312
1.42466;-0.311953;-0.00945312
1.363;-0.304631;-0.00945312
1.48979;-0.319275;-0.00213077
1.42653;-0.311953;-0.00213077
1.36424;-0.304631;-0.00213077
2.07587;-0.300369;-0.300369
2.04457;-0.293047;-0.300369
2.01429;-0.285725;-0.300369
2.00183;-0.300369;-0.293047
1.97254;-0.293047;-0.293047
1.94325;-0.285725;-0.293047
1.92951;-0.300369;-0.285725
1.90106;-0.293047;-0.285725
1.87363;-0.285725;-0.285725
1.99685;-0.281463;-0.300369
1.96717;-0.274141;-0.300369
1.93849;-0.266818;-0.300369
1.92661;-0.281463;-0.293047
1.89878;-0.274141;-0.293047
1.87103;-0.266818;-0.293047
1.8578;-0.281463;-0.285725
1.83078;-0.274141;-0.285725
1.80475;-0.266818;-0.285725
1.88788;-0.300369;-0.281463
1.86022;-0.293047;-0.281463
1.83352;-0.285725;-0.281463
1.81751;-0.300369;-0.274141
1.79161;-0.293047;-0.274141
1.76562;-0.285725;-0.274141
1.74961;-0.300369;-0.266818
1.72425;-0.293047;-0.266818
1.69981;-0.285725;-0.266818
1.81811;-0.281463;-0.281463
1.79183;-0.274141;-0.281463
1.76648;-0.266818;-0.281463
1.75087;-0.281463;-0.274141
1.72621;-0.274141;-0.274141
1.70155;-0.266818;-0.274141
1.68569;-0.281463;-0.266818
1.66157;-0.274141;-0.266818
1.63836;-0.266818;-0.266818
1.92199;-0.262557;-0.300369
1.89394;-0.255234;-0.300369
1.86685;-0.247912;-0.300369
1.85529;-0.262557;-0.293047
1.82895;-0.255234;-0.293047
1.80274;-0.247912;-0.293047
1.78975;-0.262557;-0.285725
1.76419;-0.255234;-0.285725
1.73958;-0.247912;-0.285725
1.85129;-0.24365;-0.300369
1.82486;-0.236328;-0.300369
1.79935;-0.229006;-0.300369
1.78788;-0.24365;-0.293047
1.76304;-0.236328;-0.293047
1.73837;-0.229006;-0.293047
1.72542;-0.24365;-0.285725
1.70132;-0.236328;-0.285725
1.67815;-0.229006;-0.285725
1.75188;-0.262557;-0.281463
1.72701;-0.255234;-0.281463
1.70304;-0.247912;-0.281463
1.68756;-0.262557;-0.274141
1.66421;-0.255234;-0.274141
1.64091;-0.247912;-0.274141
1.62497;-0.262557;-0.266818
1.60215;-0.255234;-0.266818
1.58021;-0.247912;-0.266818
1.68925;-0.24365;-0.281463
1.66581;-0.236328;-0.281463
1.64324;-0.229006;-0.281463
1.62771;-0.24365;-0.274141
1.60569;-0.236328;-0.274141
1.58377;-0.229006;-0.274141
1.56759;-0.24365;-0.266818
1.54611;-0.236328;-0.266818
1.52549;-0.229006;-0.266818
1.71091;-0.300369;-0.262557
1.68613;-0.293047;-0.262557
1.66223;-0.285725;-0.262557
1.64621;-0.300369;-0.255234
1.62277;-0.293047;-0.255234
1.59923;-0.285725;-0.255234
1.58472;-0.300369;-0.247912
1.56145;-0.293047;-0.247912
1.539;-0.285725;-0.247912
1.64842;-0.281463;-0.262557
1.62486;-0.274141;-0.262557
1.60215;-0.266818;-0.262557
1.58588;-0.281463;-0.255234
1.56357;-0.274141;-0.255234
1.54125;-0.266818;-0.255234
1.52604;-0.281463;-0.247912
1.50394;-0.274141;-0.247912
1.48268;-0.266818;-0.247912
1.55015;-0.300369;-0.24365
1.52718;-0.293047;-0.24365
1.50502;-0.285725;-0.24365
1.49324;-0.300369;-0.236328
1.47101;-0.293047;-0.236328
1.44881;-0.285725;-0.236328
1.44025;-0.300369;-0.229006
1.41777;-0.293047;-0.229006
1.39604;-0.285725;-0.229006
1.49223;-0.281463;-0.24365
1.47044;-0.274141;-0.24365
1.44946;-0.266818;-0.24365
1.43621;-0.281463;-0.236328
1.41517;-0.274141;-0.236328
1.39421;-0.266818;-0.236328
1.38355;-0.281463;-0.229006
1.36231;-0.274141;-0.229006
1.34188;-0.266818;-0.229006
1.58907;-0.262557;-0.262557
1.56678;-0.255234;-0.262557
1.54534;-0.247912;-0.262557
1.52861;-0.262557;-0.255234
1.50752;-0.255234;-0.255234
1.48648;-0.247912;-0.255234
1.47043;-0.262557;-0.247912
1.44958;-0.255234;-0.247912
1.42957;-0.247912;-0.247912
1.53301;-0.24365;-0.262557
1.51204;-0.236328;-0.262557
1.49191;-0.229006;-0.262557
1.47459;-0.24365;-0.255234
1.45477;-0.236328;-0.255234
1.43506;-0.229006;-0.255234
1.41807;-0.24365;-0.247912
1.39853;-0.236328;-0.247912
1.37983;-0.229006;-0.247912
1.43739;-0.262557;-0.24365
1.41686;-0.255234;-0.24365
1.39715;-0.247912;-0.24365
1.38235;-0.262557;-0.236328
1.36258;-0.255234;-0.236328
1.34296;-0.247912;-0.236328
1.33015;-0.262557;-0.229006
1.31027;-0.255234;-0.229006
1.29121;-0.247912;-0.229006
1.38584;-0.24365;-0.24365
1.36664;-0.236328;-0.24365
1.34825;-0.229006;-0.24365
1.33187;-0.24365;-0.236328
1.31345;-0.236328;-0.236328
1.2952;-0.229006;-0.236328
1.2803;-0.24365;-0.229006
1.26184;-0.236328;-0.229006
1.24421;-0.229006;-0.229006
1.78471;-0.224744;-0.300369
1.75988;-0.217422;-0.300369
1.73593;-0.2101;-0.300369
1.72439;-0.224744;-0.293047
1.70104;-0.217422;-0.293047
1.67789;-0.2101;-0.293047
1.66483;-0.224744;-0.285725
1.6422;-0.217422;-0.285725
1.62046;-0.2101;-0.285725
1.7222;-0.205838;-0.300369
1.69894;-0.198516;-0.300369
1.67653;-0.191193;-0.300369
1.66479;-0.205838;-0.293047
1.64292;-0.198516;-0.293047
1.62127;-0.191193;-0.293047
1.60798;-0.205838;-0.285725
1.58681;-0.198516;-0.285725
1.56649;-0.191193;-0.285725
1.63028;-0.224744;-0.281463
1.60828;-0.217422;-0.281463
1.58712;-0.2101;-0.281463
1.57138;-0.224744;-0.274141
1.55071;-0.217422;-0.274141
1.53019;-0.2101;-0.274141
1.51364;-0.224744;-0.266818
1.49352;-0.217422;-0.266818
1.47424;-0.2101;-0.266818
1.57498;-0.205838;-0.281463
1.5544;-0.198516;-0.281463
1.53464;-0.191193;-0.281463
1.5186;-0.205838;-0.274141
1.4993;-0.198516;-0.274141
1.48017;-0.191193;-0.274141
1.46318;-0.205838;-0.266818
1.44442;-0.198516;-0.266818
1.42649;-0.191193;-0.266818
1.6637;-0.186932;-0.300369
1.64197;-0.179609;-0.300369
1.62106;-0.172287;-0.300369
1.60903;-0.186932;-0.293047
1.58862;-0.179609;-0.293047
1.56844;-0.172287;-0.293047
1.55484;-0.186932;-0.285725
1.5351;-0.179609;-0.285725
1.51619;-0.172287;-0.285725
1.60909;-0.168025;-0.300369
1.58886;-0.160703;-0.300369
1.56941;-0.153381;-0.300369
1.55704;-0.168025;-0.293047
1.53806;-0.160703;-0.293047
1.51931;-0.153381;-0.293047
1.50536;-0.168025;-0.285725
1.48702;-0.160703;-0.285725
1.46948;-0.153381;-0.285725
1.52332;-0.186932;-0.281463
1.50415;-0.179609;-0.281463
1.48577;-0.172287;-0.281463
1.46938;-0.186932;-0.274141
1.45143;-0.179609;-0.274141
1.43367;-0.172287;-0.274141
1.41621;-0.186932;-0.266818
1.39881;-0.179609;-0.266818
1.38221;-0.172287;-0.266818
1.47525;-0.168025;-0.281463
1.45746;-0.160703;-0.281463
1.44044;-0.153381;-0.281463
1.42366;-0.168025;-0.274141
1.40705;-0.160703;-0.274141
1.39063;-0.153381;-0.274141
1.37271;-0.168025;-0.266818
1.35664;-0.160703;-0.266818
1.34134;-0.153381;-0.266818
1.48035;-0.224744;-0.262557
1.46073;-0.217422;-0.262557
1.44193;-0.2101;-0.262557
1.42394;-0.224744;-0.255234
1.40544;-0.217422;-0.255234
1.38708;-0.2101;-0.255234
1.36911;-0.224744;-0.247912
1.35092;-0.217422;-0.247912
1.33356;-0.2101;-0.247912
1.43115;-0.205838;-0.262557
1.41289;-0.198516;-0.262557
1.39542;-0.191193;-0.262557
1.37673;-0.205838;-0.255234
1.35956;-0.198516;-0.255234
1.34255;-0.191193;-0.255234
1.32362;-0.205838;-0.247912
1.3068;-0.198516;-0.247912
1.29078;-0.191193;-0.247912
1.33772;-0.224744;-0.24365
1.31988;-0.217422;-0.24365
1.30285;-0.2101;-0.24365
1.28493;-0.224744;-0.236328
1.26789;-0.217422;-0.236328
1.25106;-0.2101;-0.236328
1.23414;-0.224744;-0.229006
1.21714;-0.217422;-0.229006
1.20098;-0.2101;-0.229006
1.29311;-0.205838;-0.24365
1.27665;-0.198516;-0.24365
1.26098;-0.191193;-0.24365
1.2416;-0.205838;-0.236328
1.22597;-0.198516;-0.236328
1.21055;-0.191193;-0.236328
1.19176;-0.205838;-0.229006
1.17624;-0.198516;-0.229006
1.16154;-0.191193;-0.229006
1.38543;-0.186932;-0.262557
1.36851;-0.179609;-0.262557
1.35237;-0.172287;-0.262557
1.33299;-0.186932;-0.255234
1.31714;-0.179609;-0.255234
1.30148;-0.172287;-0.255234
1.28163;-0.186932;-0.247912
1.26616;-0.179609;-0.247912
1.25149;-0.172287;-0.247912
1.34314;-0.168025;-0.262557
1.32755;-0.160703;-0.262557
1.31271;-0.153381;-0.262557
1.29268;-0.168025;-0.255234
1.27815;-0.160703;-0.255234
1.2638;-0.153381;-0.255234
1.24311;-0.168025;-0.247912
1.22899;-0.160703;-0.247912
1.21562;-0.153381;-0.247912
1.25204;-0.186932;-0.24365
1.23695;-0.179609;-0.24365
1.22264;-0.172287;-0.24365
1.20191;-0.186932;-0.236328
1.18768;-0.179609;-0.236328
1.17366;-0.172287;-0.236328
1.15317;-0.186932;-0.229006
1.13911;-0.179609;-0.229006
1.12586;-0.172287;-0.229006
1.21448;-0.168025;-0.24365
1.20074;-0.160703;-0.24365
1.18776;-0.153381;-0.24365
1.16584;-0.168025;-0.236328
1.15297;-0.160703;-0.236328
1.14033;-0.153381;-0.236328
1.11834;-0.168025;-0.229006
1.10571;-0.160703;-0.229006
1.09387;-0.153381;-0.229006
1.41105;-0.300369;-0.224744
1.38853;-0.293047;-0.224744
1.36677;-0.285725;-0.224744
1.36403;-0.300369;-0.217422
1.34152;-0.293047;-0.217422
1.31926;-0.285725;-0.217422
1.32154;-0.300369;-0.2101
1.2983;-0.293047;-0.2101
1.27579;-0.285725;-0.2101
1.35426;-0.281463;-0.224744
1.33304;-0.274141;-0.224744
1.31262;-0.266818;-0.224744
1.30663;-0.281463;-0.217422
1.28551;-0.274141;-0.217422
1.26469;-0.266818;-0.217422
1.26291;-0.281463;-0.2101
1.24117;-0.274141;-0.2101
1.22022;-0.266818;-0.2101
1.2988;-0.300369;-0.205838
1.27516;-0.293047;-0.205838
1.25225;-0.285725;-0.205838
1.26344;-0.300369;-0.198516
1.23901;-0.293047;-0.198516
1.21513;-0.285725;-0.198516
1.23295;-0.300369;-0.191193
1.20731;-0.293047;-0.191193
1.18243;-0.285725;-0.191193
1.23917;-0.281463;-0.205838
1.2171;-0.274141;-0.205838
1.19584;-0.266818;-0.205838
1.20157;-0.281463;-0.198516
1.1789;-0.274141;-0.198516
1.15679;-0.266818;-0.198516
1.16828;-0.281463;-0.191193
1.14452;-0.274141;-0.191193
1.12161;-0.266818;-0.191193
1.30091;-0.262557;-0.224744
1.28109;-0.255234;-0.224744
1.26208;-0.247912;-0.224744
1.25291;-0.262557;-0.217422
1.23329;-0.255234;-0.217422
1.21399;-0.247912;-0.217422
1.20827;-0.262557;-0.2101
1.18814;-0.255234;-0.2101
1.16884;-0.247912;-0.2101
1.25121;-0.24365;-0.224744
1.23286;-0.236328;-0.224744
1.21533;-0.229006;-0.224744
1.2031;-0.24365;-0.217422
1.18505;-0.236328;-0.217422
1.16732;-0.229006;-0.217422
1.15785;-0.24365;-0.2101
1.13939;-0.236328;-0.2101
1.12179;-0.229006;-0.2101
1.18373;-0.262557;-0.205838
1.16335;-0.255234;-0.205838
1.14381;-0.247912;-0.205838
1.14428;-0.262557;-0.198516
1.12347;-0.255234;-0.198516
1.10322;-0.247912;-0.198516
1.10861;-0.262557;-0.191193
1.08684;-0.255234;-0.191193
1.06597;-0.247912;-0.191193
1.13271;-0.24365;-0.205838
1.11408;-0.236328;-0.205838
1.09632;-0.229006;-0.205838
1.09181;-0.24365;-0.198516
1.07291;-0.236328;-0.198516
1.05457;-0.229006;-0.198516
1.05417;-0.24365;-0.191193
1.03446;-0.236328;-0.191193
1.01569;-0.229006;-0.191193
1.2174;-0.300369;-0.186932
1.19102;-0.293047;-0.186932
1.16539;-0.285725;-0.186932
1.19463;-0.300369;-0.179609
1.16672;-0.293047;-0.179609
1.1397;-0.285725;-0.179609
1.17662;-0.300369;-0.172287
1.14714;-0.293047;-0.172287
1.11846;-0.285725;-0.172287
1.15083;-0.281463;-0.186932
1.12642;-0.274141;-0.186932
1.10286;-0.266818;-0.186932
1.12435;-0.281463;-0.179609
1.09864;-0.274141;-0.179609
1.07382;-0.266818;-0.179609
1.10221;-0.281463;-0.172287
1.07506;-0.274141;-0.172287
1.04879;-0.266818;-0.172287
1.16831;-0.300369;-0.168025
1.13782;-0.293047;-0.168025
1.10813;-0.285725;-0.168025
1.15778;-0.300369;-0.160703
1.12523;-0.293047;-0.160703
1.09388;-0.285725;-0.160703
1.15136;-0.300369;-0.153381
1.11707;-0.293047;-0.153381
1.08361;-0.285725;-0.153381
1.09131;-0.281463;-0.168025
1.06324;-0.274141;-0.168025
1.03605;-0.266818;-0.168025
1.07604;-0.281463;-0.160703
1.04611;-0.274141;-0.160703
1.01736;-0.266818;-0.160703
1.06469;-0.281463;-0.153381
1.0331;-0.274141;-0.153381
1.00244;-0.266818;-0.153381
1.08951;-0.262557;-0.186932
1.06719;-0.255234;-0.186932
1.04578;-0.247912;-0.186932
1.05977;-0.262557;-0.179609
1.03637;-0.255234;-0.179609
1.01383;-0.247912;-0.179609
1.03395;-0.262557;-0.172287
1.00922;-0.255234;-0.172287
0.985452;-0.247912;-0.172287
1.03368;-0.24365;-0.186932
1.01352;-0.236328;-0.186932
0.994308;-0.229006;-0.186932
1.00114;-0.24365;-0.179609
0.980106;-0.236328;-0.179609
0.959914;-0.229006;-0.179609
0.972072;-0.24365;-0.172287
0.949852;-0.236328;-0.172287
0.928652;-0.229006;-0.172287
1.0207;-0.262557;-0.168025
0.995141;-0.255234;-0.168025
0.970555;-0.247912;-0.168025
1.00108;-0.262557;-0.160703
0.973878;-0.255234;-0.160703
0.947851;-0.247912;-0.160703
0.985149;-0.262557;-0.153381
0.956386;-0.255234;-0.153381
0.928637;-0.247912;-0.153381
0.956724;-0.24365;-0.168025
0.933775;-0.236328;-0.168025
0.911863;-0.229006;-0.168025
0.933176;-0.24365;-0.160703
0.9088;-0.236328;-0.160703
0.885573;-0.229006;-0.160703
0.913044;-0.24365;-0.153381
0.887206;-0.236328;-0.153381
0.862461;-0.229006;-0.153381
1.20533;-0.224744;-0.224744
1.18848;-0.217422;-0.224744
1.17246;-0.2101;-0.224744
1.15736;-0.224744;-0.217422
1.1409;-0.217422;-0.217422
1.12478;-0.2101;-0.217422
1.1118;-0.224744;-0.2101
1.09505;-0.217422;-0.2101
1.07917;-0.2101;-0.2101
1.16335;-0.205838;-0.224744
1.14801;-0.198516;-0.224744
1.1335;-0.191193;-0.224744
1.11575;-0.205838;-0.217422
1.1009;-0.198516;-0.217422
1.08638;-0.191193;-0.217422
1.07018;-0.205838;-0.2101
1.05515;-0.198516;-0.2101
1.04099;-0.191193;-0.2101
1.08626;-0.224744;-0.205838
1.06942;-0.217422;-0.205838
1.05346;-0.2101;-0.205838
1.04429;-0.224744;-0.198516
1.02735;-0.217422;-0.198516
1.01094;-0.2101;-0.198516
1.00511;-0.224744;-0.191193
0.987496;-0.217422;-0.191193
0.970842;-0.2101;-0.191193
1.04445;-0.205838;-0.205838
1.02939;-0.198516;-0.205838
1.01523;-0.191193;-0.205838
1.00179;-0.205838;-0.198516
0.986793;-0.198516;-0.198516
0.97231;-0.191193;-0.198516
0.961486;-0.205838;-0.191193
0.945968;-0.198516;-0.191193
0.931418;-0.191193;-0.191193
1.12526;-0.186932;-0.224744
1.11143;-0.179609;-0.224744
1.09841;-0.172287;-0.224744
1.07829;-0.186932;-0.217422
1.06502;-0.179609;-0.217422
1.05208;-0.172287;-0.217422
1.03299;-0.186932;-0.2101
1.01965;-0.179609;-0.2101
1.00718;-0.172287;-0.2101
1.09104;-0.168025;-0.224744
1.07868;-0.160703;-0.224744
1.06711;-0.153381;-0.224744
1.0449;-0.168025;-0.217422
1.03318;-0.160703;-0.217422
1.02177;-0.153381;-0.217422
1.00015;-0.168025;-0.2101
0.988459;-0.160703;-0.2101
0.977608;-0.153381;-0.2101
1.00725;-0.186932;-0.205838
0.993966;-0.179609;-0.205838
0.981558;-0.172287;-0.205838
0.964281;-0.186932;-0.198516
0.951199;-0.179609;-0.198516
0.9386;-0.172287;-0.198516
0.923275;-0.186932;-0.191193
0.90982;-0.179609;-0.191193
0.897324;-0.172287;-0.191193
0.974588;-0.168025;-0.205838
0.963018;-0.160703;-0.205838
0.9523;-0.153381;-0.205838
0.931661;-0.168025;-0.198516
0.920431;-0.160703;-0.198516
0.909647;-0.153381;-0.198516
0.890361;-0.168025;-0.191193
0.878901;-0.160703;-0.191193
0.868378;-0.153381;-0.191193
0.983493;-0.224744;-0.186932
0.965523;-0.217422;-0.186932
0.948534;-0.2101;-0.186932
0.948609;-0.224744;-0.179609
0.929983;-0.217422;-0.179609
0.912169;-0.2101;-0.179609
0.916765;-0.224744;-0.172287
0.897104;-0.217422;-0.172287
0.878505;-0.2101;-0.172287
0.939006;-0.205838;-0.186932
0.923232;-0.198516;-0.186932
0.908449;-0.191193;-0.186932
0.902258;-0.205838;-0.179609
0.886042;-0.198516;-0.179609
0.870597;-0.191193;-0.179609
0.868125;-0.205838;-0.172287
0.851036;-0.198516;-0.172287
0.835034;-0.191193;-0.172287
0.899588;-0.224744;-0.168025
0.879303;-0.217422;-0.168025
0.860105;-0.2101;-0.168025
0.872553;-0.224744;-0.160703
0.851068;-0.217422;-0.160703
0.830699;-0.2101;-0.160703
0.84862;-0.224744;-0.153381
0.825792;-0.217422;-0.153381
0.804125;-0.2101;-0.153381
0.849402;-0.205838;-0.168025
0.831804;-0.198516;-0.168025
0.815322;-0.191193;-0.168025
0.819362;-0.205838;-0.160703
0.800801;-0.198516;-0.160703
0.783311;-0.191193;-0.160703
0.792074;-0.205838;-0.153381
0.772313;-0.198516;-0.153381
0.753765;-0.191193;-0.153381
0.900194;-0.186932;-0.186932
0.886583;-0.179609;-0.186932
0.873956;-0.172287;-0.186932
0.862068;-0.186932;-0.179609
0.848225;-0.179609;-0.179609
0.835102;-0.172287;-0.179609
0.826152;-0.186932;-0.172287
0.811609;-0.179609;-0.172287
0.798158;-0.172287;-0.172287
0.866939;-0.168025;-0.186932
0.855422;-0.160703;-0.186932
0.844865;-0.153381;-0.186932
0.827919;-0.168025;-0.179609
0.816374;-0.160703;-0.179609
0.805487;-0.153381;-0.179609
0.79074;-0.168025;-0.172287
0.778673;-0.160703;-0.172287
0.767681;-0.153381;-0.172287
0.806187;-0.186932;-0.168025
0.791255;-0.179609;-0.168025
0.777448;-0.172287;-0.168025
0.773662;-0.186932;-0.160703
0.758017;-0.179609;-0.160703
0.743384;-0.172287;-0.160703
0.743521;-0.186932;-0.153381
0.726844;-0.179609;-0.153381
0.711411;-0.172287;-0.153381
0.76985;-0.168025;-0.168025
0.757518;-0.160703;-0.168025
0.746295;-0.153381;-0.168025
0.7354;-0.168025;-0.160703
0.72261;-0.160703;-0.160703
0.71076;-0.153381;-0.160703
0.702963;-0.168025;-0.153381
0.689337;-0.160703;-0.153381
0.676957;-0.153381;-0.153381
1.55829;-0.149119;-0.300369
1.5395;-0.141797;-0.300369
1.52146;-0.134475;-0.300369
1.50872;-0.149119;-0.293047
1.49112;-0.141797;-0.293047
1.47375;-0.134475;-0.293047
1.45944;-0.149119;-0.285725
1.44247;-0.141797;-0.285725
1.42625;-0.134475;-0.285725
1.51115;-0.130213;-0.300369
1.49375;-0.122891;-0.300369
1.47707;-0.115568;-0.300369
1.46396;-0.130213;-0.293047
1.4477;-0.122891;-0.293047
1.43166;-0.115568;-0.293047
1.41699;-0.130213;-0.285725
1.40133;-0.122891;-0.285725
1.3864;-0.115568;-0.285725
1.4307;-0.149119;-0.281463
1.41426;-0.141797;-0.281463
1.39854;-0.134475;-0.281463
1.38139;-0.149119;-0.274141
1.36608;-0.141797;-0.274141
1.35096;-0.134475;-0.274141
1.33259;-0.149119;-0.266818
1.31782;-0.141797;-0.266818
1.30379;-0.134475;-0.266818
1.38957;-0.130213;-0.281463
1.37442;-0.122891;-0.281463
1.35997;-0.115568;-0.281463
1.34247;-0.130213;-0.274141
1.32841;-0.122891;-0.274141
1.31455;-0.115568;-0.274141
1.29578;-0.130213;-0.266818
1.28227;-0.122891;-0.266818
1.26946;-0.115568;-0.266818
1.46755;-0.111307;-0.300369
1.45148;-0.103984;-0.300369
1.4361;-0.096662;-0.300369
1.42263;-0.111307;-0.293047
1.40764;-0.103984;-0.293047
1.39288;-0.096662;-0.293047
1.37787;-0.111307;-0.285725
1.36347;-0.103984;-0.285725
1.34977;-0.096662;-0.285725
1.42733;-0.0924005;-0.300369
1.41254;-0.0850781;-0.300369
1.39839;-0.0777558;-0.300369
1.38458;-0.0924005;-0.293047
1.37082;-0.0850781;-0.293047
1.35727;-0.0777558;-0.293047
1.34195;-0.0924005;-0.285725
1.32875;-0.0850781;-0.285725
1.31621;-0.0777558;-0.285725
1.35172;-0.111307;-0.281463
1.33782;-0.103984;-0.281463
1.32457;-0.096662;-0.281463
1.30677;-0.111307;-0.274141
1.29392;-0.103984;-0.274141
1.28125;-0.096662;-0.274141
1.26215;-0.111307;-0.266818
1.24984;-0.103984;-0.266818
1.23819;-0.096662;-0.266818
1.31703;-0.0924005;-0.281463
1.30431;-0.0850781;-0.281463
1.29222;-0.0777558;-0.281463
1.27416;-0.0924005;-0.274141
1.26245;-0.0850781;-0.274141
1.25092;-0.0777558;-0.274141
1.23156;-0.0924005;-0.266818
1.22038;-0.0850781;-0.266818
1.20985;-0.0777558;-0.266818
1.30424;-0.149119;-0.262557
1.28994;-0.141797;-0.262557
1.27636;-0.134475;-0.262557
1.25576;-0.149119;-0.255234
1.2425;-0.141797;-0.255234
1.22942;-0.134475;-0.255234
1.20801;-0.149119;-0.247912
1.19518;-0.141797;-0.247912
1.18308;-0.134475;-0.247912
1.26862;-0.130213;-0.262557
1.25557;-0.122891;-0.262557
1.24321;-0.115568;-0.262557
1.22211;-0.130213;-0.255234
1.21008;-0.122891;-0.255234
1.19822;-0.115568;-0.255234
1.1762;-0.130213;-0.247912
1.16462;-0.122891;-0.247912
1.15374;-0.115568;-0.247912
1.18037;-0.149119;-0.24365
1.16793;-0.141797;-0.24365
1.15623;-0.134475;-0.24365
1.13329;-0.149119;-0.236328
1.12176;-0.141797;-0.236328
1.11043;-0.134475;-0.236328
1.08716;-0.149119;-0.229006
1.07591;-0.141797;-0.229006
1.06543;-0.134475;-0.229006
1.14958;-0.130213;-0.24365
1.13841;-0.122891;-0.24365
1.12793;-0.115568;-0.24365
1.10414;-0.130213;-0.236328
1.09389;-0.122891;-0.236328
1.08382;-0.115568;-0.236328
1.0595;-0.130213;-0.229006
1.04957;-0.122891;-0.229006
1.04037;-0.115568;-0.229006
1.23616;-0.111307;-0.262557
1.22431;-0.103984;-0.262557
1.2131;-0.096662;-0.262557
1.19161;-0.111307;-0.255234
1.18076;-0.103984;-0.255234
1.17007;-0.096662;-0.255234
1.14756;-0.111307;-0.247912
1.13717;-0.103984;-0.247912
1.12745;-0.096662;-0.247912
1.20673;-0.0924005;-0.262557
1.196;-0.0850781;-0.262557
1.18589;-0.0777558;-0.262557
1.16412;-0.0924005;-0.255234
1.15437;-0.0850781;-0.255234
1.14478;-0.0777558;-0.255234
1.12193;-0.0924005;-0.247912
1.11266;-0.0850781;-0.247912
1.10402;-0.0777558;-0.247912
1.12198;-0.111307;-0.24365
1.112;-0.103984;-0.24365
1.10268;-0.096662;-0.24365
1.07825;-0.111307;-0.236328
1.06919;-0.103984;-0.236328
1.06031;-0.096662;-0.236328
1.03518;-0.111307;-0.229006
1.0265;-0.103984;-0.229006
1.0185;-0.096662;-0.229006
1.0974;-0.0924005;-0.24365
1.08855;-0.0850781;-0.24365
1.08031;-0.0777558;-0.24365
1.05542;-0.0924005;-0.236328
1.04749;-0.0850781;-0.236328
1.03971;-0.0777558;-0.236328
1.01399;-0.0924005;-0.229006
1.00647;-0.0850781;-0.229006
0.999589;-0.0777558;-0.229006
1.39033;-0.0734942;-0.300369
1.37675;-0.0661719;-0.300369
1.36378;-0.0588495;-0.300369
1.34966;-0.0734942;-0.293047
1.33705;-0.0661719;-0.293047
1.32465;-0.0588495;-0.293047
1.30907;-0.0734942;-0.285725
1.29701;-0.0661719;-0.285725
1.28558;-0.0588495;-0.285725
1.35639;-0.054588;-0.300369
1.34395;-0.0472656;-0.300369
1.33209;-0.0399433;-0.300369
1.3177;-0.054588;-0.293047
1.30619;-0.0472656;-0.293047
1.29487;-0.0399433;-0.293047
1.27907;-0.054588;-0.285725
1.26809;-0.0472656;-0.285725
1.25769;-0.0399433;-0.285725
1.28533;-0.0734942;-0.281463
1.27373;-0.0661719;-0.281463
1.26273;-0.0588495;-0.281463
1.24447;-0.0734942;-0.274141
1.23385;-0.0661719;-0.274141
1.2234;-0.0588495;-0.274141
1.20385;-0.0734942;-0.266818
1.19375;-0.0661719;-0.266818
1.18425;-0.0588495;-0.266818
1.25647;-0.054588;-0.281463
1.24593;-0.0472656;-0.281463
1.23595;-0.0399433;-0.281463
1.21756;-0.054588;-0.274141
1.20796;-0.0472656;-0.274141
1.19851;-0.0399433;-0.274141
1.17885;-0.054588;-0.266818
1.16976;-0.0472656;-0.266818
1.16123;-0.0399433;-0.266818
1.32533;-0.0356817;-0.300369
1.31397;-0.0283594;-0.300369
1.30315;-0.021037;-0.300369
1.28853;-0.0356817;-0.293047
1.27805;-0.0283594;-0.293047
1.26775;-0.021037;-0.293047
1.25178;-0.0356817;-0.285725
1.24181;-0.0283594;-0.285725
1.23239;-0.021037;-0.285725
1.29699;-0.0167755;-0.300369
1.28663;-0.00945312;-0.300369
1.27678;-0.00213077;-0.300369
1.26198;-0.0167755;-0.293047
1.25247;-0.00945312;-0.293047
1.24312;-0.00213077;-0.293047
1.22703;-0.0167755;-0.285725
1.218;-0.00945312;-0.285725
1.20949;-0.00213077;-0.285725
1.23027;-0.0356817;-0.281463
1.22073;-0.0283594;-0.281463
1.2117;-0.021037;-0.281463
1.19324;-0.0356817;-0.274141
1.18459;-0.0283594;-0.274141
1.17608;-0.021037;-0.274141
1.15638;-0.0356817;-0.266818
1.14823;-0.0283594;-0.266818
1.1406;-0.021037;-0.266818
1.20657;-0.0167755;-0.281463
1.19795;-0.00945312;-0.281463
1.18981;-0.00213077;-0.281463
1.17134;-0.0167755;-0.274141
1.16358;-0.00945312;-0.274141
1.15593;-0.00213077;-0.274141
1.13627;-0.0167755;-0.266818
1.12898;-0.00945312;-0.266818
1.12219;-0.00213077;-0.266818
1.18015;-0.0734942;-0.262557
1.17049;-0.0661719;-0.262557
1.16141;-0.0588495;-0.262557
1.13945;-0.0734942;-0.255234
1.13075;-0.0661719;-0.255234
1.12218;-0.0588495;-0.255234
1.09912;-0.0734942;-0.247912
1.0909;-0.0661719;-0.247912
1.08327;-0.0588495;-0.247912
1.15626;-0.054588;-0.262557
1.14759;-0.0472656;-0.262557
1.13947;-0.0399433;-0.262557
1.11744;-0.054588;-0.255234
1.10971;-0.0472656;-0.255234
1.10209;-0.0399433;-0.255234
1.07894;-0.054588;-0.247912
1.07169;-0.0472656;-0.247912
1.06499;-0.0399433;-0.247912
1.07565;-0.0734942;-0.24365
1.06785;-0.0661719;-0.24365
1.06062;-0.0588495;-0.24365
1.03544;-0.0734942;-0.236328
1.02855;-0.0661719;-0.236328
1.02179;-0.0588495;-0.236328
0.995714;-0.0734942;-0.229006
0.989257;-0.0661719;-0.229006
0.983395;-0.0588495;-0.229006
1.05653;-0.054588;-0.24365
1.04969;-0.0472656;-0.24365
1.04338;-0.0399433;-0.24365
1.0181;-0.054588;-0.236328
1.01217;-0.0472656;-0.236328
1.00634;-0.0399433;-0.236328
0.980099;-0.054588;-0.229006
0.97461;-0.0472656;-0.229006
0.969671;-0.0399433;-0.229006
1.13486;-0.0356817;-0.262557
1.12713;-0.0283594;-0.262557
1.1199;-0.021037;-0.262557
1.09789;-0.0356817;-0.255234
1.09105;-0.0283594;-0.255234
1.08431;-0.021037;-0.255234
1.06119;-0.0356817;-0.247912
1.05483;-0.0283594;-0.247912
1.04898;-0.021037;-0.247912
1.11579;-0.0167755;-0.262557
1.10891;-0.00945312;-0.262557
1.10249;-0.00213077;-0.262557
1.0806;-0.0167755;-0.255234
1.07458;-0.00945312;-0.255234
1.06865;-0.00213077;-0.255234
1.04567;-0.0167755;-0.247912
1.04012;-0.00945312;-0.247912
1.03504;-0.00213077;-0.247912
1.03982;-0.0356817;-0.24365
1.03386;-0.0283594;-0.24365
1.0284;-0.021037;-0.24365
1.00316;-0.0356817;-0.236328
0.998097;-0.0283594;-0.236328
0.993109;-0.021037;-0.236328
0.966897;-0.0356817;-0.229006
0.962281;-0.0283594;-0.229006
0.958169;-0.021037;-0.229006
1.02532;-0.0167755;-0.24365
1.02016;-0.00945312;-0.24365
1.01546;-0.00213077;-0.24365
0.990408;-0.0167755;-0.236328
0.986119;-0.00945312;-0.236328
0.981886;-0.00213077;-0.236328
0.955861;-0.0167755;-0.229006
0.952023;-0.00945312;-0.229006
0.948645;-0.00213077;-0.229006
1.06056;-0.149119;-0.224744
1.04962;-0.141797;-0.224744
1.03944;-0.134475;-0.224744
1.01546;-0.149119;-0.217422
1.00523;-0.141797;-0.217422
0.995279;-0.134475;-0.217422
0.971515;-0.149119;-0.2101
0.9614;-0.141797;-0.2101
0.952095;-0.134475;-0.2101
1.03369;-0.130213;-0.224744
1.0241;-0.122891;-0.224744
1.01523;-0.115568;-0.224744
0.989811;-0.130213;-0.217422
0.980988;-0.122891;-0.217422
0.972409;-0.115568;-0.217422
0.946885;-0.130213;-0.2101
0.938258;-0.122891;-0.2101
0.9304;-0.115568;-0.2101
0.9463;-0.149119;-0.205838
0.936368;-0.141797;-0.205838
0.927255;-0.134475;-0.205838
0.90375;-0.149119;-0.198516
0.894285;-0.141797;-0.198516
0.885218;-0.134475;-0.198516
0.862543;-0.149119;-0.191193
0.852982;-0.141797;-0.191193
0.844321;-0.134475;-0.191193
0.92217;-0.130213;-0.205838
0.91378;-0.122891;-0.205838
0.906166;-0.115568;-0.205838
0.880303;-0.130213;-0.198516
0.87249;-0.122891;-0.198516
0.865023;-0.115568;-0.198516
0.839545;-0.130213;-0.191193
0.831759;-0.122891;-0.191193
0.824824;-0.115568;-0.191193
1.01023;-0.111307;-0.224744
1.00191;-0.103984;-0.224744
0.994267;-0.096662;-0.224744
0.967724;-0.111307;-0.217422
0.960213;-0.103984;-0.217422
0.952912;-0.096662;-0.217422
0.926013;-0.111307;-0.2101
0.918768;-0.103984;-0.2101
0.912245;-0.096662;-0.2101
0.989969;-0.0924005;-0.224744
0.98282;-0.0850781;-0.224744
0.976305;-0.0777558;-0.224744
0.948952;-0.0924005;-0.217422
0.942648;-0.0850781;-0.217422
0.93652;-0.0777558;-0.217422
0.908615;-0.0924005;-0.2101
0.902636;-0.0850781;-0.2101
0.897327;-0.0777558;-0.2101
0.901933;-0.111307;-0.205838
0.894971;-0.103984;-0.205838
0.888734;-0.096662;-0.205838
0.861016;-0.111307;-0.198516
0.854723;-0.103984;-0.198516
0.848721;-0.096662;-0.198516
0.821023;-0.111307;-0.191193
0.814866;-0.103984;-0.191193
0.8095;-0.096662;-0.191193
0.885281;-0.0924005;-0.205838
0.879621;-0.0850781;-0.205838
0.874632;-0.0777558;-0.205838
0.845541;-0.0924005;-0.198516
0.840623;-0.0850781;-0.198516
0.835939;-0.0777558;-0.198516
0.806583;-0.0924005;-0.191193
0.801892;-0.0850781;-0.191193
0.797929;-0.0777558;-0.191193
0.839031;-0.149119;-0.186932
0.829505;-0.141797;-0.186932
0.820902;-0.134475;-0.186932
0.799591;-0.149119;-0.179609
0.790228;-0.141797;-0.179609
0.781453;-0.134475;-0.179609
0.761667;-0.149119;-0.172287
0.751961;-0.141797;-0.172287
0.74329;-0.134475;-0.172287
0.816176;-0.130213;-0.186932
0.80851;-0.122891;-0.186932
0.801713;-0.115568;-0.186932
0.776764;-0.130213;-0.179609
0.769433;-0.122891;-0.179609
0.762611;-0.115568;-0.179609
0.738594;-0.130213;-0.172287
0.73109;-0.122891;-0.172287
0.724564;-0.115568;-0.172287
0.740174;-0.149119;-0.168025
0.730326;-0.141797;-0.168025
0.721549;-0.134475;-0.168025
0.704383;-0.149119;-0.160703
0.694333;-0.141797;-0.160703
0.68513;-0.134475;-0.160703
0.670258;-0.149119;-0.153381
0.659581;-0.141797;-0.153381
0.650123;-0.134475;-0.153381
0.716816;-0.130213;-0.168025
0.709288;-0.122891;-0.168025
0.702771;-0.115568;-0.168025
0.680272;-0.130213;-0.160703
0.672786;-0.122891;-0.160703
0.666039;-0.115568;-0.160703
0.645086;-0.130213;-0.153381
0.637189;-0.122891;-0.153381
0.630453;-0.115568;-0.153381
0.798008;-0.111307;-0.186932
0.792043;-0.103984;-0.186932
0.786886;-0.096662;-0.186932
0.75903;-0.111307;-0.179609
0.753552;-0.103984;-0.179609
0.748497;-0.096662;-0.179609
0.721077;-0.111307;-0.172287
0.71558;-0.103984;-0.172287
0.710988;-0.096662;-0.172287
0.784103;-0.0924005;-0.186932
0.779665;-0.0850781;-0.186932
0.775966;-0.0777558;-0.186932
0.745912;-0.0924005;-0.179609
0.742086;-0.0850781;-0.179609
0.738597;-0.0777558;-0.179609
0.708583;-0.0924005;-0.172287
0.704872;-0.0850781;-0.172287
0.701982;-0.0777558;-0.172287
0.699311;-0.111307;-0.168025
0.693897;-0.103984;-0.168025
0.689417;-0.096662;-0.168025
0.662577;-0.111307;-0.160703
0.657427;-0.103984;-0.160703
0.652896;-0.096662;-0.160703
0.626949;-0.111307;-0.153381
0.621596;-0.103984;-0.153381
0.617316;-0.096662;-0.153381
0.687096;-0.0924005;-0.168025
0.683559;-0.0850781;-0.168025
0.680867;-0.0777558;-0.168025
0.650681;-0.0924005;-0.160703
0.647598;-0.0850781;-0.160703
0.64501;-0.0777558;-0.160703
0.615183;-0.0924005;-0.153381
0.612085;-0.0850781;-0.153381
0.60995;-0.0777558;-0.153381
0.972649;-0.0734942;-0.224744
0.966577;-0.0661719;-0.224744
0.961092;-0.0588495;-0.224744
0.93322;-0.0734942;-0.217422
0.928014;-0.0661719;-0.217422
0.922947;-0.0588495;-0.217422
0.894382;-0.0734942;-0.2101
0.889545;-0.0661719;-0.2101
0.885324;-0.0588495;-0.2101
0.958019;-0.054588;-0.224744
0.952922;-0.0472656;-0.224744
0.948364;-0.0399433;-0.224744
0.920242;-0.054588;-0.217422
0.916019;-0.0472656;-0.217422
0.9119;-0.0399433;-0.217422
0.882991;-0.054588;-0.2101
0.87917;-0.0472656;-0.2101
0.87591;-0.0399433;-0.2101
0.871882;-0.0734942;-0.205838
0.867391;-0.0661719;-0.205838
0.863515;-0.0588495;-0.205838
0.8335;-0.0734942;-0.198516
0.829804;-0.0661719;-0.198516
0.826288;-0.0588495;-0.198516
0.795796;-0.0734942;-0.191193
0.792401;-0.0661719;-0.191193
0.789666;-0.0588495;-0.191193
0.861389;-0.054588;-0.205838
0.857933;-0.0472656;-0.205838
0.855035;-0.0399433;-0.205838
0.8245;-0.054588;-0.198516
0.821874;-0.0472656;-0.198516
0.819375;-0.0399433;-0.198516
0.788217;-0.054588;-0.191193
0.785947;-0.0472656;-0.191193
0.784267;-0.0399433;-0.191193
0.945815;-0.0356817;-0.224744
0.94159;-0.0283594;-0.224744
0.937859;-0.021037;-0.224744
0.909725;-0.0356817;-0.217422
0.906373;-0.0283594;-0.217422
0.903091;-0.021037;-0.217422
0.874116;-0.0356817;-0.2101
0.871187;-0.0283594;-0.2101
0.868765;-0.021037;-0.2101
0.935775;-0.0167755;-0.224744
0.932324;-0.00945312;-0.224744
0.929322;-0.00213077;-0.224744
0.901381;-0.0167755;-0.217422
0.898791;-0.00945312;-0.217422
0.89624;-0.00213077;-0.217422
0.867439;-0.0167755;-0.2101
0.865281;-0.00945312;-0.2101
0.86358;-0.00213077;-0.2101
0.853455;-0.0356817;-0.205838
0.850901;-0.0283594;-0.205838
0.848849;-0.021037;-0.205838
0.81815;-0.0356817;-0.198516
0.816445;-0.0283594;-0.198516
0.814816;-0.021037;-0.198516
0.783404;-0.0356817;-0.191193
0.782091;-0.0283594;-0.191193
0.781303;-0.021037;-0.191193
0.84774;-0.0167755;-0.205838
0.845961;-0.00945312;-0.205838
0.84463;-0.00213077;-0.205838
0.814071;-0.0167755;-0.198516
0.813143;-0.00945312;-0.198516
0.812248;-0.00213077;-0.198516
0.780931;-0.0167755;-0.191193
0.780418;-0.00945312;-0.191193
0.780366;-0.00213077;-0.191193
0.773998;-0.0734942;-0.186932
0.770904;-0.0661719;-0.186932
0.768476;-0.0588495;-0.186932
0.736888;-0.0734942;-0.179609
0.734502;-0.0661719;-0.179609
0.73237;-0.0588495;-0.179609
0.700523;-0.0734942;-0.172287
0.698361;-0.0661719;-0.172287
0.696931;-0.0588495;-0.172287
0.767215;-0.054588;-0.186932
0.765281;-0.0472656;-0.186932
0.763939;-0.0399433;-0.186932
0.731413;-0.054588;-0.179609
0.730255;-0.0472656;-0.179609
0.729271;-0.0399433;-0.179609
0.696278;-0.054588;-0.172287
0.695427;-0.0472656;-0.172287
0.695218;-0.0399433;-0.172287
0.679538;-0.0734942;-0.168025
0.677625;-0.0661719;-0.168025
0.67646;-0.0588495;-0.168025
0.643878;-0.0734942;-0.160703
0.64257;-0.0661719;-0.160703
0.641633;-0.0588495;-0.160703
0.609004;-0.0734942;-0.153381
0.607836;-0.0661719;-0.153381
0.607513;-0.0588495;-0.153381
0.675973;-0.054588;-0.168025
0.675426;-0.0472656;-0.168025
0.675531;-0.0399433;-0.168025
0.641412;-0.054588;-0.160703
0.641582;-0.0472656;-0.160703
0.642007;-0.0399433;-0.160703
0.607558;-0.054588;-0.153381
0.607988;-0.0472656;-0.153381
0.609142;-0.0399433;-0.153381
0.763279;-0.0356817;-0.186932
0.762324;-0.0283594;-0.186932
0.761892;-0.021037;-0.186932
0.728946;-0.0356817;-0.179609
0.728811;-0.0283594;-0.179609
0.728779;-0.021037;-0.179609
0.695234;-0.0356817;-0.172287
0.695464;-0.0283594;-0.172287
0.696251;-0.021037;-0.172287
0.761731;-0.0167755;-0.186932
0.761588;-0.00945312;-0.186932
0.761901;-0.00213077;-0.186932
0.728972;-0.0167755;-0.179609
0.729669;-0.00945312;-0.179609
0.730405;-0.00213077;-0.179609
0.696807;-0.0167755;-0.172287
0.697906;-0.00945312;-0.172287
0.69948;-0.00213077;-0.172287
0.675738;-0.0356817;-0.168025
0.67631;-0.0283594;-0.168025
0.677441;-0.021037;-0.168025
0.642529;-0.0356817;-0.160703
0.643893;-0.0283594;-0.160703
0.645406;-0.021037;-0.160703
0.609987;-0.0356817;-0.153381
0.611694;-0.0283594;-0.153381
0.614009;-0.021037;-0.153381
0.678204;-0.0167755;-0.168025
0.679666;-0.00945312;-0.168025
0.681601;-0.00213077;-0.168025
0.646515;-0.0167755;-0.160703
0.648809;-0.00945312;-0.160703
0.651162;-0.00213077;-0.160703
0.615476;-0.0167755;-0.153381
0.618166;-0.00945312;-0.153381
0.621357;-0.00213077;-0.153381
1.14953;-0.300369;-0.149119
1.11409;-0.293047;-0.149119
1.07948;-0.285725;-0.149119
1.1495;-0.300369;-0.141797
1.11172;-0.293047;-0.141797
1.0754;-0.285725;-0.141797
1.15251;-0.300369;-0.134475
1.11303;-0.293047;-0.134475
1.07441;-0.285725;-0.134475
1.05989;-0.281463;-0.149119
1.02723;-0.274141;-0.149119
0.995486;-0.266818;-0.149119
1.05468;-0.281463;-0.141797
1.01984;-0.274141;-0.141797
0.986453;-0.266818;-0.141797
1.05255;-0.281463;-0.134475
1.01606;-0.274141;-0.134475
0.980514;-0.266818;-0.134475
1.15571;-0.300369;-0.130213
1.11508;-0.293047;-0.130213
1.07529;-0.285725;-0.130213
1.16344;-0.300369;-0.122891
1.12044;-0.293047;-0.122891
1.07908;-0.285725;-0.122891
1.17296;-0.300369;-0.115568
1.12847;-0.293047;-0.115568
1.08484;-0.285725;-0.115568
1.05277;-0.281463;-0.130213
1.01518;-0.274141;-0.130213
0.978507;-0.266818;-0.130213
1.05545;-0.281463;-0.122891
1.01561;-0.274141;-0.122891
0.977391;-0.266818;-0.122891
1.06013;-0.281463;-0.115568
1.01881;-0.274141;-0.115568
0.978421;-0.266818;-0.115568
0.977585;-0.262557;-0.149119
0.947815;-0.255234;-0.149119
0.919059;-0.247912;-0.149119
0.967482;-0.262557;-0.141797
0.935704;-0.255234;-0.141797
0.905361;-0.247912;-0.141797
0.960452;-0.262557;-0.134475
0.927065;-0.255234;-0.134475
0.894704;-0.247912;-0.134475
0.902901;-0.24365;-0.149119
0.876135;-0.236328;-0.149119
0.850467;-0.229006;-0.149119
0.8882;-0.24365;-0.141797
0.859598;-0.236328;-0.141797
0.832415;-0.229006;-0.141797
0.876508;-0.24365;-0.134475
0.846339;-0.236328;-0.134475
0.81729;-0.229006;-0.134475
0.957809;-0.262557;-0.130213
0.92336;-0.255234;-0.130213
0.889924;-0.247912;-0.130213
0.955618;-0.262557;-0.122891
0.919026;-0.255234;-0.122891
0.884055;-0.247912;-0.122891
0.955591;-0.262557;-0.115568
0.91753;-0.255234;-0.115568
0.880471;-0.247912;-0.115568
0.871118;-0.24365;-0.130213
0.83993;-0.236328;-0.130213
0.809853;-0.229006;-0.130213
0.864206;-0.24365;-0.122891
0.830985;-0.236328;-0.122891
0.79938;-0.229006;-0.122891
0.859588;-0.24365;-0.115568
0.824888;-0.236328;-0.115568
0.791279;-0.229006;-0.115568
1.17941;-0.300369;-0.111307
1.13388;-0.293047;-0.111307
1.08918;-0.285725;-0.111307
1.19183;-0.300369;-0.103984
1.14406;-0.293047;-0.103984
1.09807;-0.285725;-0.103984
1.20483;-0.300369;-0.096662
1.15587;-0.293047;-0.096662
1.10778;-0.285725;-0.096662
1.06385;-0.281463;-0.111307
1.02151;-0.274141;-0.111307
0.980072;-0.266818;-0.111307
1.07174;-0.281463;-0.103984
1.02725;-0.274141;-0.103984
0.984514;-0.266818;-0.103984
1.0805;-0.281463;-0.096662
1.03483;-0.274141;-0.096662
0.990068;-0.266818;-0.096662
1.21282;-0.300369;-0.0924005
1.16297;-0.293047;-0.0924005
1.11396;-0.285725;-0.0924005
1.22705;-0.300369;-0.0850781
1.17522;-0.293047;-0.0850781
1.12523;-0.285725;-0.0850781
1.24087;-0.300369;-0.0777558
1.18816;-0.293047;-0.0777558
1.13634;-0.285725;-0.0777558
1.08615;-0.281463;-0.0924005
1.0396;-0.274141;-0.0924005
0.993931;-0.266818;-0.0924005
1.09658;-0.281463;-0.0850781
1.0481;-0.274141;-0.0850781
1.00145;-0.266818;-0.0850781
1.10691;-0.281463;-0.0777558
1.05758;-0.274141;-0.0777558
1.00914;-0.266818;-0.0777558
0.956645;-0.262557;-0.111307
0.917579;-0.255234;-0.111307
0.879492;-0.247912;-0.111307
0.960105;-0.262557;-0.103984
0.918961;-0.255234;-0.103984
0.879552;-0.247912;-0.103984
0.964721;-0.262557;-0.096662
0.922377;-0.255234;-0.096662
0.880988;-0.247912;-0.096662
0.858021;-0.24365;-0.111307
0.822328;-0.236328;-0.111307
0.787705;-0.229006;-0.111307
0.857107;-0.24365;-0.103984
0.819392;-0.236328;-0.103984
0.783407;-0.229006;-0.103984
0.857609;-0.24365;-0.096662
0.818654;-0.236328;-0.096662
0.780723;-0.229006;-0.096662
0.968067;-0.262557;-0.0924005
0.924849;-0.255234;-0.0924005
0.882561;-0.247912;-0.0924005
0.974753;-0.262557;-0.0850781
0.929653;-0.255234;-0.0850781
0.886351;-0.247912;-0.0850781
0.981665;-0.262557;-0.0777558
0.935693;-0.255234;-0.0777558
0.890628;-0.247912;-0.0777558
0.858664;-0.24365;-0.0924005
0.81883;-0.236328;-0.0924005
0.779992;-0.229006;-0.0924005
0.86162;-0.24365;-0.0850781
0.819928;-0.236328;-0.0850781
0.780018;-0.229006;-0.0850781
0.865118;-0.24365;-0.0777558
0.822509;-0.236328;-0.0777558
0.780845;-0.229006;-0.0777558
0.836111;-0.224744;-0.149119
0.812441;-0.217422;-0.149119
0.789947;-0.2101;-0.149119
0.817129;-0.224744;-0.141797
0.791813;-0.217422;-0.141797
0.767896;-0.2101;-0.141797
0.80103;-0.224744;-0.134475
0.774203;-0.217422;-0.134475
0.748589;-0.2101;-0.134475
0.777439;-0.205838;-0.149119
0.756937;-0.198516;-0.149119
0.737672;-0.191193;-0.149119
0.754544;-0.205838;-0.141797
0.732608;-0.198516;-0.141797
0.712043;-0.191193;-0.141797
0.734338;-0.205838;-0.134475
0.710972;-0.198516;-0.134475
0.688909;-0.191193;-0.134475
0.793011;-0.224744;-0.130213
0.765214;-0.217422;-0.130213
0.738629;-0.2101;-0.130213
0.78153;-0.224744;-0.122891
0.751819;-0.217422;-0.122891
0.723723;-0.2101;-0.122891
0.772418;-0.224744;-0.115568
0.741214;-0.217422;-0.115568
0.711207;-0.2101;-0.115568
0.72383;-0.205838;-0.130213
0.699558;-0.198516;-0.130213
0.676597;-0.191193;-0.130213
0.707959;-0.205838;-0.122891
0.681914;-0.198516;-0.122891
0.657486;-0.191193;-0.122891
0.69446;-0.205838;-0.115568
0.66692;-0.198516;-0.115568
0.640697;-0.191193;-0.115568
0.727038;-0.186932;-0.149119
0.709738;-0.179609;-0.149119
0.693715;-0.172287;-0.149119
0.70067;-0.186932;-0.141797
0.682178;-0.179609;-0.141797
0.665015;-0.172287;-0.141797
0.67673;-0.186932;-0.134475
0.656928;-0.179609;-0.134475
0.638504;-0.172287;-0.134475
0.684953;-0.168025;-0.149119
0.670837;-0.160703;-0.149119
0.658008;-0.153381;-0.149119
0.655639;-0.168025;-0.141797
0.640603;-0.160703;-0.141797
0.626833;-0.153381;-0.141797
0.628441;-0.168025;-0.134475
0.612262;-0.160703;-0.134475
0.597509;-0.153381;-0.134475
0.663917;-0.186932;-0.130213
0.643294;-0.179609;-0.130213
0.62407;-0.172287;-0.130213
0.643903;-0.186932;-0.122891
0.621686;-0.179609;-0.122891
0.601082;-0.172287;-0.122891
0.626174;-0.186932;-0.115568
0.602491;-0.179609;-0.115568
0.580251;-0.172287;-0.115568
0.613568;-0.168025;-0.130213
0.596682;-0.160703;-0.130213
0.58126;-0.153381;-0.130213
0.589767;-0.168025;-0.122891
0.57152;-0.160703;-0.122891
0.554866;-0.153381;-0.122891
0.568069;-0.168025;-0.115568
0.54844;-0.160703;-0.115568
0.530374;-0.153381;-0.115568
0.768262;-0.224744;-0.111307
0.736075;-0.217422;-0.111307
0.705065;-0.2101;-0.111307
0.762991;-0.224744;-0.103984
0.728833;-0.217422;-0.103984
0.696412;-0.2101;-0.103984
0.759366;-0.224744;-0.096662
0.723906;-0.217422;-0.096662
0.689564;-0.2101;-0.096662
0.687744;-0.205838;-0.111307
0.659234;-0.198516;-0.111307
0.632029;-0.191193;-0.111307
0.678117;-0.205838;-0.103984
0.64769;-0.198516;-0.103984
0.619028;-0.191193;-0.103984
0.670315;-0.205838;-0.096662
0.638514;-0.198516;-0.096662
0.607956;-0.191193;-0.096662
0.758111;-0.224744;-0.0924005
0.721755;-0.217422;-0.0924005
0.686488;-0.2101;-0.0924005
0.757285;-0.224744;-0.0850781
0.719077;-0.217422;-0.0850781
0.682652;-0.2101;-0.0850781
0.757314;-0.224744;-0.0777558
0.718113;-0.217422;-0.0777558
0.679919;-0.2101;-0.0777558
0.666701;-0.205838;-0.0924005
0.633979;-0.198516;-0.0924005
0.602469;-0.191193;-0.0924005
0.661984;-0.205838;-0.0850781
0.627398;-0.198516;-0.0850781
0.594622;-0.191193;-0.0850781
0.658419;-0.205838;-0.0777558
0.622731;-0.198516;-0.0777558
0.588149;-0.191193;-0.0777558
0.616946;-0.186932;-0.111307
0.592324;-0.179609;-0.111307
0.569145;-0.172287;-0.111307
0.602977;-0.186932;-0.103984
0.576516;-0.179609;-0.103984
0.551861;-0.172287;-0.103984
0.59094;-0.186932;-0.096662
0.563034;-0.179609;-0.096662
0.536531;-0.172287;-0.096662
0.556433;-0.168025;-0.111307
0.535926;-0.160703;-0.111307
0.517001;-0.153381;-0.111307
0.538209;-0.168025;-0.103984
0.515994;-0.160703;-0.103984
0.495633;-0.153381;-0.103984
0.521919;-0.168025;-0.096662
0.498222;-0.160703;-0.096662
0.476118;-0.153381;-0.096662
0.5849;-0.186932;-0.0924005
0.556047;-0.179609;-0.0924005
0.52857;-0.172287;-0.0924005
0.576132;-0.186932;-0.0850781
0.545398;-0.179609;-0.0850781
0.516535;-0.172287;-0.0850781
0.568778;-0.186932;-0.0777558
0.536803;-0.179609;-0.0777558
0.506085;-0.172287;-0.0777558
0.513395;-0.168025;-0.0924005
0.488739;-0.160703;-0.0924005
0.465664;-0.153381;-0.0924005
0.5004;-0.168025;-0.0850781
0.473863;-0.160703;-0.0850781
0.449304;-0.153381;-0.0850781
0.489012;-0.168025;-0.0777558
0.461081;-0.160703;-0.0777558
0.434629;-0.153381;-0.0777558
1.24892;-0.300369;-0.0734942
1.19549;-0.293047;-0.0734942
1.14292;-0.285725;-0.0734942
1.2626;-0.300369;-0.0661719
1.20748;-0.293047;-0.0661719
1.15427;-0.285725;-0.0661719
1.27509;-0.300369;-0.0588495
1.21943;-0.293047;-0.0588495
1.16468;-0.285725;-0.0588495
1.11307;-0.281463;-0.0734942
1.06303;-0.274141;-0.0734942
1.01386;-0.266818;-0.0734942
1.12375;-0.281463;-0.0661719
1.07206;-0.274141;-0.0661719
1.02224;-0.266818;-0.0661719
1.13356;-0.281463;-0.0588495
1.08135;-0.274141;-0.0588495
1.03002;-0.266818;-0.0588495
1.28206;-0.300369;-0.054588
1.22586;-0.293047;-0.054588
1.17055;-0.285725;-0.054588
1.29339;-0.300369;-0.0472656
1.23582;-0.293047;-0.0472656
1.18019;-0.285725;-0.0472656
1.30299;-0.300369;-0.0399433
1.24521;-0.293047;-0.0399433
1.18835;-0.285725;-0.0399433
1.13912;-0.281463;-0.054588
1.08638;-0.274141;-0.054588
1.03451;-0.266818;-0.054588
1.14827;-0.281463;-0.0472656
1.09419;-0.274141;-0.0472656
1.042;-0.266818;-0.0472656
1.15601;-0.281463;-0.0399433
1.10173;-0.274141;-0.0399433
1.04833;-0.266818;-0.0399433
0.985972;-0.262557;-0.0734942
0.939294;-0.255234;-0.0734942
0.8935;-0.247912;-0.0734942
0.993697;-0.262557;-0.0661719
0.9454;-0.255234;-0.0661719
0.898933;-0.247912;-0.0661719
1.00089;-0.262557;-0.0588495
0.952058;-0.255234;-0.0588495
0.9041;-0.247912;-0.0588495
0.86757;-0.24365;-0.0734942
0.824244;-0.236328;-0.0734942
0.781836;-0.229006;-0.0734942
0.872342;-0.24365;-0.0661719
0.827406;-0.236328;-0.0661719
0.784271;-0.229006;-0.0661719
0.876909;-0.24365;-0.0588495
0.831406;-0.236328;-0.0588495
0.786779;-0.229006;-0.0588495
1.00506;-0.262557;-0.054588
0.9557;-0.255234;-0.054588
0.907198;-0.247912;-0.054588
1.01207;-0.262557;-0.0472656
0.961386;-0.255234;-0.0472656
0.912551;-0.247912;-0.0472656
1.01799;-0.262557;-0.0399433
0.967109;-0.255234;-0.0399433
0.917072;-0.247912;-0.0399433
0.879691;-0.24365;-0.054588
0.833653;-0.236328;-0.054588
0.788468;-0.229006;-0.054588
0.884567;-0.24365;-0.0472656
0.837204;-0.236328;-0.0472656
0.791644;-0.229006;-0.0472656
0.888672;-0.24365;-0.0399433
0.841086;-0.236328;-0.0399433
0.794326;-0.229006;-0.0399433
1.30807;-0.300369;-0.0356817
1.24993;-0.293047;-0.0356817
1.19269;-0.285725;-0.0356817
1.31582;-0.300369;-0.0283594
1.25662;-0.293047;-0.0283594
1.19939;-0.285725;-0.0283594
1.3215;-0.300369;-0.021037
1.26241;-0.293047;-0.021037
1.20425;-0.285725;-0.021037
1.16015;-0.281463;-0.0356817
1.10552;-0.274141;-0.0356817
1.05176;-0.266818;-0.0356817
1.16654;-0.281463;-0.0283594
1.11087;-0.274141;-0.0283594
1.05711;-0.266818;-0.0283594
1.17117;-0.281463;-0.021037
1.11562;-0.274141;-0.021037
1.06094;-0.266818;-0.021037
1.32417;-0.300369;-0.0167755
1.2649;-0.293047;-0.0167755
1.20655;-0.285725;-0.0167755
1.3276;-0.300369;-0.00945312
1.26758;-0.293047;-0.00945312
1.20955;-0.285725;-0.00945312
1.32879;-0.300369;-0.00213077
1.2692;-0.293047;-0.00213077
1.21054;-0.285725;-0.00213077
1.17336;-0.281463;-0.0167755
1.11764;-0.274141;-0.0167755
1.06278;-0.266818;-0.0167755
1.17624;-0.281463;-0.00945312
1.11977;-0.274141;-0.00945312
1.06523;-0.266818;-0.00945312
1.17718;-0.281463;-0.00213077
1.12115;-0.274141;-0.00213077
1.06599;-0.266818;-0.00213077
1.02121;-0.262557;-0.0356817
0.969978;-0.255234;-0.0356817
0.919581;-0.247912;-0.0356817
1.02627;-0.262557;-0.0283594
0.974002;-0.255234;-0.0283594
0.923599;-0.247912;-0.0283594
1.02987;-0.262557;-0.021037
0.977724;-0.255234;-0.021037
0.926416;-0.247912;-0.021037
0.890973;-0.24365;-0.0356817
0.843033;-0.236328;-0.0356817
0.795904;-0.229006;-0.0356817
0.894694;-0.24365;-0.0283594
0.845728;-0.236328;-0.0283594
0.798564;-0.229006;-0.0283594
0.897275;-0.24365;-0.021037
0.848415;-0.236328;-0.021037
0.800349;-0.229006;-0.021037
1.0316;-0.262557;-0.0167755
0.979289;-0.255234;-0.0167755
0.927802;-0.247912;-0.0167755
1.03394;-0.262557;-0.00945312
0.980888;-0.255234;-0.00945312
0.929706;-0.247912;-0.00945312
1.03464;-0.262557;-0.00213077
0.98202;-0.255234;-0.00213077
0.93023;-0.247912;-0.00213077
0.898558;-0.24365;-0.0167755
0.849522;-0.236328;-0.0167755
0.801273;-0.229006;-0.0167755
0.900345;-0.24365;-0.00945312
0.850583;-0.236328;-0.00945312
0.802623;-0.229006;-0.00945312
0.900809;-0.24365;-0.00213077
0.851468;-0.236328;-0.00213077
0.802909;-0.229006;-0.00213077
0.757874;-0.224744;-0.0734942
0.71793;-0.217422;-0.0734942
0.678961;-0.2101;-0.0734942
0.759628;-0.224744;-0.0661719
0.718061;-0.217422;-0.0661719
0.678276;-0.2101;-0.0661719
0.761516;-0.224744;-0.0588495
0.719314;-0.217422;-0.0588495
0.67801;-0.2101;-0.0588495
0.657007;-0.205838;-0.0734942
0.620532;-0.198516;-0.0734942
0.585126;-0.191193;-0.0734942
0.655602;-0.205838;-0.0661719
0.617463;-0.198516;-0.0661719
0.581112;-0.191193;-0.0661719
0.654679;-0.205838;-0.0588495
0.615797;-0.198516;-0.0588495
0.577868;-0.191193;-0.0588495
0.76288;-0.224744;-0.054588
0.720117;-0.217422;-0.054588
0.678226;-0.2101;-0.054588
0.765562;-0.224744;-0.0472656
0.721462;-0.217422;-0.0472656
0.679123;-0.2101;-0.0472656
0.767812;-0.224744;-0.0399433
0.723438;-0.217422;-0.0399433
0.679878;-0.2101;-0.0399433
0.654549;-0.205838;-0.054588
0.615064;-0.198516;-0.054588
0.576495;-0.191193;-0.054588
0.654919;-0.205838;-0.0472656
0.614053;-0.198516;-0.0472656
0.574923;-0.191193;-0.0472656
0.655212;-0.205838;-0.0399433
0.613988;-0.198516;-0.0399433
0.573585;-0.191193;-0.0399433
0.565267;-0.186932;-0.0734942
0.532444;-0.179609;-0.0734942
0.500832;-0.172287;-0.0734942
0.560473;-0.186932;-0.0661719
0.525911;-0.179609;-0.0661719
0.493182;-0.172287;-0.0661719
0.556511;-0.186932;-0.0588495
0.521049;-0.179609;-0.0588495
0.486643;-0.172287;-0.0588495
0.48323;-0.168025;-0.0734942
0.454376;-0.160703;-0.0734942
0.426955;-0.153381;-0.0734942
0.474716;-0.168025;-0.0661719
0.444021;-0.160703;-0.0661719
0.415271;-0.153381;-0.0661719
0.467368;-0.168025;-0.0588495
0.43556;-0.160703;-0.0588495
0.40499;-0.153381;-0.0588495
0.554756;-0.186932;-0.054588
0.518622;-0.179609;-0.054588
0.483493;-0.172287;-0.054588
0.552599;-0.186932;-0.0472656
0.515;-0.179609;-0.0472656
0.47914;-0.172287;-0.0472656
0.550747;-0.186932;-0.0399433
0.512657;-0.179609;-0.0399433
0.475425;-0.172287;-0.0399433
0.463783;-0.168025;-0.054588
0.431199;-0.160703;-0.054588
0.399787;-0.153381;-0.054588
0.458753;-0.168025;-0.0472656
0.424562;-0.160703;-0.0472656
0.392171;-0.153381;-0.0472656
0.454438;-0.168025;-0.0399433
0.419552;-0.160703;-0.0399433
0.385619;-0.153381;-0.0399433
0.769175;-0.224744;-0.0356817
0.72443;-0.217422;-0.0356817
0.680481;-0.2101;-0.0356817
0.771529;-0.224744;-0.0283594
0.725751;-0.217422;-0.0283594
0.681716;-0.2101;-0.0283594
0.77307;-0.224744;-0.021037
0.727366;-0.217422;-0.021037
0.682422;-0.2101;-0.021037
0.655584;-0.205838;-0.0356817
0.613957;-0.198516;-0.0356817
0.573124;-0.191193;-0.0356817
0.656492;-0.205838;-0.0283594
0.613805;-0.198516;-0.0283594
0.572807;-0.191193;-0.0283594
0.656934;-0.205838;-0.021037
0.614267;-0.198516;-0.021037
0.572333;-0.191193;-0.021037
0.773887;-0.224744;-0.0167755
0.727999;-0.217422;-0.0167755
0.682862;-0.2101;-0.0167755
0.775116;-0.224744;-0.00945312
0.728506;-0.217422;-0.00945312
0.683628;-0.2101;-0.00945312
0.775341;-0.224744;-0.00213077
0.729135;-0.217422;-0.00213077
0.683668;-0.2101;-0.00213077
0.65726;-0.205838;-0.0167755
0.614392;-0.198516;-0.0167755
0.572244;-0.191193;-0.0167755
0.657897;-0.205838;-0.00945312
0.614303;-0.198516;-0.00945312
0.572372;-0.191193;-0.00945312
0.65787;-0.205838;-0.00213077
0.614657;-0.198516;-0.00213077
0.572143;-0.191193;-0.00213077
0.550029;-0.186932;-0.0356817
0.511481;-0.179609;-0.0356817
0.473751;-0.172287;-0.0356817
0.549343;-0.186932;-0.0283594
0.509675;-0.179609;-0.0283594
0.471653;-0.172287;-0.0283594
0.548574;-0.186932;-0.021037
0.508839;-0.179609;-0.021037
0.469821;-0.172287;-0.021037
0.452461;-0.168025;-0.0356817
0.417024;-0.160703;-0.0356817
0.38248;-0.153381;-0.0356817
0.449925;-0.168025;-0.0283594
0.413252;-0.160703;-0.0283594
0.378212;-0.153381;-0.0283594
0.447741;-0.168025;-0.021037
0.410863;-0.160703;-0.021037
0.374708;-0.153381;-0.021037
0.548356;-0.186932;-0.0167755
0.508391;-0.179609;-0.0167755
0.469122;-0.172287;-0.0167755
0.548338;-0.186932;-0.00945312
0.50763;-0.179609;-0.00945312
0.468514;-0.172287;-0.00945312
0.548034;-0.186932;-0.00213077
0.507672;-0.179609;-0.00213077
0.467971;-0.172287;-0.00213077
0.446886;-0.168025;-0.0167755
0.409726;-0.160703;-0.0167755
0.373252;-0.153381;-0.0167755
0.446102;-0.168025;-0.00945312
0.408153;-0.160703;-0.00945312
0.37173;-0.153381;-0.00945312
0.44547;-0.168025;-0.00213077
0.407821;-0.160703;-0.00213077
0.370795;-0.153381;-0.00213077
0.651078;-0.149119;-0.149119
0.640058;-0.141797;-0.149119
0.630303;-0.134475;-0.149119
0.619434;-0.149119;-0.141797
0.607794;-0.141797;-0.141797
0.597325;-0.134475;-0.141797
0.589568;-0.149119;-0.134475
0.576997;-0.141797;-0.134475
0.565862;-0.134475;-0.134475
0.625123;-0.130213;-0.149119
0.617034;-0.122891;-0.149119
0.610151;-0.115568;-0.149119
0.591833;-0.130213;-0.141797
0.583435;-0.122891;-0.141797
0.576083;-0.115568;-0.141797
0.559992;-0.130213;-0.134475
0.550912;-0.122891;-0.134475
0.543227;-0.115568;-0.134475
0.57296;-0.149119;-0.130213
0.559829;-0.141797;-0.130213
0.548184;-0.134475;-0.130213
0.54588;-0.149119;-0.122891
0.531683;-0.141797;-0.122891
0.519021;-0.134475;-0.122891
0.520634;-0.149119;-0.115568
0.505214;-0.141797;-0.115568
0.491444;-0.134475;-0.115568
0.542053;-0.130213;-0.130213
0.532585;-0.122891;-0.130213
0.524572;-0.115568;-0.130213
0.512368;-0.130213;-0.122891
0.502185;-0.122891;-0.122891
0.493428;-0.115568;-0.122891
0.484198;-0.130213;-0.115568
0.473035;-0.122891;-0.115568
0.463546;-0.115568;-0.115568
0.606591;-0.111307;-0.149119
0.601192;-0.103984;-0.149119
0.596907;-0.096662;-0.149119
0.57237;-0.111307;-0.141797
0.566963;-0.103984;-0.141797
0.562448;-0.096662;-0.141797
0.539312;-0.111307;-0.134475
0.533487;-0.103984;-0.134475
0.528966;-0.096662;-0.134475
0.594798;-0.0924005;-0.149119
0.591783;-0.0850781;-0.149119
0.589768;-0.0777558;-0.149119
0.560336;-0.0924005;-0.141797
0.557585;-0.0850781;-0.141797
0.555553;-0.0777558;-0.141797
0.526819;-0.0924005;-0.134475
0.523901;-0.0850781;-0.134475
0.522154;-0.0777558;-0.134475
0.520502;-0.111307;-0.130213
0.514474;-0.103984;-0.130213
0.509811;-0.096662;-0.130213
0.489028;-0.111307;-0.122891
0.482665;-0.103984;-0.122891
0.477558;-0.096662;-0.122891
0.458753;-0.111307;-0.115568
0.451718;-0.103984;-0.115568
0.446294;-0.096662;-0.115568
0.507616;-0.0924005;-0.130213
0.504673;-0.0850781;-0.130213
0.502955;-0.0777558;-0.130213
0.47523;-0.0924005;-0.122891
0.472324;-0.0850781;-0.122891
0.470452;-0.0777558;-0.122891
0.443791;-0.0924005;-0.115568
0.440541;-0.0850781;-0.115568
0.438753;-0.0777558;-0.115568
0.506787;-0.149119;-0.111307
0.490599;-0.141797;-0.111307
0.476103;-0.134475;-0.111307
0.484549;-0.149119;-0.103984
0.466871;-0.141797;-0.103984
0.451073;-0.134475;-0.103984
0.464119;-0.149119;-0.096662
0.444996;-0.141797;-0.096662
0.427667;-0.134475;-0.096662
0.468469;-0.130213;-0.111307
0.456704;-0.122891;-0.111307
0.446678;-0.115568;-0.111307
0.442703;-0.130213;-0.103984
0.429778;-0.122891;-0.103984
0.418701;-0.115568;-0.103984
0.418491;-0.130213;-0.096662
0.404284;-0.122891;-0.096662
0.392027;-0.115568;-0.096662
0.453109;-0.149119;-0.0924005
0.43306;-0.141797;-0.0924005
0.414817;-0.134475;-0.0924005
0.435775;-0.149119;-0.0850781
0.413913;-0.141797;-0.0850781
0.394167;-0.134475;-0.0850781
0.420117;-0.149119;-0.0777558
0.396735;-0.141797;-0.0777558
0.375133;-0.134475;-0.0777558
0.405135;-0.130213;-0.0924005
0.39011;-0.122891;-0.0924005
0.377089;-0.115568;-0.0924005
0.383558;-0.130213;-0.0850781
0.36693;-0.122891;-0.0850781
0.352543;-0.115568;-0.0850781
0.363549;-0.130213;-0.0777558
0.345388;-0.122891;-0.0777558
0.329355;-0.115568;-0.0777558
0.441615;-0.111307;-0.111307
0.434191;-0.103984;-0.111307
0.428458;-0.096662;-0.111307
0.413101;-0.111307;-0.103984
0.404952;-0.103984;-0.103984
0.398518;-0.096662;-0.103984
0.385816;-0.111307;-0.096662
0.376694;-0.103984;-0.096662
0.369563;-0.096662;-0.096662
0.425821;-0.0924005;-0.111307
0.422415;-0.0850781;-0.111307
0.42055;-0.0777558;-0.111307
0.395589;-0.0924005;-0.103984
0.391945;-0.0850781;-0.103984
0.389765;-0.0777558;-0.103984
0.366286;-0.0924005;-0.096662
0.36208;-0.0850781;-0.096662
0.359742;-0.0777558;-0.096662
0.370476;-0.111307;-0.0924005
0.360746;-0.103984;-0.0924005
0.3531;-0.096662;-0.0924005
0.345161;-0.111307;-0.0850781
0.334241;-0.103984;-0.0850781
0.325577;-0.096662;-0.0850781
0.321121;-0.111307;-0.0777558
0.308877;-0.103984;-0.0777558
0.299042;-0.096662;-0.0777558
0.349581;-0.0924005;-0.0924005
0.345057;-0.0850781;-0.0924005
0.342512;-0.0777558;-0.0924005
0.321564;-0.0924005;-0.0850781
0.316451;-0.0850781;-0.0850781
0.31339;-0.0777558;-0.0850781
0.294459;-0.0924005;-0.0777558
0.288494;-0.0850781;-0.0777558
0.284963;-0.0777558;-0.0777558
0.588912;-0.0734942;-0.149119
0.587936;-0.0661719;-0.149119
0.587831;-0.0588495;-0.149119
0.554824;-0.0734942;-0.141797
0.554336;-0.0661719;-0.141797
0.554389;-0.0588495;-0.141797
0.521537;-0.0734942;-0.134475
0.521099;-0.0661719;-0.134475
0.521672;-0.0588495;-0.134475
0.58802;-0.054588;-0.149119
0.588723;-0.0472656;-0.149119
0.590168;-0.0399433;-0.149119
0.554805;-0.054588;-0.141797
0.556166;-0.0472656;-0.141797
0.557899;-0.0399433;-0.141797
0.522316;-0.054588;-0.134475
0.523895;-0.0472656;-0.134475
0.526317;-0.0399433;-0.134475
0.502384;-0.0734942;-0.130213
0.502074;-0.0661719;-0.130213
0.502817;-0.0588495;-0.130213
0.469929;-0.0734942;-0.122891
0.469976;-0.0661719;-0.122891
0.47081;-0.0588495;-0.122891
0.438258;-0.0734942;-0.115568
0.438263;-0.0661719;-0.115568
0.439517;-0.0588495;-0.115568
0.503583;-0.054588;-0.130213
0.505407;-0.0472656;-0.130213
0.508103;-0.0399433;-0.130213
0.471767;-0.054588;-0.122891
0.474194;-0.0472656;-0.122891
0.477161;-0.0399433;-0.122891
0.440669;-0.054588;-0.115568
0.443288;-0.0472656;-0.115568
0.44692;-0.0399433;-0.115568
0.591194;-0.0356817;-0.149119
0.593229;-0.0283594;-0.149119
0.595882;-0.021037;-0.149119
0.559224;-0.0356817;-0.141797
0.56203;-0.0283594;-0.141797
0.565058;-0.021037;-0.141797
0.527952;-0.0356817;-0.134475
0.531093;-0.0283594;-0.134475
0.534918;-0.021037;-0.134475
0.597553;-0.0167755;-0.149119
0.600605;-0.00945312;-0.149119
0.60416;-0.00213077;-0.149119
0.567073;-0.0167755;-0.141797
0.57096;-0.00945312;-0.141797
0.574938;-0.00213077;-0.141797
0.537293;-0.0167755;-0.134475
0.541584;-0.00945312;-0.134475
0.546415;-0.00213077;-0.134475
0.509914;-0.0356817;-0.130213
0.513379;-0.0283594;-0.130213
0.517544;-0.021037;-0.130213
0.479264;-0.0356817;-0.122891
0.483497;-0.0283594;-0.122891
0.488048;-0.021037;-0.122891
0.449332;-0.0356817;-0.115568
0.453914;-0.0283594;-0.115568
0.459282;-0.021037;-0.115568
0.520127;-0.0167755;-0.130213
0.524788;-0.00945312;-0.130213
0.529994;-0.00213077;-0.130213
0.490985;-0.0167755;-0.122891
0.496503;-0.00945312;-0.122891
0.502156;-0.00213077;-0.122891
0.462595;-0.0167755;-0.115568
0.468549;-0.00945312;-0.115568
0.475092;-0.00213077;-0.115568
0.420052;-0.0734942;-0.111307
0.420116;-0.0661719;-0.111307
0.421494;-0.0588495;-0.111307
0.389223;-0.0734942;-0.103984
0.389501;-0.0661719;-0.103984
0.390909;-0.0588495;-0.103984
0.359133;-0.0734942;-0.096662
0.359269;-0.0661719;-0.096662
0.361002;-0.0588495;-0.096662
0.422749;-0.054588;-0.111307
0.425594;-0.0472656;-0.111307
0.429496;-0.0399433;-0.111307
0.392326;-0.054588;-0.103984
0.395738;-0.0472656;-0.103984
0.399923;-0.0399433;-0.103984
0.362591;-0.054588;-0.096662
0.366197;-0.0472656;-0.096662
0.371057;-0.0399433;-0.096662
0.341841;-0.0734942;-0.0924005
0.341962;-0.0661719;-0.0924005
0.343777;-0.0588495;-0.0924005
0.312565;-0.0734942;-0.0850781
0.312741;-0.0661719;-0.0850781
0.314541;-0.0588495;-0.0850781
0.283954;-0.0734942;-0.0777558
0.283879;-0.0661719;-0.0777558
0.285923;-0.0588495;-0.0777558
0.345459;-0.054588;-0.0924005
0.349291;-0.0472656;-0.0924005
0.354442;-0.0399433;-0.0924005
0.316371;-0.054588;-0.0850781
0.320776;-0.0472656;-0.0850781
0.326273;-0.0399433;-0.0850781
0.287925;-0.054588;-0.0777558
0.292579;-0.0472656;-0.0777558
0.298831;-0.0399433;-0.0777558
0.432087;-0.0356817;-0.111307
0.437004;-0.0283594;-0.111307
0.442731;-0.021037;-0.111307
0.402817;-0.0356817;-0.103984
0.40853;-0.0283594;-0.103984
0.414689;-0.021037;-0.103984
0.374283;-0.0356817;-0.096662
0.3804;-0.0283594;-0.096662
0.387437;-0.021037;-0.096662
0.446264;-0.0167755;-0.111307
0.452612;-0.00945312;-0.111307
0.459557;-0.00213077;-0.111307
0.418605;-0.0167755;-0.103984
0.425865;-0.00945312;-0.103984
0.433309;-0.00213077;-0.103984
0.391769;-0.0167755;-0.096662
0.399534;-0.00945312;-0.096662
0.407938;-0.00213077;-0.096662
0.357865;-0.0356817;-0.0924005
0.364358;-0.0283594;-0.0924005
0.371801;-0.021037;-0.0924005
0.330044;-0.0356817;-0.0850781
0.337421;-0.0283594;-0.0850781
0.345399;-0.021037;-0.0850781
0.303;-0.0356817;-0.0777558
0.310909;-0.0283594;-0.0777558
0.319896;-0.021037;-0.0777558
0.376383;-0.0167755;-0.0924005
0.384589;-0.00945312;-0.0924005
0.393443;-0.00213077;-0.0924005
0.350422;-0.0167755;-0.0850781
0.359645;-0.00945312;-0.0850781
0.369088;-0.00213077;-0.0850781
0.325413;-0.0167755;-0.0777558
0.335262;-0.00945312;-0.0777558
0.345784;-0.00213077;-0.0777558
0.411871;-0.149119;-0.0734942
0.3875;-0.141797;-0.0734942
0.364877;-0.134475;-0.0734942
0.399226;-0.149119;-0.0661719
0.372911;-0.141797;-0.0661719
0.348751;-0.134475;-0.0661719
0.388021;-0.149119;-0.0588495
0.360326;-0.141797;-0.0588495
0.334187;-0.134475;-0.0588495
0.352703;-0.130213;-0.0734942
0.333545;-0.122891;-0.0734942
0.316529;-0.115568;-0.0734942
0.335539;-0.130213;-0.0661719
0.31442;-0.122891;-0.0661719
0.295772;-0.115568;-0.0661719
0.319932;-0.130213;-0.0588495
0.297176;-0.122891;-0.0588495
0.276483;-0.115568;-0.0588495
0.382307;-0.149119;-0.054588
0.353696;-0.141797;-0.054588
0.326562;-0.134475;-0.054588
0.373876;-0.149119;-0.0472656
0.343442;-0.141797;-0.0472656
0.314985;-0.134475;-0.0472656
0.366588;-0.149119;-0.0399433
0.33515;-0.141797;-0.0399433
0.304877;-0.134475;-0.0399433
0.311705;-0.130213;-0.054588
0.287879;-0.122891;-0.054588
0.266052;-0.115568;-0.054588
0.299126;-0.130213;-0.0472656
0.273204;-0.122891;-0.0472656
0.249658;-0.115568;-0.0472656
0.288076;-0.130213;-0.0399433
0.260699;-0.122891;-0.0399433
0.234956;-0.115568;-0.0399433
0.307752;-0.111307;-0.0734942
0.294646;-0.103984;-0.0734942
0.284037;-0.096662;-0.0734942
0.285986;-0.111307;-0.0661719
0.271155;-0.103984;-0.0661719
0.259126;-0.096662;-0.0661719
0.265616;-0.111307;-0.0588495
0.249084;-0.103984;-0.0588495
0.235285;-0.096662;-0.0588495
0.279068;-0.0924005;-0.0734942
0.272567;-0.0850781;-0.0734942
0.268655;-0.0777558;-0.0734942
0.253394;-0.0924005;-0.0661719
0.245821;-0.0850781;-0.0661719
0.241103;-0.0777558;-0.0661719
0.228675;-0.0924005;-0.0588495
0.219819;-0.0850781;-0.0588495
0.214175;-0.0777558;-0.0588495
0.25452;-0.111307;-0.054588
0.236859;-0.103984;-0.054588
0.221962;-0.096662;-0.054588
0.236939;-0.111307;-0.0472656
0.217019;-0.103984;-0.0472656
0.200211;-0.096662;-0.0472656
0.221034;-0.111307;-0.0399433
0.199141;-0.103984;-0.0399433
0.179876;-0.096662;-0.0399433
0.214767;-0.0924005;-0.054588
0.205045;-0.0850781;-0.054588
0.198742;-0.0777558;-0.054588
0.191873;-0.0924005;-0.0472656
0.180338;-0.0850781;-0.0472656
0.172721;-0.0777558;-0.0472656
0.170231;-0.0924005;-0.0399433
0.156692;-0.0850781;-0.0399433
0.147325;-0.0777558;-0.0399433
0.363068;-0.149119;-0.0356817
0.330927;-0.141797;-0.0356817
0.299855;-0.134475;-0.0356817
0.358242;-0.149119;-0.0283594
0.324651;-0.141797;-0.0283594
0.292745;-0.134475;-0.0283594
0.354285;-0.149119;-0.021037
0.320254;-0.141797;-0.021037
0.286999;-0.134475;-0.021037
0.282548;-0.130213;-0.0356817
0.254222;-0.122891;-0.0356817
0.227387;-0.115568;-0.0356817
0.274669;-0.130213;-0.0283594
0.244504;-0.122891;-0.0283594
0.216262;-0.115568;-0.0283594
0.268284;-0.130213;-0.021037
0.237253;-0.122891;-0.021037
0.207186;-0.115568;-0.021037
0.352628;-0.149119;-0.0167755
0.318216;-0.141797;-0.0167755
0.284515;-0.134475;-0.0167755
0.350871;-0.149119;-0.00945312
0.315574;-0.141797;-0.00945312
0.281743;-0.134475;-0.00945312
0.349822;-0.149119;-0.00213077
0.314748;-0.141797;-0.00213077
0.280264;-0.134475;-0.00213077
0.265508;-0.130213;-0.0167755
0.233904;-0.122891;-0.0167755
0.203126;-0.115568;-0.0167755
0.262387;-0.130213;-0.00945312
0.22967;-0.122891;-0.00945312
0.198394;-0.115568;-0.00945312
0.26074;-0.130213;-0.00213077
0.228109;-0.122891;-0.00213077
0.196037;-0.115568;-0.00213077
0.212771;-0.111307;-0.0356817
0.189588;-0.103984;-0.0356817
0.168896;-0.096662;-0.0356817
0.200513;-0.111307;-0.0283594
0.174845;-0.103984;-0.0283594
0.151883;-0.096662;-0.0283594
0.190435;-0.111307;-0.021037
0.163069;-0.103984;-0.021037
0.137339;-0.096662;-0.021037
0.158399;-0.0924005;-0.0356817
0.143448;-0.0850781;-0.0356817
0.132864;-0.0777558;-0.0356817
0.139788;-0.0924005;-0.0283594
0.121838;-0.0850781;-0.0283594
0.108797;-0.0777558;-0.0283594
0.123563;-0.0924005;-0.021037
0.102564;-0.0850781;-0.021037
0.0859455;-0.0777558;-0.021037
0.185887;-0.111307;-0.0167755
0.157513;-0.103984;-0.0167755
0.130454;-0.096662;-0.0167755
0.180542;-0.111307;-0.00945312
0.150475;-0.103984;-0.00945312
0.121963;-0.096662;-0.00945312
0.17789;-0.111307;-0.00213077
0.147581;-0.103984;-0.00213077
0.117808;-0.096662;-0.00213077
0.115725;-0.0924005;-0.0167755
0.0927155;-0.0850781;-0.0167755
0.0736281;-0.0777558;-0.0167755
0.105861;-0.0924005;-0.00945312
0.0793118;-0.0850781;-0.00945312
0.0557336;-0.0777558;-0.00945312
0.10098;-0.0924005;-0.00213077
0.0729222;-0.0850781;-0.00213077
0.0454812;-0.0777558;-0.00213077
0.267507;-0.0734942;-0.0734942
0.267332;-0.0661719;-0.0734942
0.269429;-0.0588495;-0.0734942
0.239655;-0.0734942;-0.0661719
0.239347;-0.0661719;-0.0661719
0.241412;-0.0588495;-0.0661719
0.212371;-0.0734942;-0.0588495
0.211672;-0.0661719;-0.0588495
0.213937;-0.0588495;-0.0588495
0.271529;-0.054588;-0.0734942
0.27645;-0.0472656;-0.0734942
0.283064;-0.0399433;-0.0734942
0.243684;-0.054588;-0.0661719
0.249272;-0.0472656;-0.0661719
0.256398;-0.0399433;-0.0661719
0.21643;-0.054588;-0.0588495
0.222442;-0.0472656;-0.0588495
0.23055;-0.0399433;-0.0588495
0.19668;-0.0734942;-0.054588
0.195767;-0.0661719;-0.054588
0.198085;-0.0588495;-0.054588
0.170108;-0.0734942;-0.0472656
0.168793;-0.0661719;-0.0472656
0.171127;-0.0588495;-0.0472656
0.144025;-0.0734942;-0.0399433
0.142062;-0.0661719;-0.0399433
0.144649;-0.0588495;-0.0399433
0.200721;-0.054588;-0.054588
0.207131;-0.0472656;-0.054588
0.215778;-0.0399433;-0.054588
0.174048;-0.054588;-0.0472656
0.181439;-0.0472656;-0.0472656
0.190987;-0.0399433;-0.0472656
0.147984;-0.054588;-0.0399433
0.156277;-0.0472656;-0.0399433
0.16737;-0.0399433;-0.0399433
0.287479;-0.0356817;-0.0734942
0.295854;-0.0283594;-0.0734942
0.305344;-0.021037;-0.0734942
0.261269;-0.0356817;-0.0661719
0.270729;-0.0283594;-0.0661719
0.280942;-0.021037;-0.0661719
0.235968;-0.0356817;-0.0588495
0.246213;-0.0283594;-0.0588495
0.257687;-0.021037;-0.0588495
0.311163;-0.0167755;-0.0734942
0.321538;-0.00945312;-0.0734942
0.332585;-0.00213077;-0.0734942
0.287309;-0.0167755;-0.0661719
0.298876;-0.00945312;-0.0661719
0.310646;-0.00213077;-0.0661719
0.264677;-0.0167755;-0.0588495
0.277053;-0.00945312;-0.0588495
0.29007;-0.00213077;-0.0588495
0.22155;-0.0356817;-0.054588
0.232444;-0.0283594;-0.054588
0.244587;-0.021037;-0.054588
0.197451;-0.0356817;-0.0472656
0.209824;-0.0283594;-0.0472656
0.223005;-0.021037;-0.0472656
0.174693;-0.0356817;-0.0399433
0.188309;-0.0283594;-0.0399433
0.203146;-0.021037;-0.0399433
0.251964;-0.0167755;-0.054588
0.264989;-0.00945312;-0.054588
0.278628;-0.00213077;-0.054588
0.231091;-0.0167755;-0.0472656
0.245547;-0.00945312;-0.0472656
0.260056;-0.00213077;-0.0472656
0.212026;-0.0167755;-0.0399433
0.227494;-0.00945312;-0.0399433
0.243404;-0.00213077;-0.0399433
0.12905;-0.0734942;-0.0356817
0.126647;-0.0661719;-0.0356817
0.129367;-0.0588495;-0.0356817
0.103811;-0.0734942;-0.0283594
0.100403;-0.0661719;-0.0283594
0.103409;-0.0588495;-0.0283594
0.0792796;-0.0734942;-0.021037
0.0743268;-0.0661719;-0.021037
0.0780746;-0.0588495;-0.021037
0.13301;-0.054588;-0.0356817
0.142088;-0.0472656;-0.0356817
0.15414;-0.0399433;-0.0356817
0.107761;-0.054588;-0.0283594
0.118792;-0.0472656;-0.0283594
0.132648;-0.0399433;-0.0283594
0.083628;-0.054588;-0.021037
0.0970355;-0.0472656;-0.021037
0.113696;-0.0399433;-0.021037
0.0655653;-0.0734942;-0.0167755
0.0592286;-0.0661719;-0.0167755
0.0636657;-0.0588495;-0.0167755
0.0442067;-0.0734942;-0.00945312
0.0334284;-0.0661719;-0.00945312
0.0403085;-0.0588495;-0.00945312
0.0301594;-0.0734942;-0.00213077
0.00812388;-0.0661719;-0.00213077
0.0237835;-0.0588495;-0.00213077
0.0702799;-0.054588;-0.0167755
0.0857065;-0.0472656;-0.0167755
0.104133;-0.0399433;-0.0167755
0.0499116;-0.054588;-0.00945312
0.0700905;-0.0472656;-0.00945312
0.091368;-0.0399433;-0.00945312
0.0378184;-0.054588;-0.00213077
0.06171;-0.0472656;-0.00213077
0.0853417;-0.0399433;-0.00213077
0.162041;-0.0356817;-0.0356817
0.176622;-0.0283594;-0.0356817
0.192361;-0.021037;-0.0356817
0.141691;-0.0356817;-0.0283594
0.158377;-0.0283594;-0.0283594
0.175504;-0.021037;-0.0283594
0.124108;-0.0356817;-0.021037
0.142555;-0.0283594;-0.021037
0.161624;-0.021037;-0.021037
0.201726;-0.0167755;-0.0356817
0.217954;-0.00945312;-0.0356817
0.234544;-0.00213077;-0.0356817
0.185716;-0.0167755;-0.0283594
0.203526;-0.00945312;-0.0283594
0.220991;-0.00213077;-0.0283594
0.172679;-0.0167755;-0.021037
0.19145;-0.00945312;-0.021037
0.210222;-0.00213077;-0.021037
0.115389;-0.0356817;-0.0167755
0.135015;-0.0283594;-0.0167755
0.155006;-0.021037;-0.0167755
0.103959;-0.0356817;-0.00945312
0.125646;-0.0283594;-0.00945312
0.146633;-0.021037;-0.00945312
0.098716;-0.0356817;-0.00213077
0.121038;-0.0283594;-0.00213077
0.142978;-0.021037;-0.00213077
0.166503;-0.0167755;-0.0167755
0.185909;-0.00945312;-0.0167755
0.205201;-0.00213077;-0.0167755
0.158722;-0.0167755;-0.00945312
0.179267;-0.00945312;-0.00945312
0.198951;-0.00213077;-0.00945312
0.155369;-0.0167755;-0.00213077
0.176023;-0.00945312;-0.00213077
0.196312;-0.00213077;-0.00213077
1.98778;0.00213077;-0.499013
1.98088;0.00213077;-0.495761
1.97377;0.00213077;-0.492509
1.96592;0.00945312;-0.49889
1.9592;0.00945312;-0.495692
1.95227;0.00945312;-0.492493
1.94482;0.0167755;-0.498767
1.93828;0.0167755;-0.495623
1.93154;0.0167755;-0.492478
1.93269;0.021037;-0.498624
1.92631;0.021037;-0.495542
1.91974;0.021037;-0.492459
1.91207;0.0283594;-0.498255
1.90606;0.0283594;-0.495334
1.89989;0.0283594;-0.492413
1.89219;0.0356817;-0.497886
1.88655;0.0356817;-0.495126
1.88076;0.0356817;-0.492366
1.88075;0.0399433;-0.497599
1.87538;0.0399433;-0.494964
1.86988;0.0399433;-0.492329
1.8613;0.0472656;-0.496983
1.85649;0.0472656;-0.494617
1.85159;0.0472656;-0.492251
1.84254;0.054588;-0.496365
1.8383;0.054588;-0.494269
1.834;0.054588;-0.492172
1.83173;0.0588495;-0.495933
1.82789;0.0588495;-0.494025
1.824;0.0588495;-0.492118
1.81334;0.0661719;-0.495067
1.81026;0.0661719;-0.493537
1.80717;0.0661719;-0.492008
1.79558;0.0734942;-0.494198
1.79326;0.0734942;-0.493048
1.79095;0.0734942;-0.491897
1.96683;0.00213077;-0.489432
1.94547;0.00945312;-0.489432
1.92481;0.0167755;-0.489432
1.94958;0.00213077;-0.482109
1.92846;0.00945312;-0.482109
1.90796;0.0167755;-0.482109
1.93132;0.00213077;-0.474787
1.91039;0.00945312;-0.474787
1.89016;0.0167755;-0.474787
1.91309;0.021037;-0.489432
1.89344;0.0283594;-0.489432
1.87445;0.0356817;-0.489432
1.89635;0.021037;-0.482109
1.87692;0.0283594;-0.482109
1.85808;0.0356817;-0.482109
1.87867;0.021037;-0.474787
1.85942;0.0283594;-0.474787
1.84082;0.0356817;-0.474787
1.92021;0.00213077;-0.470525
1.89943;0.00945312;-0.470525
1.87934;0.0167755;-0.470525
1.90033;0.00213077;-0.463203
1.87987;0.00945312;-0.463203
1.86;0.0167755;-0.463203
1.87953;0.00213077;-0.455881
1.85931;0.00945312;-0.455881
1.83978;0.0167755;-0.455881
1.86793;0.021037;-0.470525
1.84881;0.0283594;-0.470525
1.83034;0.0356817;-0.470525
1.84874;0.021037;-0.463203
1.82991;0.0283594;-0.463203
1.81164;0.0356817;-0.463203
1.82869;0.021037;-0.455881
1.81009;0.0283594;-0.455881
1.79213;0.0356817;-0.455881
1.86368;0.0399433;-0.489432
1.84565;0.0472656;-0.489432
1.82824;0.054588;-0.489432
1.84741;0.0399433;-0.482109
1.82958;0.0472656;-0.482109
1.81228;0.054588;-0.482109
1.83027;0.0399433;-0.474787
1.81258;0.0472656;-0.474787
1.7955;0.054588;-0.474787
1.81838;0.0588495;-0.489432
1.80186;0.0661719;-0.489432
1.78591;0.0734942;-0.489432
1.8025;0.0588495;-0.482109
1.78617;0.0661719;-0.482109
1.77037;0.0734942;-0.482109
1.78582;0.0588495;-0.474787
1.76962;0.0661719;-0.474787
1.75399;0.0734942;-0.474787
1.81986;0.0399433;-0.470525
1.8023;0.0472656;-0.470525
1.78534;0.054588;-0.470525
1.8013;0.0399433;-0.463203
1.784;0.0472656;-0.463203
1.76723;0.054588;-0.463203
1.78193;0.0399433;-0.455881
1.76484;0.0472656;-0.455881
1.74836;0.054588;-0.455881
1.77573;0.0588495;-0.470525
1.75963;0.0661719;-0.470525
1.74409;0.0734942;-0.470525
1.75774;0.0588495;-0.463203
1.74188;0.0661719;-0.463203
1.72653;0.0734942;-0.463203
1.73901;0.0588495;-0.455881
1.72334;0.0661719;-0.455881
1.70824;0.0734942;-0.455881
1.78628;0.0773793;-0.493677
1.78442;0.0773793;-0.492754
1.78256;0.0773793;-0.491831
1.77194;0.0834081;-0.492756
1.77088;0.0834081;-0.492235
1.76983;0.0834081;-0.491714
1.75794;0.0894368;-0.491832
1.7577;0.0894368;-0.491714
1.75745;0.0894368;-0.491597
1.77767;0.0773793;-0.489432
1.76219;0.0773793;-0.482109
1.74591;0.0773793;-0.474787
1.76519;0.0834081;-0.489432
1.7498;0.0834081;-0.482109
1.73366;0.0834081;-0.474787
1.75307;0.0894368;-0.489432
1.73779;0.0894368;-0.482109
1.72178;0.0894368;-0.474787
1.74876;0.0915676;-0.489374
1.73356;0.0915676;-0.482077
1.71765;0.0915676;-0.47478
1.74584;0.0928612;-0.489174
1.73083;0.0928612;-0.481964
1.71512;0.0928612;-0.474754
1.74293;0.0941548;-0.488975
1.7281;0.0941548;-0.481852
1.7126;0.0941548;-0.474729
1.73717;0.096662;-0.488517
1.72277;0.096662;-0.481594
1.70773;0.096662;-0.474671
1.72063;0.103984;-0.487139
1.7075;0.103984;-0.480817
1.69384;0.103984;-0.474496
1.70463;0.111307;-0.485752
1.69277;0.111307;-0.480036
1.68049;0.111307;-0.47432
1.7353;0.0777558;-0.470525
1.72062;0.0850781;-0.470525
1.70644;0.0924005;-0.470525
1.71785;0.0777558;-0.463203
1.70334;0.0850781;-0.463203
1.68933;0.0924005;-0.463203
1.69968;0.0777558;-0.455881
1.68535;0.0850781;-0.455881
1.67155;0.0924005;-0.455881
1.69841;0.096662;-0.470525
1.685;0.103984;-0.470525
1.67209;0.111307;-0.470525
1.6814;0.096662;-0.463203
1.66818;0.103984;-0.463203
1.65541;0.111307;-0.463203
1.66374;0.096662;-0.455881
1.65067;0.103984;-0.455881
1.6381;0.111307;-0.455881
1.69539;0.115568;-0.484871
1.68433;0.115568;-0.479539
1.6729;0.115568;-0.474208
1.67961;0.122891;-0.483228
1.67002;0.122891;-0.478614
1.66018;0.122891;-0.473999
1.66433;0.130213;-0.481573
1.65623;0.130213;-0.477681
1.64797;0.130213;-0.473789
1.65549;0.134475;-0.480536
1.64832;0.134475;-0.477096
1.64105;0.134475;-0.473657
1.64036;0.141797;-0.478622
1.63492;0.141797;-0.476018
1.62944;0.141797;-0.473414
1.62568;0.149119;-0.476693
1.62199;0.149119;-0.474931
1.61829;0.149119;-0.473169
1.66479;0.115568;-0.470525
1.65261;0.122891;-0.470525
1.6409;0.130213;-0.470525
1.6482;0.115568;-0.463203
1.63618;0.122891;-0.463203
1.62459;0.130213;-0.463203
1.63099;0.115568;-0.455881
1.61912;0.122891;-0.455881
1.60771;0.130213;-0.455881
1.63429;0.134475;-0.470525
1.62326;0.141797;-0.470525
1.61268;0.149119;-0.470525
1.61806;0.134475;-0.463203
1.60719;0.141797;-0.463203
1.59673;0.149119;-0.463203
1.60127;0.134475;-0.455881
1.59052;0.141797;-0.455881
1.58021;0.149119;-0.455881
1.61885;0.152557;-0.475739
1.61603;0.152557;-0.474394
1.61321;0.152557;-0.473048
1.60987;0.15705;-0.474398
1.60827;0.15705;-0.473638
1.60668;0.15705;-0.472878
1.60102;0.161543;-0.47305
1.60066;0.161543;-0.472878
1.60029;0.161543;-0.472706
1.60786;0.152557;-0.470525
1.59196;0.152557;-0.463203
1.57551;0.152557;-0.455881
1.60169;0.15705;-0.470525
1.58585;0.15705;-0.463203
1.5695;0.15705;-0.455881
1.59569;0.161543;-0.470525
1.57991;0.161543;-0.463203
1.56365;0.161543;-0.455881
1.59237;0.163673;-0.470276
1.57684;0.163673;-0.463063
1.56085;0.163673;-0.455849
1.58689;0.166503;-0.469417
1.57217;0.166503;-0.462578
1.55704;0.166503;-0.45574
1.58148;0.169333;-0.468554
1.56757;0.169333;-0.462092
1.5533;0.169333;-0.45563
1.57573;0.172287;-0.467583
1.56274;0.172287;-0.461545
1.54942;0.172287;-0.455507
1.56161;0.179609;-0.465092
1.55094;0.179609;-0.460141
1.54005;0.179609;-0.455191
1.54784;0.186932;-0.462574
1.53951;0.186932;-0.458722
1.53105;0.186932;-0.454871
1.53984;0.191193;-0.46103
1.53294;0.191193;-0.457852
1.52597;0.191193;-0.454675
1.52604;0.198516;-0.458239
1.52178;0.198516;-0.456279
1.51751;0.198516;-0.45432
1.51256;0.205838;-0.455415
1.511;0.205838;-0.454688
1.50944;0.205838;-0.453961
1.50831;0.208193;-0.454493
1.50762;0.208193;-0.454169
1.50693;0.208193;-0.453844
1.50689;0.208965;-0.454169
1.5065;0.208965;-0.453986
1.50611;0.208965;-0.453803
1.50547;0.209736;-0.453844
1.50538;0.209736;-0.453803
1.5053;0.209736;-0.453762
1.86696;0.00213077;-0.451619
1.84694;0.00945312;-0.451619
1.82758;0.0167755;-0.451619
1.84464;0.00213077;-0.444297
1.82501;0.00945312;-0.444297
1.80593;0.0167755;-0.444297
1.82149;0.00213077;-0.436975
1.80216;0.00945312;-0.436975
1.78349;0.0167755;-0.436975
1.8166;0.021037;-0.451619
1.79817;0.0283594;-0.451619
1.78037;0.0356817;-0.451619
1.79513;0.021037;-0.444297
1.77706;0.0283594;-0.444297
1.75952;0.0356817;-0.444297
1.77289;0.021037;-0.436975
1.75509;0.0283594;-0.436975
1.73793;0.0356817;-0.436975
1.80758;0.00213077;-0.432713
1.78848;0.00945312;-0.432713
1.77003;0.0167755;-0.432713
1.78304;0.00213077;-0.425391
1.76439;0.00945312;-0.425391
1.74626;0.0167755;-0.425391
1.75775;0.00213077;-0.418068
1.73945;0.00945312;-0.418068
1.7218;0.0167755;-0.418068
1.75955;0.021037;-0.432713
1.74196;0.0283594;-0.432713
1.72499;0.0356817;-0.432713
1.736;0.021037;-0.425391
1.71884;0.0283594;-0.425391
1.70217;0.0356817;-0.425391
1.71177;0.021037;-0.418068
1.69493;0.0283594;-0.418068
1.6787;0.0356817;-0.418068
1.77027;0.0399433;-0.451619
1.75334;0.0472656;-0.451619
1.737;0.054588;-0.451619
1.74959;0.0399433;-0.444297
1.73298;0.0472656;-0.444297
1.71688;0.054588;-0.444297
1.72818;0.0399433;-0.436975
1.71183;0.0472656;-0.436975
1.69607;0.054588;-0.436975
1.72773;0.0588495;-0.451619
1.71222;0.0661719;-0.451619
1.69724;0.0734942;-0.451619
1.70777;0.0588495;-0.444297
1.69255;0.0661719;-0.444297
1.6778;0.0734942;-0.444297
1.68713;0.0588495;-0.436975
1.67214;0.0661719;-0.436975
1.6577;0.0734942;-0.436975
1.71535;0.0399433;-0.432713
1.6992;0.0472656;-0.432713
1.68361;0.054588;-0.432713
1.69274;0.0399433;-0.425391
1.67697;0.0472656;-0.425391
1.66166;0.054588;-0.425391
1.66948;0.0399433;-0.418068
1.65401;0.0472656;-0.418068
1.63911;0.054588;-0.418068
1.67477;0.0588495;-0.432713
1.65996;0.0661719;-0.432713
1.64568;0.0734942;-0.432713
1.65301;0.0588495;-0.425391
1.63856;0.0661719;-0.425391
1.62454;0.0734942;-0.425391
1.63065;0.0588495;-0.418068
1.61647;0.0661719;-0.418068
1.60282;0.0734942;-0.418068
1.74264;0.00213077;-0.413807
1.7246;0.00945312;-0.413807
1.70719;0.0167755;-0.413807
1.71609;0.00213077;-0.406484
1.69858;0.00945312;-0.406484
1.68154;0.0167755;-0.406484
1.6889;0.00213077;-0.399162
1.67177;0.00945312;-0.399162
1.65527;0.0167755;-0.399162
1.6973;0.021037;-0.413807
1.68071;0.0283594;-0.413807
1.6647;0.0356817;-0.413807
1.67189;0.021037;-0.406484
1.65578;0.0283594;-0.406484
1.64011;0.0356817;-0.406484
1.64589;0.021037;-0.399162
1.63014;0.0283594;-0.399162
1.61497;0.0356817;-0.399162
1.67272;0.00213077;-0.3949
1.65589;0.00945312;-0.3949
1.63965;0.0167755;-0.3949
1.6444;0.00213077;-0.387578
1.62816;0.00945312;-0.387578
1.61232;0.0167755;-0.387578
1.61556;0.00213077;-0.380256
1.59973;0.00945312;-0.380256
1.58449;0.0167755;-0.380256
1.63043;0.021037;-0.3949
1.61494;0.0283594;-0.3949
1.60002;0.0356817;-0.3949
1.60337;0.021037;-0.387578
1.58844;0.0283594;-0.387578
1.57389;0.0356817;-0.387578
1.57583;0.021037;-0.380256
1.56128;0.0283594;-0.380256
1.54729;0.0356817;-0.380256
1.65561;0.0399433;-0.413807
1.64036;0.0472656;-0.413807
1.62566;0.054588;-0.413807
1.63125;0.0399433;-0.406484
1.61646;0.0472656;-0.406484
1.60208;0.054588;-0.406484
1.60635;0.0399433;-0.399162
1.59188;0.0472656;-0.399162
1.57796;0.054588;-0.399162
1.61733;0.0588495;-0.413807
1.60335;0.0661719;-0.413807
1.58989;0.0734942;-0.413807
1.59395;0.0588495;-0.406484
1.58039;0.0661719;-0.406484
1.56722;0.0734942;-0.406484
1.57006;0.0588495;-0.399162
1.55681;0.0661719;-0.399162
1.54407;0.0734942;-0.399162
1.59155;0.0399433;-0.3949
1.57733;0.0472656;-0.3949
1.56365;0.054588;-0.3949
1.56567;0.0399433;-0.387578
1.55196;0.0472656;-0.387578
1.53862;0.054588;-0.387578
1.53933;0.0399433;-0.380256
1.52598;0.0472656;-0.380256
1.51316;0.054588;-0.380256
1.55588;0.0588495;-0.3949
1.54285;0.0661719;-0.3949
1.53033;0.0734942;-0.3949
1.53109;0.0588495;-0.387578
1.51853;0.0661719;-0.387578
1.50632;0.0734942;-0.387578
1.50587;0.0588495;-0.380256
1.49365;0.0661719;-0.380256
1.48192;0.0734942;-0.380256
1.68876;0.0777558;-0.451619
1.67457;0.0850781;-0.451619
1.66088;0.0924005;-0.451619
1.66946;0.0777558;-0.444297
1.65553;0.0850781;-0.444297
1.64205;0.0924005;-0.444297
1.64951;0.0777558;-0.436975
1.6358;0.0850781;-0.436975
1.62261;0.0924005;-0.436975
1.65314;0.096662;-0.451619
1.64019;0.103984;-0.451619
1.62773;0.111307;-0.451619
1.63443;0.096662;-0.444297
1.62173;0.103984;-0.444297
1.60945;0.111307;-0.444297
1.61514;0.096662;-0.436975
1.60263;0.103984;-0.436975
1.59061;0.111307;-0.436975
1.63759;0.0777558;-0.432713
1.62405;0.0850781;-0.432713
1.611;0.0924005;-0.432713
1.61661;0.0777558;-0.425391
1.6034;0.0850781;-0.425391
1.59059;0.0924005;-0.425391
1.59508;0.0777558;-0.418068
1.58211;0.0850781;-0.418068
1.56964;0.0924005;-0.418068
1.60361;0.096662;-0.432713
1.59126;0.103984;-0.432713
1.57937;0.111307;-0.432713
1.58335;0.096662;-0.425391
1.5713;0.103984;-0.425391
1.55963;0.111307;-0.425391
1.56258;0.096662;-0.418068
1.55075;0.103984;-0.418068
1.53939;0.111307;-0.418068
1.62069;0.115568;-0.451619
1.60892;0.122891;-0.451619
1.59761;0.130213;-0.451619
1.60252;0.115568;-0.444297
1.59097;0.122891;-0.444297
1.57983;0.130213;-0.444297
1.58381;0.115568;-0.436975
1.57244;0.122891;-0.436975
1.56153;0.130213;-0.436975
1.59123;0.134475;-0.451619
1.58057;0.141797;-0.451619
1.57034;0.149119;-0.451619
1.57354;0.134475;-0.444297
1.56309;0.141797;-0.444297
1.55302;0.149119;-0.444297
1.55536;0.134475;-0.436975
1.54507;0.141797;-0.436975
1.5352;0.149119;-0.436975
1.57264;0.115568;-0.432713
1.56141;0.122891;-0.432713
1.55062;0.130213;-0.432713
1.55304;0.115568;-0.425391
1.54208;0.122891;-0.425391
1.53149;0.130213;-0.425391
1.53296;0.115568;-0.418068
1.52221;0.122891;-0.418068
1.5119;0.130213;-0.418068
1.54453;0.134475;-0.432713
1.53436;0.141797;-0.432713
1.52459;0.149119;-0.432713
1.52552;0.134475;-0.425391
1.51559;0.141797;-0.425391
1.50601;0.149119;-0.425391
1.50607;0.134475;-0.418068
1.49633;0.141797;-0.418068
1.487;0.149119;-0.418068
1.58226;0.0777558;-0.413807
1.56948;0.0850781;-0.413807
1.55718;0.0924005;-0.413807
1.55979;0.0777558;-0.406484
1.54739;0.0850781;-0.406484
1.53536;0.0924005;-0.406484
1.53684;0.0777558;-0.399162
1.52472;0.0850781;-0.399162
1.51309;0.0924005;-0.399162
1.55022;0.096662;-0.413807
1.53856;0.103984;-0.413807
1.52736;0.111307;-0.413807
1.52857;0.096662;-0.406484
1.51727;0.103984;-0.406484
1.50632;0.111307;-0.406484
1.50649;0.096662;-0.399162
1.49545;0.103984;-0.399162
1.48486;0.111307;-0.399162
1.52322;0.0777558;-0.3949
1.51132;0.0850781;-0.3949
1.49988;0.0924005;-0.3949
1.49944;0.0777558;-0.387578
1.48797;0.0850781;-0.387578
1.47683;0.0924005;-0.387578
1.47527;0.0777558;-0.380256
1.4641;0.0850781;-0.380256
1.4534;0.0924005;-0.380256
1.4934;0.096662;-0.3949
1.48255;0.103984;-0.3949
1.47214;0.111307;-0.3949
1.47055;0.096662;-0.387578
1.4601;0.103984;-0.387578
1.44996;0.111307;-0.387578
1.44734;0.096662;-0.380256
1.43717;0.103984;-0.380256
1.42744;0.111307;-0.380256
1.52103;0.115568;-0.413807
1.51043;0.122891;-0.413807
1.50026;0.130213;-0.413807
1.50014;0.115568;-0.406484
1.48987;0.122891;-0.406484
1.47993;0.130213;-0.406484
1.47886;0.115568;-0.399162
1.46882;0.122891;-0.399162
1.45921;0.130213;-0.399162
1.49452;0.134475;-0.413807
1.48493;0.141797;-0.413807
1.47573;0.149119;-0.413807
1.47433;0.134475;-0.406484
1.46503;0.141797;-0.406484
1.45605;0.149119;-0.406484
1.45377;0.134475;-0.399162
1.44469;0.141797;-0.399162
1.436;0.149119;-0.399162
1.46625;0.115568;-0.3949
1.45639;0.122891;-0.3949
1.44694;0.130213;-0.3949
1.44425;0.115568;-0.387578
1.43476;0.122891;-0.387578
1.42557;0.130213;-0.387578
1.42193;0.115568;-0.380256
1.4127;0.122891;-0.380256
1.40388;0.130213;-0.380256
1.44161;0.134475;-0.3949
1.43269;0.141797;-0.3949
1.42415;0.149119;-0.3949
1.4204;0.134475;-0.387578
1.41181;0.141797;-0.387578
1.40351;0.149119;-0.387578
1.39889;0.134475;-0.380256
1.39055;0.141797;-0.380256
1.38259;0.149119;-0.380256
1.59846;0.00213077;-0.375994
1.58294;0.00945312;-0.375994
1.568;0.0167755;-0.375994
1.56862;0.00213077;-0.368672
1.55375;0.00945312;-0.368672
1.53924;0.0167755;-0.368672
1.53837;0.00213077;-0.36135
1.52394;0.00945312;-0.36135
1.51008;0.0167755;-0.36135
1.55951;0.021037;-0.375994
1.54525;0.0283594;-0.375994
1.53153;0.0356817;-0.375994
1.53104;0.021037;-0.368672
1.51738;0.0283594;-0.368672
1.50406;0.0356817;-0.368672
1.50219;0.021037;-0.36135
1.48894;0.0283594;-0.36135
1.47623;0.0356817;-0.36135
1.5205;0.00213077;-0.357088
1.5064;0.00945312;-0.357088
1.49285;0.0167755;-0.357088
1.4894;0.00213077;-0.349766
1.476;0.00945312;-0.349766
1.4629;0.0167755;-0.349766
1.45801;0.00213077;-0.342443
1.44506;0.00945312;-0.342443
1.43266;0.0167755;-0.342443
1.48515;0.021037;-0.357088
1.47221;0.0283594;-0.357088
1.45979;0.0356817;-0.357088
1.45552;0.021037;-0.349766
1.44323;0.0283594;-0.349766
1.43122;0.0356817;-0.349766
1.4256;0.021037;-0.342443
1.41374;0.0283594;-0.342443
1.40239;0.0356817;-0.342443
1.52374;0.0399433;-0.375994
1.51066;0.0472656;-0.375994
1.49809;0.054588;-0.375994
1.49655;0.0399433;-0.368672
1.48403;0.0472656;-0.368672
1.47183;0.054588;-0.368672
1.469;0.0399433;-0.36135
1.45686;0.0472656;-0.36135
1.44523;0.054588;-0.36135
1.49095;0.0588495;-0.375994
1.47898;0.0661719;-0.375994
1.46749;0.0734942;-0.375994
1.46495;0.0588495;-0.368672
1.4535;0.0661719;-0.368672
1.44235;0.0734942;-0.368672
1.43862;0.0588495;-0.36135
1.42752;0.0661719;-0.36135
1.4169;0.0734942;-0.36135
1.45274;0.0399433;-0.357088
1.44089;0.0472656;-0.357088
1.42953;0.054588;-0.357088
1.42446;0.0399433;-0.349766
1.41322;0.0472656;-0.349766
1.40225;0.054588;-0.349766
1.39594;0.0399433;-0.342443
1.38509;0.0472656;-0.342443
1.37473;0.054588;-0.342443
1.42308;0.0588495;-0.357088
1.41225;0.0661719;-0.357088
1.40188;0.0734942;-0.357088
1.39608;0.0588495;-0.349766
1.38582;0.0661719;-0.349766
1.37581;0.0734942;-0.349766
1.36884;0.0588495;-0.342443
1.35895;0.0661719;-0.342443
1.34952;0.0734942;-0.342443
1.43951;0.00213077;-0.338182
1.42692;0.00945312;-0.338182
1.41485;0.0167755;-0.338182
1.40742;0.00213077;-0.330859
1.39556;0.00945312;-0.330859
1.38395;0.0167755;-0.330859
1.37515;0.00213077;-0.323537
1.36375;0.00945312;-0.323537
1.35288;0.0167755;-0.323537
1.40798;0.021037;-0.338182
1.39645;0.0283594;-0.338182
1.38541;0.0356817;-0.338182
1.37742;0.021037;-0.330859
1.36658;0.0283594;-0.330859
1.35597;0.0356817;-0.330859
1.34669;0.021037;-0.323537
1.33629;0.0283594;-0.323537
1.32637;0.0356817;-0.323537
1.35618;0.00213077;-0.319275
1.34515;0.00945312;-0.319275
1.33462;0.0167755;-0.319275
1.32336;0.00213077;-0.311953
1.3131;0.00945312;-0.311953
1.30304;0.0167755;-0.311953
1.29047;0.00213077;-0.304631
1.28068;0.00945312;-0.304631
1.27139;0.0167755;-0.304631
1.32864;0.021037;-0.319275
1.31858;0.0283594;-0.319275
1.30899;0.0356817;-0.319275
1.2974;0.021037;-0.311953
1.28806;0.0283594;-0.311953
1.27892;0.0356817;-0.311953
1.2661;0.021037;-0.304631
1.25721;0.0283594;-0.304631
1.24878;0.0356817;-0.304631
1.37914;0.0399433;-0.338182
1.3686;0.0472656;-0.338182
1.35853;0.054588;-0.338182
1.35001;0.0399433;-0.330859
1.34012;0.0472656;-0.330859
1.33046;0.054588;-0.330859
1.32073;0.0399433;-0.323537
1.31126;0.0472656;-0.323537
1.30224;0.054588;-0.323537
1.35281;0.0588495;-0.338182
1.34321;0.0661719;-0.338182
1.33405;0.0734942;-0.338182
1.32503;0.0588495;-0.330859
1.31603;0.0661719;-0.330859
1.30725;0.0734942;-0.330859
1.29711;0.0588495;-0.323537
1.2885;0.0661719;-0.323537
1.28032;0.0734942;-0.323537
1.30354;0.0399433;-0.319275
1.29438;0.0472656;-0.319275
1.28567;0.054588;-0.319275
1.27379;0.0399433;-0.311953
1.26532;0.0472656;-0.311953
1.25702;0.054588;-0.311953
1.24399;0.0399433;-0.304631
1.23594;0.0472656;-0.304631
1.22832;0.054588;-0.304631
1.28072;0.0588495;-0.319275
1.27241;0.0661719;-0.319275
1.26451;0.0734942;-0.319275
1.25237;0.0588495;-0.311953
1.2447;0.0661719;-0.311953
1.23719;0.0734942;-0.311953
1.22399;0.0588495;-0.304631
1.21671;0.0661719;-0.304631
1.20984;0.0734942;-0.304631
1.46097;0.0777558;-0.375994
1.45004;0.0850781;-0.375994
1.43956;0.0924005;-0.375994
1.43607;0.0777558;-0.368672
1.42562;0.0850781;-0.368672
1.41546;0.0924005;-0.368672
1.41087;0.0777558;-0.36135
1.40075;0.0850781;-0.36135
1.39107;0.0924005;-0.36135
1.43362;0.096662;-0.375994
1.42367;0.103984;-0.375994
1.41414;0.111307;-0.375994
1.40974;0.096662;-0.368672
1.40024;0.103984;-0.368672
1.391;0.111307;-0.368672
1.38559;0.096662;-0.36135
1.37639;0.103984;-0.36135
1.3676;0.111307;-0.36135
1.396;0.0777558;-0.357088
1.38614;0.0850781;-0.357088
1.3767;0.0924005;-0.357088
1.37018;0.0777558;-0.349766
1.36084;0.0850781;-0.349766
1.35174;0.0924005;-0.349766
1.34416;0.0777558;-0.342443
1.33516;0.0850781;-0.342443
1.32659;0.0924005;-0.342443
1.37135;0.096662;-0.357088
1.36238;0.103984;-0.357088
1.35382;0.111307;-0.357088
1.34663;0.096662;-0.349766
1.33815;0.103984;-0.349766
1.3299;0.111307;-0.349766
1.32173;0.096662;-0.342443
1.31357;0.103984;-0.342443
1.30581;0.111307;-0.342443
1.40874;0.115568;-0.375994
1.39972;0.122891;-0.375994
1.39108;0.130213;-0.375994
1.38581;0.115568;-0.368672
1.37719;0.122891;-0.368672
1.36883;0.130213;-0.368672
1.36263;0.115568;-0.36135
1.35429;0.122891;-0.36135
1.34634;0.130213;-0.36135
1.3862;0.134475;-0.375994
1.37804;0.141797;-0.375994
1.37025;0.149119;-0.375994
1.36413;0.134475;-0.368672
1.35635;0.141797;-0.368672
1.34881;0.149119;-0.368672
1.34185;0.134475;-0.36135
1.33432;0.141797;-0.36135
1.32716;0.149119;-0.36135
1.34897;0.115568;-0.357088
1.34085;0.122891;-0.357088
1.3331;0.130213;-0.357088
1.32527;0.115568;-0.349766
1.3176;0.122891;-0.349766
1.31015;0.130213;-0.349766
1.30141;0.115568;-0.342443
1.29404;0.122891;-0.342443
1.28704;0.130213;-0.342443
1.32872;0.134475;-0.357088
1.3214;0.141797;-0.357088
1.31443;0.149119;-0.357088
1.30597;0.134475;-0.349766
1.29907;0.141797;-0.349766
1.29236;0.149119;-0.349766
1.28307;0.134475;-0.342443
1.27644;0.141797;-0.342443
1.27015;0.149119;-0.342443
1.32884;0.0777558;-0.338182
1.32012;0.0850781;-0.338182
1.3118;0.0924005;-0.338182
1.30232;0.0777558;-0.330859
1.29416;0.0850781;-0.330859
1.28619;0.0924005;-0.330859
1.27567;0.0777558;-0.323537
1.26787;0.0850781;-0.323537
1.26046;0.0924005;-0.323537
1.30708;0.096662;-0.338182
1.29918;0.103984;-0.338182
1.29165;0.111307;-0.338182
1.28172;0.096662;-0.330859
1.27434;0.103984;-0.330859
1.26714;0.111307;-0.330859
1.25626;0.096662;-0.323537
1.24922;0.103984;-0.323537
1.24254;0.111307;-0.323537
1.26003;0.0777558;-0.319275
1.25251;0.0850781;-0.319275
1.24537;0.0924005;-0.319275
1.233;0.0777558;-0.311953
1.22608;0.0850781;-0.311953
1.2193;0.0924005;-0.311953
1.20594;0.0777558;-0.304631
1.19938;0.0850781;-0.304631
1.19321;0.0924005;-0.304631
1.24133;0.096662;-0.319275
1.23454;0.103984;-0.319275
1.22812;0.111307;-0.319275
1.21552;0.096662;-0.311953
1.2093;0.103984;-0.311953
1.20321;0.111307;-0.311953
1.1897;0.096662;-0.304631
1.18382;0.103984;-0.304631
1.17829;0.111307;-0.304631
1.28739;0.115568;-0.338182
1.28025;0.122891;-0.338182
1.27346;0.130213;-0.338182
1.26311;0.115568;-0.330859
1.25646;0.122891;-0.330859
1.24998;0.130213;-0.330859
1.23876;0.115568;-0.323537
1.23242;0.122891;-0.323537
1.22642;0.130213;-0.323537
1.26963;0.134475;-0.338182
1.26321;0.141797;-0.338182
1.25712;0.149119;-0.338182
1.24636;0.134475;-0.330859
1.24039;0.141797;-0.330859
1.23459;0.149119;-0.330859
1.22303;0.134475;-0.323537
1.21735;0.141797;-0.323537
1.21199;0.149119;-0.323537
1.22448;0.115568;-0.319275
1.21838;0.122891;-0.319275
1.21262;0.130213;-0.319275
1.19981;0.115568;-0.311953
1.19424;0.122891;-0.311953
1.18879;0.130213;-0.311953
1.17515;0.115568;-0.304631
1.16989;0.122891;-0.304631
1.16496;0.130213;-0.304631
1.20935;0.134475;-0.319275
1.2039;0.141797;-0.319275
1.19876;0.149119;-0.319275
1.18576;0.134475;-0.311953
1.18078;0.141797;-0.311953
1.17593;0.149119;-0.311953
1.16217;0.134475;-0.304631
1.15749;0.141797;-0.304631
1.15312;0.149119;-0.304631
1.56459;0.153381;-0.451619
1.55502;0.160703;-0.451619
1.54583;0.168025;-0.451619
1.54735;0.153381;-0.444297
1.53792;0.160703;-0.444297
1.52887;0.168025;-0.444297
1.52963;0.153381;-0.436975
1.52035;0.160703;-0.436975
1.51147;0.168025;-0.436975
1.54065;0.172287;-0.451619
1.53205;0.179609;-0.451619
1.52382;0.186932;-0.451619
1.52378;0.172287;-0.444297
1.51532;0.179609;-0.444297
1.50722;0.186932;-0.444297
1.50647;0.172287;-0.436975
1.49816;0.179609;-0.436975
1.49021;0.186932;-0.436975
1.51909;0.153381;-0.432713
1.50992;0.160703;-0.432713
1.50113;0.168025;-0.432713
1.50062;0.153381;-0.425391
1.49166;0.160703;-0.425391
1.48305;0.168025;-0.425391
1.48174;0.153381;-0.418068
1.47296;0.160703;-0.418068
1.46457;0.168025;-0.418068
1.49619;0.172287;-0.432713
1.48797;0.179609;-0.432713
1.48012;0.186932;-0.432713
1.47821;0.172287;-0.425391
1.47018;0.179609;-0.425391
1.46249;0.186932;-0.425391
1.45985;0.172287;-0.418068
1.45199;0.179609;-0.418068
1.44449;0.186932;-0.418068
1.5192;0.191193;-0.451619
1.51157;0.198516;-0.451619
1.50431;0.205838;-0.451619
1.50269;0.191193;-0.444297
1.49519;0.198516;-0.444297
1.48801;0.205838;-0.444297
1.48576;0.191193;-0.436975
1.47839;0.198516;-0.436975
1.47135;0.205838;-0.436975
1.50205;0.208193;-0.451619
1.48576;0.208193;-0.444297
1.46916;0.208193;-0.436975
1.50132;0.208965;-0.451619
1.48504;0.208965;-0.444297
1.46845;0.208965;-0.436975
1.50059;0.209736;-0.451619
1.48432;0.209736;-0.444297
1.46775;0.209736;-0.436975
1.49682;0.211867;-0.45081
1.48132;0.211867;-0.443841
1.46558;0.211867;-0.436872
1.4847;0.218418;-0.448006
1.47193;0.218418;-0.442261
1.459;0.218418;-0.436516
1.47283;0.224969;-0.44517
1.4628;0.224969;-0.440663
1.45266;0.224969;-0.436155
1.47572;0.191193;-0.432713
1.46843;0.198516;-0.432713
1.46148;0.205838;-0.432713
1.45818;0.191193;-0.425391
1.45104;0.198516;-0.425391
1.44422;0.205838;-0.425391
1.44027;0.191193;-0.418068
1.43328;0.198516;-0.418068
1.42661;0.205838;-0.418068
1.45759;0.2101;-0.432713
1.45115;0.217422;-0.432713
1.44502;0.224744;-0.432713
1.44038;0.2101;-0.425391
1.43407;0.217422;-0.425391
1.42813;0.224744;-0.425391
1.42288;0.2101;-0.418068
1.41673;0.217422;-0.418068
1.41088;0.224744;-0.418068
1.47054;0.153381;-0.413807
1.4619;0.160703;-0.413807
1.45363;0.168025;-0.413807
1.45099;0.153381;-0.406484
1.44261;0.160703;-0.406484
1.43453;0.168025;-0.406484
1.4311;0.153381;-0.399162
1.42292;0.160703;-0.399162
1.41511;0.168025;-0.399162
1.44897;0.172287;-0.413807
1.44123;0.179609;-0.413807
1.43383;0.186932;-0.413807
1.43;0.172287;-0.406484
1.42248;0.179609;-0.406484
1.41527;0.186932;-0.406484
1.41071;0.172287;-0.399162
1.40338;0.179609;-0.399162
1.39639;0.186932;-0.399162
1.41934;0.153381;-0.3949
1.4113;0.160703;-0.3949
1.40363;0.168025;-0.3949
1.39885;0.153381;-0.387578
1.39112;0.160703;-0.387578
1.38367;0.168025;-0.387578
1.37809;0.153381;-0.380256
1.37059;0.160703;-0.380256
1.36343;0.168025;-0.380256
1.39931;0.172287;-0.3949
1.39212;0.179609;-0.3949
1.38526;0.186932;-0.3949
1.37948;0.172287;-0.387578
1.37256;0.179609;-0.387578
1.36591;0.186932;-0.387578
1.3594;0.172287;-0.380256
1.35269;0.179609;-0.380256
1.34631;0.186932;-0.380256
1.42968;0.191193;-0.413807
1.42279;0.198516;-0.413807
1.41622;0.205838;-0.413807
1.41122;0.191193;-0.406484
1.40453;0.198516;-0.406484
1.39814;0.205838;-0.406484
1.39247;0.191193;-0.399162
1.38596;0.198516;-0.399162
1.37976;0.205838;-0.399162
1.41255;0.2101;-0.413807
1.40649;0.217422;-0.413807
1.40071;0.224744;-0.413807
1.39456;0.2101;-0.406484
1.38866;0.217422;-0.406484
1.38306;0.224744;-0.406484
1.3763;0.2101;-0.399162
1.37056;0.217422;-0.399162
1.36513;0.224744;-0.399162
1.38141;0.191193;-0.3949
1.37502;0.198516;-0.3949
1.36893;0.205838;-0.3949
1.36218;0.191193;-0.387578
1.35603;0.198516;-0.387578
1.35014;0.205838;-0.387578
1.34272;0.191193;-0.380256
1.33676;0.198516;-0.380256
1.33111;0.205838;-0.380256
1.36553;0.2101;-0.3949
1.35991;0.217422;-0.3949
1.35457;0.224744;-0.3949
1.34684;0.2101;-0.387578
1.34142;0.217422;-0.387578
1.33626;0.224744;-0.387578
1.32794;0.2101;-0.380256
1.3227;0.217422;-0.380256
1.31775;0.224744;-0.380256
1.4655;0.229006;-0.443341
1.45722;0.229006;-0.439632
1.44886;0.229006;-0.435923
1.45209;0.236328;-0.439885
1.44716;0.236328;-0.437685
1.44222;0.236328;-0.435484
1.43887;0.24365;-0.436382
1.4374;0.24365;-0.435711
1.43592;0.24365;-0.435039
1.43493;0.245893;-0.435296
1.4345;0.245893;-0.435099
1.43407;0.245893;-0.434901
1.43423;0.246278;-0.435099
1.43399;0.246278;-0.434987
1.43375;0.246278;-0.434876
1.43354;0.246663;-0.434901
1.43349;0.246663;-0.434876
1.43344;0.246663;-0.434851
1.44159;0.229006;-0.432713
1.43596;0.236328;-0.432713
1.4307;0.24365;-0.432713
1.42479;0.229006;-0.425391
1.41924;0.236328;-0.425391
1.41407;0.24365;-0.425391
1.40763;0.229006;-0.418068
1.40228;0.236328;-0.418068
1.39721;0.24365;-0.418068
1.42916;0.245893;-0.432713
1.41255;0.245893;-0.425391
1.39571;0.245893;-0.418068
1.4289;0.246278;-0.432713
1.41229;0.246278;-0.425391
1.39546;0.246278;-0.418068
1.42863;0.246663;-0.432713
1.41204;0.246663;-0.425391
1.3952;0.246663;-0.418068
1.42484;0.248793;-0.431663
1.40927;0.248793;-0.424799
1.39349;0.248793;-0.417935
1.41217;0.255731;-0.428019
1.40015;0.255731;-0.422746
1.38805;0.255731;-0.417472
1.39959;0.262669;-0.424323
1.39125;0.262669;-0.420663
1.38291;0.262669;-0.417003
1.39332;0.266118;-0.422425
1.38688;0.266118;-0.419593
1.38048;0.266118;-0.416762
1.38433;0.271035;-0.419612
1.3807;0.271035;-0.418008
1.37709;0.271035;-0.416404
1.37538;0.275952;-0.41677
1.37456;0.275952;-0.416407
1.37373;0.275952;-0.416043
1.39751;0.229006;-0.413807
1.39226;0.236328;-0.413807
1.38726;0.24365;-0.413807
1.37993;0.229006;-0.406484
1.37478;0.236328;-0.406484
1.36991;0.24365;-0.406484
1.36209;0.229006;-0.399162
1.35709;0.236328;-0.399162
1.35238;0.24365;-0.399162
1.38447;0.247912;-0.413807
1.37991;0.255234;-0.413807
1.37565;0.262557;-0.413807
1.36724;0.247912;-0.406484
1.36287;0.255234;-0.406484
1.35868;0.262557;-0.406484
1.34977;0.247912;-0.399162
1.3455;0.255234;-0.399162
1.34151;0.262557;-0.399162
1.35159;0.229006;-0.3949
1.3467;0.236328;-0.3949
1.34208;0.24365;-0.3949
1.33339;0.229006;-0.387578
1.32867;0.236328;-0.387578
1.32422;0.24365;-0.387578
1.31499;0.229006;-0.380256
1.31044;0.236328;-0.380256
1.30616;0.24365;-0.380256
1.33951;0.247912;-0.3949
1.33531;0.255234;-0.3949
1.33143;0.262557;-0.3949
1.32175;0.247912;-0.387578
1.31772;0.255234;-0.387578
1.31393;0.262557;-0.387578
1.30379;0.247912;-0.380256
1.29991;0.255234;-0.380256
1.29625;0.262557;-0.380256
1.37369;0.266118;-0.413807
1.35673;0.266118;-0.406484
1.33969;0.266118;-0.399162
1.37111;0.271035;-0.413807
1.3542;0.271035;-0.406484
1.33729;0.271035;-0.399162
1.36861;0.275952;-0.413807
1.35181;0.275952;-0.406484
1.33497;0.275952;-0.399162
1.36661;0.278082;-0.413393
1.35029;0.278082;-0.406251
1.33386;0.278082;-0.399109
1.36221;0.280488;-0.411964
1.34737;0.280488;-0.405446
1.33234;0.280488;-0.398928
1.35787;0.282894;-0.410528
1.34447;0.282894;-0.404637
1.33084;0.282894;-0.398746
1.35273;0.285725;-0.408769
1.34105;0.285725;-0.403645
1.32911;0.285725;-0.398522
1.33916;0.293047;-0.404113
1.33201;0.293047;-0.401022
1.32479;0.293047;-0.397931
1.32536;0.300369;-0.399377
1.32308;0.300369;-0.398353
1.32082;0.300369;-0.397329
1.32931;0.266818;-0.3949
1.32583;0.274141;-0.3949
1.32254;0.281463;-0.3949
1.31181;0.266818;-0.387578
1.3084;0.274141;-0.387578
1.30538;0.281463;-0.387578
1.29425;0.266818;-0.380256
1.29102;0.274141;-0.380256
1.28801;0.281463;-0.380256
1.32068;0.285725;-0.3949
1.31776;0.293047;-0.3949
1.31525;0.300369;-0.3949
1.30367;0.285725;-0.387578
1.30082;0.293047;-0.387578
1.29834;0.300369;-0.387578
1.28639;0.285725;-0.380256
1.28381;0.293047;-0.380256
1.28142;0.300369;-0.380256
1.36585;0.153381;-0.375994
1.35851;0.160703;-0.375994
1.35151;0.168025;-0.375994
1.34459;0.153381;-0.368672
1.33759;0.160703;-0.368672
1.33083;0.168025;-0.368672
1.32312;0.153381;-0.36135
1.31636;0.160703;-0.36135
1.30995;0.168025;-0.36135
1.34757;0.172287;-0.375994
1.34101;0.179609;-0.375994
1.33477;0.186932;-0.375994
1.32704;0.172287;-0.368672
1.32079;0.179609;-0.368672
1.31477;0.186932;-0.368672
1.30633;0.172287;-0.36135
1.3003;0.179609;-0.36135
1.29459;0.186932;-0.36135
1.31049;0.153381;-0.357088
1.30392;0.160703;-0.357088
1.29767;0.168025;-0.357088
1.28861;0.153381;-0.349766
1.28242;0.160703;-0.349766
1.27642;0.168025;-0.349766
1.2666;0.153381;-0.342443
1.26066;0.160703;-0.342443
1.25505;0.168025;-0.342443
1.29416;0.172287;-0.357088
1.2883;0.179609;-0.357088
1.28274;0.186932;-0.357088
1.27308;0.172287;-0.349766
1.26756;0.179609;-0.349766
1.26223;0.186932;-0.349766
1.25188;0.172287;-0.342443
1.2466;0.179609;-0.342443
1.24162;0.186932;-0.342443
1.33127;0.191193;-0.375994
1.32544;0.198516;-0.375994
1.31992;0.205838;-0.375994
1.3114;0.191193;-0.368672
1.30586;0.198516;-0.368672
1.30054;0.205838;-0.368672
1.29138;0.191193;-0.36135
1.28604;0.198516;-0.36135
1.281;0.205838;-0.36135
1.31683;0.2101;-0.375994
1.31171;0.217422;-0.375994
1.30688;0.224744;-0.375994
1.29757;0.2101;-0.368672
1.2927;0.217422;-0.368672
1.28805;0.224744;-0.368672
1.27817;0.2101;-0.36135
1.27349;0.217422;-0.36135
1.26909;0.224744;-0.36135
1.27962;0.191193;-0.357088
1.27443;0.198516;-0.357088
1.26953;0.205838;-0.357088
1.25927;0.191193;-0.349766
1.25439;0.198516;-0.349766
1.24971;0.205838;-0.349766
1.23882;0.191193;-0.342443
1.23416;0.198516;-0.342443
1.22979;0.205838;-0.342443
1.26678;0.2101;-0.357088
1.26224;0.217422;-0.357088
1.25797;0.224744;-0.357088
1.2471;0.2101;-0.349766
1.24284;0.217422;-0.349766
1.23876;0.224744;-0.349766
1.22733;0.2101;-0.342443
1.22327;0.217422;-0.342443
1.21947;0.224744;-0.342443
1.25368;0.153381;-0.338182
1.24794;0.160703;-0.338182
1.24251;0.168025;-0.338182
1.23135;0.153381;-0.330859
1.22602;0.160703;-0.330859
1.22086;0.168025;-0.330859
1.20896;0.153381;-0.323537
1.2039;0.160703;-0.323537
1.19915;0.168025;-0.323537
1.23945;0.172287;-0.338182
1.23435;0.179609;-0.338182
1.22954;0.186932;-0.338182
1.21798;0.172287;-0.330859
1.21326;0.179609;-0.330859
1.20869;0.186932;-0.330859
1.19646;0.172287;-0.323537
1.19198;0.179609;-0.323537
1.18779;0.186932;-0.323537
1.19585;0.153381;-0.319275
1.191;0.160703;-0.319275
1.18644;0.168025;-0.319275
1.17324;0.153381;-0.311953
1.16883;0.160703;-0.311953
1.16454;0.168025;-0.311953
1.15064;0.153381;-0.304631
1.14651;0.160703;-0.304631
1.14266;0.168025;-0.304631
1.18387;0.172287;-0.319275
1.17959;0.179609;-0.319275
1.17557;0.186932;-0.319275
1.16216;0.172287;-0.311953
1.15829;0.179609;-0.311953
1.15452;0.186932;-0.311953
1.14049;0.172287;-0.304631
1.13686;0.179609;-0.304631
1.13351;0.186932;-0.304631
1.22684;0.191193;-0.338182
1.22235;0.198516;-0.338182
1.21812;0.205838;-0.338182
1.20615;0.191193;-0.330859
1.202;0.198516;-0.330859
1.198;0.205838;-0.330859
1.18544;0.191193;-0.323537
1.18151;0.198516;-0.323537
1.17786;0.205838;-0.323537
1.21576;0.2101;-0.338182
1.21185;0.217422;-0.338182
1.20819;0.224744;-0.338182
1.19579;0.2101;-0.330859
1.19219;0.217422;-0.330859
1.18873;0.224744;-0.330859
1.17581;0.2101;-0.323537
1.17241;0.217422;-0.323537
1.16927;0.224744;-0.323537
1.17332;0.191193;-0.319275
1.16957;0.198516;-0.319275
1.16608;0.205838;-0.319275
1.15245;0.191193;-0.311953
1.14907;0.198516;-0.311953
1.14581;0.205838;-0.311953
1.13162;0.191193;-0.304631
1.12847;0.198516;-0.304631
1.12558;0.205838;-0.304631
1.16413;0.2101;-0.319275
1.16089;0.217422;-0.319275
1.15789;0.224744;-0.319275
1.14402;0.2101;-0.311953
1.14112;0.217422;-0.311953
1.13833;0.224744;-0.311953
1.12396;0.2101;-0.304631
1.12127;0.217422;-0.304631
1.11883;0.224744;-0.304631
1.30418;0.229006;-0.375994
1.29974;0.236328;-0.375994
1.29557;0.24365;-0.375994
1.28547;0.229006;-0.368672
1.28125;0.236328;-0.368672
1.27724;0.24365;-0.368672
1.26663;0.229006;-0.36135
1.26258;0.236328;-0.36135
1.25879;0.24365;-0.36135
1.29325;0.247912;-0.375994
1.28945;0.255234;-0.375994
1.2859;0.262557;-0.375994
1.27502;0.247912;-0.368672
1.27141;0.255234;-0.368672
1.26804;0.262557;-0.368672
1.25668;0.247912;-0.36135
1.25324;0.255234;-0.36135
1.25004;0.262557;-0.36135
1.25558;0.229006;-0.357088
1.25166;0.236328;-0.357088
1.24798;0.24365;-0.357088
1.2365;0.229006;-0.349766
1.23282;0.236328;-0.349766
1.22933;0.24365;-0.349766
1.21735;0.229006;-0.342443
1.21385;0.236328;-0.342443
1.21061;0.24365;-0.342443
1.24594;0.247912;-0.357088
1.24261;0.255234;-0.357088
1.23951;0.262557;-0.357088
1.2274;0.247912;-0.349766
1.22429;0.255234;-0.349766
1.22136;0.262557;-0.349766
1.20881;0.247912;-0.342443
1.20586;0.255234;-0.342443
1.20315;0.262557;-0.342443
1.28397;0.266818;-0.375994
1.28084;0.274141;-0.375994
1.27786;0.281463;-0.375994
1.26619;0.266818;-0.368672
1.26318;0.274141;-0.368672
1.26041;0.281463;-0.368672
1.24829;0.266818;-0.36135
1.24543;0.274141;-0.36135
1.24281;0.281463;-0.36135
1.27628;0.285725;-0.375994
1.27381;0.293047;-0.375994
1.27151;0.300369;-0.375994
1.25889;0.285725;-0.368672
1.25647;0.293047;-0.368672
1.25433;0.300369;-0.368672
1.24139;0.285725;-0.36135
1.23911;0.293047;-0.36135
1.23709;0.300369;-0.36135
1.23781;0.266818;-0.357088
1.23507;0.274141;-0.357088
1.23252;0.281463;-0.357088
1.21976;0.266818;-0.349766
1.21719;0.274141;-0.349766
1.21482;0.281463;-0.349766
1.20166;0.266818;-0.342443
1.19924;0.274141;-0.342443
1.19707;0.281463;-0.342443
1.23115;0.285725;-0.357088
1.22898;0.293047;-0.357088
1.22702;0.300369;-0.357088
1.21354;0.285725;-0.349766
1.21151;0.293047;-0.349766
1.20967;0.300369;-0.349766
1.19588;0.285725;-0.342443
1.19399;0.293047;-0.342443
1.19232;0.300369;-0.342443
1.20614;0.229006;-0.338182
1.20279;0.236328;-0.338182
1.19966;0.24365;-0.338182
1.18683;0.229006;-0.330859
1.18375;0.236328;-0.330859
1.18081;0.24365;-0.330859
1.16751;0.229006;-0.323537
1.16461;0.236328;-0.323537
1.16196;0.24365;-0.323537
1.19794;0.247912;-0.338182
1.19511;0.255234;-0.338182
1.19251;0.262557;-0.338182
1.17921;0.247912;-0.330859
1.17664;0.255234;-0.330859
1.17421;0.262557;-0.330859
1.16049;0.247912;-0.323537
1.15808;0.255234;-0.323537
1.15591;0.262557;-0.323537
1.15623;0.229006;-0.319275
1.15348;0.236328;-0.319275
1.15096;0.24365;-0.319275
1.13681;0.229006;-0.311953
1.13438;0.236328;-0.311953
1.13204;0.24365;-0.311953
1.11746;0.229006;-0.304631
1.11521;0.236328;-0.304631
1.11319;0.24365;-0.304631
1.14957;0.247912;-0.319275
1.14729;0.255234;-0.319275
1.14524;0.262557;-0.319275
1.13079;0.247912;-0.311953
1.12879;0.255234;-0.311953
1.1269;0.262557;-0.311953
1.11208;0.247912;-0.304631
1.11025;0.255234;-0.304631
1.10865;0.262557;-0.304631
1.19109;0.266818;-0.338182
1.18879;0.274141;-0.338182
1.1867;0.281463;-0.338182
1.17289;0.266818;-0.330859
1.17081;0.274141;-0.330859
1.16887;0.281463;-0.330859
1.15472;0.266818;-0.323537
1.15278;0.274141;-0.323537
1.15108;0.281463;-0.323537
1.18557;0.285725;-0.338182
1.18378;0.293047;-0.338182
1.1822;0.300369;-0.338182
1.16785;0.285725;-0.330859
1.16625;0.293047;-0.330859
1.16479;0.300369;-0.330859
1.15015;0.285725;-0.323537
1.14868;0.293047;-0.323537
1.14744;0.300369;-0.323537
1.14411;0.266818;-0.319275
1.1423;0.274141;-0.319275
1.1407;0.281463;-0.319275
1.1259;0.266818;-0.311953
1.12434;0.274141;-0.311953
1.12288;0.281463;-0.311953
1.10777;0.266818;-0.304631
1.10635;0.274141;-0.304631
1.10516;0.281463;-0.304631
1.13984;0.285725;-0.319275
1.13847;0.293047;-0.319275
1.13732;0.300369;-0.319275
1.12213;0.285725;-0.311953
1.121;0.293047;-0.311953
1.11996;0.300369;-0.311953
1.10451;0.285725;-0.304631
1.1035;0.293047;-0.304631
1.10271;0.300369;-0.304631
1.32127;0.302657;-0.397876
1.32048;0.302657;-0.397507
1.31969;0.302657;-0.397139
1.3203;0.303197;-0.397508
1.31986;0.303197;-0.3973
1.31942;0.303197;-0.397092
1.31936;0.303736;-0.397139
1.31926;0.303736;-0.397092
1.31916;0.303736;-0.397045
1.31455;0.302657;-0.3949
1.29764;0.302657;-0.387578
1.28072;0.302657;-0.380256
1.31438;0.303197;-0.3949
1.29748;0.303197;-0.387578
1.28055;0.303197;-0.380256
1.31422;0.303736;-0.3949
1.29731;0.303736;-0.387578
1.28039;0.303736;-0.380256
1.31042;0.305867;-0.393522
1.29489;0.305867;-0.386801
1.27934;0.305867;-0.380081
1.29752;0.31265;-0.388734
1.28676;0.31265;-0.384103
1.27608;0.31265;-0.379472
1.28451;0.319433;-0.383862
1.27875;0.319433;-0.381358
1.27308;0.319433;-0.378854
1.2795;0.322045;-0.381947
1.27573;0.322045;-0.380279
1.272;0.322045;-0.37861
1.27527;0.324241;-0.380285
1.27318;0.324241;-0.379342
1.2711;0.324241;-0.378399
1.27117;0.326437;-0.378613
1.27071;0.326437;-0.3784
1.27025;0.326437;-0.378187
1.27023;0.304631;-0.375994
1.26824;0.311953;-0.375994
1.26657;0.319275;-0.375994
1.25316;0.304631;-0.368672
1.25129;0.311953;-0.368672
1.24969;0.319275;-0.368672
1.23599;0.304631;-0.36135
1.23425;0.311953;-0.36135
1.23277;0.319275;-0.36135
1.26601;0.322045;-0.375994
1.24915;0.322045;-0.368672
1.23226;0.322045;-0.36135
1.26559;0.324241;-0.375994
1.24873;0.324241;-0.368672
1.23188;0.324241;-0.36135
1.2652;0.326437;-0.375994
1.24833;0.326437;-0.368672
1.23151;0.326437;-0.36135
1.26215;0.328568;-0.374827
1.24646;0.328568;-0.368014
1.23084;0.328568;-0.361201
1.25205;0.333694;-0.370779
1.24046;0.333694;-0.365733
1.22895;0.333694;-0.360687
1.24198;0.338821;-0.366675
1.23456;0.338821;-0.36342
1.22719;0.338821;-0.360166
1.22596;0.304631;-0.357088
1.22431;0.311953;-0.357088
1.22289;0.319275;-0.357088
1.2087;0.304631;-0.349766
1.20721;0.311953;-0.349766
1.20591;0.319275;-0.349766
1.19143;0.304631;-0.342443
1.19004;0.311953;-0.342443
1.18891;0.319275;-0.342443
1.22217;0.323537;-0.357088
1.2211;0.330859;-0.357088
1.22025;0.338182;-0.357088
1.20525;0.323537;-0.349766
1.20429;0.330859;-0.349766
1.20351;0.338182;-0.349766
1.18832;0.323537;-0.342443
1.18741;0.330859;-0.342443
1.18675;0.338182;-0.342443
1.23739;0.341149;-0.364771
1.23189;0.341149;-0.362348
1.22643;0.341149;-0.359924
1.23165;0.344023;-0.36236
1.22856;0.344023;-0.360989
1.22549;0.344023;-0.359618
1.22596;0.346897;-0.359929
1.22526;0.346897;-0.359619
1.22457;0.346897;-0.359309
1.1966;0.342443;-0.346897
1.19619;0.349766;-0.346897
1.19602;0.357088;-0.346897
1.19007;0.342443;-0.344023
1.18971;0.349766;-0.344023
1.18958;0.357088;-0.344023
1.18354;0.342443;-0.341149
1.18325;0.349766;-0.341149
1.18314;0.357088;-0.341149
1.22187;0.341297;-0.357924
1.22158;0.344679;-0.357924
1.22132;0.348062;-0.357924
1.21166;0.341801;-0.353476
1.21126;0.346918;-0.353476
1.21097;0.352034;-0.353476
1.20147;0.342299;-0.349027
1.20103;0.349128;-0.349027
1.20082;0.355956;-0.349027
1.19602;0.359309;-0.346897
1.19602;0.359619;-0.346897
1.19602;0.359929;-0.346897
1.18959;0.359618;-0.344023
1.1896;0.360989;-0.344023
1.18962;0.36236;-0.344023
1.18315;0.359924;-0.341149
1.18318;0.362348;-0.341149
1.18322;0.364771;-0.341149
1.18135;0.304631;-0.338182
1.18006;0.311953;-0.338182
1.17899;0.319275;-0.338182
1.16404;0.304631;-0.330859
1.16293;0.311953;-0.330859
1.16194;0.319275;-0.330859
1.14678;0.304631;-0.323537
1.14576;0.311953;-0.323537
1.14498;0.319275;-0.323537
1.17843;0.323537;-0.338182
1.17761;0.330859;-0.338182
1.17702;0.338182;-0.338182
1.16146;0.323537;-0.330859
1.16083;0.330859;-0.330859
1.16037;0.338182;-0.330859
1.14458;0.323537;-0.323537
1.14402;0.330859;-0.323537
1.14373;0.338182;-0.323537
1.13672;0.304631;-0.319275
1.1358;0.311953;-0.319275
1.13509;0.319275;-0.319275
1.11946;0.304631;-0.311953
1.11875;0.311953;-0.311953
1.11814;0.319275;-0.311953
1.1023;0.304631;-0.304631
1.10169;0.311953;-0.304631
1.10131;0.319275;-0.304631
1.13475;0.323537;-0.319275
1.13428;0.330859;-0.319275
1.13402;0.338182;-0.319275
1.11788;0.323537;-0.311953
1.11761;0.330859;-0.311953
1.11741;0.338182;-0.311953
1.10114;0.323537;-0.304631
1.10092;0.330859;-0.304631
1.10095;0.338182;-0.304631
1.17679;0.342443;-0.338182
1.17654;0.349766;-0.338182
1.17647;0.357088;-0.338182
1.16018;0.342443;-0.330859
1.15999;0.349766;-0.330859
1.16;0.357088;-0.330859
1.14361;0.342443;-0.323537
1.14348;0.349766;-0.323537
1.14356;0.357088;-0.323537
1.1502;0.36135;-0.326437
1.15058;0.368672;-0.326437
1.15116;0.375994;-0.326437
1.14529;0.36135;-0.324241
1.14572;0.368672;-0.324241
1.14637;0.375994;-0.324241
1.14039;0.36135;-0.322045
1.14087;0.368672;-0.322045
1.14159;0.375994;-0.322045
1.17793;0.360166;-0.338821
1.17798;0.36342;-0.338821
1.17805;0.366675;-0.338821
1.16642;0.360687;-0.333694
1.16657;0.365733;-0.333694
1.16679;0.370779;-0.333694
1.15496;0.361201;-0.328568
1.15526;0.368014;-0.328568
1.15573;0.374827;-0.328568
1.13395;0.342443;-0.319275
1.13392;0.349766;-0.319275
1.13404;0.357088;-0.319275
1.11739;0.342443;-0.311953
1.11755;0.349766;-0.311953
1.11782;0.357088;-0.311953
1.10099;0.342443;-0.304631
1.10118;0.349766;-0.304631
1.10175;0.357088;-0.304631
1.13425;0.36135;-0.319275
1.13481;0.368672;-0.319275
1.13549;0.375994;-0.319275
1.1181;0.36135;-0.311953
1.11873;0.368672;-0.311953
1.11936;0.375994;-0.311953
1.10204;0.36135;-0.304631
1.10248;0.368672;-0.304631
1.10331;0.375994;-0.304631
1.15137;0.378187;-0.326437
1.1514;0.3784;-0.326437
1.15143;0.378613;-0.326437
1.14664;0.378399;-0.324241
1.14676;0.379342;-0.324241
1.14688;0.380285;-0.324241
1.14192;0.37861;-0.322045
1.14213;0.380279;-0.322045
1.14231;0.381947;-0.322045
1.10208;0.380256;-0.303736
1.10336;0.387578;-0.303736
1.10459;0.3949;-0.303736
1.10094;0.380256;-0.303197
1.10223;0.387578;-0.303197
1.10341;0.3949;-0.303197
1.0998;0.380256;-0.302657
1.10111;0.387578;-0.302657
1.10223;0.3949;-0.302657
1.13615;0.378854;-0.319433
1.13641;0.381358;-0.319433
1.13664;0.383862;-0.319433
1.12119;0.379472;-0.31265
1.12171;0.384103;-0.31265
1.12237;0.388734;-0.31265
1.10658;0.380081;-0.305867
1.10767;0.386801;-0.305867
1.10892;0.393522;-0.305867
1.10494;0.397045;-0.303736
1.10495;0.397092;-0.303736
1.10496;0.397139;-0.303736
1.10374;0.397092;-0.303197
1.10378;0.3973;-0.303197
1.10381;0.397508;-0.303197
1.10254;0.397139;-0.302657
1.10259;0.397507;-0.302657
1.10264;0.397876;-0.302657
1.27118;0.00213077;-0.300369
1.26177;0.00945312;-0.300369
1.25283;0.0167755;-0.300369
1.23789;0.00213077;-0.293047
1.22928;0.00945312;-0.293047
1.22081;0.0167755;-0.293047
1.20464;0.00213077;-0.285725
1.19649;0.00945312;-0.285725
1.18882;0.0167755;-0.285725
1.24775;0.021037;-0.300369
1.23922;0.0283594;-0.300369
1.23113;0.0356817;-0.300369
1.21608;0.021037;-0.293047
1.2083;0.0283594;-0.293047
1.20066;0.0356817;-0.293047
1.18446;0.021037;-0.285725
1.17712;0.0283594;-0.285725
1.17023;0.0356817;-0.285725
1.18519;0.00213077;-0.281463
1.17742;0.00945312;-0.281463
1.17011;0.0167755;-0.281463
1.15168;0.00213077;-0.274141
1.14474;0.00945312;-0.274141
1.13789;0.0167755;-0.274141
1.11833;0.00213077;-0.266818
1.11184;0.00945312;-0.266818
1.10581;0.0167755;-0.266818
1.16596;0.021037;-0.281463
1.15898;0.0283594;-0.281463
1.15243;0.0356817;-0.281463
1.1341;0.021037;-0.274141
1.1279;0.0283594;-0.274141
1.1218;0.0356817;-0.274141
1.10239;0.021037;-0.266818
1.09663;0.0283594;-0.266818
1.0913;0.0356817;-0.266818
1.22653;0.0399433;-0.300369
1.21881;0.0472656;-0.300369
1.21151;0.054588;-0.300369
1.19639;0.0399433;-0.293047
1.18939;0.0472656;-0.293047
1.1825;0.054588;-0.293047
1.16631;0.0399433;-0.285725
1.15972;0.0472656;-0.285725
1.15355;0.054588;-0.285725
1.20736;0.0588495;-0.300369
1.2004;0.0661719;-0.300369
1.19382;0.0734942;-0.300369
1.17867;0.0588495;-0.293047
1.17238;0.0661719;-0.293047
1.1662;0.0734942;-0.293047
1.15004;0.0588495;-0.285725
1.14414;0.0661719;-0.285725
1.13863;0.0734942;-0.285725
1.14871;0.0399433;-0.281463
1.14247;0.0472656;-0.281463
1.13662;0.054588;-0.281463
1.11842;0.0399433;-0.274141
1.11291;0.0472656;-0.274141
1.10748;0.054588;-0.274141
1.08827;0.0399433;-0.266818
1.08318;0.0472656;-0.266818
1.07848;0.054588;-0.266818
1.1333;0.0588495;-0.281463
1.12773;0.0661719;-0.281463
1.12252;0.0734942;-0.281463
1.10448;0.0588495;-0.274141
1.09961;0.0661719;-0.274141
1.0948;0.0734942;-0.274141
1.07582;0.0588495;-0.266818
1.07134;0.0661719;-0.266818
1.06722;0.0734942;-0.266818
1.09886;0.00213077;-0.262557
1.09275;0.00945312;-0.262557
1.08709;0.0167755;-0.262557
1.06538;0.00213077;-0.255234
1.06011;0.00945312;-0.255234
1.05491;0.0167755;-0.255234
1.03216;0.00213077;-0.247912
1.02735;0.00945312;-0.247912
1.02297;0.0167755;-0.247912
1.08387;0.021037;-0.262557
1.07849;0.0283594;-0.262557
1.0735;0.0356817;-0.262557
1.05206;0.021037;-0.255234
1.04746;0.0283594;-0.255234
1.04292;0.0356817;-0.255234
1.02049;0.021037;-0.247912
1.01633;0.0283594;-0.247912
1.01257;0.0356817;-0.247912
1.01281;0.00213077;-0.24365
1.00838;0.00945312;-0.24365
1.00436;0.0167755;-0.24365
0.979608;0.00213077;-0.236328
0.976012;0.00945312;-0.236328
0.972452;0.0167755;-0.236328
0.946751;0.00213077;-0.229006
0.9436;0.00945312;-0.229006
0.940867;0.0167755;-0.229006
1.00209;0.021037;-0.24365
0.998307;0.0283594;-0.24365
0.994903;0.0356817;-0.24365
0.970548;0.021037;-0.236328
0.967566;0.0283594;-0.236328
0.964601;0.0356817;-0.236328
0.939335;0.021037;-0.229006
0.936787;0.0283594;-0.229006
0.934617;0.0356817;-0.229006
1.07068;0.0399433;-0.262557
1.06594;0.0472656;-0.262557
1.06157;0.054588;-0.262557
1.04044;0.0399433;-0.255234
1.03646;0.0472656;-0.255234
1.03251;0.054588;-0.255234
1.01045;0.0399433;-0.247912
1.00689;0.0472656;-0.247912
1.00369;0.054588;-0.247912
1.05909;0.0588495;-0.262557
1.05495;0.0661719;-0.262557
1.05114;0.0734942;-0.262557
1.03037;0.0588495;-0.255234
1.02693;0.0661719;-0.255234
1.02353;0.0734942;-0.255234
1.00188;0.0588495;-0.247912
0.998843;0.0661719;-0.247912
0.996143;0.0734942;-0.247912
0.992982;0.0399433;-0.24365
0.98977;0.0472656;-0.24365
0.986908;0.054588;-0.24365
0.963027;0.0399433;-0.236328
0.960586;0.0472656;-0.236328
0.958145;0.054588;-0.236328
0.933401;0.0399433;-0.229006
0.931377;0.0472656;-0.229006
0.929696;0.054588;-0.229006
0.985293;0.0588495;-0.24365
0.982593;0.0661719;-0.24365
0.98021;0.0734942;-0.24365
0.956861;0.0588495;-0.236328
0.954893;0.0661719;-0.236328
0.95291;0.0734942;-0.236328
0.928754;0.0588495;-0.229006
0.927184;0.0661719;-0.229006
0.925923;0.0734942;-0.229006
1.19009;0.0777558;-0.300369
1.18383;0.0850781;-0.300369
1.17793;0.0924005;-0.300369
1.16276;0.0777558;-0.293047
1.15713;0.0850781;-0.293047
1.1516;0.0924005;-0.293047
1.1355;0.0777558;-0.285725
1.13024;0.0850781;-0.285725
1.12533;0.0924005;-0.285725
1.17459;0.096662;-0.300369
1.16898;0.103984;-0.300369
1.16371;0.111307;-0.300369
1.14853;0.096662;-0.293047
1.14351;0.103984;-0.293047
1.13859;0.111307;-0.293047
1.12255;0.096662;-0.285725
1.11788;0.103984;-0.285725
1.11354;0.111307;-0.285725
1.11956;0.0777558;-0.281463
1.11461;0.0850781;-0.281463
1.10999;0.0924005;-0.281463
1.09215;0.0777558;-0.274141
1.08785;0.0850781;-0.274141
1.0836;0.0924005;-0.274141
1.06488;0.0777558;-0.266818
1.06096;0.0850781;-0.266818
1.05736;0.0924005;-0.266818
1.10737;0.096662;-0.281463
1.10299;0.103984;-0.281463
1.09891;0.111307;-0.281463
1.08127;0.096662;-0.274141
1.07749;0.103984;-0.274141
1.07377;0.111307;-0.274141
1.05532;0.096662;-0.266818
1.0519;0.103984;-0.266818
1.04878;0.111307;-0.266818
1.16072;0.115568;-0.300369
1.15572;0.122891;-0.300369
1.15103;0.130213;-0.300369
1.13586;0.115568;-0.293047
1.1314;0.122891;-0.293047
1.12703;0.130213;-0.293047
1.11107;0.115568;-0.285725
1.10694;0.122891;-0.285725
1.10312;0.130213;-0.285725
1.14837;0.134475;-0.300369
1.14393;0.141797;-0.300369
1.13978;0.149119;-0.300369
1.12462;0.134475;-0.293047
1.12069;0.141797;-0.293047
1.11683;0.149119;-0.293047
1.10095;0.134475;-0.285725
1.09732;0.141797;-0.285725
1.09397;0.149119;-0.285725
1.0966;0.115568;-0.281463
1.09274;0.122891;-0.281463
1.08916;0.130213;-0.281463
1.07173;0.115568;-0.274141
1.06844;0.122891;-0.274141
1.06519;0.130213;-0.274141
1.04701;0.115568;-0.266818
1.04405;0.122891;-0.266818
1.04136;0.130213;-0.266818
1.08714;0.134475;-0.281463
1.08376;0.141797;-0.281463
1.08064;0.149119;-0.281463
1.06341;0.134475;-0.274141
1.06056;0.141797;-0.274141
1.05775;0.149119;-0.274141
1.03985;0.134475;-0.266818
1.0373;0.141797;-0.266818
1.03501;0.149119;-0.266818
1.04898;0.0777558;-0.262557
1.04537;0.0850781;-0.262557
1.04207;0.0924005;-0.262557
1.02168;0.0777558;-0.255234
1.01874;0.0850781;-0.255234
1.01581;0.0924005;-0.255234
0.994614;0.0777558;-0.247912
0.992051;0.0850781;-0.247912
0.989793;0.0924005;-0.247912
1.0402;0.096662;-0.262557
1.03707;0.103984;-0.262557
1.03422;0.111307;-0.262557
1.01424;0.096662;-0.255234
1.01174;0.103984;-0.255234
1.00925;0.111307;-0.255234
0.988515;0.096662;-0.247912
0.986372;0.103984;-0.247912
0.984507;0.111307;-0.247912
0.978866;0.0777558;-0.24365
0.976619;0.0850781;-0.24365
0.974661;0.0924005;-0.24365
0.95188;0.0777558;-0.236328
0.950325;0.0850781;-0.236328
0.948744;0.0924005;-0.236328
0.925217;0.0777558;-0.229006
0.924038;0.0850781;-0.229006
0.92314;0.0924005;-0.229006
0.973556;0.096662;-0.24365
0.971709;0.103984;-0.24365
0.970127;0.111307;-0.24365
0.947935;0.096662;-0.236328
0.94674;0.103984;-0.236328
0.94551;0.111307;-0.236328
0.922636;0.096662;-0.229006
0.921794;0.103984;-0.229006
0.921206;0.111307;-0.229006
1.03261;0.115568;-0.262557
1.02992;0.122891;-0.262557
1.0275;0.130213;-0.262557
1.00791;0.115568;-0.255234
1.00581;0.122891;-0.255234
1.00371;0.130213;-0.255234
0.983452;0.115568;-0.247912
0.981683;0.122891;-0.247912
0.98017;0.130213;-0.247912
1.02612;0.134475;-0.262557
1.02383;0.141797;-0.262557
1.02179;0.149119;-0.262557
1.0026;0.134475;-0.255234
1.00086;0.141797;-0.255234
0.999115;0.149119;-0.255234
0.979315;0.134475;-0.247912
0.977881;0.141797;-0.247912
0.976684;0.149119;-0.247912
0.969234;0.115568;-0.24365
0.967743;0.122891;-0.24365
0.966493;0.130213;-0.24365
0.944894;0.115568;-0.236328
0.944014;0.122891;-0.236328
0.943091;0.130213;-0.236328
0.920877;0.115568;-0.229006
0.920325;0.122891;-0.229006
0.920004;0.130213;-0.229006
0.965789;0.134475;-0.24365
0.964614;0.141797;-0.24365
0.963661;0.149119;-0.24365
0.942646;0.134475;-0.236328
0.942042;0.141797;-0.236328
0.941391;0.149119;-0.236328
0.919826;0.134475;-0.229006
0.919525;0.141797;-0.229006
0.919437;0.149119;-0.229006
0.927647;0.00213077;-0.224744
0.924875;0.00945312;-0.224744
0.922509;0.0167755;-0.224744
0.894935;0.00213077;-0.217422
0.893004;0.00945312;-0.217422
0.891084;0.0167755;-0.217422
0.862655;0.00213077;-0.2101
0.861158;0.00945312;-0.2101
0.860068;0.0167755;-0.2101
0.92119;0.021037;-0.224744
0.91901;0.0283594;-0.224744
0.917195;0.0356817;-0.224744
0.890126;0.021037;-0.217422
0.888759;0.0283594;-0.217422
0.887379;0.0356817;-0.217422
0.859482;0.021037;-0.2101
0.858542;0.0283594;-0.2101
0.857966;0.0356817;-0.2101
0.843922;0.00213077;-0.205838
0.8428;0.00945312;-0.205838
0.842076;0.0167755;-0.205838
0.811905;0.00213077;-0.198516
0.811624;0.00945312;-0.198516
0.811337;0.0167755;-0.198516
0.780399;0.00213077;-0.191193
0.780542;0.00945312;-0.191193
0.781087;0.0167755;-0.191193
0.841703;0.021037;-0.205838
0.841131;0.0283594;-0.205838
0.840909;0.0356817;-0.205838
0.811324;0.021037;-0.198516
0.811572;0.0283594;-0.198516
0.811781;0.0356817;-0.198516
0.781446;0.021037;-0.191193
0.782116;0.0283594;-0.191193
0.783136;0.0356817;-0.191193
0.916184;0.0399433;-0.224744
0.914514;0.0472656;-0.224744
0.913172;0.054588;-0.224744
0.886717;0.0399433;-0.217422
0.885829;0.0472656;-0.217422
0.884905;0.054588;-0.217422
0.857664;0.0399433;-0.2101
0.857189;0.0472656;-0.2101
0.857037;0.054588;-0.2101
0.912426;0.0588495;-0.224744
0.911193;0.0661719;-0.224744
0.910256;0.0734942;-0.224744
0.884493;0.0588495;-0.217422
0.884006;0.0661719;-0.217422
0.883467;0.0734942;-0.217422
0.85697;0.0588495;-0.2101
0.856879;0.0661719;-0.2101
0.857074;0.0734942;-0.2101
0.840814;0.0399433;-0.205838
0.840694;0.0472656;-0.205838
0.840884;0.054588;-0.205838
0.812036;0.0399433;-0.198516
0.812708;0.0472656;-0.198516
0.813314;0.054588;-0.198516
0.783753;0.0399433;-0.191193
0.784836;0.0472656;-0.191193
0.786224;0.054588;-0.191193
0.841015;0.0588495;-0.205838
0.841264;0.0661719;-0.205838
0.841786;0.0734942;-0.205838
0.813781;0.0588495;-0.198516
0.814788;0.0661719;-0.198516
0.815706;0.0734942;-0.198516
0.787039;0.0588495;-0.191193
0.78844;0.0661719;-0.191193
0.790105;0.0734942;-0.191193
0.762148;0.00213077;-0.186932
0.762664;0.00945312;-0.186932
0.763574;0.0167755;-0.186932
0.731014;0.00213077;-0.179609
0.732371;0.00945312;-0.179609
0.733712;0.0167755;-0.179609
0.700461;0.00213077;-0.172287
0.702236;0.00945312;-0.172287
0.704415;0.0167755;-0.172287
0.764146;0.021037;-0.186932
0.765183;0.0283594;-0.186932
0.76656;0.0356817;-0.186932
0.734644;0.021037;-0.179609
0.736509;0.0283594;-0.179609
0.738314;0.0356817;-0.179609
0.70572;0.021037;-0.172287
0.708006;0.0283594;-0.172287
0.710632;0.0356817;-0.172287
0.682797;0.00213077;-0.168025
0.684944;0.00945312;-0.168025
0.687488;0.0167755;-0.168025
0.652718;0.00213077;-0.160703
0.655712;0.00945312;-0.160703
0.658688;0.0167755;-0.160703
0.623288;0.00213077;-0.153381
0.626703;0.00945312;-0.153381
0.630527;0.0167755;-0.153381
0.689008;0.021037;-0.168025
0.691663;0.0283594;-0.168025
0.69465;0.0356817;-0.168025
0.660571;0.021037;-0.160703
0.664065;0.0283594;-0.160703
0.667482;0.0356817;-0.160703
0.632787;0.021037;-0.153381
0.636708;0.0283594;-0.153381
0.640959;0.0356817;-0.153381
0.767385;0.0399433;-0.186932
0.768826;0.0472656;-0.186932
0.770558;0.054588;-0.186932
0.739491;0.0399433;-0.179609
0.741735;0.0472656;-0.179609
0.743882;0.054588;-0.179609
0.712174;0.0399433;-0.172287
0.714829;0.0472656;-0.172287
0.717769;0.054588;-0.172287
0.771574;0.0588495;-0.186932
0.773317;0.0661719;-0.186932
0.775312;0.0734942;-0.186932
0.745237;0.0588495;-0.179609
0.74775;0.0661719;-0.179609
0.75014;0.0734942;-0.179609
0.719475;0.0588495;-0.172287
0.722384;0.0661719;-0.172287
0.725531;0.0734942;-0.172287
0.696402;0.0399433;-0.168025
0.699418;0.0472656;-0.168025
0.702708;0.054588;-0.168025
0.669591;0.0399433;-0.160703
0.673422;0.0472656;-0.160703
0.677129;0.054588;-0.160703
0.643438;0.0399433;-0.153381
0.647687;0.0472656;-0.153381
0.6522;0.054588;-0.153381
0.704616;0.0588495;-0.168025
0.70787;0.0661719;-0.168025
0.71135;0.0734942;-0.168025
0.679381;0.0588495;-0.160703
0.683417;0.0661719;-0.160703
0.687293;0.0734942;-0.160703
0.654808;0.0588495;-0.153381
0.659241;0.0661719;-0.153381
0.663887;0.0734942;-0.153381
0.909736;0.0777558;-0.224744
0.908876;0.0850781;-0.224744
0.908282;0.0924005;-0.224744
0.883264;0.0777558;-0.217422
0.883112;0.0850781;-0.217422
0.882894;0.0924005;-0.217422
0.857199;0.0777558;-0.2101
0.857422;0.0850781;-0.2101
0.8579;0.0924005;-0.2101
0.907955;0.096662;-0.224744
0.907413;0.103984;-0.224744
0.907112;0.111307;-0.224744
0.882865;0.096662;-0.217422
0.882991;0.103984;-0.217422
0.88304;0.111307;-0.217422
0.85818;0.096662;-0.2101
0.858657;0.103984;-0.2101
0.859362;0.111307;-0.2101
0.842099;0.0777558;-0.205838
0.842645;0.0850781;-0.205838
0.843431;0.0924005;-0.205838
0.81634;0.0777558;-0.198516
0.817605;0.0850781;-0.198516
0.818764;0.0924005;-0.198516
0.79107;0.0777558;-0.191193
0.792708;0.0850781;-0.191193
0.794575;0.0924005;-0.191193
0.843889;0.096662;-0.205838
0.84467;0.103984;-0.205838
0.845664;0.111307;-0.205838
0.819525;0.096662;-0.198516
0.820985;0.103984;-0.198516
0.822328;0.111307;-0.198516
0.795647;0.096662;-0.191193
0.797457;0.103984;-0.191193
0.799466;0.111307;-0.191193
0.906947;0.115568;-0.224744
0.906677;0.122891;-0.224744
0.906624;0.130213;-0.224744
0.883156;0.115568;-0.217422
0.883512;0.122891;-0.217422
0.883784;0.130213;-0.217422
0.859768;0.115568;-0.2101
0.86045;0.122891;-0.2101
0.861337;0.130213;-0.2101
0.906599;0.134475;-0.224744
0.906561;0.141797;-0.224744
0.90672;0.149119;-0.224744
0.884021;0.134475;-0.217422
0.884568;0.141797;-0.217422
0.885027;0.149119;-0.217422
0.861843;0.134475;-0.2101
0.862692;0.141797;-0.2101
0.863725;0.149119;-0.2101
0.846236;0.115568;-0.205838
0.847203;0.122891;-0.205838
0.84836;0.130213;-0.205838
0.823183;0.115568;-0.198516
0.824788;0.122891;-0.198516
0.826267;0.130213;-0.198516
0.800613;0.115568;-0.191193
0.802541;0.122891;-0.191193
0.804644;0.130213;-0.191193
0.849021;0.134475;-0.205838
0.850134;0.141797;-0.205838
0.851418;0.149119;-0.205838
0.827192;0.134475;-0.198516
0.828901;0.141797;-0.198516
0.83048;0.149119;-0.198516
0.805841;0.134475;-0.191193
0.807846;0.141797;-0.191193
0.810007;0.149119;-0.191193
0.776466;0.0777558;-0.186932
0.77843;0.0850781;-0.186932
0.780608;0.0924005;-0.186932
0.751617;0.0777558;-0.179609
0.754312;0.0850781;-0.179609
0.756862;0.0924005;-0.179609
0.727342;0.0777558;-0.172287
0.730409;0.0850781;-0.172287
0.733676;0.0924005;-0.172287
0.78186;0.096662;-0.186932
0.783975;0.103984;-0.186932
0.786275;0.111307;-0.186932
0.758418;0.096662;-0.179609
0.761223;0.103984;-0.179609
0.763869;0.111307;-0.179609
0.735546;0.096662;-0.172287
0.738697;0.103984;-0.172287
0.742018;0.111307;-0.172287
0.713354;0.0777558;-0.168025
0.716748;0.0850781;-0.168025
0.720329;0.0924005;-0.168025
0.689622;0.0777558;-0.160703
0.693758;0.0850781;-0.160703
0.697709;0.0924005;-0.160703
0.666553;0.0777558;-0.153381
0.671061;0.0850781;-0.153381
0.675738;0.0924005;-0.153381
0.72238;0.096662;-0.168025
0.725838;0.103984;-0.168025
0.729451;0.111307;-0.168025
0.700066;0.096662;-0.160703
0.704221;0.103984;-0.160703
0.708176;0.111307;-0.160703
0.67841;0.096662;-0.153381
0.682908;0.103984;-0.153381
0.687543;0.111307;-0.153381
0.787591;0.115568;-0.186932
0.789804;0.122891;-0.186932
0.792179;0.130213;-0.186932
0.765468;0.115568;-0.179609
0.768328;0.122891;-0.179609
0.77102;0.130213;-0.179609
0.743911;0.115568;-0.172287
0.747089;0.122891;-0.172287
0.750412;0.130213;-0.172287
0.793531;0.134475;-0.186932
0.795801;0.141797;-0.186932
0.798214;0.149119;-0.186932
0.772637;0.134475;-0.179609
0.77551;0.141797;-0.179609
0.778212;0.149119;-0.179609
0.7523;0.134475;-0.172287
0.755464;0.141797;-0.172287
0.758753;0.149119;-0.172287
0.731512;0.115568;-0.168025
0.734976;0.122891;-0.168025
0.738571;0.130213;-0.168025
0.710521;0.115568;-0.160703
0.714637;0.122891;-0.160703
0.718543;0.130213;-0.160703
0.690181;0.115568;-0.153381
0.694609;0.122891;-0.153381
0.699148;0.130213;-0.153381
0.740615;0.134475;-0.168025
0.744043;0.141797;-0.168025
0.747582;0.149119;-0.168025
0.72085;0.134475;-0.160703
0.724884;0.141797;-0.160703
0.728705;0.149119;-0.160703
0.701725;0.134475;-0.153381
0.706041;0.141797;-0.153381
0.710449;0.149119;-0.153381
1.13744;0.153381;-0.300369
1.13353;0.160703;-0.300369
1.12988;0.168025;-0.300369
1.11471;0.153381;-0.293047
1.11127;0.160703;-0.293047
1.1079;0.168025;-0.293047
1.09208;0.153381;-0.285725
1.08892;0.160703;-0.285725
1.08602;0.168025;-0.285725
1.12783;0.172287;-0.300369
1.12441;0.179609;-0.300369
1.12124;0.186932;-0.300369
1.10605;0.172287;-0.293047
1.10306;0.179609;-0.293047
1.10015;0.186932;-0.293047
1.08438;0.172287;-0.285725
1.08165;0.179609;-0.285725
1.07916;0.186932;-0.285725
1.07888;0.153381;-0.281463
1.07595;0.160703;-0.281463
1.07326;0.168025;-0.281463
1.05622;0.153381;-0.274141
1.05378;0.160703;-0.274141
1.05137;0.168025;-0.274141
1.03372;0.153381;-0.266818
1.03156;0.160703;-0.266818
1.02964;0.168025;-0.266818
1.07175;0.172287;-0.281463
1.06923;0.179609;-0.281463
1.06694;0.186932;-0.281463
1.05006;0.172287;-0.274141
1.048;0.179609;-0.274141
1.04597;0.186932;-0.274141
1.02856;0.172287;-0.266818
1.02675;0.179609;-0.266818
1.02517;0.186932;-0.266818
1.11946;0.191193;-0.300369
1.1165;0.198516;-0.300369
1.11378;0.205838;-0.300369
1.09856;0.191193;-0.293047
1.096;0.198516;-0.293047
1.09351;0.205838;-0.293047
1.07777;0.191193;-0.285725
1.07544;0.198516;-0.285725
1.07335;0.205838;-0.285725
1.11226;0.2101;-0.300369
1.10975;0.217422;-0.300369
1.10746;0.224744;-0.300369
1.09216;0.2101;-0.293047
1.09001;0.217422;-0.293047
1.08793;0.224744;-0.293047
1.07218;0.2101;-0.285725
1.07024;0.217422;-0.285725
1.06853;0.224744;-0.285725
1.06566;0.191193;-0.281463
1.06352;0.198516;-0.281463
1.06162;0.205838;-0.281463
1.04488;0.191193;-0.274141
1.04317;0.198516;-0.274141
1.04149;0.205838;-0.274141
1.02429;0.191193;-0.266818
1.02281;0.198516;-0.266818
1.02155;0.205838;-0.266818
1.06055;0.2101;-0.281463
1.05879;0.217422;-0.281463
1.05724;0.224744;-0.281463
1.0406;0.2101;-0.274141
1.03923;0.217422;-0.274141
1.03789;0.224744;-0.274141
1.02085;0.2101;-0.266818
1.01969;0.217422;-0.266818
1.01873;0.224744;-0.266818
1.02063;0.153381;-0.262557
1.0187;0.160703;-0.262557
1.01701;0.168025;-0.262557
0.998196;0.153381;-0.255234
0.996785;0.160703;-0.255234
0.995364;0.168025;-0.255234
0.976008;0.153381;-0.247912
0.974877;0.160703;-0.247912
0.973966;0.168025;-0.247912
1.01605;0.172287;-0.262557
1.01446;0.179609;-0.262557
1.01309;0.186932;-0.262557
0.994627;0.172287;-0.255234
0.993516;0.179609;-0.255234
0.992394;0.186932;-0.255234
0.973453;0.172287;-0.247912
0.972597;0.179609;-0.247912
0.971948;0.186932;-0.247912
0.963125;0.153381;-0.24365
0.962234;0.160703;-0.24365
0.961548;0.168025;-0.24365
0.941096;0.153381;-0.236328
0.940737;0.160703;-0.236328
0.940328;0.168025;-0.236328
0.919389;0.153381;-0.229006
0.919308;0.160703;-0.229006
0.919423;0.168025;-0.229006
0.961166;0.172287;-0.24365
0.960532;0.179609;-0.24365
0.960091;0.186932;-0.24365
0.940167;0.172287;-0.236328
0.940028;0.179609;-0.236328
0.939838;0.186932;-0.236328
0.91949;0.172287;-0.229006
0.919605;0.179609;-0.229006
0.919901;0.186932;-0.229006
1.01232;0.191193;-0.262557
1.01104;0.198516;-0.262557
1.00997;0.205838;-0.262557
0.991824;0.191193;-0.255234
0.990993;0.198516;-0.255234
0.990148;0.205838;-0.255234
0.971585;0.191193;-0.247912
0.970984;0.198516;-0.247912
0.970578;0.205838;-0.247912
1.00937;0.2101;-0.262557
1.00839;0.217422;-0.262557
1.00761;0.224744;-0.262557
0.989736;0.2101;-0.255234
0.989168;0.217422;-0.255234
0.988586;0.224744;-0.255234
0.970356;0.2101;-0.247912
0.969994;0.217422;-0.247912
0.969819;0.224744;-0.247912
0.959847;0.191193;-0.24365
0.959451;0.198516;-0.24365
0.959236;0.205838;-0.24365
0.939799;0.191193;-0.236328
0.939861;0.198516;-0.236328
0.939872;0.205838;-0.236328
0.920072;0.191193;-0.229006
0.920363;0.198516;-0.229006
0.920825;0.205838;-0.229006
0.959122;0.2101;-0.24365
0.958948;0.217422;-0.24365
0.958947;0.224744;-0.24365
0.939946;0.2101;-0.236328
0.940197;0.217422;-0.236328
0.940396;0.224744;-0.236328
0.921091;0.2101;-0.229006
0.921545;0.217422;-0.229006
0.922163;0.224744;-0.229006
1.10618;0.229006;-0.300369
1.10409;0.236328;-0.300369
1.10221;0.24365;-0.300369
1.08681;0.229006;-0.293047
1.08506;0.236328;-0.293047
1.08336;0.24365;-0.293047
1.06757;0.229006;-0.285725
1.066;0.236328;-0.285725
1.06465;0.24365;-0.285725
1.10117;0.247912;-0.300369
1.09949;0.255234;-0.300369
1.09801;0.262557;-0.300369
1.08247;0.247912;-0.293047
1.08109;0.255234;-0.293047
1.07978;0.262557;-0.293047
1.0639;0.247912;-0.285725
1.06269;0.255234;-0.285725
1.06169;0.262557;-0.285725
1.05638;0.229006;-0.281463
1.05497;0.236328;-0.281463
1.05376;0.24365;-0.281463
1.03719;0.229006;-0.274141
1.03615;0.236328;-0.274141
1.03512;0.24365;-0.274141
1.0182;0.229006;-0.266818
1.01734;0.236328;-0.266818
1.01668;0.24365;-0.266818
1.0531;0.247912;-0.281463
1.05204;0.255234;-0.281463
1.05117;0.262557;-0.281463
1.03461;0.247912;-0.274141
1.03388;0.255234;-0.274141
1.03317;0.262557;-0.274141
1.01632;0.247912;-0.266818
1.01575;0.255234;-0.266818
1.01537;0.262557;-0.266818
1.09721;0.266818;-0.300369
1.09592;0.274141;-0.300369
1.09484;0.281463;-0.300369
1.0791;0.266818;-0.293047
1.0781;0.274141;-0.293047
1.07715;0.281463;-0.293047
1.06114;0.266818;-0.285725
1.06028;0.274141;-0.285725
1.05962;0.281463;-0.285725
1.09426;0.285725;-0.300369
1.09337;0.293047;-0.300369
1.09268;0.300369;-0.300369
1.07669;0.285725;-0.293047
1.07606;0.293047;-0.293047
1.07547;0.300369;-0.293047
1.05928;0.285725;-0.285725
1.05876;0.293047;-0.285725
1.05845;0.300369;-0.285725
1.0507;0.266818;-0.281463
1.04997;0.274141;-0.281463
1.04944;0.281463;-0.281463
1.03284;0.266818;-0.274141
1.03241;0.274141;-0.274141
1.03201;0.281463;-0.274141
1.01518;0.266818;-0.266818
1.01489;0.274141;-0.266818
1.0148;0.281463;-0.266818
1.04916;0.285725;-0.281463
1.04876;0.293047;-0.281463
1.04856;0.300369;-0.281463
1.03186;0.285725;-0.274141
1.03174;0.293047;-0.274141
1.03164;0.300369;-0.274141
1.01477;0.285725;-0.266818
1.01476;0.293047;-0.266818
1.01496;0.300369;-0.266818
1.00718;0.229006;-0.262557
1.00648;0.236328;-0.262557
1.00597;0.24365;-0.262557
0.988324;0.229006;-0.255234
0.988009;0.236328;-0.255234
0.987679;0.24365;-0.255234
0.969729;0.229006;-0.247912
0.969595;0.236328;-0.247912
0.969643;0.24365;-0.247912
1.0057;0.247912;-0.262557
1.00528;0.255234;-0.262557
1.00505;0.262557;-0.262557
0.987562;0.247912;-0.255234
0.987493;0.255234;-0.255234
0.987408;0.262557;-0.255234
0.969682;0.247912;-0.247912
0.96977;0.255234;-0.247912
0.970037;0.262557;-0.247912
0.958957;0.229006;-0.24365
0.958994;0.236328;-0.24365
0.9592;0.24365;-0.24365
0.940578;0.229006;-0.236328
0.941008;0.236328;-0.236328
0.941389;0.24365;-0.236328
0.92252;0.229006;-0.229006
0.923129;0.236328;-0.229006
0.923899;0.24365;-0.229006
0.95933;0.247912;-0.24365
0.959573;0.255234;-0.24365
0.959983;0.262557;-0.24365
0.941676;0.247912;-0.236328
0.942284;0.255234;-0.236328
0.942843;0.262557;-0.236328
0.924344;0.247912;-0.229006
0.925106;0.255234;-0.229006
0.926027;0.262557;-0.229006
1.00493;0.266818;-0.262557
1.00478;0.274141;-0.262557
1.00482;0.281463;-0.262557
0.987435;0.266818;-0.255234
0.98761;0.274141;-0.255234
0.987769;0.281463;-0.255234
0.970203;0.266818;-0.247912
0.97051;0.274141;-0.247912
0.970998;0.281463;-0.247912
1.00486;0.285725;-0.262557
1.00498;0.293047;-0.262557
1.00528;0.300369;-0.262557
0.987939;0.285725;-0.255234
0.988363;0.293047;-0.255234
0.988766;0.300369;-0.255234
0.971293;0.285725;-0.247912
0.971822;0.293047;-0.247912
0.972536;0.300369;-0.247912
0.960231;0.266818;-0.24365
0.960679;0.274141;-0.24365
0.961296;0.281463;-0.24365
0.943234;0.266818;-0.236328
0.944021;0.274141;-0.236328
0.94476;0.281463;-0.236328
0.92656;0.266818;-0.229006
0.927477;0.274141;-0.229006
0.928553;0.281463;-0.229006
0.961664;0.285725;-0.24365
0.962319;0.293047;-0.24365
0.963149;0.300369;-0.24365
0.945258;0.285725;-0.236328
0.94623;0.293047;-0.236328
0.947154;0.300369;-0.236328
0.929178;0.285725;-0.229006
0.930255;0.293047;-0.229006
0.931495;0.300369;-0.229006
0.906815;0.153381;-0.224744
0.906977;0.160703;-0.224744
0.907321;0.168025;-0.224744
0.885365;0.153381;-0.217422
0.886073;0.160703;-0.217422
0.886691;0.168025;-0.217422
0.864312;0.153381;-0.2101
0.865296;0.160703;-0.2101
0.866447;0.168025;-0.2101
0.907521;0.172287;-0.224744
0.90786;0.179609;-0.224744
0.908367;0.186932;-0.224744
0.887114;0.172287;-0.217422
0.88796;0.179609;-0.217422
0.888715;0.186932;-0.217422
0.867102;0.172287;-0.2101
0.868197;0.179609;-0.2101
0.869448;0.186932;-0.2101
0.852149;0.153381;-0.205838
0.853377;0.160703;-0.205838
0.85476;0.168025;-0.205838
0.831456;0.153381;-0.198516
0.833238;0.160703;-0.198516
0.83489;0.168025;-0.198516
0.811234;0.153381;-0.191193
0.813287;0.160703;-0.191193
0.81548;0.168025;-0.191193
0.855548;0.172287;-0.205838
0.856868;0.179609;-0.205838
0.858332;0.186932;-0.205838
0.835903;0.172287;-0.198516
0.837739;0.179609;-0.198516
0.839444;0.186932;-0.198516
0.816724;0.172287;-0.191193
0.818803;0.179609;-0.191193
0.821011;0.186932;-0.191193
0.908659;0.191193;-0.224744
0.909156;0.198516;-0.224744
0.909812;0.205838;-0.224744
0.889214;0.191193;-0.217422
0.890181;0.198516;-0.217422
0.891058;0.205838;-0.217422
0.870159;0.191193;-0.2101
0.87135;0.198516;-0.2101
0.872688;0.205838;-0.2101
0.91019;0.2101;-0.224744
0.910832;0.217422;-0.224744
0.911627;0.224744;-0.224744
0.891625;0.2101;-0.217422
0.892704;0.217422;-0.217422
0.893695;0.224744;-0.217422
0.873448;0.2101;-0.2101
0.874726;0.217422;-0.2101
0.876143;0.224744;-0.2101
0.859165;0.191193;-0.205838
0.860563;0.198516;-0.205838
0.862095;0.205838;-0.205838
0.840484;0.191193;-0.198516
0.84236;0.198516;-0.198516
0.844107;0.205838;-0.198516
0.822262;0.191193;-0.191193
0.824355;0.198516;-0.191193
0.826569;0.205838;-0.191193
0.862967;0.2101;-0.205838
0.864433;0.217422;-0.205838
0.866029;0.224744;-0.205838
0.845169;0.2101;-0.198516
0.847078;0.217422;-0.198516
0.848863;0.224744;-0.198516
0.827823;0.2101;-0.191193
0.829924;0.217422;-0.191193
0.832139;0.224744;-0.191193
0.799585;0.153381;-0.186932
0.801883;0.160703;-0.186932
0.804307;0.168025;-0.186932
0.779828;0.153381;-0.179609
0.782686;0.160703;-0.179609
0.785372;0.168025;-0.179609
0.760619;0.153381;-0.172287
0.763739;0.160703;-0.172287
0.76697;0.168025;-0.172287
0.805684;0.172287;-0.186932
0.807988;0.179609;-0.186932
0.810408;0.186932;-0.186932
0.786972;0.172287;-0.179609
0.789796;0.179609;-0.179609
0.79245;0.186932;-0.179609
0.7688;0.172287;-0.172287
0.771859;0.179609;-0.172287
0.775017;0.186932;-0.172287
0.749591;0.153381;-0.168025
0.752954;0.160703;-0.168025
0.756415;0.168025;-0.168025
0.730955;0.153381;-0.160703
0.73488;0.160703;-0.160703
0.738592;0.168025;-0.160703
0.712947;0.153381;-0.153381
0.717124;0.160703;-0.153381
0.721379;0.168025;-0.153381
0.758376;0.172287;-0.168025
0.761657;0.179609;-0.168025
0.765025;0.186932;-0.168025
0.740775;0.172287;-0.160703
0.744575;0.179609;-0.160703
0.748167;0.186932;-0.160703
0.723788;0.172287;-0.153381
0.727811;0.179609;-0.153381
0.731903;0.186932;-0.153381
0.811781;0.191193;-0.186932
0.81408;0.198516;-0.186932
0.816487;0.205838;-0.186932
0.794029;0.191193;-0.179609
0.796808;0.198516;-0.179609
0.799423;0.205838;-0.179609
0.776805;0.191193;-0.172287
0.779793;0.198516;-0.172287
0.782873;0.205838;-0.172287
0.817853;0.2101;-0.186932
0.82014;0.217422;-0.186932
0.822532;0.224744;-0.186932
0.800976;0.2101;-0.179609
0.803708;0.217422;-0.179609
0.806282;0.224744;-0.179609
0.784617;0.2101;-0.172287
0.787532;0.217422;-0.172287
0.790535;0.224744;-0.172287
0.766933;0.191193;-0.168025
0.770123;0.198516;-0.168025
0.773395;0.205838;-0.168025
0.750277;0.191193;-0.160703
0.753946;0.198516;-0.160703
0.757414;0.205838;-0.160703
0.734219;0.191193;-0.153381
0.738084;0.198516;-0.153381
0.742013;0.205838;-0.153381
0.775247;0.2101;-0.168025
0.778346;0.217422;-0.168025
0.781523;0.224744;-0.168025
0.75945;0.2101;-0.160703
0.76299;0.217422;-0.160703
0.766338;0.224744;-0.160703
0.744235;0.2101;-0.153381
0.747946;0.217422;-0.153381
0.751718;0.224744;-0.153381
0.912085;0.229006;-0.224744
0.912867;0.236328;-0.224744
0.913797;0.24365;-0.224744
0.894326;0.229006;-0.217422
0.895511;0.236328;-0.217422
0.896612;0.24365;-0.217422
0.876951;0.229006;-0.2101
0.87831;0.236328;-0.2101
0.879806;0.24365;-0.2101
0.914334;0.247912;-0.224744
0.915252;0.255234;-0.224744
0.916319;0.262557;-0.224744
0.897306;0.247912;-0.217422
0.898599;0.255234;-0.217422
0.89981;0.262557;-0.217422
0.88066;0.247912;-0.2101
0.882103;0.255234;-0.2101
0.883681;0.262557;-0.2101
0.866938;0.229006;-0.205838
0.868469;0.236328;-0.205838
0.870127;0.24365;-0.205838
0.849944;0.229006;-0.198516
0.851885;0.236328;-0.198516
0.853707;0.24365;-0.198516
0.833397;0.229006;-0.191193
0.835505;0.236328;-0.191193
0.837725;0.24365;-0.191193
0.871073;0.247912;-0.205838
0.872671;0.255234;-0.205838
0.874396;0.262557;-0.205838
0.85481;0.247912;-0.198516
0.856787;0.255234;-0.198516
0.858652;0.262557;-0.198516
0.838987;0.247912;-0.191193
0.841108;0.255234;-0.191193
0.843341;0.262557;-0.191193
0.916936;0.266818;-0.224744
0.917993;0.274141;-0.224744
0.919201;0.281463;-0.224744
0.90057;0.266818;-0.217422
0.901975;0.274141;-0.217422
0.903302;0.281463;-0.217422
0.884585;0.266818;-0.2101
0.886115;0.274141;-0.2101
0.887784;0.281463;-0.2101
0.919901;0.285725;-0.224744
0.921103;0.293047;-0.224744
0.922462;0.300369;-0.224744
0.904131;0.285725;-0.217422
0.905658;0.293047;-0.217422
0.90711;0.300369;-0.217422
0.888742;0.285725;-0.2101
0.89037;0.293047;-0.2101
0.89214;0.300369;-0.2101
0.875382;0.266818;-0.205838
0.877054;0.274141;-0.205838
0.878854;0.281463;-0.205838
0.859781;0.266818;-0.198516
0.861802;0.274141;-0.198516
0.863719;0.281463;-0.198516
0.844613;0.266818;-0.191193
0.846755;0.274141;-0.191193
0.849013;0.281463;-0.191193
0.879887;0.285725;-0.205838
0.881641;0.293047;-0.205838
0.88353;0.300369;-0.205838
0.86488;0.285725;-0.198516
0.866959;0.293047;-0.198516
0.86894;0.300369;-0.198516
0.850302;0.285725;-0.191193
0.85248;0.293047;-0.191193
0.854777;0.300369;-0.191193
0.823891;0.229006;-0.186932
0.826169;0.236328;-0.186932
0.828549;0.24365;-0.186932
0.80781;0.229006;-0.179609
0.810498;0.236328;-0.179609
0.813036;0.24365;-0.179609
0.792237;0.229006;-0.172287
0.795084;0.236328;-0.172287
0.798018;0.24365;-0.172287
0.829903;0.247912;-0.186932
0.832177;0.255234;-0.186932
0.834555;0.262557;-0.186932
0.814544;0.247912;-0.179609
0.817197;0.255234;-0.179609
0.819708;0.262557;-0.179609
0.799682;0.247912;-0.172287
0.80247;0.255234;-0.172287
0.805347;0.262557;-0.172287
0.783323;0.229006;-0.168025
0.786337;0.236328;-0.168025
0.789428;0.24365;-0.168025
0.768304;0.229006;-0.160703
0.771724;0.236328;-0.160703
0.774962;0.24365;-0.160703
0.753853;0.229006;-0.153381
0.75742;0.236328;-0.153381
0.761047;0.24365;-0.153381
0.791181;0.247912;-0.168025
0.794119;0.255234;-0.168025
0.797138;0.262557;-0.168025
0.776865;0.247912;-0.160703
0.780178;0.255234;-0.160703
0.78332;0.262557;-0.160703
0.763102;0.247912;-0.153381
0.766539;0.255234;-0.153381
0.77004;0.262557;-0.153381
0.835909;0.266818;-0.186932
0.83819;0.274141;-0.186932
0.840578;0.281463;-0.186932
0.821202;0.266818;-0.179609
0.823832;0.274141;-0.179609
0.826331;0.281463;-0.179609
0.806981;0.266818;-0.172287
0.809726;0.274141;-0.172287
0.812561;0.281463;-0.172287
0.841941;0.285725;-0.186932
0.844243;0.293047;-0.186932
0.846658;0.300369;-0.186932
0.827819;0.285725;-0.179609
0.830445;0.293047;-0.179609
0.832948;0.300369;-0.179609
0.814176;0.285725;-0.172287
0.816894;0.293047;-0.172287
0.819708;0.300369;-0.172287
0.798852;0.266818;-0.168025
0.801731;0.274141;-0.168025
0.804694;0.281463;-0.168025
0.785169;0.266818;-0.160703
0.788393;0.274141;-0.160703
0.791459;0.281463;-0.160703
0.772026;0.266818;-0.153381
0.775353;0.274141;-0.153381
0.778748;0.281463;-0.153381
0.806381;0.285725;-0.168025
0.809219;0.293047;-0.168025
0.812148;0.300369;-0.168025
0.793266;0.285725;-0.160703
0.796422;0.293047;-0.160703
0.799433;0.300369;-0.160703
0.780677;0.285725;-0.153381
0.783918;0.293047;-0.153381
0.787231;0.300369;-0.153381
0.606307;0.00213077;-0.149119
0.610097;0.00945312;-0.149119
0.614294;0.0167755;-0.149119
0.577451;0.00213077;-0.141797
0.582103;0.00945312;-0.141797
0.586741;0.0167755;-0.141797
0.549313;0.00213077;-0.134475
0.5544;0.00945312;-0.134475
0.559907;0.0167755;-0.134475
0.616772;0.021037;-0.149119
0.621069;0.0283594;-0.149119
0.625689;0.0356817;-0.149119
0.589591;0.021037;-0.141797
0.594746;0.0283594;-0.141797
0.599805;0.0356817;-0.141797
0.563146;0.021037;-0.134475
0.568741;0.0283594;-0.134475
0.574656;0.0356817;-0.134475
0.533114;0.00213077;-0.130213
0.53859;0.00945312;-0.130213
0.544483;0.0167755;-0.130213
0.505659;0.00213077;-0.122891
0.512027;0.00945312;-0.122891
0.518386;0.0167755;-0.122891
0.479;0.00213077;-0.115568
0.485838;0.00945312;-0.115568
0.493103;0.0167755;-0.115568
0.547948;0.021037;-0.130213
0.553931;0.0283594;-0.130213
0.560227;0.0356817;-0.130213
0.522237;0.021037;-0.122891
0.529108;0.0283594;-0.122891
0.535862;0.0356817;-0.122891
0.497363;0.021037;-0.115568
0.5047;0.0283594;-0.115568
0.512341;0.0356817;-0.115568
0.628382;0.0399433;-0.149119
0.632996;0.0472656;-0.149119
0.637866;0.054588;-0.149119
0.602862;0.0399433;-0.141797
0.60831;0.0472656;-0.141797
0.613602;0.054588;-0.141797
0.578093;0.0399433;-0.134475
0.583968;0.0472656;-0.134475
0.590085;0.054588;-0.134475
0.640679;0.0588495;-0.149119
0.645462;0.0661719;-0.149119
0.650445;0.0734942;-0.149119
0.616765;0.0588495;-0.141797
0.622345;0.0661719;-0.141797
0.627725;0.0734942;-0.141797
0.59361;0.0588495;-0.134475
0.599592;0.0661719;-0.134475
0.605754;0.0734942;-0.134475
0.563885;0.0399433;-0.130213
0.570135;0.0472656;-0.130213
0.576616;0.054588;-0.130213
0.539895;0.0399433;-0.122891
0.547003;0.0472656;-0.122891
0.553917;0.054588;-0.122891
0.516769;0.0399433;-0.115568
0.524319;0.0472656;-0.115568
0.532079;0.054588;-0.115568
0.580351;0.0588495;-0.130213
0.586688;0.0661719;-0.130213
0.593192;0.0734942;-0.130213
0.558008;0.0588495;-0.122891
0.565158;0.0661719;-0.122891
0.572061;0.0734942;-0.122891
0.536541;0.0588495;-0.115568
0.544097;0.0661719;-0.115568
0.551794;0.0734942;-0.115568
0.463703;0.00213077;-0.111307
0.470953;0.00945312;-0.111307
0.478629;0.0167755;-0.111307
0.437867;0.00213077;-0.103984
0.446065;0.00945312;-0.103984
0.454249;0.0167755;-0.103984
0.412941;0.00213077;-0.096662
0.421665;0.00945312;-0.096662
0.430816;0.0167755;-0.096662
0.483128;0.021037;-0.111307
0.490872;0.0283594;-0.111307
0.498912;0.0356817;-0.111307
0.459159;0.021037;-0.103984
0.467835;0.0283594;-0.103984
0.476359;0.0356817;-0.103984
0.436163;0.021037;-0.096662
0.445343;0.0283594;-0.096662
0.454794;0.0356817;-0.096662
0.398709;0.00213077;-0.0924005
0.407887;0.00945312;-0.0924005
0.417485;0.0167755;-0.0924005
0.374819;0.00213077;-0.0850781
0.385029;0.00945312;-0.0850781
0.395195;0.0167755;-0.0850781
0.352018;0.00213077;-0.0777558
0.362838;0.00945312;-0.0777558
0.374051;0.0167755;-0.0777558
0.423088;0.021037;-0.0924005
0.432702;0.0283594;-0.0924005
0.442574;0.0356817;-0.0924005
0.401244;0.021037;-0.0850781
0.411844;0.0283594;-0.0850781
0.422231;0.0356817;-0.0850781
0.380572;0.021037;-0.0777558
0.391719;0.0283594;-0.0777558
0.403075;0.0356817;-0.0777558
0.503568;0.0399433;-0.111307
0.511506;0.0472656;-0.111307
0.519641;0.054588;-0.111307
0.481408;0.0399433;-0.103984
0.490232;0.0472656;-0.103984
0.498811;0.054588;-0.103984
0.460255;0.0399433;-0.096662
0.469538;0.0472656;-0.096662
0.478986;0.054588;-0.096662
0.524317;0.0588495;-0.111307
0.532234;0.0661719;-0.111307
0.540277;0.0734942;-0.111307
0.503851;0.0588495;-0.103984
0.512595;0.0661719;-0.103984
0.521035;0.0734942;-0.103984
0.484403;0.0588495;-0.096662
0.493554;0.0661719;-0.096662
0.502794;0.0734942;-0.096662
0.448273;0.0399433;-0.0924005
0.457958;0.0472656;-0.0924005
0.467789;0.054588;-0.0924005
0.428339;0.0399433;-0.0850781
0.438937;0.0472656;-0.0850781
0.449217;0.054588;-0.0850781
0.409609;0.0399433;-0.0777558
0.420676;0.0472656;-0.0777558
0.431837;0.054588;-0.0777558
0.473423;0.0588495;-0.0924005
0.482937;0.0661719;-0.0924005
0.492522;0.0734942;-0.0924005
0.455218;0.0588495;-0.0850781
0.465565;0.0661719;-0.0850781
0.475535;0.0734942;-0.0850781
0.438214;0.0588495;-0.0777558
0.448955;0.0661719;-0.0777558
0.459717;0.0734942;-0.0777558
0.653306;0.0777558;-0.149119
0.658143;0.0850781;-0.149119
0.663136;0.0924005;-0.149119
0.630915;0.0777558;-0.141797
0.636504;0.0850781;-0.141797
0.641864;0.0924005;-0.141797
0.609284;0.0777558;-0.134475
0.615243;0.0850781;-0.134475
0.621337;0.0924005;-0.134475
0.66599;0.096662;-0.149119
0.670795;0.103984;-0.149119
0.675723;0.111307;-0.149119
0.645024;0.096662;-0.141797
0.650533;0.103984;-0.141797
0.655794;0.111307;-0.141797
0.624813;0.096662;-0.134475
0.630658;0.103984;-0.134475
0.636602;0.111307;-0.134475
0.596919;0.0777558;-0.130213
0.603209;0.0850781;-0.130213
0.60962;0.0924005;-0.130213
0.57612;0.0777558;-0.122891
0.583171;0.0850781;-0.122891
0.589942;0.0924005;-0.122891
0.556195;0.0777558;-0.115568
0.563612;0.0850781;-0.115568
0.571121;0.0924005;-0.115568
0.613277;0.096662;-0.130213
0.619427;0.103984;-0.130213
0.625663;0.111307;-0.130213
0.593905;0.096662;-0.122891
0.600761;0.103984;-0.122891
0.60732;0.111307;-0.122891
0.575397;0.096662;-0.115568
0.582579;0.103984;-0.115568
0.589817;0.111307;-0.115568
0.678529;0.115568;-0.149119
0.683241;0.122891;-0.149119
0.68805;0.130213;-0.149119
0.658884;0.115568;-0.141797
0.66425;0.122891;-0.141797
0.66936;0.130213;-0.141797
0.639983;0.115568;-0.134475
0.645651;0.122891;-0.134475
0.651392;0.130213;-0.134475
0.690782;0.134475;-0.149119
0.695358;0.141797;-0.149119
0.700013;0.149119;-0.149119
0.672351;0.134475;-0.141797
0.677533;0.141797;-0.141797
0.682457;0.149119;-0.141797
0.65465;0.134475;-0.134475
0.6601;0.141797;-0.134475
0.665606;0.149119;-0.134475
0.629209;0.115568;-0.130213
0.635157;0.122891;-0.130213
0.641164;0.130213;-0.130213
0.611145;0.115568;-0.122891
0.617744;0.122891;-0.122891
0.624037;0.130213;-0.122891
0.593927;0.115568;-0.115568
0.600811;0.122891;-0.115568
0.607728;0.130213;-0.115568
0.644573;0.134475;-0.130213
0.650278;0.141797;-0.130213
0.656026;0.149119;-0.130213
0.627699;0.134475;-0.122891
0.634002;0.141797;-0.122891
0.640001;0.149119;-0.122891
0.611648;0.134475;-0.115568
0.6182;0.141797;-0.115568
0.62477;0.149119;-0.115568
0.544875;0.0777558;-0.111307
0.552623;0.0850781;-0.111307
0.560447;0.0924005;-0.111307
0.525965;0.0777558;-0.103984
0.534477;0.0850781;-0.103984
0.542651;0.0924005;-0.103984
0.508066;0.0777558;-0.096662
0.516932;0.0850781;-0.096662
0.525838;0.0924005;-0.096662
0.564903;0.096662;-0.111307
0.572384;0.103984;-0.111307
0.579908;0.111307;-0.111307
0.547406;0.096662;-0.103984
0.555588;0.103984;-0.103984
0.563416;0.111307;-0.103984
0.5309;0.096662;-0.096662
0.539387;0.103984;-0.096662
0.547881;0.111307;-0.096662
0.497989;0.0777558;-0.0924005
0.507179;0.0850781;-0.0924005
0.516392;0.0924005;-0.0924005
0.481327;0.0777558;-0.0850781
0.491272;0.0850781;-0.0850781
0.500811;0.0924005;-0.0850781
0.46584;0.0777558;-0.0777558
0.476111;0.0850781;-0.0777558
0.48636;0.0924005;-0.0777558
0.521628;0.096662;-0.0924005
0.530403;0.103984;-0.0924005
0.539171;0.111307;-0.0924005
0.506334;0.096662;-0.0850781
0.515791;0.103984;-0.0850781
0.524831;0.111307;-0.0850781
0.492173;0.096662;-0.0777558
0.501899;0.103984;-0.0777558
0.511576;0.111307;-0.0777558
0.58418;0.115568;-0.111307
0.591335;0.122891;-0.111307
0.59851;0.130213;-0.111307
0.567958;0.115568;-0.103984
0.575753;0.122891;-0.103984
0.58319;0.130213;-0.103984
0.552697;0.115568;-0.096662
0.560752;0.122891;-0.096662
0.568794;0.130213;-0.096662
0.602575;0.134475;-0.111307
0.609371;0.141797;-0.111307
0.616172;0.149119;-0.111307
0.587497;0.134475;-0.103984
0.594876;0.141797;-0.103984
0.601902;0.149119;-0.103984
0.573346;0.134475;-0.096662
0.580945;0.141797;-0.096662
0.588521;0.149119;-0.096662
0.544141;0.115568;-0.0924005
0.552452;0.122891;-0.0924005
0.560736;0.130213;-0.0924005
0.530054;0.115568;-0.0850781
0.53898;0.122891;-0.0850781
0.547492;0.130213;-0.0850781
0.517053;0.115568;-0.0777558
0.526199;0.122891;-0.0777558
0.535283;0.130213;-0.0777558
0.565424;0.134475;-0.0924005
0.573251;0.141797;-0.0924005
0.581041;0.149119;-0.0924005
0.552403;0.134475;-0.0850781
0.560785;0.141797;-0.0850781
0.568763;0.149119;-0.0850781
0.540416;0.134475;-0.0777558
0.548977;0.141797;-0.0777558
0.557471;0.149119;-0.0777558
0.339121;0.00213077;-0.0734942
0.35045;0.00945312;-0.0734942
0.362155;0.0167755;-0.0734942
0.317717;0.00213077;-0.0661719
0.330188;0.00945312;-0.0661719
0.34253;0.0167755;-0.0661719
0.297719;0.00213077;-0.0588495
0.310891;0.00945312;-0.0588495
0.32436;0.0167755;-0.0588495
0.368953;0.021037;-0.0734942
0.380561;0.0283594;-0.0734942
0.392357;0.0356817;-0.0734942
0.349807;0.021037;-0.0661719
0.362452;0.0283594;-0.0661719
0.374779;0.0356817;-0.0661719
0.332138;0.021037;-0.0588495
0.345351;0.0283594;-0.0588495
0.358666;0.0356817;-0.0588495
0.286622;0.00213077;-0.054588
0.300358;0.00945312;-0.054588
0.314354;0.0167755;-0.054588
0.268652;0.00213077;-0.0472656
0.283624;0.00945312;-0.0472656
0.298284;0.0167755;-0.0472656
0.252629;0.00213077;-0.0399433
0.26833;0.00945312;-0.0399433
0.28413;0.0167755;-0.0399433
0.322422;0.021037;-0.054588
0.336104;0.0283594;-0.054588
0.349856;0.0356817;-0.054588
0.30684;0.021037;-0.0472656
0.321563;0.0283594;-0.0472656
0.335808;0.0356817;-0.0472656
0.293171;0.021037;-0.0399433
0.308405;0.0283594;-0.0399433
0.323584;0.0356817;-0.0399433
0.399136;0.0399433;-0.0734942
0.410609;0.0472656;-0.0734942
0.422153;0.054588;-0.0734942
0.381974;0.0399433;-0.0661719
0.394369;0.0472656;-0.0661719
0.406346;0.054588;-0.0661719
0.366285;0.0399433;-0.0588495
0.379128;0.0472656;-0.0588495
0.391966;0.054588;-0.0588495
0.428745;0.0588495;-0.0734942
0.439839;0.0661719;-0.0734942
0.450935;0.0734942;-0.0734942
0.413295;0.0588495;-0.0661719
0.425205;0.0661719;-0.0661719
0.436647;0.0734942;-0.0661719
0.399272;0.0588495;-0.0588495
0.411531;0.0661719;-0.0588495
0.423726;0.0734942;-0.0588495
0.357714;0.0399433;-0.054588
0.370945;0.0472656;-0.054588
0.384143;0.054588;-0.054588
0.344058;0.0399433;-0.0472656
0.358169;0.0472656;-0.0472656
0.371731;0.054588;-0.0472656
0.332214;0.0399433;-0.0399433
0.346681;0.0472656;-0.0399433
0.361024;0.054588;-0.0399433
0.391647;0.0588495;-0.054588
0.404227;0.0661719;-0.054588
0.416722;0.0734942;-0.054588
0.379553;0.0588495;-0.0472656
0.392886;0.0661719;-0.0472656
0.405649;0.0734942;-0.0472656
0.369149;0.0588495;-0.0399433
0.38273;0.0661719;-0.0399433
0.396156;0.0734942;-0.0399433
0.244127;0.00213077;-0.0356817
0.260389;0.00945312;-0.0356817
0.27669;0.0167755;-0.0356817
0.231159;0.00213077;-0.0283594
0.2486;0.00945312;-0.0283594
0.265445;0.0167755;-0.0283594
0.220924;0.00213077;-0.021037
0.238892;0.00945312;-0.021037
0.256686;0.0167755;-0.021037
0.285997;0.021037;-0.0356817
0.30165;0.0283594;-0.0356817
0.317207;0.0356817;-0.0356817
0.275167;0.021037;-0.0283594
0.291737;0.0283594;-0.0283594
0.307634;0.0356817;-0.0283594
0.266773;0.021037;-0.021037
0.283634;0.0283594;-0.021037
0.30027;0.0356817;-0.021037
0.216163;0.00213077;-0.0167755
0.234518;0.00945312;-0.0167755
0.252644;0.0167755;-0.0167755
0.210238;0.00213077;-0.00945312
0.229367;0.00945312;-0.00945312
0.247638;0.0167755;-0.00945312
0.207761;0.00213077;-0.00213077
0.226835;0.00945312;-0.00213077
0.245568;0.0167755;-0.00213077
0.2629;0.021037;-0.0167755
0.280023;0.0283594;-0.0167755
0.296888;0.0356817;-0.0167755
0.258101;0.021037;-0.00945312
0.275814;0.0283594;-0.00945312
0.292707;0.0356817;-0.00945312
0.256134;0.021037;-0.00213077
0.273727;0.0283594;-0.00213077
0.291003;0.0356817;-0.00213077
0.32604;0.0399433;-0.0356817
0.340829;0.0472656;-0.0356817
0.355464;0.054588;-0.0356817
0.316774;0.0399433;-0.0283594
0.332305;0.0472656;-0.0283594
0.347153;0.054588;-0.0283594
0.309675;0.0399433;-0.021037
0.325362;0.0472656;-0.021037
0.340813;0.054588;-0.021037
0.363749;0.0588495;-0.0356817
0.377584;0.0661719;-0.0356817
0.391243;0.0734942;-0.0356817
0.355672;0.0588495;-0.0283594
0.370127;0.0661719;-0.0283594
0.383915;0.0734942;-0.0283594
0.349534;0.0588495;-0.021037
0.364063;0.0661719;-0.021037
0.37836;0.0734942;-0.021037
0.306412;0.0399433;-0.0167755
0.322289;0.0472656;-0.0167755
0.337908;0.054588;-0.0167755
0.302374;0.0399433;-0.00945312
0.318734;0.0472656;-0.00945312
0.334318;0.054588;-0.00945312
0.300743;0.0399433;-0.00213077
0.316954;0.0472656;-0.00213077
0.332872;0.054588;-0.00213077
0.346719;0.0588495;-0.0167755
0.361391;0.0661719;-0.0167755
0.375818;0.0734942;-0.0167755
0.343233;0.0588495;-0.00945312
0.358318;0.0661719;-0.00945312
0.372675;0.0734942;-0.00945312
0.341843;0.0588495;-0.00213077
0.356766;0.0661719;-0.00213077
0.371421;0.0734942;-0.00213077
0.457243;0.0777558;-0.0734942
0.467821;0.0850781;-0.0734942
0.478358;0.0924005;-0.0734942
0.443261;0.0777558;-0.0661719
0.454561;0.0850781;-0.0661719
0.465376;0.0924005;-0.0661719
0.430642;0.0777558;-0.0588495
0.442212;0.0850781;-0.0588495
0.453689;0.0924005;-0.0588495
0.484332;0.096662;-0.0734942
0.494324;0.103984;-0.0734942
0.504252;0.111307;-0.0734942
0.471612;0.096662;-0.0661719
0.482244;0.103984;-0.0661719
0.492393;0.111307;-0.0661719
0.460182;0.096662;-0.0588495
0.471023;0.103984;-0.0588495
0.481756;0.111307;-0.0588495
0.423804;0.0777558;-0.054588
0.435643;0.0850781;-0.054588
0.447371;0.0924005;-0.054588
0.412992;0.0777558;-0.0472656
0.425483;0.0850781;-0.0472656
0.437406;0.0924005;-0.0472656
0.403746;0.0777558;-0.0399433
0.416407;0.0850781;-0.0399433
0.428904;0.0924005;-0.0399433
0.454003;0.096662;-0.054588
0.465071;0.103984;-0.054588
0.476017;0.111307;-0.054588
0.444256;0.096662;-0.0472656
0.455895;0.103984;-0.0472656
0.466983;0.111307;-0.0472656
0.435959;0.096662;-0.0399433
0.447712;0.103984;-0.0399433
0.459302;0.111307;-0.0399433
0.509869;0.115568;-0.0734942
0.519246;0.122891;-0.0734942
0.528548;0.130213;-0.0734942
0.498236;0.115568;-0.0661719
0.508185;0.122891;-0.0661719
0.517662;0.130213;-0.0661719
0.487819;0.115568;-0.0588495
0.497928;0.122891;-0.0588495
0.507925;0.130213;-0.0588495
0.533804;0.134475;-0.0734942
0.542567;0.141797;-0.0734942
0.551251;0.149119;-0.0734942
0.523112;0.134475;-0.0661719
0.532387;0.141797;-0.0661719
0.541209;0.149119;-0.0661719
0.513566;0.134475;-0.0588495
0.522961;0.141797;-0.0588495
0.532247;0.149119;-0.0588495
0.482199;0.115568;-0.054588
0.492501;0.122891;-0.054588
0.502679;0.130213;-0.054588
0.473347;0.115568;-0.0472656
0.484153;0.122891;-0.0472656
0.494433;0.130213;-0.0472656
0.465838;0.115568;-0.0399433
0.476718;0.122891;-0.0399433
0.487442;0.130213;-0.0399433
0.508421;0.134475;-0.054588
0.517983;0.141797;-0.054588
0.527426;0.149119;-0.054588
0.500331;0.134475;-0.0472656
0.51034;0.141797;-0.0472656
0.519854;0.149119;-0.0472656
0.493486;0.134475;-0.0399433
0.50354;0.141797;-0.0399433
0.513448;0.149119;-0.0399433
0.39896;0.0777558;-0.0356817
0.411826;0.0850781;-0.0356817
0.424513;0.0924005;-0.0356817
0.391818;0.0777558;-0.0283594
0.405216;0.0850781;-0.0283594
0.417975;0.0924005;-0.0283594
0.386422;0.0777558;-0.021037
0.399841;0.0850781;-0.021037
0.413041;0.0924005;-0.021037
0.431672;0.096662;-0.0356817
0.443594;0.103984;-0.0356817
0.455341;0.111307;-0.0356817
0.425284;0.096662;-0.0283594
0.437669;0.103984;-0.0283594
0.44945;0.111307;-0.0283594
0.420478;0.096662;-0.021037
0.432851;0.103984;-0.021037
0.445019;0.111307;-0.021037
0.38395;0.0777558;-0.0167755
0.397482;0.0850781;-0.0167755
0.410784;0.0924005;-0.0167755
0.380886;0.0777558;-0.00945312
0.39478;0.0850781;-0.00945312
0.407992;0.0924005;-0.00945312
0.379676;0.0777558;-0.00213077
0.393405;0.0850781;-0.00213077
0.406888;0.0924005;-0.00213077
0.418278;0.096662;-0.0167755
0.430742;0.103984;-0.0167755
0.442994;0.111307;-0.0167755
0.415549;0.096662;-0.00945312
0.428335;0.103984;-0.00945312
0.440486;0.111307;-0.00945312
0.41448;0.096662;-0.00213077
0.427102;0.103984;-0.00213077
0.4395;0.111307;-0.00213077
0.461964;0.115568;-0.0356817
0.472985;0.122891;-0.0356817
0.483841;0.130213;-0.0356817
0.456196;0.115568;-0.0283594
0.467626;0.122891;-0.0283594
0.478488;0.130213;-0.0283594
0.451872;0.115568;-0.021037
0.463267;0.122891;-0.021037
0.474474;0.130213;-0.021037
0.489958;0.134475;-0.0356817
0.500131;0.141797;-0.0356817
0.510152;0.149119;-0.0356817
0.484708;0.134475;-0.0283594
0.495246;0.141797;-0.0283594
0.505253;0.149119;-0.0283594
0.480784;0.134475;-0.021037
0.491272;0.141797;-0.021037
0.501589;0.149119;-0.021037
0.449893;0.115568;-0.0167755
0.461363;0.122891;-0.0167755
0.47264;0.130213;-0.0167755
0.447435;0.115568;-0.00945312
0.459196;0.122891;-0.00945312
0.470366;0.130213;-0.00945312
0.44648;0.115568;-0.00213077
0.458079;0.122891;-0.00213077
0.469477;0.130213;-0.00213077
0.478987;0.134475;-0.0167755
0.489538;0.141797;-0.0167755
0.499914;0.149119;-0.0167755
0.476755;0.134475;-0.00945312
0.48757;0.141797;-0.00945312
0.497836;0.149119;-0.00945312
0.475892;0.134475;-0.00213077
0.486551;0.141797;-0.00213077
0.497028;0.149119;-0.00213077
0.702653;0.153381;-0.149119
0.707067;0.160703;-0.149119
0.711548;0.168025;-0.149119
0.685333;0.153381;-0.141797
0.690307;0.160703;-0.141797
0.695026;0.168025;-0.141797
0.668725;0.153381;-0.134475
0.673935;0.160703;-0.134475
0.67919;0.168025;-0.134475
0.714086;0.172287;-0.149119
0.718326;0.179609;-0.149119
0.722623;0.186932;-0.149119
0.697778;0.172287;-0.141797
0.702533;0.179609;-0.141797
0.707039;0.186932;-0.141797
0.682162;0.172287;-0.134475
0.687123;0.179609;-0.134475
0.692121;0.186932;-0.134475
0.659281;0.153381;-0.130213
0.664722;0.160703;-0.130213
0.670195;0.168025;-0.130213
0.643485;0.153381;-0.122891
0.649475;0.160703;-0.122891
0.655166;0.168025;-0.122891
0.628487;0.153381;-0.115568
0.634692;0.160703;-0.115568
0.640906;0.168025;-0.115568
0.673291;0.172287;-0.130213
0.678461;0.179609;-0.130213
0.683657;0.186932;-0.130213
0.658469;0.172287;-0.122891
0.664142;0.179609;-0.122891
0.669526;0.186932;-0.122891
0.644417;0.172287;-0.115568
0.650275;0.179609;-0.115568
0.656136;0.186932;-0.115568
0.725055;0.191193;-0.149119
0.729117;0.198516;-0.149119
0.733232;0.205838;-0.149119
0.709666;0.191193;-0.141797
0.714201;0.198516;-0.141797
0.718497;0.205838;-0.141797
0.694947;0.191193;-0.134475
0.699661;0.198516;-0.134475
0.704409;0.205838;-0.134475
0.73556;0.2101;-0.149119
0.739449;0.217422;-0.149119
0.743389;0.224744;-0.149119
0.721002;0.2101;-0.141797
0.725325;0.217422;-0.141797
0.729421;0.224744;-0.141797
0.707092;0.2101;-0.134475
0.71157;0.217422;-0.134475
0.71608;0.224744;-0.134475
0.686594;0.191193;-0.130213
0.691496;0.198516;-0.130213
0.696421;0.205838;-0.130213
0.672649;0.191193;-0.122891
0.678011;0.198516;-0.122891
0.683098;0.205838;-0.122891
0.659446;0.191193;-0.115568
0.664966;0.198516;-0.115568
0.670489;0.205838;-0.115568
0.699205;0.2101;-0.130213
0.703851;0.217422;-0.130213
0.708521;0.224744;-0.130213
0.686049;0.2101;-0.122891
0.691116;0.217422;-0.122891
0.695923;0.224744;-0.122891
0.673607;0.2101;-0.115568
0.678808;0.217422;-0.115568
0.684012;0.224744;-0.115568
0.620019;0.153381;-0.111307
0.626444;0.160703;-0.111307
0.632864;0.168025;-0.111307
0.605966;0.153381;-0.103984
0.612921;0.160703;-0.103984
0.619533;0.168025;-0.103984
0.592802;0.153381;-0.096662
0.599943;0.160703;-0.096662
0.607054;0.168025;-0.096662
0.636493;0.172287;-0.111307
0.642546;0.179609;-0.111307
0.648593;0.186932;-0.111307
0.623354;0.172287;-0.103984
0.629892;0.179609;-0.103984
0.6361;0.186932;-0.103984
0.611069;0.172287;-0.096662
0.617761;0.179609;-0.096662
0.624423;0.186932;-0.096662
0.585443;0.153381;-0.0924005
0.592785;0.160703;-0.0924005
0.600086;0.168025;-0.0924005
0.573362;0.153381;-0.0850781
0.581206;0.160703;-0.0850781
0.588663;0.168025;-0.0850781
0.562266;0.153381;-0.0777558
0.570254;0.160703;-0.0777558
0.578176;0.168025;-0.0777558
0.604209;0.172287;-0.0924005
0.61108;0.179609;-0.0924005
0.61791;0.186932;-0.0924005
0.592959;0.172287;-0.0850781
0.600284;0.179609;-0.0850781
0.607242;0.186932;-0.0850781
0.582644;0.172287;-0.0777558
0.590085;0.179609;-0.0777558
0.597463;0.186932;-0.0777558
0.652008;0.191193;-0.111307
0.657703;0.198516;-0.111307
0.663392;0.205838;-0.111307
0.639687;0.191193;-0.103984
0.645823;0.198516;-0.103984
0.651647;0.205838;-0.103984
0.628183;0.191193;-0.096662
0.634447;0.198516;-0.096662
0.640683;0.205838;-0.096662
0.666604;0.2101;-0.111307
0.671961;0.217422;-0.111307
0.677314;0.224744;-0.111307
0.655013;0.2101;-0.103984
0.660771;0.217422;-0.103984
0.666237;0.224744;-0.103984
0.644203;0.2101;-0.096662
0.650066;0.217422;-0.096662
0.655907;0.224744;-0.096662
0.621765;0.191193;-0.0924005
0.628188;0.198516;-0.0924005
0.634574;0.205838;-0.0924005
0.61125;0.191193;-0.0850781
0.618085;0.198516;-0.0850781
0.624574;0.205838;-0.0850781
0.601624;0.191193;-0.0777558
0.60855;0.198516;-0.0777558
0.61542;0.205838;-0.0777558
0.638177;0.2101;-0.0924005
0.644182;0.217422;-0.0924005
0.650155;0.224744;-0.0924005
0.628313;0.2101;-0.0850781
0.634692;0.217422;-0.0850781
0.640748;0.224744;-0.0850781
0.619293;0.2101;-0.0777558
0.625743;0.217422;-0.0777558
0.632144;0.224744;-0.0777558
0.745619;0.229006;-0.149119
0.749346;0.236328;-0.149119
0.753125;0.24365;-0.149119
0.73181;0.229006;-0.141797
0.735935;0.236328;-0.141797
0.739847;0.24365;-0.141797
0.718629;0.229006;-0.134475
0.722886;0.236328;-0.134475
0.727177;0.24365;-0.134475
0.755265;0.247912;-0.149119
0.758847;0.255234;-0.149119
0.762484;0.262557;-0.149119
0.742131;0.247912;-0.141797
0.746078;0.255234;-0.141797
0.749826;0.262557;-0.141797
0.729605;0.247912;-0.134475
0.733662;0.255234;-0.134475
0.737758;0.262557;-0.134475
0.711161;0.229006;-0.130213
0.715569;0.236328;-0.130213
0.720004;0.24365;-0.130213
0.698712;0.229006;-0.122891
0.703505;0.236328;-0.122891
0.708056;0.24365;-0.122891
0.686952;0.229006;-0.115568
0.691856;0.236328;-0.115568
0.696769;0.24365;-0.115568
0.722513;0.247912;-0.130213
0.726706;0.255234;-0.130213
0.73093;0.262557;-0.130213
0.710698;0.247912;-0.122891
0.715243;0.255234;-0.122891
0.719562;0.262557;-0.122891
0.699546;0.247912;-0.115568
0.704183;0.255234;-0.115568
0.708833;0.262557;-0.115568
0.764546;0.266818;-0.149119
0.768002;0.274141;-0.149119
0.77152;0.281463;-0.149119
0.752017;0.266818;-0.141797
0.755809;0.274141;-0.141797
0.759418;0.281463;-0.141797
0.740078;0.266818;-0.134475
0.743961;0.274141;-0.134475
0.747887;0.281463;-0.134475
0.773518;0.285725;-0.149119
0.776873;0.293047;-0.149119
0.780296;0.300369;-0.149119
0.76153;0.285725;-0.141797
0.765193;0.293047;-0.141797
0.76869;0.300369;-0.141797
0.750115;0.285725;-0.134475
0.753852;0.293047;-0.134475
0.757639;0.300369;-0.134475
0.733322;0.266818;-0.130213
0.737326;0.274141;-0.130213
0.741368;0.281463;-0.130213
0.722074;0.266818;-0.122891
0.726399;0.274141;-0.122891
0.730519;0.281463;-0.122891
0.711465;0.266818;-0.115568
0.715865;0.274141;-0.115568
0.720286;0.281463;-0.115568
0.74366;0.285725;-0.130213
0.747504;0.293047;-0.130213
0.751394;0.300369;-0.130213
0.732918;0.285725;-0.122891
0.737056;0.293047;-0.122891
0.741007;0.300369;-0.122891
0.722792;0.285725;-0.115568
0.726989;0.293047;-0.115568
0.731215;0.300369;-0.115568
0.680337;0.229006;-0.111307
0.685381;0.236328;-0.111307
0.690426;0.24365;-0.111307
0.669397;0.229006;-0.103984
0.674806;0.236328;-0.103984
0.679944;0.24365;-0.103984
0.659204;0.229006;-0.096662
0.664699;0.236328;-0.096662
0.670178;0.24365;-0.096662
0.693278;0.247912;-0.111307
0.698039;0.255234;-0.111307
0.702807;0.262557;-0.111307
0.682917;0.247912;-0.103984
0.688011;0.255234;-0.103984
0.692855;0.262557;-0.103984
0.673272;0.247912;-0.096662
0.678435;0.255234;-0.096662
0.683589;0.262557;-0.096662
0.653527;0.229006;-0.0924005
0.659147;0.236328;-0.0924005
0.664744;0.24365;-0.0924005
0.644239;0.229006;-0.0850781
0.650199;0.236328;-0.0850781
0.655861;0.24365;-0.0850781
0.635754;0.229006;-0.0777558
0.641769;0.236328;-0.0777558
0.647744;0.24365;-0.0777558
0.667904;0.247912;-0.0924005
0.673177;0.255234;-0.0924005
0.678436;0.262557;-0.0924005
0.659128;0.247912;-0.0850781
0.66471;0.255234;-0.0850781
0.670019;0.262557;-0.0850781
0.651116;0.247912;-0.0777558
0.656738;0.255234;-0.0777558
0.662331;0.262557;-0.0777558
0.705506;0.266818;-0.111307
0.710016;0.274141;-0.111307
0.714542;0.281463;-0.111307
0.695661;0.266818;-0.103984
0.700475;0.274141;-0.103984
0.705062;0.281463;-0.103984
0.686503;0.266818;-0.096662
0.691371;0.274141;-0.096662
0.696239;0.281463;-0.096662
0.717107;0.285725;-0.111307
0.721403;0.293047;-0.111307
0.725722;0.300369;-0.111307
0.707722;0.285725;-0.103984
0.712294;0.293047;-0.103984
0.71666;0.300369;-0.103984
0.698995;0.285725;-0.096662
0.703608;0.293047;-0.096662
0.70823;0.300369;-0.096662
0.681409;0.266818;-0.0924005
0.686375;0.274141;-0.0924005
0.691336;0.281463;-0.0924005
0.673086;0.266818;-0.0850781
0.678332;0.274141;-0.0850781
0.683331;0.281463;-0.0850781
0.665492;0.266818;-0.0777558
0.670767;0.274141;-0.0777558
0.676023;0.281463;-0.0777558
0.694145;0.285725;-0.0924005
0.698844;0.293047;-0.0924005
0.703548;0.300369;-0.0924005
0.686222;0.285725;-0.0850781
0.691176;0.293047;-0.0850781
0.695908;0.300369;-0.0850781
0.678997;0.285725;-0.0777558
0.68397;0.293047;-0.0777558
0.688934;0.300369;-0.0777558
0.556152;0.153381;-0.0734942
0.564317;0.160703;-0.0734942
0.572406;0.168025;-0.0734942
0.546279;0.153381;-0.0661719
0.554904;0.160703;-0.0661719
0.5631;0.168025;-0.0661719
0.537483;0.153381;-0.0588495
0.546198;0.160703;-0.0588495
0.554811;0.168025;-0.0588495
0.576967;0.172287;-0.0734942
0.584564;0.179609;-0.0734942
0.592088;0.186932;-0.0734942
0.567809;0.172287;-0.0661719
0.57582;0.179609;-0.0661719
0.583426;0.186932;-0.0661719
0.559664;0.172287;-0.0588495
0.56774;0.179609;-0.0588495
0.575723;0.186932;-0.0588495
0.532749;0.153381;-0.054588
0.541608;0.160703;-0.054588
0.550355;0.168025;-0.054588
0.52531;0.153381;-0.0472656
0.53457;0.160703;-0.0472656
0.543364;0.168025;-0.0472656
0.51903;0.153381;-0.0399433
0.528311;0.160703;-0.0399433
0.53746;0.168025;-0.0399433
0.555284;0.172287;-0.054588
0.563485;0.179609;-0.054588
0.571585;0.186932;-0.054588
0.548407;0.172287;-0.0472656
0.556969;0.179609;-0.0472656
0.565097;0.186932;-0.0472656
0.542612;0.172287;-0.0399433
0.551178;0.179609;-0.0399433
0.559626;0.186932;-0.0399433
0.59633;0.191193;-0.0734942
0.603393;0.198516;-0.0734942
0.610392;0.205838;-0.0734942
0.587798;0.191193;-0.0661719
0.595235;0.198516;-0.0661719
0.602295;0.205838;-0.0661719
0.58022;0.191193;-0.0588495
0.587703;0.198516;-0.0588495
0.595103;0.205838;-0.0588495
0.614337;0.2101;-0.0734942
0.620907;0.217422;-0.0734942
0.627422;0.224744;-0.0734942
0.606355;0.2101;-0.0661719
0.613263;0.217422;-0.0661719
0.619823;0.224744;-0.0661719
0.599273;0.2101;-0.0588495
0.606212;0.217422;-0.0588495
0.613079;0.224744;-0.0588495
0.576149;0.191193;-0.054588
0.58374;0.198516;-0.054588
0.591243;0.205838;-0.054588
0.56976;0.191193;-0.0472656
0.577678;0.198516;-0.0472656
0.585193;0.205838;-0.0472656
0.564383;0.191193;-0.0399433
0.572292;0.198516;-0.0399433
0.580097;0.205838;-0.0399433
0.59547;0.2101;-0.054588
0.602504;0.217422;-0.054588
0.609462;0.224744;-0.054588
0.589507;0.2101;-0.0472656
0.596837;0.217422;-0.0472656
0.603795;0.224744;-0.0472656
0.584493;0.2101;-0.0399433
0.591804;0.217422;-0.0399433
0.599026;0.224744;-0.0399433
0.515795;0.153381;-0.0356817
0.525178;0.160703;-0.0356817
0.534423;0.168025;-0.0356817
0.510984;0.153381;-0.0283594
0.520695;0.160703;-0.0283594
0.529913;0.168025;-0.0283594
0.507396;0.153381;-0.021037
0.517047;0.160703;-0.021037
0.526545;0.168025;-0.021037
0.539629;0.172287;-0.0356817
0.548283;0.179609;-0.0356817
0.556813;0.186932;-0.0356817
0.535193;0.172287;-0.0283594
0.544144;0.179609;-0.0283594
0.552637;0.186932;-0.0283594
0.53189;0.172287;-0.021037
0.540774;0.179609;-0.021037
0.549522;0.186932;-0.021037
0.505753;0.153381;-0.0167755
0.515457;0.160703;-0.0167755
0.525005;0.168025;-0.0167755
0.50371;0.153381;-0.00945312
0.513657;0.160703;-0.00945312
0.523095;0.168025;-0.00945312
0.502924;0.153381;-0.00213077
0.51272;0.160703;-0.00213077
0.522355;0.168025;-0.00213077
0.530379;0.172287;-0.0167755
0.539308;0.179609;-0.0167755
0.548099;0.186932;-0.0167755
0.528497;0.172287;-0.00945312
0.537648;0.179609;-0.00945312
0.546331;0.186932;-0.00945312
0.527776;0.172287;-0.00213077
0.536783;0.179609;-0.00213077
0.545648;0.186932;-0.00213077
0.561616;0.191193;-0.0356817
0.569601;0.198516;-0.0356817
0.577478;0.205838;-0.0356817
0.557504;0.191193;-0.0283594
0.565758;0.198516;-0.0283594
0.573592;0.205838;-0.0283594
0.554446;0.191193;-0.021037
0.56263;0.198516;-0.021037
0.570695;0.205838;-0.021037
0.581914;0.2101;-0.0356817
0.589292;0.217422;-0.0356817
0.596576;0.224744;-0.0356817
0.578083;0.2101;-0.0283594
0.585705;0.217422;-0.0283594
0.592941;0.224744;-0.0283594
0.575236;0.2101;-0.021037
0.582786;0.217422;-0.021037
0.590234;0.224744;-0.021037
0.553046;0.191193;-0.0167755
0.561269;0.198516;-0.0167755
0.569372;0.205838;-0.0167755
0.551303;0.191193;-0.00945312
0.559731;0.198516;-0.00945312
0.567728;0.205838;-0.00945312
0.550637;0.191193;-0.00213077
0.558927;0.198516;-0.00213077
0.567094;0.205838;-0.00213077
0.573933;0.2101;-0.0167755
0.581517;0.217422;-0.0167755
0.588997;0.224744;-0.0167755
0.57231;0.2101;-0.00945312
0.580083;0.217422;-0.00945312
0.587461;0.224744;-0.00945312
0.571691;0.2101;-0.00213077
0.579333;0.217422;-0.00213077
0.586869;0.224744;-0.00213077
0.631096;0.229006;-0.0734942
0.637216;0.236328;-0.0734942
0.643291;0.24365;-0.0734942
0.623597;0.229006;-0.0661719
0.630025;0.236328;-0.0661719
0.636131;0.24365;-0.0661719
0.61695;0.229006;-0.0588495
0.623395;0.236328;-0.0588495
0.629781;0.24365;-0.0588495
0.64672;0.247912;-0.0734942
0.652436;0.255234;-0.0734942
0.658118;0.262557;-0.0734942
0.639647;0.247912;-0.0661719
0.645642;0.255234;-0.0661719
0.651344;0.262557;-0.0661719
0.633383;0.247912;-0.0588495
0.639385;0.255234;-0.0588495
0.64534;0.262557;-0.0588495
0.613383;0.229006;-0.054588
0.619912;0.236328;-0.054588
0.626376;0.24365;-0.054588
0.607792;0.229006;-0.0472656
0.614589;0.236328;-0.0472656
0.621046;0.24365;-0.0472656
0.603095;0.229006;-0.0399433
0.609866;0.236328;-0.0399433
0.616562;0.24365;-0.0399433
0.630023;0.247912;-0.054588
0.636098;0.255234;-0.054588
0.642123;0.262557;-0.054588
0.624758;0.247912;-0.0472656
0.631078;0.255234;-0.0472656
0.637088;0.262557;-0.0472656
0.620337;0.247912;-0.0399433
0.626626;0.255234;-0.0399433
0.632853;0.262557;-0.0399433
0.661327;0.266818;-0.0734942
0.666685;0.274141;-0.0734942
0.672019;0.281463;-0.0734942
0.654631;0.266818;-0.0661719
0.660242;0.274141;-0.0661719
0.665588;0.281463;-0.0661719
0.648702;0.266818;-0.0588495
0.654312;0.274141;-0.0588495
0.659887;0.281463;-0.0588495
0.675037;0.285725;-0.0734942
0.680083;0.293047;-0.0734942
0.685117;0.300369;-0.0734942
0.668673;0.285725;-0.0661719
0.673949;0.293047;-0.0661719
0.678987;0.300369;-0.0661719
0.66304;0.285725;-0.0588495
0.668308;0.293047;-0.0588495
0.673554;0.300369;-0.0588495
0.645524;0.266818;-0.054588
0.651199;0.274141;-0.054588
0.656835;0.281463;-0.054588
0.640547;0.266818;-0.0472656
0.646443;0.274141;-0.0472656
0.652061;0.281463;-0.0472656
0.636368;0.266818;-0.0399433
0.64223;0.274141;-0.0399433
0.648044;0.281463;-0.0399433
0.660022;0.285725;-0.054588
0.665347;0.293047;-0.054588
0.670646;0.300369;-0.054588
0.655298;0.285725;-0.0472656
0.660824;0.293047;-0.0472656
0.666101;0.300369;-0.0472656
0.651331;0.285725;-0.0399433
0.656821;0.293047;-0.0399433
0.662277;0.300369;-0.0399433
0.60068;0.229006;-0.0356817
0.607509;0.236328;-0.0356817
0.61426;0.24365;-0.0356817
0.597093;0.229006;-0.0283594
0.604146;0.236328;-0.0283594
0.610845;0.24365;-0.0283594
0.594429;0.229006;-0.021037
0.601409;0.236328;-0.021037
0.608302;0.24365;-0.021037
0.618066;0.247912;-0.0356817
0.624405;0.255234;-0.0356817
0.63068;0.262557;-0.0356817
0.614693;0.247912;-0.0283594
0.621236;0.255234;-0.0283594
0.627459;0.262557;-0.0283594
0.612189;0.247912;-0.021037
0.618659;0.255234;-0.021037
0.62506;0.262557;-0.021037
0.59321;0.229006;-0.0167755
0.600219;0.236328;-0.0167755
0.607141;0.24365;-0.0167755
0.591692;0.229006;-0.00945312
0.598876;0.236328;-0.00945312
0.6057;0.24365;-0.00945312
0.591114;0.229006;-0.00213077
0.598173;0.236328;-0.00213077
0.605144;0.24365;-0.00213077
0.611043;0.247912;-0.0167755
0.617539;0.255234;-0.0167755
0.623964;0.262557;-0.0167755
0.609616;0.247912;-0.00945312
0.616274;0.255234;-0.00945312
0.622606;0.262557;-0.00945312
0.609072;0.247912;-0.00213077
0.615613;0.255234;-0.00213077
0.622081;0.262557;-0.00213077
0.634222;0.266818;-0.0356817
0.640128;0.274141;-0.0356817
0.645985;0.281463;-0.0356817
0.631037;0.266818;-0.0283594
0.637129;0.274141;-0.0283594
0.642933;0.281463;-0.0283594
0.628672;0.266818;-0.021037
0.634693;0.274141;-0.021037
0.640659;0.281463;-0.021037
0.649295;0.285725;-0.0356817
0.654824;0.293047;-0.0356817
0.660317;0.300369;-0.0356817
0.646275;0.285725;-0.0283594
0.651973;0.293047;-0.0283594
0.657414;0.300369;-0.0283594
0.644031;0.285725;-0.021037
0.649661;0.293047;-0.021037
0.655249;0.300369;-0.021037
0.62759;0.266818;-0.0167755
0.633634;0.274141;-0.0167755
0.639622;0.281463;-0.0167755
0.626244;0.266818;-0.00945312
0.632437;0.274141;-0.00945312
0.638336;0.281463;-0.00945312
0.62573;0.266818;-0.00213077
0.631813;0.274141;-0.00213077
0.637838;0.281463;-0.00213077
0.643006;0.285725;-0.0167755
0.648655;0.293047;-0.0167755
0.654263;0.300369;-0.0167755
0.64173;0.285725;-0.00945312
0.647517;0.293047;-0.00945312
0.653041;0.300369;-0.00945312
0.641242;0.285725;-0.00213077
0.646926;0.293047;-0.00213077
0.652566;0.300369;-0.00213077
1.09232;0.304631;-0.300369
1.09181;0.311953;-0.300369
1.09152;0.319275;-0.300369
1.07523;0.304631;-0.293047
1.07497;0.311953;-0.293047
1.07475;0.319275;-0.293047
1.05831;0.304631;-0.285725
1.05813;0.311953;-0.285725
1.05817;0.319275;-0.285725
1.0914;0.323537;-0.300369
1.09128;0.330859;-0.300369
1.09137;0.338182;-0.300369
1.07472;0.323537;-0.293047
1.07484;0.330859;-0.293047
1.07496;0.338182;-0.293047
1.05823;0.323537;-0.285725
1.05839;0.330859;-0.285725
1.05879;0.338182;-0.285725
1.04848;0.304631;-0.281463
1.04841;0.311953;-0.281463
1.04855;0.319275;-0.281463
1.03167;0.304631;-0.274141
1.03187;0.311953;-0.274141
1.03208;0.319275;-0.274141
1.01509;0.304631;-0.266818
1.01537;0.311953;-0.266818
1.01586;0.319275;-0.266818
1.04866;0.323537;-0.281463
1.04891;0.330859;-0.281463
1.0494;0.338182;-0.281463
1.03229;0.323537;-0.274141
1.03281;0.330859;-0.274141
1.03333;0.338182;-0.274141
1.01616;0.323537;-0.266818
1.01673;0.330859;-0.266818
1.01753;0.338182;-0.266818
1.09146;0.342443;-0.300369
1.09174;0.349766;-0.300369
1.09234;0.357088;-0.300369
1.07515;0.342443;-0.293047
1.07566;0.349766;-0.293047
1.0762;0.357088;-0.293047
1.05905;0.342443;-0.285725
1.05956;0.349766;-0.285725
1.06036;0.357088;-0.285725
1.09266;0.36135;-0.300369
1.09319;0.368672;-0.300369
1.09411;0.375994;-0.300369
1.07662;0.36135;-0.293047
1.07754;0.368672;-0.293047
1.07847;0.375994;-0.293047
1.06086;0.36135;-0.285725
1.06174;0.368672;-0.285725
1.06284;0.375994;-0.285725
1.04971;0.342443;-0.281463
1.05031;0.349766;-0.281463
1.05117;0.357088;-0.281463
1.03373;0.342443;-0.274141
1.0346;0.349766;-0.274141
1.03542;0.357088;-0.274141
1.01802;0.342443;-0.266818
1.01889;0.349766;-0.266818
1.02;0.357088;-0.266818
1.05171;0.36135;-0.281463
1.05263;0.368672;-0.281463
1.05374;0.375994;-0.281463
1.03602;0.36135;-0.274141
1.03722;0.368672;-0.274141
1.03833;0.375994;-0.274141
1.02064;0.36135;-0.266818
1.02181;0.368672;-0.266818
1.02335;0.375994;-0.266818
1.00549;0.304631;-0.262557
1.00587;0.311953;-0.262557
1.00646;0.319275;-0.262557
0.989082;0.304631;-0.255234
0.989761;0.311953;-0.255234
0.990413;0.319275;-0.255234
0.972962;0.304631;-0.247912
0.973717;0.311953;-0.247912
0.974666;0.319275;-0.247912
1.00682;0.323537;-0.262557
1.00749;0.330859;-0.262557
1.00838;0.338182;-0.262557
0.990879;0.323537;-0.255234
0.991825;0.330859;-0.255234
0.992739;0.338182;-0.255234
0.975229;0.323537;-0.247912
0.976222;0.330859;-0.247912
0.97742;0.338182;-0.247912
0.96364;0.304631;-0.24365
0.964508;0.311953;-0.24365
0.965562;0.319275;-0.24365
0.947762;0.304631;-0.236328
0.94893;0.311953;-0.236328
0.950047;0.319275;-0.236328
0.932216;0.304631;-0.229006
0.933462;0.311953;-0.229006
0.934878;0.319275;-0.229006
0.966182;0.323537;-0.24365
0.967272;0.330859;-0.24365
0.968564;0.338182;-0.24365
0.950773;0.323537;-0.236328
0.952149;0.330859;-0.236328
0.953472;0.338182;-0.236328
0.935703;0.323537;-0.229006
0.93713;0.330859;-0.229006
0.938736;0.338182;-0.229006
1.00891;0.342443;-0.262557
1.00986;0.349766;-0.262557
1.01105;0.357088;-0.262557
0.993366;0.342443;-0.255234
0.994592;0.349766;-0.255234
0.995759;0.357088;-0.255234
0.978127;0.342443;-0.247912
0.979367;0.349766;-0.247912
0.980822;0.357088;-0.247912
1.01173;0.36135;-0.262557
1.01298;0.368672;-0.262557
1.01462;0.375994;-0.262557
0.996543;0.36135;-0.255234
0.998085;0.368672;-0.255234
0.999583;0.375994;-0.255234
0.981684;0.36135;-0.247912
0.983197;0.368672;-0.247912
0.984934;0.375994;-0.247912
0.969321;0.342443;-0.24365
0.970643;0.349766;-0.24365
0.97219;0.357088;-0.24365
0.954323;0.342443;-0.236328
0.955923;0.349766;-0.236328
0.95747;0.357088;-0.236328
0.939675;0.342443;-0.229006
0.9413;0.349766;-0.229006
0.943113;0.357088;-0.229006
0.973095;0.36135;-0.24365
0.974668;0.368672;-0.24365
0.976487;0.375994;-0.24365
0.958455;0.36135;-0.236328
0.960298;0.368672;-0.236328
0.962091;0.375994;-0.236328
0.944176;0.36135;-0.229006
0.946019;0.368672;-0.229006
0.948055;0.375994;-0.229006
1.09486;0.380256;-0.300369
1.09617;0.387578;-0.300369
1.09734;0.3949;-0.300369
1.0791;0.380256;-0.293047
1.0804;0.387578;-0.293047
1.08179;0.3949;-0.293047
1.06352;0.380256;-0.285725
1.06477;0.387578;-0.285725
1.06634;0.3949;-0.285725
1.09771;0.397329;-0.300369
1.09786;0.398353;-0.300369
1.098;0.399377;-0.300369
1.0824;0.397931;-0.293047
1.08303;0.401022;-0.293047
1.08374;0.404113;-0.293047
1.0672;0.398522;-0.285725
1.06843;0.403645;-0.285725
1.06976;0.408769;-0.285725
1.05447;0.380256;-0.281463
1.05588;0.387578;-0.281463
1.05748;0.3949;-0.281463
1.03913;0.380256;-0.274141
1.04079;0.387578;-0.274141
1.04242;0.3949;-0.274141
1.02422;0.380256;-0.266818
1.02562;0.387578;-0.266818
1.02732;0.3949;-0.266818
1.0471;0.399162;-0.275952
1.04887;0.406484;-0.275952
1.05083;0.413807;-0.275952
1.03702;0.399162;-0.271035
1.0389;0.406484;-0.271035
1.04098;0.413807;-0.271035
1.02701;0.399162;-0.266118
1.02906;0.406484;-0.266118
1.03119;0.413807;-0.266118
1.06135;0.398746;-0.282894
1.06273;0.404637;-0.282894
1.06408;0.410528;-0.282894
1.0564;0.398928;-0.280488
1.05793;0.405446;-0.280488
1.05951;0.411964;-0.280488
1.05147;0.399109;-0.278082
1.05317;0.406251;-0.278082
1.05501;0.413393;-0.278082
1.05147;0.416043;-0.275952
1.05158;0.416407;-0.275952
1.05169;0.41677;-0.275952
1.04177;0.416404;-0.271035
1.04229;0.418008;-0.271035
1.04282;0.419612;-0.271035
1.03208;0.416762;-0.266118
1.03296;0.419593;-0.266118
1.03383;0.422425;-0.266118
1.01553;0.380256;-0.262557
1.01696;0.387578;-0.262557
1.01867;0.3949;-0.262557
1.00055;0.380256;-0.255234
1.00237;0.387578;-0.255234
1.00415;0.3949;-0.255234
0.98597;0.380256;-0.247912
0.98777;0.387578;-0.247912
0.989759;0.3949;-0.247912
1.01983;0.399162;-0.262557
1.02194;0.406484;-0.262557
1.02408;0.413807;-0.262557
1.00526;0.399162;-0.255234
1.00739;0.406484;-0.255234
1.0096;0.413807;-0.255234
0.990961;0.399162;-0.247912
0.993089;0.406484;-0.247912
0.995386;0.413807;-0.247912
0.977555;0.380256;-0.24365
0.979391;0.387578;-0.24365
0.981448;0.3949;-0.24365
0.963211;0.380256;-0.236328
0.965299;0.387578;-0.236328
0.967387;0.3949;-0.236328
0.949251;0.380256;-0.229006
0.951337;0.387578;-0.229006
0.953627;0.3949;-0.229006
0.982703;0.399162;-0.24365
0.984906;0.406484;-0.24365
0.987245;0.413807;-0.24365
0.968672;0.399162;-0.236328
0.971036;0.406484;-0.236328
0.973454;0.413807;-0.236328
0.954979;0.399162;-0.229006
0.957335;0.406484;-0.229006
0.959894;0.413807;-0.229006
0.994434;0.418068;-0.246663
0.996998;0.425391;-0.246663
0.999619;0.432713;-0.246663
0.993704;0.418068;-0.246278
0.996271;0.425391;-0.246278
0.998882;0.432713;-0.246278
0.992974;0.418068;-0.245893
0.995545;0.425391;-0.245893
0.998145;0.432713;-0.245893
1.02526;0.417003;-0.262669
1.02636;0.420663;-0.262669
1.02744;0.424323;-0.262669
1.01171;0.417472;-0.255731
1.01341;0.422746;-0.255731
1.0152;0.428019;-0.255731
0.998448;0.417935;-0.248793
1.00082;0.424799;-0.248793
1.0033;0.431663;-0.248793
1.0004;0.434851;-0.246663
1.0004;0.434876;-0.246663
1.00041;0.434901;-0.246663
0.999662;0.434876;-0.246278
0.999703;0.434987;-0.246278
0.999744;0.435099;-0.246278
0.998928;0.434901;-0.245893
0.999;0.435099;-0.245893
0.999071;0.435296;-0.245893
0.988703;0.418068;-0.24365
0.991302;0.425391;-0.24365
0.993926;0.432713;-0.24365
0.97492;0.418068;-0.236328
0.977564;0.425391;-0.236328
0.980298;0.432713;-0.236328
0.961392;0.418068;-0.229006
0.964008;0.425391;-0.229006
0.966877;0.432713;-0.229006
0.994766;0.435039;-0.24365
0.99501;0.435711;-0.24365
0.995252;0.436382;-0.24365
0.981356;0.435484;-0.236328
0.982218;0.437685;-0.236328
0.98311;0.439885;-0.236328
0.968205;0.435923;-0.229006
0.969747;0.439632;-0.229006
0.971304;0.443341;-0.229006
0.92325;0.304631;-0.224744
0.924607;0.311953;-0.224744
0.92613;0.319275;-0.224744
0.908015;0.304631;-0.217422
0.909676;0.311953;-0.217422
0.911266;0.319275;-0.217422
0.89316;0.304631;-0.2101
0.894899;0.311953;-0.2101
0.896786;0.319275;-0.2101
0.927015;0.323537;-0.224744
0.928539;0.330859;-0.224744
0.930242;0.338182;-0.224744
0.912254;0.323537;-0.217422
0.914065;0.330859;-0.217422
0.915809;0.338182;-0.217422
0.897876;0.323537;-0.2101
0.899742;0.330859;-0.2101
0.901763;0.338182;-0.2101
0.884616;0.304631;-0.205838
0.886467;0.311953;-0.205838
0.888461;0.319275;-0.205838
0.870142;0.304631;-0.198516
0.872296;0.311953;-0.198516
0.874358;0.319275;-0.198516
0.856093;0.304631;-0.191193
0.858324;0.311953;-0.191193
0.860679;0.319275;-0.191193
0.88961;0.323537;-0.205838
0.891574;0.330859;-0.205838
0.893692;0.338182;-0.205838
0.87561;0.323537;-0.198516
0.877857;0.330859;-0.198516
0.88002;0.338182;-0.198516
0.862033;0.323537;-0.191193
0.864337;0.330859;-0.191193
0.866771;0.338182;-0.191193
0.931232;0.342443;-0.224744
0.932941;0.349766;-0.224744
0.93484;0.357088;-0.224744
0.916891;0.342443;-0.217422
0.918871;0.349766;-0.217422
0.920787;0.357088;-0.217422
0.902936;0.342443;-0.2101
0.904948;0.349766;-0.2101
0.907123;0.357088;-0.2101
0.935948;0.36135;-0.224744
0.937861;0.368672;-0.224744
0.939974;0.375994;-0.224744
0.921973;0.36135;-0.217422
0.924141;0.368672;-0.217422
0.926259;0.375994;-0.217422
0.908388;0.36135;-0.2101
0.91057;0.368672;-0.2101
0.912927;0.375994;-0.2101
0.894916;0.342443;-0.205838
0.897013;0.349766;-0.205838
0.899274;0.357088;-0.205838
0.881335;0.342443;-0.198516
0.883697;0.349766;-0.198516
0.885983;0.357088;-0.198516
0.868176;0.342443;-0.191193
0.870575;0.349766;-0.191193
0.873112;0.357088;-0.191193
0.900585;0.36135;-0.205838
0.90284;0.368672;-0.205838
0.905271;0.375994;-0.205838
0.887373;0.36135;-0.198516
0.889874;0.368672;-0.198516
0.892312;0.375994;-0.198516
0.874582;0.36135;-0.191193
0.877102;0.368672;-0.191193
0.87977;0.375994;-0.191193
0.84804;0.304631;-0.186932
0.850381;0.311953;-0.186932
0.852842;0.319275;-0.186932
0.834442;0.304631;-0.179609
0.837082;0.311953;-0.179609
0.83961;0.319275;-0.179609
0.821315;0.304631;-0.172287
0.824028;0.311953;-0.172287
0.826843;0.319275;-0.172287
0.854254;0.323537;-0.186932
0.856654;0.330859;-0.186932
0.859183;0.338182;-0.186932
0.841123;0.323537;-0.179609
0.8438;0.330859;-0.179609
0.846377;0.338182;-0.179609
0.828455;0.323537;-0.172287
0.831188;0.330859;-0.172287
0.834028;0.338182;-0.172287
0.813818;0.304631;-0.168025
0.816638;0.311953;-0.168025
0.819556;0.319275;-0.168025
0.801211;0.304631;-0.160703
0.804324;0.311953;-0.160703
0.807305;0.319275;-0.160703
0.789119;0.304631;-0.153381
0.792298;0.311953;-0.153381
0.795556;0.319275;-0.153381
0.821225;0.323537;-0.168025
0.824051;0.330859;-0.168025
0.826984;0.338182;-0.168025
0.80907;0.323537;-0.160703
0.812165;0.330859;-0.160703
0.815144;0.338182;-0.160703
0.797418;0.323537;-0.153381
0.800565;0.330859;-0.153381
0.803796;0.338182;-0.153381
0.86064;0.342443;-0.186932
0.863122;0.349766;-0.186932
0.865744;0.357088;-0.186932
0.847922;0.342443;-0.179609
0.850661;0.349766;-0.179609
0.853313;0.357088;-0.179609
0.835661;0.342443;-0.172287
0.838439;0.349766;-0.172287
0.841332;0.357088;-0.172287
0.867259;0.36135;-0.186932
0.869852;0.368672;-0.186932
0.872593;0.375994;-0.186932
0.854905;0.36135;-0.179609
0.857734;0.368672;-0.179609
0.860488;0.375994;-0.179609
0.843002;0.36135;-0.172287
0.845854;0.368672;-0.172287
0.848829;0.375994;-0.172287
0.828667;0.342443;-0.168025
0.831526;0.349766;-0.168025
0.834501;0.357088;-0.168025
0.816912;0.342443;-0.160703
0.820018;0.349766;-0.160703
0.823025;0.357088;-0.160703
0.80565;0.342443;-0.153381
0.808793;0.349766;-0.153381
0.812029;0.357088;-0.153381
0.836215;0.36135;-0.168025
0.839137;0.368672;-0.168025
0.842185;0.375994;-0.168025
0.824813;0.36135;-0.160703
0.82796;0.368672;-0.160703
0.831026;0.375994;-0.160703
0.813893;0.36135;-0.153381
0.817065;0.368672;-0.153381
0.820337;0.375994;-0.153381
0.941216;0.380256;-0.224744
0.943364;0.387578;-0.224744
0.945701;0.3949;-0.224744
0.927566;0.380256;-0.217422
0.929943;0.387578;-0.217422
0.932273;0.3949;-0.217422
0.914304;0.380256;-0.2101
0.916679;0.387578;-0.2101
0.919229;0.3949;-0.2101
0.947093;0.399162;-0.224744
0.94951;0.406484;-0.224744
0.952072;0.413807;-0.224744
0.93371;0.399162;-0.217422
0.93632;0.406484;-0.217422
0.938889;0.413807;-0.217422
0.920709;0.399162;-0.2101
0.9233;0.406484;-0.2101
0.926158;0.413807;-0.2101
0.906688;0.380256;-0.205838
0.909126;0.387578;-0.205838
0.911737;0.3949;-0.205838
0.893796;0.380256;-0.198516
0.896459;0.387578;-0.198516
0.899059;0.3949;-0.198516
0.881321;0.380256;-0.191193
0.883987;0.387578;-0.191193
0.886808;0.3949;-0.191193
0.913251;0.399162;-0.205838
0.915904;0.406484;-0.205838
0.918824;0.413807;-0.205838
0.900646;0.399162;-0.198516
0.903515;0.406484;-0.198516
0.906348;0.413807;-0.198516
0.888457;0.399162;-0.191193
0.891307;0.406484;-0.191193
0.894319;0.413807;-0.191193
0.953603;0.418068;-0.224744
0.956324;0.425391;-0.224744
0.959219;0.432713;-0.224744
0.940482;0.418068;-0.217422
0.943401;0.425391;-0.217422
0.946302;0.432713;-0.217422
0.927796;0.418068;-0.2101
0.930553;0.425391;-0.2101
0.933558;0.432713;-0.2101
0.934797;0.436975;-0.209736
0.938042;0.444297;-0.209736
0.941313;0.451619;-0.209736
0.933496;0.436975;-0.208965
0.936762;0.444297;-0.208965
0.940004;0.451619;-0.208965
0.932199;0.436975;-0.208193
0.935487;0.444297;-0.208193
0.938697;0.451619;-0.208193
0.961035;0.436155;-0.224969
0.962876;0.440663;-0.224969
0.964702;0.44517;-0.224969
0.949551;0.436516;-0.218418
0.951922;0.442261;-0.218418
0.954432;0.448006;-0.218418
0.938369;0.436872;-0.211867
0.941401;0.443841;-0.211867
0.944555;0.45081;-0.211867
0.920487;0.418068;-0.205838
0.923275;0.425391;-0.205838
0.926313;0.432713;-0.205838
0.908067;0.418068;-0.198516
0.911148;0.425391;-0.198516
0.914207;0.432713;-0.198516
0.896094;0.418068;-0.191193
0.899156;0.425391;-0.191193
0.902346;0.432713;-0.191193
0.928208;0.436975;-0.205838
0.931503;0.444297;-0.205838
0.934766;0.451619;-0.205838
0.916031;0.436975;-0.198516
0.919332;0.444297;-0.198516
0.922748;0.451619;-0.198516
0.904234;0.436975;-0.191193
0.907547;0.444297;-0.191193
0.911014;0.451619;-0.191193
0.874182;0.380256;-0.186932
0.87691;0.387578;-0.186932
0.879801;0.3949;-0.186932
0.862144;0.380256;-0.179609
0.865091;0.387578;-0.179609
0.867979;0.3949;-0.179609
0.850553;0.380256;-0.172287
0.85351;0.387578;-0.172287
0.856596;0.3949;-0.172287
0.881482;0.399162;-0.186932
0.884378;0.406484;-0.186932
0.887453;0.413807;-0.186932
0.869717;0.399162;-0.179609
0.872813;0.406484;-0.179609
0.875872;0.413807;-0.179609
0.858392;0.399162;-0.172287
0.861486;0.406484;-0.172287
0.864716;0.413807;-0.172287
0.843947;0.380256;-0.168025
0.846963;0.387578;-0.168025
0.850113;0.3949;-0.168025
0.832851;0.380256;-0.160703
0.836073;0.387578;-0.160703
0.83923;0.3949;-0.160703
0.822229;0.380256;-0.153381
0.825464;0.387578;-0.153381
0.828807;0.3949;-0.153381
0.851942;0.399162;-0.168025
0.855084;0.406484;-0.168025
0.858369;0.413807;-0.168025
0.841113;0.399162;-0.160703
0.84444;0.406484;-0.160703
0.847724;0.413807;-0.160703
0.830749;0.399162;-0.153381
0.834082;0.406484;-0.153381
0.837526;0.413807;-0.153381
0.88925;0.418068;-0.186932
0.892335;0.425391;-0.186932
0.89557;0.432713;-0.186932
0.877705;0.418068;-0.179609
0.880969;0.425391;-0.179609
0.88423;0.432713;-0.179609
0.866607;0.418068;-0.172287
0.869871;0.425391;-0.172287
0.873269;0.432713;-0.172287
0.897501;0.436975;-0.186932
0.90087;0.444297;-0.186932
0.904345;0.451619;-0.186932
0.886181;0.436975;-0.179609
0.88966;0.444297;-0.179609
0.893188;0.451619;-0.179609
0.875274;0.436975;-0.172287
0.878758;0.444297;-0.172287
0.882359;0.451619;-0.172287
0.86029;0.418068;-0.168025
0.863597;0.425391;-0.168025
0.867032;0.432713;-0.168025
0.849684;0.418068;-0.160703
0.85315;0.425391;-0.160703
0.856599;0.432713;-0.160703
0.839531;0.418068;-0.153381
0.842998;0.425391;-0.153381
0.846605;0.432713;-0.153381
0.869063;0.436975;-0.168025
0.872593;0.444297;-0.168025
0.876233;0.451619;-0.168025
0.858654;0.436975;-0.160703
0.862305;0.444297;-0.160703
0.865989;0.451619;-0.160703
0.848706;0.436975;-0.153381
0.852313;0.444297;-0.153381
0.856048;0.451619;-0.153381
0.942275;0.453762;-0.209736
0.942294;0.453803;-0.209736
0.942313;0.453844;-0.209736
0.940968;0.453803;-0.208965
0.94105;0.453986;-0.208965
0.941132;0.454169;-0.208965
0.939658;0.453844;-0.208193
0.9398;0.454169;-0.208193
0.939942;0.454493;-0.208193
0.935805;0.453961;-0.205838
0.936129;0.454688;-0.205838
0.936452;0.455415;-0.205838
0.924036;0.45432;-0.198516
0.924983;0.456279;-0.198516
0.925942;0.458239;-0.198516
0.912503;0.454675;-0.191193
0.914065;0.457852;-0.191193
0.915647;0.46103;-0.191193
0.905919;0.454871;-0.186932
0.907795;0.458722;-0.186932
0.909686;0.462574;-0.186932
0.894928;0.455191;-0.179609
0.897387;0.460141;-0.179609
0.899904;0.465092;-0.179609
0.884318;0.455507;-0.172287
0.887396;0.461545;-0.172287
0.890517;0.467583;-0.172287
0.869307;0.455881;-0.161543
0.873094;0.463203;-0.161543
0.876986;0.470525;-0.161543
0.863178;0.455881;-0.15705
0.86701;0.463203;-0.15705
0.870943;0.470525;-0.15705
0.857188;0.455881;-0.152557
0.861087;0.463203;-0.152557
0.865048;0.470525;-0.152557
0.880137;0.45563;-0.169333
0.883453;0.462092;-0.169333
0.886792;0.468554;-0.169333
0.876165;0.45574;-0.166503
0.879675;0.462578;-0.166503
0.883246;0.469417;-0.166503
0.872247;0.455849;-0.163673
0.875962;0.463063;-0.163673
0.879771;0.470276;-0.163673
0.878166;0.472706;-0.161543
0.87826;0.472878;-0.161543
0.878354;0.47305;-0.161543
0.872228;0.472878;-0.15705
0.872648;0.473638;-0.15705
0.873068;0.474398;-0.15705
0.866427;0.473048;-0.152557
0.867166;0.474394;-0.152557
0.867907;0.475739;-0.152557
0.782245;0.304631;-0.149119
0.785526;0.311953;-0.149119
0.788882;0.319275;-0.149119
0.770741;0.304631;-0.141797
0.774304;0.311953;-0.141797
0.777718;0.319275;-0.141797
0.759793;0.304631;-0.134475
0.763414;0.311953;-0.134475
0.767092;0.319275;-0.134475
0.790798;0.323537;-0.149119
0.794034;0.330859;-0.149119
0.797353;0.338182;-0.149119
0.779724;0.323537;-0.141797
0.783217;0.330859;-0.141797
0.78658;0.338182;-0.141797
0.76919;0.323537;-0.134475
0.772728;0.330859;-0.134475
0.77633;0.338182;-0.134475
0.753605;0.304631;-0.130213
0.757321;0.311953;-0.130213
0.761091;0.319275;-0.130213
0.743312;0.304631;-0.122891
0.747297;0.311953;-0.122891
0.751115;0.319275;-0.122891
0.733616;0.304631;-0.115568
0.737646;0.311953;-0.115568
0.741713;0.319275;-0.115568
0.76324;0.323537;-0.130213
0.766861;0.330859;-0.130213
0.770545;0.338182;-0.130213
0.753346;0.323537;-0.122891
0.757212;0.330859;-0.122891
0.760932;0.338182;-0.122891
0.744029;0.323537;-0.115568
0.74793;0.330859;-0.115568
0.751874;0.338182;-0.115568
0.799255;0.342443;-0.149119
0.802476;0.349766;-0.149119
0.80579;0.357088;-0.149119
0.78856;0.342443;-0.141797
0.792017;0.349766;-0.141797
0.795361;0.357088;-0.141797
0.778392;0.342443;-0.134475
0.781881;0.349766;-0.134475
0.785442;0.357088;-0.134475
0.807695;0.36135;-0.149119
0.810935;0.368672;-0.149119
0.814276;0.375994;-0.149119
0.797335;0.36135;-0.141797
0.800788;0.368672;-0.141797
0.804149;0.375994;-0.141797
0.787488;0.36135;-0.134475
0.790963;0.368672;-0.134475
0.794517;0.375994;-0.134475
0.772652;0.342443;-0.130213
0.776213;0.349766;-0.130213
0.779847;0.357088;-0.130213
0.763111;0.342443;-0.122891
0.766894;0.349766;-0.122891
0.770553;0.357088;-0.122891
0.754129;0.342443;-0.115568
0.757937;0.349766;-0.115568
0.761797;0.357088;-0.115568
0.781932;0.36135;-0.130213
0.78547;0.368672;-0.130213
0.789088;0.375994;-0.130213
0.772701;0.36135;-0.122891
0.776438;0.368672;-0.122891
0.780075;0.375994;-0.122891
0.764012;0.36135;-0.115568
0.767767;0.368672;-0.115568
0.771581;0.375994;-0.115568
0.728175;0.304631;-0.111307
0.732292;0.311953;-0.111307
0.736442;0.319275;-0.111307
0.719197;0.304631;-0.103984
0.723565;0.311953;-0.103984
0.727751;0.319275;-0.103984
0.710853;0.304631;-0.096662
0.715251;0.311953;-0.096662
0.719667;0.319275;-0.096662
0.738805;0.323537;-0.111307
0.742781;0.330859;-0.111307
0.7468;0.338182;-0.111307
0.730187;0.323537;-0.103984
0.734391;0.330859;-0.103984
0.738436;0.338182;-0.103984
0.72218;0.323537;-0.096662
0.726405;0.330859;-0.096662
0.730657;0.338182;-0.096662
0.706217;0.304631;-0.0924005
0.710691;0.311953;-0.0924005
0.715181;0.319275;-0.0924005
0.698649;0.304631;-0.0850781
0.703355;0.311953;-0.0850781
0.707863;0.319275;-0.0850781
0.691749;0.304631;-0.0777558
0.696466;0.311953;-0.0777558
0.701184;0.319275;-0.0777558
0.717734;0.323537;-0.0924005
0.722026;0.330859;-0.0924005
0.726343;0.338182;-0.0924005
0.71048;0.323537;-0.0850781
0.714981;0.330859;-0.0850781
0.71931;0.338182;-0.0850781
0.703866;0.323537;-0.0777558
0.708372;0.330859;-0.0777558
0.712889;0.338182;-0.0777558
0.749095;0.342443;-0.111307
0.752969;0.349766;-0.111307
0.756895;0.357088;-0.111307
0.740795;0.342443;-0.103984
0.744875;0.349766;-0.103984
0.74882;0.357088;-0.103984
0.733084;0.342443;-0.096662
0.737178;0.349766;-0.096662
0.741308;0.357088;-0.096662
0.759145;0.36135;-0.111307
0.762957;0.368672;-0.111307
0.766829;0.375994;-0.111307
0.751125;0.36135;-0.103984
0.755121;0.368672;-0.103984
0.759007;0.375994;-0.103984
0.743673;0.36135;-0.096662
0.747678;0.368672;-0.096662
0.751726;0.375994;-0.096662
0.728805;0.342443;-0.0924005
0.732957;0.349766;-0.0924005
0.737144;0.357088;-0.0924005
0.721828;0.342443;-0.0850781
0.726167;0.349766;-0.0850781
0.730362;0.357088;-0.0850781
0.715465;0.342443;-0.0777558
0.719805;0.349766;-0.0777558
0.724167;0.357088;-0.0777558
0.739541;0.36135;-0.0924005
0.743596;0.368672;-0.0924005
0.747695;0.375994;-0.0924005
0.732806;0.36135;-0.0850781
0.737027;0.368672;-0.0850781
0.741131;0.375994;-0.0850781
0.726662;0.36135;-0.0777558
0.730882;0.368672;-0.0777558
0.735132;0.375994;-0.0777558
0.816204;0.380256;-0.149119
0.819496;0.387578;-0.149119
0.8229;0.3949;-0.149119
0.806136;0.380256;-0.141797
0.80962;0.387578;-0.141797
0.813035;0.3949;-0.141797
0.796568;0.380256;-0.134475
0.800067;0.387578;-0.134475
0.803651;0.3949;-0.134475
0.824873;0.399162;-0.149119
0.828254;0.406484;-0.149119
0.831749;0.413807;-0.149119
0.815058;0.399162;-0.141797
0.818608;0.406484;-0.141797
0.822108;0.413807;-0.141797
0.805729;0.399162;-0.134475
0.809287;0.406484;-0.134475
0.812935;0.413807;-0.134475
0.791173;0.380256;-0.130213
0.794725;0.387578;-0.130213
0.798365;0.3949;-0.130213
0.782213;0.380256;-0.122891
0.785942;0.387578;-0.122891
0.789595;0.3949;-0.122891
0.773779;0.380256;-0.115568
0.77752;0.387578;-0.115568
0.781328;0.3949;-0.115568
0.800472;0.399162;-0.130213
0.804075;0.406484;-0.130213
0.807772;0.413807;-0.130213
0.791747;0.399162;-0.122891
0.795505;0.406484;-0.122891
0.799213;0.413807;-0.122891
0.783531;0.399162;-0.115568
0.787299;0.406484;-0.115568
0.791137;0.413807;-0.115568
0.83378;0.418068;-0.149119
0.837288;0.425391;-0.149119
0.84094;0.432713;-0.149119
0.824183;0.418068;-0.141797
0.827838;0.425391;-0.141797
0.831478;0.432713;-0.141797
0.81506;0.418068;-0.134475
0.818719;0.425391;-0.134475
0.822476;0.432713;-0.134475
0.843064;0.436975;-0.149119
0.846698;0.444297;-0.149119
0.850451;0.451619;-0.149119
0.833634;0.436975;-0.141797
0.837419;0.444297;-0.141797
0.84121;0.451619;-0.141797
0.824678;0.436975;-0.134475
0.828476;0.444297;-0.134475
0.832351;0.451619;-0.134475
0.809922;0.418068;-0.130213
0.813617;0.425391;-0.130213
0.817418;0.432713;-0.130213
0.801399;0.418068;-0.122891
0.805226;0.425391;-0.122891
0.809039;0.432713;-0.122891
0.793369;0.418068;-0.115568
0.797206;0.425391;-0.115568
0.80112;0.432713;-0.115568
0.819641;0.436975;-0.130213
0.823464;0.444297;-0.130213
0.827373;0.451619;-0.130213
0.811287;0.436975;-0.122891
0.815215;0.444297;-0.122891
0.819152;0.451619;-0.122891
0.80341;0.436975;-0.115568
0.807354;0.444297;-0.115568
0.811359;0.451619;-0.115568
0.769058;0.380256;-0.111307
0.772848;0.387578;-0.111307
0.776706;0.3949;-0.111307
0.761282;0.380256;-0.103984
0.765234;0.387578;-0.103984
0.769103;0.3949;-0.103984
0.754055;0.380256;-0.096662
0.758013;0.387578;-0.096662
0.762022;0.3949;-0.096662
0.778936;0.399162;-0.111307
0.782745;0.406484;-0.111307
0.786627;0.413807;-0.111307
0.771373;0.399162;-0.103984
0.775321;0.406484;-0.103984
0.779215;0.413807;-0.103984
0.764339;0.399162;-0.096662
0.768293;0.406484;-0.096662
0.772303;0.413807;-0.096662
0.75005;0.380256;-0.0924005
0.754052;0.387578;-0.0924005
0.758104;0.3949;-0.0924005
0.743527;0.380256;-0.0850781
0.747674;0.387578;-0.0850781
0.751732;0.3949;-0.0850781
0.737573;0.380256;-0.0777558
0.741718;0.387578;-0.0777558
0.745901;0.3949;-0.0777558
0.760444;0.399162;-0.0924005
0.764435;0.406484;-0.0924005
0.768483;0.413807;-0.0924005
0.754104;0.399162;-0.0850781
0.75822;0.406484;-0.0850781
0.762276;0.413807;-0.0850781
0.748314;0.399162;-0.0777558
0.752428;0.406484;-0.0777558
0.756588;0.413807;-0.0777558
0.788882;0.418068;-0.111307
0.792752;0.425391;-0.111307
0.796703;0.432713;-0.111307
0.781501;0.418068;-0.103984
0.785487;0.425391;-0.103984
0.789454;0.432713;-0.103984
0.774631;0.418068;-0.096662
0.778625;0.425391;-0.096662
0.782681;0.432713;-0.096662
0.799012;0.436975;-0.111307
0.802983;0.444297;-0.111307
0.807018;0.451619;-0.111307
0.791785;0.436975;-0.103984
0.795844;0.444297;-0.103984
0.799907;0.451619;-0.103984
0.785048;0.436975;-0.096662
0.789121;0.444297;-0.096662
0.793252;0.451619;-0.096662
0.770831;0.418068;-0.0924005
0.774855;0.425391;-0.0924005
0.778942;0.432713;-0.0924005
0.764651;0.418068;-0.0850781
0.768777;0.425391;-0.0850781
0.772875;0.432713;-0.0850781
0.758999;0.418068;-0.0777558
0.763127;0.425391;-0.0777558
0.767305;0.432713;-0.0777558
0.781324;0.436975;-0.0924005
0.785425;0.444297;-0.0924005
0.789585;0.451619;-0.0924005
0.775276;0.436975;-0.0850781
0.779456;0.444297;-0.0850781
0.783645;0.451619;-0.0850781
0.769736;0.436975;-0.0777558
0.773923;0.444297;-0.0777558
0.778174;0.451619;-0.0777558
0.68797;0.304631;-0.0734942
0.692751;0.311953;-0.0734942
0.69753;0.319275;-0.0734942
0.681899;0.304631;-0.0661719
0.686888;0.311953;-0.0661719
0.691667;0.319275;-0.0661719
0.676526;0.304631;-0.0588495
0.681502;0.311953;-0.0588495
0.686468;0.319275;-0.0588495
0.700246;0.323537;-0.0734942
0.704808;0.330859;-0.0734942
0.709379;0.338182;-0.0734942
0.694434;0.323537;-0.0661719
0.699183;0.330859;-0.0661719
0.70375;0.338182;-0.0661719
0.689288;0.323537;-0.0588495
0.694022;0.330859;-0.0588495
0.698756;0.338182;-0.0588495
0.673649;0.304631;-0.054588
0.678675;0.311953;-0.054588
0.683688;0.319275;-0.054588
0.669147;0.304631;-0.0472656
0.674356;0.311953;-0.0472656
0.679345;0.319275;-0.0472656
0.665367;0.304631;-0.0399433
0.670538;0.311953;-0.0399433
0.675688;0.319275;-0.0399433
0.686535;0.323537;-0.054588
0.691312;0.330859;-0.054588
0.696088;0.338182;-0.054588
0.682229;0.323537;-0.0472656
0.687171;0.330859;-0.0472656
0.691923;0.338182;-0.0472656
0.678611;0.323537;-0.0399433
0.683516;0.330859;-0.0399433
0.688412;0.338182;-0.0399433
0.711985;0.342443;-0.0734942
0.716373;0.349766;-0.0734942
0.720783;0.357088;-0.0734942
0.7064;0.342443;-0.0661719
0.710956;0.349766;-0.0661719
0.715359;0.357088;-0.0661719
0.701453;0.342443;-0.0588495
0.705994;0.349766;-0.0588495
0.710544;0.357088;-0.0588495
0.723304;0.36135;-0.0734942
0.727566;0.368672;-0.0734942
0.731858;0.375994;-0.0734942
0.717918;0.36135;-0.0661719
0.722329;0.368672;-0.0661719
0.726615;0.375994;-0.0661719
0.713145;0.36135;-0.0588495
0.71754;0.368672;-0.0588495
0.721954;0.375994;-0.0588495
0.698808;0.342443;-0.054588
0.703386;0.349766;-0.054588
0.707974;0.357088;-0.054588
0.694675;0.342443;-0.0472656
0.6994;0.349766;-0.0472656
0.703965;0.357088;-0.0472656
0.691199;0.342443;-0.0399433
0.695889;0.349766;-0.0399433
0.700581;0.357088;-0.0399433
0.710595;0.36135;-0.054588
0.715023;0.368672;-0.054588
0.719469;0.375994;-0.054588
0.706613;0.36135;-0.0472656
0.711171;0.368672;-0.0472656
0.715597;0.375994;-0.0472656
0.703261;0.36135;-0.0399433
0.707786;0.368672;-0.0399433
0.712322;0.375994;-0.0399433
0.663427;0.304631;-0.0356817
0.668633;0.311953;-0.0356817
0.673815;0.319275;-0.0356817
0.660552;0.304631;-0.0283594
0.665911;0.311953;-0.0283594
0.671044;0.319275;-0.0283594
0.658414;0.304631;-0.021037
0.663708;0.311953;-0.021037
0.668975;0.319275;-0.021037
0.676757;0.323537;-0.0356817
0.681692;0.330859;-0.0356817
0.686616;0.338182;-0.0356817
0.674009;0.323537;-0.0283594
0.679083;0.330859;-0.0283594
0.683961;0.338182;-0.0283594
0.671963;0.323537;-0.021037
0.676976;0.330859;-0.021037
0.681974;0.338182;-0.021037
0.657438;0.304631;-0.0167755
0.662749;0.311953;-0.0167755
0.668032;0.319275;-0.0167755
0.656225;0.304631;-0.00945312
0.661662;0.311953;-0.00945312
0.666868;0.319275;-0.00945312
0.655759;0.304631;-0.00213077
0.661101;0.311953;-0.00213077
0.666412;0.319275;-0.00213077
0.67103;0.323537;-0.0167755
0.676058;0.330859;-0.0167755
0.68107;0.338182;-0.0167755
0.669873;0.323537;-0.00945312
0.675015;0.330859;-0.00945312
0.679957;0.338182;-0.00945312
0.669426;0.323537;-0.00213077
0.67448;0.330859;-0.00213077
0.679517;0.338182;-0.00213077
0.689419;0.342443;-0.0356817
0.694135;0.349766;-0.0356817
0.698851;0.357088;-0.0356817
0.686783;0.342443;-0.0283594
0.691624;0.349766;-0.0283594
0.696299;0.357088;-0.0283594
0.684818;0.342443;-0.021037
0.689602;0.349766;-0.021037
0.694383;0.357088;-0.021037
0.701545;0.36135;-0.0356817
0.706092;0.368672;-0.0356817
0.710651;0.375994;-0.0356817
0.699008;0.36135;-0.0283594
0.703666;0.368672;-0.0283594
0.708188;0.375994;-0.0283594
0.697112;0.36135;-0.021037
0.701719;0.368672;-0.021037
0.706333;0.375994;-0.021037
0.683923;0.342443;-0.0167755
0.68872;0.349766;-0.0167755
0.693513;0.357088;-0.0167755
0.682815;0.342443;-0.00945312
0.687714;0.349766;-0.00945312
0.692444;0.357088;-0.00945312
0.682383;0.342443;-0.00213077
0.687203;0.349766;-0.00213077
0.692018;0.357088;-0.00213077
0.69625;0.36135;-0.0167755
0.700868;0.368672;-0.0167755
0.705493;0.375994;-0.0167755
0.695185;0.36135;-0.00945312
0.699894;0.368672;-0.00945312
0.704464;0.375994;-0.00945312
0.694767;0.36135;-0.00213077
0.699405;0.368672;-0.00213077
0.704049;0.375994;-0.00213077
0.734322;0.380256;-0.0734942
0.738502;0.387578;-0.0734942
0.742721;0.3949;-0.0734942
0.72911;0.380256;-0.0661719
0.733421;0.387578;-0.0661719
0.737635;0.3949;-0.0661719
0.724487;0.380256;-0.0588495
0.728783;0.387578;-0.0588495
0.733108;0.3949;-0.0588495
0.745154;0.399162;-0.0734942
0.749299;0.406484;-0.0734942
0.753489;0.413807;-0.0734942
0.740094;0.399162;-0.0661719
0.744349;0.406484;-0.0661719
0.748539;0.413807;-0.0661719
0.735599;0.399162;-0.0588495
0.739843;0.406484;-0.0588495
0.744124;0.413807;-0.0588495
0.72202;0.380256;-0.054588
0.726344;0.387578;-0.054588
0.730696;0.3949;-0.054588
0.71817;0.380256;-0.0472656
0.722607;0.387578;-0.0472656
0.726942;0.3949;-0.0472656
0.714923;0.380256;-0.0399433
0.719332;0.387578;-0.0399433
0.723762;0.3949;-0.0399433
0.733203;0.399162;-0.054588
0.737471;0.406484;-0.054588
0.741775;0.413807;-0.054588
0.729468;0.399162;-0.0472656
0.733832;0.406484;-0.0472656
0.738124;0.413807;-0.0472656
0.726312;0.399162;-0.0399433
0.730653;0.406484;-0.0399433
0.735023;0.413807;-0.0399433
0.755917;0.418068;-0.0734942
0.760071;0.425391;-0.0734942
0.764274;0.432713;-0.0734942
0.750987;0.418068;-0.0661719
0.755232;0.425391;-0.0661719
0.759439;0.432713;-0.0661719
0.746601;0.418068;-0.0588495
0.750839;0.425391;-0.0588495
0.755119;0.432713;-0.0588495
0.76672;0.436975;-0.0734942
0.770929;0.444297;-0.0734942
0.775198;0.451619;-0.0734942
0.761902;0.436975;-0.0661719
0.766181;0.444297;-0.0661719
0.770458;0.451619;-0.0661719
0.757607;0.436975;-0.0588495
0.761885;0.444297;-0.0588495
0.766216;0.451619;-0.0588495
0.744265;0.418068;-0.054588
0.748523;0.425391;-0.054588
0.752823;0.432713;-0.054588
0.74063;0.418068;-0.0472656
0.744966;0.425391;-0.0472656
0.749261;0.432713;-0.0472656
0.737551;0.418068;-0.0399433
0.74187;0.425391;-0.0399433
0.746226;0.432713;-0.0399433
0.755323;0.436975;-0.054588
0.759617;0.444297;-0.054588
0.763964;0.451619;-0.054588
0.751772;0.436975;-0.0472656
0.756128;0.444297;-0.0472656
0.760476;0.451619;-0.0472656
0.748756;0.436975;-0.0399433
0.753102;0.444297;-0.0399433
0.757496;0.451619;-0.0399433
0.713264;0.380256;-0.0356817
0.717692;0.387578;-0.0356817
0.722141;0.3949;-0.0356817
0.710814;0.380256;-0.0283594
0.715338;0.387578;-0.0283594
0.719756;0.3949;-0.0283594
0.708977;0.380256;-0.021037
0.713457;0.387578;-0.021037
0.717953;0.3949;-0.021037
0.724702;0.399162;-0.0356817
0.729059;0.406484;-0.0356817
0.733445;0.413807;-0.0356817
0.722327;0.399162;-0.0283594
0.726765;0.406484;-0.0283594
0.731128;0.413807;-0.0283594
0.720541;0.399162;-0.021037
0.724942;0.406484;-0.021037
0.729369;0.413807;-0.021037
0.708143;0.380256;-0.0167755
0.712633;0.387578;-0.0167755
0.717139;0.3949;-0.0167755
0.707117;0.380256;-0.00945312
0.711685;0.387578;-0.00945312
0.716145;0.3949;-0.00945312
0.706709;0.380256;-0.00213077
0.711216;0.387578;-0.00213077
0.715738;0.3949;-0.00213077
0.719731;0.399162;-0.0167755
0.724141;0.406484;-0.0167755
0.728577;0.413807;-0.0167755
0.718739;0.399162;-0.00945312
0.723215;0.406484;-0.00945312
0.727613;0.413807;-0.00945312
0.71834;0.399162;-0.00213077
0.722764;0.406484;-0.00213077
0.727214;0.413807;-0.00213077
0.735981;0.418068;-0.0356817
0.740315;0.425391;-0.0356817
0.744685;0.432713;-0.0356817
0.733672;0.418068;-0.0283594
0.738072;0.425391;-0.0283594
0.742425;0.432713;-0.0283594
0.731928;0.418068;-0.021037
0.736299;0.425391;-0.021037
0.740703;0.432713;-0.021037
0.747222;0.436975;-0.0356817
0.751579;0.444297;-0.0356817
0.755984;0.451619;-0.0356817
0.744969;0.436975;-0.0283594
0.749377;0.444297;-0.0283594
0.753774;0.451619;-0.0283594
0.743259;0.436975;-0.021037
0.747647;0.444297;-0.021037
0.752081;0.451619;-0.021037
0.73114;0.418068;-0.0167755
0.735517;0.425391;-0.0167755
0.739929;0.432713;-0.0167755
0.730177;0.418068;-0.00945312
0.734609;0.425391;-0.00945312
0.738992;0.432713;-0.00945312
0.729784;0.418068;-0.00213077
0.734175;0.425391;-0.00213077
0.738597;0.432713;-0.00213077
0.742489;0.436975;-0.0167755
0.746883;0.444297;-0.0167755
0.751322;0.451619;-0.0167755
0.741552;0.436975;-0.00945312
0.745987;0.444297;-0.00945312
0.750409;0.451619;-0.00945312
0.741164;0.436975;-0.00213077
0.745568;0.444297;-0.00213077
0.750017;0.451619;-0.00213077
0.852701;0.455881;-0.149119
0.856636;0.463203;-0.149119
0.860621;0.470525;-0.149119
0.843457;0.455881;-0.141797
0.847426;0.463203;-0.141797
0.851466;0.470525;-0.141797
0.834641;0.455881;-0.134475
0.838636;0.463203;-0.134475
0.842709;0.470525;-0.134475
0.862073;0.473169;-0.149119
0.863044;0.474931;-0.149119
0.864017;0.476693;-0.149119
0.853078;0.473414;-0.141797
0.854539;0.476018;-0.141797
0.85601;0.478622;-0.141797
0.844473;0.473657;-0.134475
0.846426;0.477096;-0.134475
0.848395;0.480536;-0.134475
0.829684;0.455881;-0.130213
0.833709;0.463203;-0.130213
0.837803;0.470525;-0.130213
0.821478;0.455881;-0.122891
0.825564;0.463203;-0.122891
0.829703;0.470525;-0.122891
0.81372;0.455881;-0.115568
0.817831;0.463203;-0.115568
0.822008;0.470525;-0.115568
0.839648;0.473789;-0.130213
0.841865;0.477681;-0.130213
0.844102;0.481573;-0.130213
0.831684;0.473999;-0.122891
0.834336;0.478614;-0.122891
0.837013;0.483228;-0.122891
0.824133;0.474208;-0.115568
0.827236;0.479539;-0.115568
0.830373;0.484871;-0.115568
0.809394;0.455881;-0.111307
0.813529;0.463203;-0.111307
0.81773;0.470525;-0.111307
0.802301;0.455881;-0.103984
0.806493;0.463203;-0.103984
0.810734;0.470525;-0.103984
0.795679;0.455881;-0.096662
0.799891;0.463203;-0.096662
0.804162;0.470525;-0.096662
0.819931;0.47432;-0.111307
0.823278;0.480036;-0.111307
0.826663;0.485752;-0.111307
0.813053;0.474496;-0.103984
0.816778;0.480817;-0.103984
0.820546;0.487139;-0.103984
0.806605;0.474671;-0.096662
0.810722;0.481594;-0.096662
0.814889;0.488517;-0.096662
0.792025;0.455881;-0.0924005
0.796252;0.463203;-0.0924005
0.800541;0.470525;-0.0924005
0.786097;0.455881;-0.0850781
0.790363;0.463203;-0.0850781
0.794684;0.470525;-0.0850781
0.780655;0.455881;-0.0777558
0.784933;0.463203;-0.0777558
0.789279;0.470525;-0.0777558
0.800646;0.474787;-0.0894368
0.805039;0.482109;-0.0894368
0.809492;0.489432;-0.0894368
0.795956;0.474787;-0.0834081
0.800375;0.482109;-0.0834081
0.804859;0.489432;-0.0834081
0.791573;0.474787;-0.0773793
0.79602;0.482109;-0.0773793
0.800528;0.489432;-0.0773793
0.804496;0.474729;-0.0941548
0.808748;0.481852;-0.0941548
0.813052;0.488975;-0.0941548
0.803428;0.474754;-0.0928612
0.807737;0.481964;-0.0928612
0.812102;0.489174;-0.0928612
0.802373;0.47478;-0.0915676
0.806741;0.482077;-0.0915676
0.811167;0.489374;-0.0915676
0.810821;0.491597;-0.0894368
0.810893;0.491714;-0.0894368
0.810965;0.491832;-0.0894368
0.806269;0.491714;-0.0834081
0.806591;0.492235;-0.0834081
0.806913;0.492756;-0.0834081
0.802019;0.491831;-0.0773793
0.802592;0.492754;-0.0773793
0.803165;0.493677;-0.0773793
0.777694;0.455881;-0.0734942
0.781995;0.463203;-0.0734942
0.786347;0.470525;-0.0734942
0.772967;0.455881;-0.0661719
0.777322;0.463203;-0.0661719
0.781694;0.470525;-0.0661719
0.768745;0.455881;-0.0588495
0.773104;0.463203;-0.0588495
0.777513;0.470525;-0.0588495
0.788912;0.474787;-0.0734942
0.793377;0.482109;-0.0734942
0.797897;0.489432;-0.0734942
0.784265;0.474787;-0.0661719
0.788754;0.482109;-0.0661719
0.793293;0.489432;-0.0661719
0.780102;0.474787;-0.0588495
0.7846;0.482109;-0.0588495
0.789161;0.489432;-0.0588495
0.766502;0.455881;-0.054588
0.770874;0.463203;-0.054588
0.775295;0.470525;-0.054588
0.763023;0.455881;-0.0472656
0.76744;0.463203;-0.0472656
0.771866;0.470525;-0.0472656
0.76006;0.455881;-0.0399433
0.764473;0.463203;-0.0399433
0.768929;0.470525;-0.0399433
0.777893;0.474787;-0.054588
0.782404;0.482109;-0.054588
0.786975;0.489432;-0.054588
0.77447;0.474787;-0.0472656
0.779012;0.482109;-0.0472656
0.783595;0.489432;-0.0472656
0.771546;0.474787;-0.0399433
0.77609;0.482109;-0.0399433
0.780689;0.489432;-0.0399433
0.799431;0.491897;-0.0734942
0.800146;0.493048;-0.0734942
0.800862;0.494198;-0.0734942
0.794901;0.492008;-0.0661719
0.795856;0.493537;-0.0661719
0.796816;0.495067;-0.0661719
0.790849;0.492118;-0.0588495
0.792048;0.494025;-0.0588495
0.79325;0.495933;-0.0588495
0.7887;0.492172;-0.054588
0.79002;0.494269;-0.054588
0.791343;0.496365;-0.054588
0.78537;0.492251;-0.0472656
0.786863;0.494617;-0.0472656
0.788363;0.496983;-0.0472656
0.782523;0.492329;-0.0399433
0.784191;0.494964;-0.0399433
0.785864;0.497599;-0.0399433
0.758554;0.455881;-0.0356817
0.762977;0.463203;-0.0356817
0.767441;0.470525;-0.0356817
0.756349;0.455881;-0.0283594
0.760808;0.463203;-0.0283594
0.765271;0.470525;-0.0283594
0.754667;0.455881;-0.021037
0.759114;0.463203;-0.021037
0.7636;0.470525;-0.021037
0.770062;0.474787;-0.0356817
0.774613;0.482109;-0.0356817
0.77922;0.489432;-0.0356817
0.767894;0.474787;-0.0283594
0.772469;0.482109;-0.0283594
0.777085;0.489432;-0.0283594
0.766234;0.474787;-0.021037
0.770807;0.482109;-0.021037
0.775432;0.489432;-0.021037
0.753911;0.455881;-0.0167755
0.758363;0.463203;-0.0167755
0.762854;0.470525;-0.0167755
0.752997;0.455881;-0.00945312
0.757478;0.463203;-0.00945312
0.76196;0.470525;-0.00945312
0.752612;0.455881;-0.00213077
0.757072;0.463203;-0.00213077
0.76157;0.470525;-0.00213077
0.76549;0.474787;-0.0167755
0.770066;0.482109;-0.0167755
0.774695;0.489432;-0.0167755
0.764594;0.474787;-0.00945312
0.769187;0.482109;-0.00945312
0.773818;0.489432;-0.00945312
0.76421;0.474787;-0.00213077
0.768793;0.482109;-0.00213077
0.773428;0.489432;-0.00213077
0.78108;0.492366;-0.0356817
0.78283;0.495126;-0.0356817
0.784586;0.497886;-0.0356817
0.778973;0.492413;-0.0283594
0.78083;0.495334;-0.0283594
0.782697;0.498255;-0.0283594
0.777357;0.492459;-0.021037
0.779319;0.495542;-0.021037
0.781285;0.498624;-0.021037
0.776633;0.492478;-0.0167755
0.778636;0.495623;-0.0167755
0.780644;0.498767;-0.0167755
0.775763;0.492493;-0.00945312
0.777803;0.495692;-0.00945312
0.779855;0.49889;-0.00945312
0.775388;0.492509;-0.00213077
0.777461;0.495761;-0.00213077
0.77954;0.499013;-0.00213077
3.53512;-0.499013;0.00213077
3.48941;-0.495761;0.00213077
3.44407;-0.492509;0.00213077
3.52818;-0.49889;0.00945312
3.48341;-0.495692;0.00945312
3.43891;-0.492493;0.00945312
3.51492;-0.498767;0.0167755
3.47103;-0.495623;0.0167755
3.42746;-0.492478;0.0167755
3.50319;-0.498624;0.021037
3.46035;-0.495542;0.021037
3.41781;-0.492459;0.021037
3.47627;-0.498255;0.0283594
3.43611;-0.495334;0.0283594
3.39615;-0.492413;0.0283594
3.44332;-0.497886;0.0356817
3.40577;-0.495126;0.0356817
3.36843;-0.492366;0.0356817
3.40158;-0.489432;0.00213077
3.30171;-0.482109;0.00213077
3.20349;-0.474787;0.00213077
3.39668;-0.489432;0.00945312
3.29698;-0.482109;0.00945312
3.19903;-0.474787;0.00945312
3.38565;-0.489432;0.0167755
3.28638;-0.482109;0.0167755
3.18875;-0.474787;0.0167755
3.14694;-0.470525;0.00213077
3.05084;-0.463203;0.00213077
2.9564;-0.455881;0.00213077
3.14254;-0.470525;0.00945312
3.04651;-0.463203;0.00945312
2.95242;-0.455881;0.00945312
3.13253;-0.470525;0.0167755
3.037;-0.463203;0.0167755
2.94311;-0.455881;0.0167755
3.3764;-0.489432;0.021037
3.27749;-0.482109;0.021037
3.1802;-0.474787;0.021037
3.3557;-0.489432;0.0283594
3.25759;-0.482109;0.0283594
3.16116;-0.474787;0.0283594
3.32907;-0.489432;0.0356817
3.232;-0.482109;0.0356817
3.13645;-0.474787;0.0356817
3.12418;-0.470525;0.021037
3.02897;-0.463203;0.021037
2.9354;-0.455881;0.021037
3.10553;-0.470525;0.0283594
3.01095;-0.463203;0.0283594
2.91827;-0.455881;0.0283594
3.08143;-0.470525;0.0356817
2.9879;-0.463203;0.0356817
2.89597;-0.455881;0.0356817
3.42037;-0.497599;0.0399433
3.38479;-0.494964;0.0399433
3.34941;-0.492329;0.0399433
3.37468;-0.496983;0.0472656
3.34324;-0.494617;0.0472656
3.31193;-0.492251;0.0472656
3.32348;-0.496365;0.054588
3.2961;-0.494269;0.054588
3.26888;-0.492172;0.054588
3.29018;-0.495933;0.0588495
3.26558;-0.494025;0.0588495
3.24114;-0.492118;0.0588495
3.22746;-0.495067;0.0661719
3.20822;-0.493537;0.0661719
3.1891;-0.492008;0.0661719
3.16029;-0.494198;0.0734942
3.14617;-0.493048;0.0734942
3.13215;-0.491897;0.0734942
3.31083;-0.489432;0.0399433
3.21446;-0.482109;0.0399433
3.11958;-0.474787;0.0399433
3.27491;-0.489432;0.0472656
3.17992;-0.482109;0.0472656
3.08646;-0.474787;0.0472656
3.2335;-0.489432;0.054588
3.14001;-0.482109;0.054588
3.04807;-0.474787;0.054588
3.06494;-0.470525;0.0399433
2.97209;-0.463203;0.0399433
2.8808;-0.455881;0.0399433
3.03256;-0.470525;0.0472656
2.94095;-0.463203;0.0472656
2.85111;-0.455881;0.0472656
2.99515;-0.470525;0.054588
2.90518;-0.463203;0.054588
2.81664;-0.455881;0.054588
3.20689;-0.489432;0.0588495
3.11446;-0.482109;0.0588495
3.02352;-0.474787;0.0588495
3.15706;-0.489432;0.0661719
3.0668;-0.482109;0.0661719
2.97779;-0.474787;0.0661719
3.10229;-0.489432;0.0734942
3.0143;-0.482109;0.0734942
2.92739;-0.474787;0.0734942
2.97118;-0.470525;0.0588495
2.88219;-0.463203;0.0588495
2.79461;-0.455881;0.0588495
2.92643;-0.470525;0.0661719
2.83919;-0.463203;0.0661719
2.75357;-0.455881;0.0661719
2.87731;-0.470525;0.0734942
2.79222;-0.463203;0.0734942
2.70836;-0.455881;0.0734942
3.12221;-0.493677;0.0773793
3.11105;-0.492754;0.0773793
3.09997;-0.491831;0.0773793
3.05979;-0.492756;0.0834081
3.05363;-0.492235;0.0834081
3.0475;-0.491714;0.0834081
2.99499;-0.491832;0.0894368
2.99363;-0.491714;0.0894368
2.99226;-0.491597;0.0894368
3.07131;-0.489432;0.0773793
2.98455;-0.482109;0.0773793
2.89885;-0.474787;0.0773793
3.02085;-0.489432;0.0834081
2.93607;-0.482109;0.0834081
2.85238;-0.474787;0.0834081
2.96761;-0.489432;0.0894368
2.88498;-0.482109;0.0894368
2.80346;-0.474787;0.0894368
2.94752;-0.489374;0.0915676
2.86597;-0.482077;0.0915676
2.78553;-0.47478;0.0915676
2.93334;-0.489174;0.0928612
2.85327;-0.481964;0.0928612
2.77429;-0.474754;0.0928612
2.91907;-0.488975;0.0941548
2.84049;-0.481852;0.0941548
2.76295;-0.474729;0.0941548
2.84675;-0.470525;0.0777558
2.76303;-0.463203;0.0777558
2.68041;-0.455881;0.0777558
2.79121;-0.470525;0.0850781
2.70989;-0.463203;0.0850781
2.62979;-0.455881;0.0850781
2.73224;-0.470525;0.0924005
2.65349;-0.463203;0.0924005
2.57585;-0.455881;0.0924005
2.89045;-0.488517;0.096662
2.81501;-0.481594;0.096662
2.74052;-0.474671;0.096662
2.80505;-0.487139;0.103984
2.7389;-0.480817;0.103984
2.67341;-0.474496;0.103984
2.71815;-0.485752;0.111307
2.66112;-0.480036;0.111307
2.60454;-0.47432;0.111307
2.69637;-0.470525;0.096662
2.61926;-0.463203;0.096662
2.54325;-0.455881;0.096662
2.63271;-0.470525;0.103984
2.55859;-0.463203;0.103984
2.48557;-0.455881;0.103984
2.56725;-0.470525;0.111307
2.49605;-0.463203;0.111307
2.42586;-0.455881;0.111307
2.66661;-0.484871;0.115568
2.61492;-0.479539;0.115568
2.56357;-0.474208;0.115568
2.57703;-0.483228;0.122891
2.53446;-0.478614;0.122891
2.49215;-0.473999;0.122891
2.48835;-0.481573;0.130213
2.45444;-0.477681;0.130213
2.42078;-0.473789;0.130213
2.52835;-0.470525;0.115568
2.45901;-0.463203;0.115568
2.39053;-0.455881;0.115568
2.46057;-0.470525;0.122891
2.39462;-0.463203;0.122891
2.32937;-0.455881;0.122891
2.39258;-0.470525;0.130213
2.3298;-0.463203;0.130213
2.26799;-0.455881;0.130213
2.43663;-0.480536;0.134475
2.4078;-0.477096;0.134475
2.3792;-0.473657;0.134475
2.3493;-0.478622;0.141797
2.32883;-0.476018;0.141797
2.30858;-0.473414;0.141797
2.26661;-0.476693;0.149119
2.25357;-0.474931;0.149119
2.24073;-0.473169;0.149119
2.35313;-0.470525;0.134475
2.2925;-0.463203;0.134475
2.23271;-0.455881;0.134475
2.28625;-0.470525;0.141797
2.22975;-0.463203;0.141797
2.17342;-0.455881;0.141797
2.22159;-0.470525;0.149119
2.16876;-0.463203;0.149119
2.11618;-0.455881;0.149119
2.90232;-0.451619;0.00213077
2.81069;-0.444297;0.00213077
2.72044;-0.436975;0.00213077
2.8984;-0.451619;0.00945312
2.80674;-0.444297;0.00945312
2.7169;-0.436975;0.00945312
2.88933;-0.451619;0.0167755
2.79823;-0.444297;0.0167755
2.70848;-0.436975;0.0167755
2.66871;-0.432713;0.00213077
2.58122;-0.425391;0.00213077
2.49509;-0.418068;0.00213077
2.66523;-0.432713;0.00945312
2.57762;-0.425391;0.00945312
2.49197;-0.418068;0.00945312
2.65704;-0.432713;0.0167755
2.57003;-0.425391;0.0167755
2.48438;-0.418068;0.0167755
2.8818;-0.451619;0.021037
2.791;-0.444297;0.021037
2.70155;-0.436975;0.021037
2.86504;-0.451619;0.0283594
2.77472;-0.444297;0.0283594
2.68619;-0.436975;0.0283594
2.8433;-0.451619;0.0356817
2.75406;-0.444297;0.0356817
2.66612;-0.436975;0.0356817
2.65028;-0.432713;0.021037
2.56355;-0.425391;0.021037
2.47817;-0.418068;0.021037
2.63527;-0.432713;0.0283594
2.5489;-0.425391;0.0283594
2.46447;-0.418068;0.0283594
2.61572;-0.432713;0.0356817
2.53045;-0.425391;0.0356817
2.44648;-0.418068;0.0356817
2.44582;-0.413807;0.00213077
2.36254;-0.406484;0.00213077
2.28056;-0.399162;0.00213077
2.44274;-0.413807;0.00945312
2.35928;-0.406484;0.00945312
2.27781;-0.399162;0.00945312
2.43537;-0.413807;0.0167755
2.35255;-0.406484;0.0167755
2.27101;-0.399162;0.0167755
2.2337;-0.3949;0.00213077
2.15459;-0.387578;0.00213077
2.0767;-0.380256;0.00213077
2.231;-0.3949;0.00945312
2.15163;-0.387578;0.00945312
2.0743;-0.380256;0.00945312
2.22439;-0.3949;0.0167755
2.1457;-0.387578;0.0167755
2.06822;-0.380256;0.0167755
2.42932;-0.413807;0.021037
2.34676;-0.406484;0.021037
2.26547;-0.399162;0.021037
2.41594;-0.413807;0.0283594
2.33363;-0.406484;0.0283594
2.2533;-0.399162;0.0283594
2.39843;-0.413807;0.0356817
2.31722;-0.406484;0.0356817
2.23724;-0.399162;0.0356817
2.219;-0.3949;0.021037
2.14055;-0.387578;0.021037
2.06331;-0.380256;0.021037
2.20713;-0.3949;0.0283594
2.12883;-0.387578;0.0283594
2.05256;-0.380256;0.0283594
2.19151;-0.3949;0.0356817
2.11433;-0.387578;0.0356817
2.0383;-0.380256;0.0356817
2.82849;-0.451619;0.0399433
2.73986;-0.444297;0.0399433
2.65252;-0.436975;0.0399433
2.79948;-0.451619;0.0472656
2.71186;-0.444297;0.0472656
2.62595;-0.436975;0.0472656
2.76589;-0.451619;0.054588
2.67986;-0.444297;0.054588
2.59504;-0.436975;0.054588
2.60245;-0.432713;0.0399433
2.51774;-0.425391;0.0399433
2.43432;-0.418068;0.0399433
2.57651;-0.432713;0.0472656
2.49265;-0.425391;0.0472656
2.41064;-0.418068;0.0472656
2.54641;-0.432713;0.054588
2.46412;-0.425391;0.054588
2.38302;-0.418068;0.054588
2.7444;-0.451619;0.0588495
2.65927;-0.444297;0.0588495
2.57533;-0.436975;0.0588495
2.70433;-0.451619;0.0661719
2.62071;-0.444297;0.0661719
2.53868;-0.436975;0.0661719
2.66027;-0.451619;0.0734942
2.57873;-0.444297;0.0734942
2.49826;-0.436975;0.0734942
2.52719;-0.432713;0.0588495
2.44573;-0.425391;0.0588495
2.36546;-0.418068;0.0588495
2.49145;-0.432713;0.0661719
2.41129;-0.425391;0.0661719
2.3329;-0.418068;0.0661719
2.45212;-0.432713;0.0734942
2.37401;-0.425391;0.0734942
2.29697;-0.418068;0.0734942
2.38658;-0.413807;0.0399433
2.30589;-0.406484;0.0399433
2.22642;-0.399162;0.0399433
2.36348;-0.413807;0.0472656
2.28349;-0.406484;0.0472656
2.20541;-0.399162;0.0472656
2.33661;-0.413807;0.054588
2.25817;-0.406484;0.054588
2.18086;-0.399162;0.054588
2.18098;-0.3949;0.0399433
2.10428;-0.387578;0.0399433
2.02873;-0.380256;0.0399433
2.16053;-0.3949;0.0472656
2.08438;-0.387578;0.0472656
2.01021;-0.380256;0.0472656
2.13666;-0.3949;0.054588
2.06205;-0.387578;0.054588
1.98852;-0.380256;0.054588
2.31951;-0.413807;0.0588495
2.24184;-0.406484;0.0588495
2.1653;-0.399162;0.0588495
2.2878;-0.413807;0.0661719
2.21125;-0.406484;0.0661719
2.13654;-0.399162;0.0661719
2.25287;-0.413807;0.0734942
2.17833;-0.406484;0.0734942
2.10478;-0.399162;0.0734942
2.12153;-0.3949;0.0588495
2.04763;-0.387578;0.0588495
1.97482;-0.380256;0.0588495
2.09356;-0.3949;0.0661719
2.02062;-0.387578;0.0661719
1.94959;-0.380256;0.0661719
2.06274;-0.3949;0.0734942
1.99176;-0.387578;0.0734942
1.92174;-0.380256;0.0734942
2.03222;-0.375994;0.00213077
1.95722;-0.368672;0.00213077
1.88337;-0.36135;0.00213077
2.02988;-0.375994;0.00945312
1.95455;-0.368672;0.00945312
1.88129;-0.36135;0.00945312
2.02398;-0.375994;0.0167755
1.94936;-0.368672;0.0167755
1.87589;-0.36135;0.0167755
1.84123;-0.357088;0.00213077
1.77025;-0.349766;0.00213077
1.70035;-0.342443;0.00213077
1.83921;-0.357088;0.00945312
1.76786;-0.349766;0.00945312
1.69857;-0.342443;0.00945312
1.83398;-0.357088;0.0167755
1.76336;-0.349766;0.0167755
1.69382;-0.342443;0.0167755
2.0192;-0.375994;0.021037
1.94481;-0.368672;0.021037
1.87157;-0.36135;0.021037
2.00874;-0.375994;0.0283594
1.93442;-0.368672;0.0283594
1.86214;-0.36135;0.0283594
1.99488;-0.375994;0.0356817
1.92167;-0.368672;0.0356817
1.84956;-0.36135;0.0356817
1.82978;-0.357088;0.021037
1.75936;-0.349766;0.021037
1.69004;-0.342443;0.021037
1.82062;-0.357088;0.0283594
1.75021;-0.349766;0.0283594
1.68185;-0.342443;0.0283594
1.80842;-0.357088;0.0356817
1.73912;-0.349766;0.0356817
1.67086;-0.342443;0.0356817
1.66051;-0.338182;0.00213077
1.59344;-0.330859;0.00213077
1.5274;-0.323537;0.00213077
1.65878;-0.338182;0.00945312
1.59132;-0.330859;0.00945312
1.5259;-0.323537;0.00945312
1.65418;-0.338182;0.0167755
1.58746;-0.330859;0.0167755
1.52176;-0.323537;0.0167755
1.48979;-0.319275;0.00213077
1.42653;-0.311953;0.00213077
1.36424;-0.304631;0.00213077
1.48834;-0.319275;0.00945312
1.42466;-0.311953;0.00945312
1.363;-0.304631;0.00945312
1.48434;-0.319275;0.0167755
1.4214;-0.311953;0.0167755
1.35943;-0.304631;0.0167755
1.65052;-0.338182;0.021037
1.58399;-0.330859;0.021037
1.5185;-0.323537;0.021037
1.64259;-0.338182;0.0283594
1.57602;-0.330859;0.0283594
1.51147;-0.323537;0.0283594
1.63195;-0.338182;0.0356817
1.56647;-0.330859;0.0356817
1.50198;-0.323537;0.0356817
1.48119;-0.319275;0.021037
1.41844;-0.311953;0.021037
1.35666;-0.304631;0.021037
1.47441;-0.319275;0.0283594
1.41158;-0.311953;0.0283594
1.35075;-0.304631;0.0283594
1.46525;-0.319275;0.0356817
1.40349;-0.311953;0.0356817
1.34268;-0.304631;0.0356817
1.98559;-0.375994;0.0399433
1.91282;-0.368672;0.0399433
1.84116;-0.36135;0.0399433
1.96758;-0.375994;0.0472656
1.89527;-0.368672;0.0472656
1.82496;-0.36135;0.0472656
1.94653;-0.375994;0.054588
1.87572;-0.368672;0.054588
1.80594;-0.36135;0.054588
1.80027;-0.357088;0.0399433
1.73139;-0.349766;0.0399433
1.66355;-0.342443;0.0399433
1.78456;-0.357088;0.0472656
1.71604;-0.349766;0.0472656
1.64953;-0.342443;0.0472656
1.76614;-0.357088;0.054588
1.69909;-0.349766;0.054588
1.63303;-0.342443;0.054588
1.93323;-0.375994;0.0588495
1.86309;-0.368672;0.0588495
1.79399;-0.36135;0.0588495
1.90875;-0.375994;0.0661719
1.83943;-0.368672;0.0661719
1.77206;-0.36135;0.0661719
1.88176;-0.375994;0.0734942
1.81435;-0.368672;0.0734942
1.74787;-0.36135;0.0734942
1.75456;-0.357088;0.0588495
1.68814;-0.349766;0.0588495
1.62271;-0.342443;0.0588495
1.73334;-0.357088;0.0661719
1.66763;-0.349766;0.0661719
1.60388;-0.342443;0.0661719
1.70994;-0.357088;0.0734942
1.64609;-0.349766;0.0734942
1.58313;-0.342443;0.0734942
1.62488;-0.338182;0.0399433
1.55979;-0.330859;0.0399433
1.4957;-0.323537;0.0399433
1.61132;-0.338182;0.0472656
1.54652;-0.330859;0.0472656
1.48372;-0.323537;0.0472656
1.59538;-0.338182;0.054588
1.53202;-0.330859;0.054588
1.46961;-0.323537;0.054588
1.4592;-0.319275;0.0399433
1.39781;-0.311953;0.0399433
1.33738;-0.304631;0.0399433
1.44766;-0.319275;0.0472656
1.38652;-0.311953;0.0472656
1.32736;-0.304631;0.0472656
1.43408;-0.319275;0.054588
1.37434;-0.311953;0.054588
1.31552;-0.304631;0.054588
1.58541;-0.338182;0.0588495
1.52265;-0.330859;0.0588495
1.46084;-0.323537;0.0588495
1.56725;-0.338182;0.0661719
1.50512;-0.330859;0.0661719
1.44495;-0.323537;0.0661719
1.54726;-0.338182;0.0734942
1.48692;-0.330859;0.0734942
1.42746;-0.323537;0.0734942
1.42564;-0.319275;0.0588495
1.36647;-0.311953;0.0588495
1.30822;-0.304631;0.0588495
1.41038;-0.319275;0.0661719
1.35179;-0.311953;0.0661719
1.29512;-0.304631;0.0661719
1.39361;-0.319275;0.0734942
1.33675;-0.311953;0.0734942
1.28076;-0.304631;0.0734942
2.63299;-0.451619;0.0777558
2.55263;-0.444297;0.0777558
2.47333;-0.436975;0.0777558
2.58362;-0.451619;0.0850781
2.50523;-0.444297;0.0850781
2.42831;-0.436975;0.0850781
2.53119;-0.451619;0.0924005
2.45528;-0.444297;0.0924005
2.38038;-0.436975;0.0924005
2.42784;-0.432713;0.0777558
2.35083;-0.425391;0.0777558
2.27489;-0.418068;0.0777558
2.384;-0.432713;0.0850781
2.30876;-0.425391;0.0850781
2.23516;-0.418068;0.0850781
2.33745;-0.432713;0.0924005
2.26473;-0.425391;0.0924005
2.19289;-0.418068;0.0924005
2.49947;-0.451619;0.096662
2.42499;-0.444297;0.096662
2.35154;-0.436975;0.096662
2.44331;-0.451619;0.103984
2.3713;-0.444297;0.103984
2.30069;-0.436975;0.103984
2.38535;-0.451619;0.111307
2.31629;-0.444297;0.111307
2.24813;-0.436975;0.111307
2.30942;-0.432713;0.096662
2.23805;-0.425391;0.096662
2.16756;-0.418068;0.096662
2.26;-0.432713;0.103984
2.19083;-0.425391;0.103984
2.12311;-0.418068;0.103984
2.20908;-0.432713;0.111307
2.14286;-0.425391;0.111307
2.07726;-0.418068;0.111307
2.2314;-0.413807;0.0777558
2.15786;-0.406484;0.0777558
2.08534;-0.399162;0.0777558
2.19276;-0.413807;0.0850781
2.12075;-0.406484;0.0850781
2.05049;-0.399162;0.0850781
2.15174;-0.413807;0.0924005
2.08218;-0.406484;0.0924005
2.01345;-0.399162;0.0924005
2.04386;-0.3949;0.0777558
1.97382;-0.387578;0.0777558
1.90475;-0.380256;0.0777558
2.01004;-0.3949;0.0850781
1.94134;-0.387578;0.0850781
1.87446;-0.380256;0.0850781
1.97417;-0.3949;0.0924005
1.90785;-0.387578;0.0924005
1.84233;-0.380256;0.0924005
2.12717;-0.413807;0.096662
2.05884;-0.406484;0.096662
1.99138;-0.399162;0.096662
2.08403;-0.413807;0.103984
2.01762;-0.406484;0.103984
1.95283;-0.399162;0.103984
2.03968;-0.413807;0.111307
1.97614;-0.406484;0.111307
1.91324;-0.399162;0.111307
1.95279;-0.3949;0.096662
1.88762;-0.387578;0.096662
1.82329;-0.380256;0.096662
1.91549;-0.3949;0.103984
1.85202;-0.387578;0.103984
1.79026;-0.380256;0.103984
1.87727;-0.3949;0.111307
1.81657;-0.387578;0.111307
1.75651;-0.380256;0.111307
2.35101;-0.451619;0.115568
2.28369;-0.444297;0.115568
2.21726;-0.436975;0.115568
2.29159;-0.451619;0.122891
2.22729;-0.444297;0.122891
2.16412;-0.436975;0.122891
2.23234;-0.451619;0.130213
2.17134;-0.444297;0.130213
2.11089;-0.436975;0.130213
2.17915;-0.432713;0.115568
2.11448;-0.425391;0.115568
2.05049;-0.418068;0.115568
2.12763;-0.432713;0.122891
2.06552;-0.425391;0.122891
2.00471;-0.418068;0.122891
2.07627;-0.432713;0.130213
2.01755;-0.425391;0.130213
1.95913;-0.418068;0.130213
2.19814;-0.451619;0.134475
2.13901;-0.444297;0.134475
2.08054;-0.436975;0.134475
2.14063;-0.451619;0.141797
2.0848;-0.444297;0.141797
2.02993;-0.436975;0.141797
2.08576;-0.451619;0.149119
2.03358;-0.444297;0.149119
1.98131;-0.436975;0.149119
2.04698;-0.432713;0.134475
1.98995;-0.425391;0.134475
1.93335;-0.418068;0.134475
1.99813;-0.432713;0.141797
1.94389;-0.425391;0.141797
1.89082;-0.418068;0.141797
1.95147;-0.432713;0.149119
1.90108;-0.425391;0.149119
1.85055;-0.418068;0.149119
2.01379;-0.413807;0.115568
1.95168;-0.406484;0.115568
1.89027;-0.399162;0.115568
1.96955;-0.413807;0.122891
1.90968;-0.406484;0.122891
1.85131;-0.399162;0.122891
1.92565;-0.413807;0.130213
1.86904;-0.406484;0.130213
1.81283;-0.399162;0.130213
1.85513;-0.3949;0.115568
1.79577;-0.387578;0.115568
1.73709;-0.380256;0.115568
1.81762;-0.3949;0.122891
1.76027;-0.387578;0.122891
1.70449;-0.380256;0.122891
1.78068;-0.3949;0.130213
1.72644;-0.387578;0.130213
1.67265;-0.380256;0.130213
1.90086;-0.413807;0.134475
1.84584;-0.406484;0.134475
1.79129;-0.399162;0.134475
1.86004;-0.413807;0.141797
1.80746;-0.406484;0.141797
1.75623;-0.399162;0.141797
1.82151;-0.413807;0.149119
1.77245;-0.406484;0.149119
1.7236;-0.399162;0.149119
1.76007;-0.3949;0.134475
1.70732;-0.387578;0.134475
1.65508;-0.380256;0.134475
1.72661;-0.3949;0.141797
1.67611;-0.387578;0.141797
1.627;-0.380256;0.141797
1.69564;-0.3949;0.149119
1.64844;-0.387578;0.149119
1.60151;-0.380256;0.149119
1.86531;-0.375994;0.0777558
1.79878;-0.368672;0.0777558
1.73319;-0.36135;0.0777558
1.83597;-0.375994;0.0850781
1.77063;-0.368672;0.0850781
1.70715;-0.36135;0.0850781
1.80493;-0.375994;0.0924005
1.74188;-0.368672;0.0924005
1.67963;-0.36135;0.0924005
1.69577;-0.357088;0.0777558
1.63274;-0.349766;0.0777558
1.57062;-0.342443;0.0777558
1.67064;-0.357088;0.0850781
1.60867;-0.349766;0.0850781
1.54859;-0.342443;0.0850781
1.64413;-0.357088;0.0924005
1.58437;-0.349766;0.0924005
1.52541;-0.342443;0.0924005
1.78654;-0.375994;0.096662
1.72457;-0.368672;0.096662
1.66343;-0.36135;0.096662
1.75469;-0.375994;0.103984
1.69424;-0.368672;0.103984
1.63556;-0.36135;0.103984
1.72221;-0.375994;0.111307
1.66442;-0.368672;0.111307
1.60729;-0.36135;0.111307
1.62855;-0.357088;0.096662
1.56981;-0.349766;0.096662
1.51189;-0.342443;0.096662
1.60179;-0.357088;0.103984
1.54445;-0.349766;0.103984
1.48889;-0.342443;0.103984
1.57472;-0.357088;0.111307
1.51991;-0.349766;0.111307
1.4658;-0.342443;0.111307
1.53522;-0.338182;0.0777558
1.47566;-0.330859;0.0777558
1.41701;-0.323537;0.0777558
1.51405;-0.338182;0.0850781
1.45547;-0.330859;0.0850781
1.39877;-0.323537;0.0850781
1.49183;-0.338182;0.0924005
1.43537;-0.330859;0.0924005
1.37972;-0.323537;0.0924005
1.38361;-0.319275;0.0777558
1.3275;-0.311953;0.0777558
1.27227;-0.304631;0.0777558
1.3662;-0.319275;0.0850781
1.31099;-0.311953;0.0850781
1.25766;-0.304631;0.0850781
1.34805;-0.319275;0.0924005
1.2949;-0.311953;0.0924005
1.24256;-0.304631;0.0924005
1.4789;-0.338182;0.096662
1.42341;-0.330859;0.096662
1.36875;-0.323537;0.096662
1.45695;-0.338182;0.103984
1.40275;-0.330859;0.103984
1.35035;-0.323537;0.103984
1.43499;-0.338182;0.111307
1.38322;-0.330859;0.111307
1.33219;-0.323537;0.111307
1.33765;-0.319275;0.096662
1.28542;-0.311953;0.096662
1.23403;-0.304631;0.096662
1.32026;-0.319275;0.103984
1.26927;-0.311953;0.103984
1.22005;-0.304631;0.103984
1.30317;-0.319275;0.111307
1.2545;-0.311953;0.111307
1.2066;-0.304631;0.111307
1.70357;-0.375994;0.115568
1.64704;-0.368672;0.115568
1.59122;-0.36135;0.115568
1.67233;-0.375994;0.122891
1.61764;-0.368672;0.122891
1.56457;-0.36135;0.122891
1.64193;-0.375994;0.130213
1.59018;-0.368672;0.130213
1.53895;-0.36135;0.130213
1.55937;-0.357088;0.115568
1.50576;-0.349766;0.115568
1.45287;-0.342443;0.115568
1.53401;-0.357088;0.122891
1.4821;-0.349766;0.122891
1.43184;-0.342443;0.122891
1.50974;-0.357088;0.130213
1.46061;-0.349766;0.130213
1.41208;-0.342443;0.130213
1.62523;-0.375994;0.134475
1.57488;-0.368672;0.134475
1.5251;-0.36135;0.134475
1.59865;-0.375994;0.141797
1.55037;-0.368672;0.141797
1.50354;-0.36135;0.141797
1.57469;-0.375994;0.149119
1.5295;-0.368672;0.149119
1.4847;-0.36135;0.149119
1.49671;-0.357088;0.134475
1.44891;-0.349766;0.134475
1.40174;-0.342443;0.134475
1.47655;-0.357088;0.141797
1.43069;-0.349766;0.141797
1.38629;-0.342443;0.141797
1.45915;-0.357088;0.149119
1.41617;-0.349766;0.149119
1.3737;-0.342443;0.149119
1.42275;-0.338182;0.115568
1.37211;-0.330859;0.115568
1.32225;-0.323537;0.115568
1.40294;-0.338182;0.122891
1.3539;-0.330859;0.122891
1.30653;-0.323537;0.122891
1.38445;-0.338182;0.130213
1.33806;-0.330859;0.130213
1.29234;-0.323537;0.130213
1.29389;-0.319275;0.115568
1.2463;-0.311953;0.115568
1.19952;-0.304631;0.115568
1.27934;-0.319275;0.122891
1.23328;-0.311953;0.122891
1.18887;-0.304631;0.122891
1.26635;-0.319275;0.130213
1.2228;-0.311953;0.130213
1.17999;-0.304631;0.130213
1.37487;-0.338182;0.134475
1.32974;-0.330859;0.134475
1.2853;-0.323537;0.134475
1.36076;-0.338182;0.141797
1.31745;-0.330859;0.141797
1.27563;-0.323537;0.141797
1.34952;-0.338182;0.149119
1.30891;-0.330859;0.149119
1.26892;-0.323537;0.149119
1.26004;-0.319275;0.134475
1.21768;-0.311953;0.134475
1.1761;-0.304631;0.134475
1.25163;-0.319275;0.141797
1.21102;-0.311953;0.141797
1.17189;-0.304631;0.141797
1.24619;-0.319275;0.149119
1.2081;-0.311953;0.149119
1.17073;-0.304631;0.149119
2.22906;-0.475739;0.152557
2.21949;-0.474394;0.152557
2.21005;-0.473048;0.152557
2.18145;-0.474398;0.15705
2.17636;-0.473638;0.15705
2.17131;-0.472878;0.15705
2.13669;-0.47305;0.161543
2.13559;-0.472878;0.161543
2.13449;-0.472706;0.161543
2.19238;-0.470525;0.152557
2.14121;-0.463203;0.152557
2.09033;-0.455881;0.152557
2.15563;-0.470525;0.15705
2.10676;-0.463203;0.15705
2.0579;-0.455881;0.15705
2.12057;-0.470525;0.161543
2.07389;-0.463203;0.161543
2.02728;-0.455881;0.161543
2.10307;-0.470276;0.163673
2.05808;-0.463063;0.163673
2.01327;-0.455849;0.163673
2.07747;-0.469417;0.166503
2.03608;-0.462578;0.166503
1.99506;-0.45574;0.166503
2.05307;-0.468554;0.169333
2.01519;-0.462092;0.169333
1.97786;-0.45563;0.169333
2.02864;-0.467583;0.172287
1.99477;-0.461545;0.172287
1.96114;-0.455507;0.172287
1.97586;-0.465092;0.179609
1.95059;-0.460141;0.179609
1.92518;-0.455191;0.179609
1.93446;-0.462574;0.186932
1.91623;-0.458722;0.186932
1.89805;-0.454871;0.186932
1.91499;-0.46103;0.191193
1.9008;-0.457852;0.191193
1.8866;-0.454675;0.191193
1.89152;-0.458239;0.198516
1.88345;-0.456279;0.198516
1.87542;-0.45432;0.198516
1.88152;-0.455415;0.205838
1.87882;-0.454688;0.205838
1.87616;-0.453961;0.205838
1.88128;-0.454493;0.208193
1.88014;-0.454169;0.208193
1.87901;-0.453844;0.208193
1.88148;-0.454169;0.208965
1.88085;-0.453986;0.208965
1.88023;-0.453803;0.208965
1.88188;-0.453844;0.209736
1.88174;-0.453803;0.209736
1.8816;-0.453762;0.209736
2.05502;-0.451619;0.153381
2.00495;-0.444297;0.153381
1.95489;-0.436975;0.153381
2.00547;-0.451619;0.160703
1.95891;-0.444297;0.160703
1.91317;-0.436975;0.160703
1.96189;-0.451619;0.168025
1.91892;-0.444297;0.168025
1.87605;-0.436975;0.168025
1.92619;-0.432713;0.153381
1.87755;-0.425391;0.153381
1.82887;-0.418068;0.153381
1.88641;-0.432713;0.160703
1.84034;-0.425391;0.160703
1.79525;-0.418068;0.160703
1.85125;-0.432713;0.168025
1.80884;-0.425391;0.168025
1.76642;-0.418068;0.168025
1.93949;-0.451619;0.172287
1.89851;-0.444297;0.172287
1.8574;-0.436975;0.172287
1.90676;-0.451619;0.179609
1.869;-0.444297;0.179609
1.83136;-0.436975;0.179609
1.88268;-0.451619;0.186932
1.848;-0.444297;0.186932
1.81334;-0.436975;0.186932
1.83365;-0.432713;0.172287
1.79316;-0.425391;0.172287
1.75263;-0.418068;0.172287
1.80937;-0.432713;0.179609
1.77169;-0.425391;0.179609
1.73448;-0.418068;0.179609
1.79321;-0.432713;0.186932
1.75849;-0.425391;0.186932
1.72357;-0.418068;0.186932
1.80087;-0.413807;0.153381
1.75352;-0.406484;0.153381
1.70643;-0.399162;0.153381
1.76906;-0.413807;0.160703
1.72427;-0.406484;0.160703
1.68057;-0.399162;0.160703
1.74206;-0.413807;0.168025
1.70072;-0.406484;0.168025
1.65941;-0.399162;0.168025
1.67945;-0.3949;0.153381
1.63381;-0.387578;0.153381
1.58851;-0.380256;0.153381
1.65524;-0.3949;0.160703
1.61195;-0.387578;0.160703
1.56979;-0.380256;0.160703
1.63571;-0.3949;0.168025
1.59562;-0.387578;0.168025
1.55569;-0.380256;0.168025
1.72926;-0.413807;0.172287
1.68956;-0.406484;0.172287
1.64993;-0.399162;0.172287
1.71275;-0.413807;0.179609
1.6755;-0.406484;0.179609
1.63895;-0.399162;0.179609
1.70343;-0.413807;0.186932
1.66918;-0.406484;0.186932
1.63486;-0.399162;0.186932
1.62716;-0.3949;0.172287
1.58858;-0.387578;0.172287
1.55022;-0.380256;0.172287
1.61771;-0.3949;0.179609
1.58139;-0.387578;0.179609
1.54585;-0.380256;0.179609
1.61509;-0.3949;0.186932
1.5815;-0.387578;0.186932
1.54797;-0.380256;0.186932
1.87293;-0.451619;0.191193
1.84008;-0.444297;0.191193
1.80714;-0.436975;0.191193
1.86436;-0.451619;0.198516
1.83431;-0.444297;0.198516
1.80415;-0.436975;0.198516
1.86725;-0.451619;0.205838
1.83929;-0.444297;0.205838
1.81132;-0.436975;0.205838
1.78791;-0.432713;0.191193
1.75468;-0.425391;0.191193
1.72123;-0.418068;0.191193
1.78637;-0.432713;0.198516
1.75544;-0.425391;0.198516
1.72439;-0.418068;0.198516
1.79485;-0.432713;0.205838
1.76602;-0.425391;0.205838
1.73692;-0.418068;0.205838
1.87072;-0.451619;0.208193
1.84334;-0.444297;0.208193
1.81592;-0.436975;0.208193
1.87214;-0.451619;0.208965
1.84495;-0.444297;0.208965
1.81769;-0.436975;0.208965
1.8737;-0.451619;0.209736
1.84667;-0.444297;0.209736
1.81957;-0.436975;0.209736
1.8758;-0.45081;0.211867
1.85042;-0.443841;0.211867
1.82503;-0.436872;0.211867
1.88793;-0.448006;0.218418
1.86769;-0.442261;0.218418
1.84759;-0.436516;0.218418
1.91023;-0.44517;0.224969
1.89483;-0.440663;0.224969
1.87925;-0.436155;0.224969
1.80451;-0.432713;0.2101
1.77664;-0.425391;0.2101
1.74888;-0.418068;0.2101
1.82982;-0.432713;0.217422
1.80334;-0.425391;0.217422
1.77697;-0.418068;0.217422
1.866;-0.432713;0.224744
1.84042;-0.425391;0.224744
1.81469;-0.418068;0.224744
1.70189;-0.413807;0.191193
1.669;-0.406484;0.191193
1.63619;-0.399162;0.191193
1.70629;-0.413807;0.198516
1.67548;-0.406484;0.198516
1.64503;-0.399162;0.198516
1.72004;-0.413807;0.205838
1.6912;-0.406484;0.205838
1.66227;-0.399162;0.205838
1.61723;-0.3949;0.191193
1.58486;-0.387578;0.191193
1.55261;-0.380256;0.191193
1.62727;-0.3949;0.198516
1.59673;-0.387578;0.198516
1.56654;-0.380256;0.198516
1.64548;-0.3949;0.205838
1.61675;-0.387578;0.205838
1.5881;-0.380256;0.205838
1.73266;-0.413807;0.2101
1.70452;-0.406484;0.2101
1.67641;-0.399162;0.2101
1.76152;-0.413807;0.217422
1.73464;-0.406484;0.217422
1.70758;-0.399162;0.217422
1.79968;-0.413807;0.224744
1.77374;-0.406484;0.224744
1.74751;-0.399162;0.224744
1.66008;-0.3949;0.2101
1.63211;-0.387578;0.2101
1.60432;-0.380256;0.2101
1.69186;-0.3949;0.217422
1.66506;-0.387578;0.217422
1.63826;-0.380256;0.217422
1.73217;-0.3949;0.224744
1.70598;-0.387578;0.224744
1.68003;-0.380256;0.224744
1.5626;-0.375994;0.153381
1.51887;-0.368672;0.153381
1.4756;-0.36135;0.153381
1.54541;-0.375994;0.160703
1.50387;-0.368672;0.160703
1.46352;-0.36135;0.160703
1.53283;-0.375994;0.168025
1.49426;-0.368672;0.168025
1.45598;-0.36135;0.168025
1.45089;-0.357088;0.153381
1.40929;-0.349766;0.153381
1.36823;-0.342443;0.153381
1.44025;-0.357088;0.160703
1.40069;-0.349766;0.160703
1.36233;-0.342443;0.160703
1.43411;-0.357088;0.168025
1.39727;-0.349766;0.168025
1.36088;-0.342443;0.168025
1.52823;-0.375994;0.172287
1.49104;-0.368672;0.172287
1.45421;-0.36135;0.172287
1.52528;-0.375994;0.179609
1.49016;-0.368672;0.179609
1.45589;-0.36135;0.179609
1.52869;-0.375994;0.186932
1.49604;-0.368672;0.186932
1.46366;-0.36135;0.186932
1.43313;-0.357088;0.172287
1.39759;-0.349766;0.172287
1.36251;-0.342443;0.172287
1.43612;-0.357088;0.179609
1.40251;-0.349766;0.179609
1.36977;-0.342443;0.179609
1.44509;-0.357088;0.186932
1.41369;-0.349766;0.186932
1.38271;-0.342443;0.186932
1.34484;-0.338182;0.153381
1.30552;-0.330859;0.153381
1.26685;-0.323537;0.153381
1.34028;-0.338182;0.160703
1.30289;-0.330859;0.160703
1.26672;-0.323537;0.160703
1.34012;-0.338182;0.168025
1.30523;-0.330859;0.168025
1.27091;-0.323537;0.168025
1.24486;-0.319275;0.153381
1.20799;-0.311953;0.153381
1.17186;-0.304631;0.153381
1.24598;-0.319275;0.160703
1.21094;-0.311953;0.160703
1.17711;-0.304631;0.160703
1.25138;-0.319275;0.168025
1.21861;-0.311953;0.168025
1.18653;-0.304631;0.168025
1.34249;-0.338182;0.172287
1.3088;-0.330859;0.172287
1.27569;-0.323537;0.172287
1.35095;-0.338182;0.179609
1.31905;-0.330859;0.179609
1.28805;-0.323537;0.179609
1.36497;-0.338182;0.186932
1.33506;-0.330859;0.186932
1.30569;-0.323537;0.186932
1.25684;-0.319275;0.172287
1.22517;-0.311953;0.172287
1.19421;-0.304631;0.172287
1.27029;-0.319275;0.179609
1.24031;-0.311953;0.179609
1.21123;-0.304631;0.179609
1.28892;-0.319275;0.186932
1.26068;-0.311953;0.186932
1.23311;-0.304631;0.186932
1.53403;-0.375994;0.191193
1.50252;-0.368672;0.191193
1.47132;-0.36135;0.191193
1.54905;-0.375994;0.198516
1.51923;-0.368672;0.198516
1.48988;-0.36135;0.198516
1.57153;-0.375994;0.205838
1.5433;-0.368672;0.205838
1.51536;-0.36135;0.205838
1.45339;-0.357088;0.191193
1.42303;-0.349766;0.191193
1.3931;-0.342443;0.191193
1.47294;-0.357088;0.198516
1.44415;-0.349766;0.198516
1.41584;-0.342443;0.198516
1.49924;-0.357088;0.205838
1.47182;-0.349766;0.205838
1.44483;-0.342443;0.205838
1.5882;-0.375994;0.2101
1.56067;-0.368672;0.2101
1.53346;-0.36135;0.2101
1.62275;-0.375994;0.217422
1.59631;-0.368672;0.217422
1.56992;-0.36135;0.217422
1.66489;-0.375994;0.224744
1.63889;-0.368672;0.224744
1.61329;-0.36135;0.224744
1.51773;-0.357088;0.2101
1.49094;-0.349766;0.2101
1.4646;-0.342443;0.2101
1.55471;-0.357088;0.217422
1.52894;-0.349766;0.217422
1.50326;-0.342443;0.217422
1.59842;-0.357088;0.224744
1.57295;-0.349766;0.224744
1.54802;-0.342443;0.224744
1.37595;-0.338182;0.191193
1.34697;-0.330859;0.191193
1.31855;-0.323537;0.191193
1.39957;-0.338182;0.198516
1.37205;-0.330859;0.198516
1.34504;-0.323537;0.198516
1.4293;-0.338182;0.205838
1.40294;-0.330859;0.205838
1.37713;-0.323537;0.205838
1.3023;-0.319275;0.191193
1.27491;-0.311953;0.191193
1.24819;-0.304631;0.191193
1.32958;-0.319275;0.198516
1.30351;-0.311953;0.198516
1.27799;-0.304631;0.198516
1.36232;-0.319275;0.205838
1.33723;-0.311953;0.205838
1.3128;-0.304631;0.205838
1.44941;-0.338182;0.2101
1.4236;-0.330859;0.2101
1.39836;-0.323537;0.2101
1.48853;-0.338182;0.217422
1.46365;-0.330859;0.217422
1.43893;-0.323537;0.217422
1.53358;-0.338182;0.224744
1.5089;-0.330859;0.224744
1.48485;-0.323537;0.224744
1.38384;-0.319275;0.2101
1.35923;-0.311953;0.2101
1.33528;-0.304631;0.2101
1.4248;-0.319275;0.217422
1.40102;-0.311953;0.217422
1.37745;-0.304631;0.217422
1.47096;-0.319275;0.224744
1.44727;-0.311953;0.224744
1.42429;-0.304631;0.224744
1.92921;-0.443341;0.229006
1.91621;-0.439632;0.229006
1.90315;-0.435923;0.229006
1.96985;-0.439885;0.236328
1.962;-0.437685;0.236328
1.95437;-0.435484;0.236328
2.01989;-0.436382;0.24365
2.01775;-0.435711;0.24365
2.01564;-0.435039;0.24365
1.89194;-0.432713;0.229006
1.86657;-0.425391;0.229006
1.84132;-0.418068;0.229006
1.94483;-0.432713;0.236328
1.9196;-0.425391;0.236328
1.8945;-0.418068;0.236328
2.0077;-0.432713;0.24365
1.98223;-0.425391;0.24365
1.95634;-0.418068;0.24365
2.03761;-0.435296;0.245893
2.03701;-0.435099;0.245893
2.0364;-0.434901;0.245893
2.04085;-0.435099;0.246278
2.04051;-0.434987;0.246278
2.04017;-0.434876;0.246278
2.04411;-0.434901;0.246663
2.04403;-0.434876;0.246663
2.04395;-0.434851;0.246663
2.02888;-0.432713;0.245893
2.00324;-0.425391;0.245893
1.97695;-0.418068;0.245893
2.03267;-0.432713;0.246278
2.00689;-0.425391;0.246278
1.98053;-0.418068;0.246278
2.03648;-0.432713;0.246663
2.01056;-0.425391;0.246663
1.98413;-0.418068;0.246663
2.05413;-0.431663;0.248793
2.02915;-0.424799;0.248793
2.00398;-0.417935;0.248793
2.11336;-0.428019;0.255731
2.09326;-0.422746;0.255731
2.07322;-0.417472;0.255731
2.17768;-0.424323;0.262669
2.16364;-0.420663;0.262669
2.14935;-0.417003;0.262669
1.82647;-0.413807;0.229006
1.80055;-0.406484;0.229006
1.77465;-0.399162;0.229006
1.87966;-0.413807;0.236328
1.85365;-0.406484;0.236328
1.82761;-0.399162;0.236328
1.94108;-0.413807;0.24365
1.91487;-0.406484;0.24365
1.88878;-0.399162;0.24365
1.7595;-0.3949;0.229006
1.73347;-0.387578;0.229006
1.70776;-0.380256;0.229006
1.81258;-0.3949;0.236328
1.78685;-0.387578;0.236328
1.76084;-0.380256;0.236328
1.87344;-0.3949;0.24365
1.84702;-0.387578;0.24365
1.8211;-0.380256;0.24365
1.98045;-0.413807;0.247912
1.95406;-0.406484;0.247912
1.92773;-0.399162;0.247912
2.05431;-0.413807;0.255234
2.02715;-0.406484;0.255234
1.99942;-0.399162;0.255234
2.13556;-0.413807;0.262557
2.10677;-0.406484;0.262557
2.0774;-0.399162;0.262557
1.91223;-0.3949;0.247912
1.88543;-0.387578;0.247912
1.85894;-0.380256;0.247912
1.98352;-0.3949;0.255234
1.95639;-0.387578;0.255234
1.92835;-0.380256;0.255234
2.06023;-0.3949;0.262557
2.03167;-0.387578;0.262557
2.0042;-0.380256;0.262557
2.2126;-0.422425;0.266118
2.20104;-0.419593;0.266118
2.18944;-0.416762;0.266118
2.26215;-0.419612;0.271035
2.25497;-0.418008;0.271035
2.24795;-0.416404;0.271035
2.31132;-0.41677;0.275952
2.30973;-0.416407;0.275952
2.30814;-0.416043;0.275952
2.17735;-0.413807;0.266118
2.14745;-0.406484;0.266118
2.11759;-0.399162;0.266118
2.23669;-0.413807;0.271035
2.20551;-0.406484;0.271035
2.17526;-0.399162;0.271035
2.29827;-0.413807;0.275952
2.26631;-0.406484;0.275952
2.23496;-0.399162;0.275952
2.3238;-0.413393;0.278082
2.29248;-0.406251;0.278082
2.26119;-0.399109;0.278082
2.34894;-0.411964;0.280488
2.32015;-0.405446;0.280488
2.29064;-0.398928;0.280488
2.37466;-0.410528;0.282894
2.34825;-0.404637;0.282894
2.32041;-0.398746;0.282894
2.10806;-0.3949;0.266818
2.07827;-0.387578;0.266818
2.05014;-0.380256;0.266818
2.19473;-0.3949;0.274141
2.1631;-0.387578;0.274141
2.13146;-0.380256;0.274141
2.28426;-0.3949;0.281463
2.25086;-0.387578;0.281463
2.21806;-0.380256;0.281463
2.40712;-0.408769;0.285725
2.38174;-0.403645;0.285725
2.35589;-0.398522;0.285725
2.48207;-0.404113;0.293047
2.46547;-0.401022;0.293047
2.44932;-0.397931;0.293047
2.55501;-0.399377;0.300369
2.55025;-0.398353;0.300369
2.54552;-0.397329;0.300369
2.33796;-0.3949;0.285725
2.30343;-0.387578;0.285725
2.27035;-0.380256;0.285725
2.43392;-0.3949;0.293047
2.39744;-0.387578;0.293047
2.36185;-0.380256;0.293047
2.53328;-0.3949;0.300369
2.49521;-0.387578;0.300369
2.456;-0.380256;0.300369
1.69276;-0.375994;0.229006
1.66693;-0.368672;0.229006
1.64153;-0.36135;0.229006
1.74588;-0.375994;0.236328
1.72046;-0.368672;0.236328
1.69471;-0.36135;0.236328
1.80588;-0.375994;0.24365
1.77962;-0.368672;0.24365
1.75413;-0.36135;0.24365
1.62675;-0.357088;0.229006
1.60143;-0.349766;0.229006
1.57666;-0.342443;0.229006
1.67995;-0.357088;0.236328
1.65505;-0.349766;0.236328
1.62992;-0.342443;0.236328
1.73925;-0.357088;0.24365
1.71355;-0.349766;0.24365
1.68859;-0.342443;0.24365
1.84344;-0.375994;0.247912
1.81692;-0.368672;0.247912
1.79114;-0.36135;0.247912
1.91234;-0.375994;0.255234
1.88563;-0.368672;0.255234
1.85838;-0.36135;0.255234
1.98763;-0.375994;0.262557
1.95845;-0.368672;0.262557
1.93084;-0.36135;0.262557
1.77609;-0.357088;0.247912
1.7501;-0.349766;0.247912
1.72484;-0.342443;0.247912
1.84287;-0.357088;0.255234
1.81684;-0.349766;0.255234
1.79024;-0.342443;0.255234
1.91484;-0.357088;0.262557
1.887;-0.349766;0.262557
1.86011;-0.342443;0.262557
1.5623;-0.338182;0.229006
1.53774;-0.330859;0.229006
1.51381;-0.323537;0.229006
1.61554;-0.338182;0.236328
1.59135;-0.330859;0.236328
1.56702;-0.323537;0.236328
1.67406;-0.338182;0.24365
1.6491;-0.330859;0.24365
1.62491;-0.323537;0.24365
1.49997;-0.319275;0.229006
1.47636;-0.311953;0.229006
1.45346;-0.304631;0.229006
1.55314;-0.319275;0.236328
1.52985;-0.311953;0.236328
1.50652;-0.304631;0.236328
1.61088;-0.319275;0.24365
1.58685;-0.311953;0.24365
1.5636;-0.304631;0.24365
1.71013;-0.338182;0.247912
1.68485;-0.330859;0.247912
1.66039;-0.323537;0.247912
1.77506;-0.338182;0.255234
1.74967;-0.330859;0.255234
1.72399;-0.323537;0.255234
1.84443;-0.338182;0.262557
1.81744;-0.330859;0.262557
1.79142;-0.323537;0.262557
1.64619;-0.319275;0.247912
1.62186;-0.311953;0.247912
1.59833;-0.304631;0.247912
1.70937;-0.319275;0.255234
1.6849;-0.311953;0.255234
1.66024;-0.304631;0.255234
1.77633;-0.319275;0.262557
1.75042;-0.311953;0.262557
1.7254;-0.304631;0.262557
2.03323;-0.375994;0.266818
2.00321;-0.368672;0.266818
1.97485;-0.36135;0.266818
2.11372;-0.375994;0.274141
2.08384;-0.368672;0.274141
2.05307;-0.36135;0.274141
2.19914;-0.375994;0.281463
2.16696;-0.368672;0.281463
2.13547;-0.36135;0.281463
1.95841;-0.357088;0.266818
1.92986;-0.349766;0.266818
1.90231;-0.342443;0.266818
2.03562;-0.357088;0.274141
2.0066;-0.349766;0.274141
1.97697;-0.342443;0.274141
2.11699;-0.357088;0.281463
2.08539;-0.349766;0.281463
2.05511;-0.342443;0.281463
2.25098;-0.375994;0.285725
2.21723;-0.368672;0.285725
2.18449;-0.36135;0.285725
2.34141;-0.375994;0.293047
2.30599;-0.368672;0.293047
2.27027;-0.36135;0.293047
2.43289;-0.375994;0.300369
2.395;-0.368672;0.300369
2.35958;-0.36135;0.300369
2.1654;-0.357088;0.285725
2.1328;-0.349766;0.285725
2.10163;-0.342443;0.285725
2.25015;-0.357088;0.293047
2.21666;-0.349766;0.293047
2.18283;-0.342443;0.293047
2.33859;-0.357088;0.300369
2.30155;-0.349766;0.300369
2.26649;-0.342443;0.300369
1.88625;-0.338182;0.266818
1.85861;-0.330859;0.266818
1.83199;-0.323537;0.266818
1.96012;-0.338182;0.274141
1.932;-0.330859;0.274141
1.90351;-0.323537;0.274141
2.03753;-0.338182;0.281463
2.00721;-0.330859;0.281463
1.97799;-0.323537;0.281463
1.81654;-0.319275;0.266818
1.79001;-0.311953;0.266818
1.76443;-0.304631;0.266818
1.88733;-0.319275;0.274141
1.86028;-0.311953;0.274141
1.83301;-0.304631;0.274141
1.96107;-0.319275;0.281463
1.93206;-0.311953;0.281463
1.90406;-0.304631;0.281463
2.08353;-0.338182;0.285725
2.05231;-0.330859;0.285725
2.02224;-0.323537;0.285725
2.16369;-0.338182;0.293047
2.13172;-0.330859;0.293047
2.09934;-0.323537;0.293047
2.24643;-0.338182;0.300369
2.21195;-0.330859;0.300369
2.17847;-0.323537;0.300369
2.0048;-0.319275;0.285725
1.97491;-0.311953;0.285725
1.94615;-0.304631;0.285725
2.0809;-0.319275;0.293047
2.05015;-0.311953;0.293047
2.01933;-0.304631;0.293047
2.15911;-0.319275;0.300369
2.12612;-0.311953;0.300369
2.09423;-0.304631;0.300369
1.32879;-0.300369;0.00213077
1.2692;-0.293047;0.00213077
1.21054;-0.285725;0.00213077
1.3276;-0.300369;0.00945312
1.26758;-0.293047;0.00945312
1.20955;-0.285725;0.00945312
1.32417;-0.300369;0.0167755
1.2649;-0.293047;0.0167755
1.20655;-0.285725;0.0167755
1.17718;-0.281463;0.00213077
1.12115;-0.274141;0.00213077
1.06599;-0.266818;0.00213077
1.17624;-0.281463;0.00945312
1.11977;-0.274141;0.00945312
1.06523;-0.266818;0.00945312
1.17336;-0.281463;0.0167755
1.11764;-0.274141;0.0167755
1.06278;-0.266818;0.0167755
1.3215;-0.300369;0.021037
1.26241;-0.293047;0.021037
1.20425;-0.285725;0.021037
1.31582;-0.300369;0.0283594
1.25662;-0.293047;0.0283594
1.19939;-0.285725;0.0283594
1.30807;-0.300369;0.0356817
1.24993;-0.293047;0.0356817
1.19269;-0.285725;0.0356817
1.17117;-0.281463;0.021037
1.11562;-0.274141;0.021037
1.06094;-0.266818;0.021037
1.16654;-0.281463;0.0283594
1.11087;-0.274141;0.0283594
1.05711;-0.266818;0.0283594
1.16015;-0.281463;0.0356817
1.10552;-0.274141;0.0356817
1.05176;-0.266818;0.0356817
1.03464;-0.262557;0.00213077
0.98202;-0.255234;0.00213077
0.93023;-0.247912;0.00213077
1.03394;-0.262557;0.00945312
0.980888;-0.255234;0.00945312
0.929706;-0.247912;0.00945312
1.0316;-0.262557;0.0167755
0.979289;-0.255234;0.0167755
0.927802;-0.247912;0.0167755
0.900809;-0.24365;0.00213077
0.851468;-0.236328;0.00213077
0.802909;-0.229006;0.00213077
0.900345;-0.24365;0.00945312
0.850583;-0.236328;0.00945312
0.802623;-0.229006;0.00945312
0.898558;-0.24365;0.0167755
0.849522;-0.236328;0.0167755
0.801273;-0.229006;0.0167755
1.02987;-0.262557;0.021037
0.977724;-0.255234;0.021037
0.926416;-0.247912;0.021037
1.02627;-0.262557;0.0283594
0.974002;-0.255234;0.0283594
0.923599;-0.247912;0.0283594
1.02121;-0.262557;0.0356817
0.969978;-0.255234;0.0356817
0.919581;-0.247912;0.0356817
0.897275;-0.24365;0.021037
0.848415;-0.236328;0.021037
0.800349;-0.229006;0.021037
0.894694;-0.24365;0.0283594
0.845728;-0.236328;0.0283594
0.798564;-0.229006;0.0283594
0.890973;-0.24365;0.0356817
0.843033;-0.236328;0.0356817
0.795904;-0.229006;0.0356817
1.30299;-0.300369;0.0399433
1.24521;-0.293047;0.0399433
1.18835;-0.285725;0.0399433
1.29339;-0.300369;0.0472656
1.23582;-0.293047;0.0472656
1.18019;-0.285725;0.0472656
1.28206;-0.300369;0.054588
1.22586;-0.293047;0.054588
1.17055;-0.285725;0.054588
1.15601;-0.281463;0.0399433
1.10173;-0.274141;0.0399433
1.04833;-0.266818;0.0399433
1.14827;-0.281463;0.0472656
1.09419;-0.274141;0.0472656
1.042;-0.266818;0.0472656
1.13912;-0.281463;0.054588
1.08638;-0.274141;0.054588
1.03451;-0.266818;0.054588
1.27509;-0.300369;0.0588495
1.21943;-0.293047;0.0588495
1.16468;-0.285725;0.0588495
1.2626;-0.300369;0.0661719
1.20748;-0.293047;0.0661719
1.15427;-0.285725;0.0661719
1.24892;-0.300369;0.0734942
1.19549;-0.293047;0.0734942
1.14292;-0.285725;0.0734942
1.13356;-0.281463;0.0588495
1.08135;-0.274141;0.0588495
1.03002;-0.266818;0.0588495
1.12375;-0.281463;0.0661719
1.07206;-0.274141;0.0661719
1.02224;-0.266818;0.0661719
1.11307;-0.281463;0.0734942
1.06303;-0.274141;0.0734942
1.01386;-0.266818;0.0734942
1.01799;-0.262557;0.0399433
0.967109;-0.255234;0.0399433
0.917072;-0.247912;0.0399433
1.01207;-0.262557;0.0472656
0.961386;-0.255234;0.0472656
0.912551;-0.247912;0.0472656
1.00506;-0.262557;0.054588
0.9557;-0.255234;0.054588
0.907198;-0.247912;0.054588
0.888672;-0.24365;0.0399433
0.841086;-0.236328;0.0399433
0.794326;-0.229006;0.0399433
0.884567;-0.24365;0.0472656
0.837204;-0.236328;0.0472656
0.791644;-0.229006;0.0472656
0.879691;-0.24365;0.054588
0.833653;-0.236328;0.054588
0.788468;-0.229006;0.054588
1.00089;-0.262557;0.0588495
0.952058;-0.255234;0.0588495
0.9041;-0.247912;0.0588495
0.993697;-0.262557;0.0661719
0.9454;-0.255234;0.0661719
0.898933;-0.247912;0.0661719
0.985972;-0.262557;0.0734942
0.939294;-0.255234;0.0734942
0.8935;-0.247912;0.0734942
0.876909;-0.24365;0.0588495
0.831406;-0.236328;0.0588495
0.786779;-0.229006;0.0588495
0.872342;-0.24365;0.0661719
0.827406;-0.236328;0.0661719
0.784271;-0.229006;0.0661719
0.86757;-0.24365;0.0734942
0.824244;-0.236328;0.0734942
0.781836;-0.229006;0.0734942
0.775341;-0.224744;0.00213077
0.729135;-0.217422;0.00213077
0.683668;-0.2101;0.00213077
0.775116;-0.224744;0.00945312
0.728506;-0.217422;0.00945312
0.683628;-0.2101;0.00945312
0.773887;-0.224744;0.0167755
0.727999;-0.217422;0.0167755
0.682862;-0.2101;0.0167755
0.65787;-0.205838;0.00213077
0.614657;-0.198516;0.00213077
0.572143;-0.191193;0.00213077
0.657897;-0.205838;0.00945312
0.614303;-0.198516;0.00945312
0.572372;-0.191193;0.00945312
0.65726;-0.205838;0.0167755
0.614392;-0.198516;0.0167755
0.572244;-0.191193;0.0167755
0.77307;-0.224744;0.021037
0.727366;-0.217422;0.021037
0.682422;-0.2101;0.021037
0.771529;-0.224744;0.0283594
0.725751;-0.217422;0.0283594
0.681716;-0.2101;0.0283594
0.769175;-0.224744;0.0356817
0.72443;-0.217422;0.0356817
0.680481;-0.2101;0.0356817
0.656934;-0.205838;0.021037
0.614267;-0.198516;0.021037
0.572333;-0.191193;0.021037
0.656492;-0.205838;0.0283594
0.613805;-0.198516;0.0283594
0.572807;-0.191193;0.0283594
0.655584;-0.205838;0.0356817
0.613957;-0.198516;0.0356817
0.573124;-0.191193;0.0356817
0.548034;-0.186932;0.00213077
0.507672;-0.179609;0.00213077
0.467971;-0.172287;0.00213077
0.548338;-0.186932;0.00945312
0.50763;-0.179609;0.00945312
0.468514;-0.172287;0.00945312
0.548356;-0.186932;0.0167755
0.508391;-0.179609;0.0167755
0.469122;-0.172287;0.0167755
0.44547;-0.168025;0.00213077
0.407821;-0.160703;0.00213077
0.370795;-0.153381;0.00213077
0.446102;-0.168025;0.00945312
0.408153;-0.160703;0.00945312
0.37173;-0.153381;0.00945312
0.446886;-0.168025;0.0167755
0.409726;-0.160703;0.0167755
0.373252;-0.153381;0.0167755
0.548574;-0.186932;0.021037
0.508839;-0.179609;0.021037
0.469821;-0.172287;0.021037
0.549343;-0.186932;0.0283594
0.509675;-0.179609;0.0283594
0.471653;-0.172287;0.0283594
0.550029;-0.186932;0.0356817
0.511481;-0.179609;0.0356817
0.473751;-0.172287;0.0356817
0.447741;-0.168025;0.021037
0.410863;-0.160703;0.021037
0.374708;-0.153381;0.021037
0.449925;-0.168025;0.0283594
0.413252;-0.160703;0.0283594
0.378212;-0.153381;0.0283594
0.452461;-0.168025;0.0356817
0.417024;-0.160703;0.0356817
0.38248;-0.153381;0.0356817
0.767812;-0.224744;0.0399433
0.723438;-0.217422;0.0399433
0.679878;-0.2101;0.0399433
0.765562;-0.224744;0.0472656
0.721462;-0.217422;0.0472656
0.679123;-0.2101;0.0472656
0.76288;-0.224744;0.054588
0.720117;-0.217422;0.054588
0.678226;-0.2101;0.054588
0.655212;-0.205838;0.0399433
0.613988;-0.198516;0.0399433
0.573585;-0.191193;0.0399433
0.654919;-0.205838;0.0472656
0.614053;-0.198516;0.0472656
0.574923;-0.191193;0.0472656
0.654549;-0.205838;0.054588
0.615064;-0.198516;0.054588
0.576495;-0.191193;0.054588
0.761516;-0.224744;0.0588495
0.719314;-0.217422;0.0588495
0.67801;-0.2101;0.0588495
0.759628;-0.224744;0.0661719
0.718061;-0.217422;0.0661719
0.678276;-0.2101;0.0661719
0.757874;-0.224744;0.0734942
0.71793;-0.217422;0.0734942
0.678961;-0.2101;0.0734942
0.654679;-0.205838;0.0588495
0.615797;-0.198516;0.0588495
0.577868;-0.191193;0.0588495
0.655602;-0.205838;0.0661719
0.617463;-0.198516;0.0661719
0.581112;-0.191193;0.0661719
0.657007;-0.205838;0.0734942
0.620532;-0.198516;0.0734942
0.585126;-0.191193;0.0734942
0.550747;-0.186932;0.0399433
0.512657;-0.179609;0.0399433
0.475425;-0.172287;0.0399433
0.552599;-0.186932;0.0472656
0.515;-0.179609;0.0472656
0.47914;-0.172287;0.0472656
0.554756;-0.186932;0.054588
0.518622;-0.179609;0.054588
0.483493;-0.172287;0.054588
0.454438;-0.168025;0.0399433
0.419552;-0.160703;0.0399433
0.385619;-0.153381;0.0399433
0.458753;-0.168025;0.0472656
0.424562;-0.160703;0.0472656
0.392171;-0.153381;0.0472656
0.463783;-0.168025;0.054588
0.431199;-0.160703;0.054588
0.399787;-0.153381;0.054588
0.556511;-0.186932;0.0588495
0.521049;-0.179609;0.0588495
0.486643;-0.172287;0.0588495
0.560473;-0.186932;0.0661719
0.525911;-0.179609;0.0661719
0.493182;-0.172287;0.0661719
0.565267;-0.186932;0.0734942
0.532444;-0.179609;0.0734942
0.500832;-0.172287;0.0734942
0.467368;-0.168025;0.0588495
0.43556;-0.160703;0.0588495
0.40499;-0.153381;0.0588495
0.474716;-0.168025;0.0661719
0.444021;-0.160703;0.0661719
0.415271;-0.153381;0.0661719
0.48323;-0.168025;0.0734942
0.454376;-0.160703;0.0734942
0.426955;-0.153381;0.0734942
1.24087;-0.300369;0.0777558
1.18816;-0.293047;0.0777558
1.13634;-0.285725;0.0777558
1.22705;-0.300369;0.0850781
1.17522;-0.293047;0.0850781
1.12523;-0.285725;0.0850781
1.21282;-0.300369;0.0924005
1.16297;-0.293047;0.0924005
1.11396;-0.285725;0.0924005
1.10691;-0.281463;0.0777558
1.05758;-0.274141;0.0777558
1.00914;-0.266818;0.0777558
1.09658;-0.281463;0.0850781
1.0481;-0.274141;0.0850781
1.00145;-0.266818;0.0850781
1.08615;-0.281463;0.0924005
1.0396;-0.274141;0.0924005
0.993931;-0.266818;0.0924005
1.20483;-0.300369;0.096662
1.15587;-0.293047;0.096662
1.10778;-0.285725;0.096662
1.19183;-0.300369;0.103984
1.14406;-0.293047;0.103984
1.09807;-0.285725;0.103984
1.17941;-0.300369;0.111307
1.13388;-0.293047;0.111307
1.08918;-0.285725;0.111307
1.0805;-0.281463;0.096662
1.03483;-0.274141;0.096662
0.990068;-0.266818;0.096662
1.07174;-0.281463;0.103984
1.02725;-0.274141;0.103984
0.984514;-0.266818;0.103984
1.06385;-0.281463;0.111307
1.02151;-0.274141;0.111307
0.980072;-0.266818;0.111307
0.981665;-0.262557;0.0777558
0.935693;-0.255234;0.0777558
0.890628;-0.247912;0.0777558
0.974753;-0.262557;0.0850781
0.929653;-0.255234;0.0850781
0.886351;-0.247912;0.0850781
0.968067;-0.262557;0.0924005
0.924849;-0.255234;0.0924005
0.882561;-0.247912;0.0924005
0.865118;-0.24365;0.0777558
0.822509;-0.236328;0.0777558
0.780845;-0.229006;0.0777558
0.86162;-0.24365;0.0850781
0.819928;-0.236328;0.0850781
0.780018;-0.229006;0.0850781
0.858664;-0.24365;0.0924005
0.81883;-0.236328;0.0924005
0.779992;-0.229006;0.0924005
0.964721;-0.262557;0.096662
0.922377;-0.255234;0.096662
0.880988;-0.247912;0.096662
0.960105;-0.262557;0.103984
0.918961;-0.255234;0.103984
0.879552;-0.247912;0.103984
0.956645;-0.262557;0.111307
0.917579;-0.255234;0.111307
0.879492;-0.247912;0.111307
0.857609;-0.24365;0.096662
0.818654;-0.236328;0.096662
0.780723;-0.229006;0.096662
0.857107;-0.24365;0.103984
0.819392;-0.236328;0.103984
0.783407;-0.229006;0.103984
0.858021;-0.24365;0.111307
0.822328;-0.236328;0.111307
0.787705;-0.229006;0.111307
1.17296;-0.300369;0.115568
1.12847;-0.293047;0.115568
1.08484;-0.285725;0.115568
1.16344;-0.300369;0.122891
1.12044;-0.293047;0.122891
1.07908;-0.285725;0.122891
1.15571;-0.300369;0.130213
1.11508;-0.293047;0.130213
1.07529;-0.285725;0.130213
1.06013;-0.281463;0.115568
1.01881;-0.274141;0.115568
0.978421;-0.266818;0.115568
1.05545;-0.281463;0.122891
1.01561;-0.274141;0.122891
0.977391;-0.266818;0.122891
1.05277;-0.281463;0.130213
1.01518;-0.274141;0.130213
0.978507;-0.266818;0.130213
1.15251;-0.300369;0.134475
1.11303;-0.293047;0.134475
1.07441;-0.285725;0.134475
1.1495;-0.300369;0.141797
1.11172;-0.293047;0.141797
1.0754;-0.285725;0.141797
1.14953;-0.300369;0.149119
1.11409;-0.293047;0.149119
1.07948;-0.285725;0.149119
1.05255;-0.281463;0.134475
1.01606;-0.274141;0.134475
0.980514;-0.266818;0.134475
1.05468;-0.281463;0.141797
1.01984;-0.274141;0.141797
0.986453;-0.266818;0.141797
1.05989;-0.281463;0.149119
1.02723;-0.274141;0.149119
0.995486;-0.266818;0.149119
0.955591;-0.262557;0.115568
0.91753;-0.255234;0.115568
0.880471;-0.247912;0.115568
0.955618;-0.262557;0.122891
0.919026;-0.255234;0.122891
0.884055;-0.247912;0.122891
0.957809;-0.262557;0.130213
0.92336;-0.255234;0.130213
0.889924;-0.247912;0.130213
0.859588;-0.24365;0.115568
0.824888;-0.236328;0.115568
0.791279;-0.229006;0.115568
0.864206;-0.24365;0.122891
0.830985;-0.236328;0.122891
0.79938;-0.229006;0.122891
0.871118;-0.24365;0.130213
0.83993;-0.236328;0.130213
0.809853;-0.229006;0.130213
0.960452;-0.262557;0.134475
0.927065;-0.255234;0.134475
0.894704;-0.247912;0.134475
0.967482;-0.262557;0.141797
0.935704;-0.255234;0.141797
0.905361;-0.247912;0.141797
0.977585;-0.262557;0.149119
0.947815;-0.255234;0.149119
0.919059;-0.247912;0.149119
0.876508;-0.24365;0.134475
0.846339;-0.236328;0.134475
0.81729;-0.229006;0.134475
0.8882;-0.24365;0.141797
0.859598;-0.236328;0.141797
0.832415;-0.229006;0.141797
0.902901;-0.24365;0.149119
0.876135;-0.236328;0.149119
0.850467;-0.229006;0.149119
0.757314;-0.224744;0.0777558
0.718113;-0.217422;0.0777558
0.679919;-0.2101;0.0777558
0.757285;-0.224744;0.0850781
0.719077;-0.217422;0.0850781
0.682652;-0.2101;0.0850781
0.758111;-0.224744;0.0924005
0.721755;-0.217422;0.0924005
0.686488;-0.2101;0.0924005
0.658419;-0.205838;0.0777558
0.622731;-0.198516;0.0777558
0.588149;-0.191193;0.0777558
0.661984;-0.205838;0.0850781
0.627398;-0.198516;0.0850781
0.594622;-0.191193;0.0850781
0.666701;-0.205838;0.0924005
0.633979;-0.198516;0.0924005
0.602469;-0.191193;0.0924005
0.759366;-0.224744;0.096662
0.723906;-0.217422;0.096662
0.689564;-0.2101;0.096662
0.762991;-0.224744;0.103984
0.728833;-0.217422;0.103984
0.696412;-0.2101;0.103984
0.768262;-0.224744;0.111307
0.736075;-0.217422;0.111307
0.705065;-0.2101;0.111307
0.670315;-0.205838;0.096662
0.638514;-0.198516;0.096662
0.607956;-0.191193;0.096662
0.678117;-0.205838;0.103984
0.64769;-0.198516;0.103984
0.619028;-0.191193;0.103984
0.687744;-0.205838;0.111307
0.659234;-0.198516;0.111307
0.632029;-0.191193;0.111307
0.568778;-0.186932;0.0777558
0.536803;-0.179609;0.0777558
0.506085;-0.172287;0.0777558
0.576132;-0.186932;0.0850781
0.545398;-0.179609;0.0850781
0.516535;-0.172287;0.0850781
0.5849;-0.186932;0.0924005
0.556047;-0.179609;0.0924005
0.52857;-0.172287;0.0924005
0.489012;-0.168025;0.0777558
0.461081;-0.160703;0.0777558
0.434629;-0.153381;0.0777558
0.5004;-0.168025;0.0850781
0.473863;-0.160703;0.0850781
0.449304;-0.153381;0.0850781
0.513395;-0.168025;0.0924005
0.488739;-0.160703;0.0924005
0.465664;-0.153381;0.0924005
0.59094;-0.186932;0.096662
0.563034;-0.179609;0.096662
0.536531;-0.172287;0.096662
0.602977;-0.186932;0.103984
0.576516;-0.179609;0.103984
0.551861;-0.172287;0.103984
0.616946;-0.186932;0.111307
0.592324;-0.179609;0.111307
0.569145;-0.172287;0.111307
0.521919;-0.168025;0.096662
0.498222;-0.160703;0.096662
0.476118;-0.153381;0.096662
0.538209;-0.168025;0.103984
0.515994;-0.160703;0.103984
0.495633;-0.153381;0.103984
0.556433;-0.168025;0.111307
0.535926;-0.160703;0.111307
0.517001;-0.153381;0.111307
0.772418;-0.224744;0.115568
0.741214;-0.217422;0.115568
0.711207;-0.2101;0.115568
0.78153;-0.224744;0.122891
0.751819;-0.217422;0.122891
0.723723;-0.2101;0.122891
0.793011;-0.224744;0.130213
0.765214;-0.217422;0.130213
0.738629;-0.2101;0.130213
0.69446;-0.205838;0.115568
0.66692;-0.198516;0.115568
0.640697;-0.191193;0.115568
0.707959;-0.205838;0.122891
0.681914;-0.198516;0.122891
0.657486;-0.191193;0.122891
0.72383;-0.205838;0.130213
0.699558;-0.198516;0.130213
0.676597;-0.191193;0.130213
0.80103;-0.224744;0.134475
0.774203;-0.217422;0.134475
0.748589;-0.2101;0.134475
0.817129;-0.224744;0.141797
0.791813;-0.217422;0.141797
0.767896;-0.2101;0.141797
0.836111;-0.224744;0.149119
0.812441;-0.217422;0.149119
0.789947;-0.2101;0.149119
0.734338;-0.205838;0.134475
0.710972;-0.198516;0.134475
0.688909;-0.191193;0.134475
0.754544;-0.205838;0.141797
0.732608;-0.198516;0.141797
0.712043;-0.191193;0.141797
0.777439;-0.205838;0.149119
0.756937;-0.198516;0.149119
0.737672;-0.191193;0.149119
0.626174;-0.186932;0.115568
0.602491;-0.179609;0.115568
0.580251;-0.172287;0.115568
0.643903;-0.186932;0.122891
0.621686;-0.179609;0.122891
0.601082;-0.172287;0.122891
0.663917;-0.186932;0.130213
0.643294;-0.179609;0.130213
0.62407;-0.172287;0.130213
0.568069;-0.168025;0.115568
0.54844;-0.160703;0.115568
0.530374;-0.153381;0.115568
0.589767;-0.168025;0.122891
0.57152;-0.160703;0.122891
0.554866;-0.153381;0.122891
0.613568;-0.168025;0.130213
0.596682;-0.160703;0.130213
0.58126;-0.153381;0.130213
0.67673;-0.186932;0.134475
0.656928;-0.179609;0.134475
0.638504;-0.172287;0.134475
0.70067;-0.186932;0.141797
0.682178;-0.179609;0.141797
0.665015;-0.172287;0.141797
0.727038;-0.186932;0.149119
0.709738;-0.179609;0.149119
0.693715;-0.172287;0.149119
0.628441;-0.168025;0.134475
0.612262;-0.160703;0.134475
0.597509;-0.153381;0.134475
0.655639;-0.168025;0.141797
0.640603;-0.160703;0.141797
0.626833;-0.153381;0.141797
0.684953;-0.168025;0.149119
0.670837;-0.160703;0.149119
0.658008;-0.153381;0.149119
0.349822;-0.149119;0.00213077
0.314748;-0.141797;0.00213077
0.280264;-0.134475;0.00213077
0.350871;-0.149119;0.00945312
0.315574;-0.141797;0.00945312
0.281743;-0.134475;0.00945312
0.352628;-0.149119;0.0167755
0.318216;-0.141797;0.0167755
0.284515;-0.134475;0.0167755
0.26074;-0.130213;0.00213077
0.228109;-0.122891;0.00213077
0.196037;-0.115568;0.00213077
0.262387;-0.130213;0.00945312
0.22967;-0.122891;0.00945312
0.198394;-0.115568;0.00945312
0.265508;-0.130213;0.0167755
0.233904;-0.122891;0.0167755
0.203126;-0.115568;0.0167755
0.354285;-0.149119;0.021037
0.320254;-0.141797;0.021037
0.286999;-0.134475;0.021037
0.358242;-0.149119;0.0283594
0.324651;-0.141797;0.0283594
0.292745;-0.134475;0.0283594
0.363068;-0.149119;0.0356817
0.330927;-0.141797;0.0356817
0.299855;-0.134475;0.0356817
0.268284;-0.130213;0.021037
0.237253;-0.122891;0.021037
0.207186;-0.115568;0.021037
0.274669;-0.130213;0.0283594
0.244504;-0.122891;0.0283594
0.216262;-0.115568;0.0283594
0.282548;-0.130213;0.0356817
0.254222;-0.122891;0.0356817
0.227387;-0.115568;0.0356817
0.17789;-0.111307;0.00213077
0.147581;-0.103984;0.00213077
0.117808;-0.096662;0.00213077
0.180542;-0.111307;0.00945312
0.150475;-0.103984;0.00945312
0.121963;-0.096662;0.00945312
0.185887;-0.111307;0.0167755
0.157513;-0.103984;0.0167755
0.130454;-0.096662;0.0167755
0.10098;-0.0924005;0.00213077
0.0729222;-0.0850781;0.00213077
0.0454812;-0.0777558;0.00213077
0.105861;-0.0924005;0.00945312
0.0793118;-0.0850781;0.00945312
0.0557336;-0.0777558;0.00945312
0.115725;-0.0924005;0.0167755
0.0927155;-0.0850781;0.0167755
0.0736281;-0.0777558;0.0167755
0.190435;-0.111307;0.021037
0.163069;-0.103984;0.021037
0.137339;-0.096662;0.021037
0.200513;-0.111307;0.0283594
0.174845;-0.103984;0.0283594
0.151883;-0.096662;0.0283594
0.212771;-0.111307;0.0356817
0.189588;-0.103984;0.0356817
0.168896;-0.096662;0.0356817
0.123563;-0.0924005;0.021037
0.102564;-0.0850781;0.021037
0.0859455;-0.0777558;0.021037
0.139788;-0.0924005;0.0283594
0.121838;-0.0850781;0.0283594
0.108797;-0.0777558;0.0283594
0.158399;-0.0924005;0.0356817
0.143448;-0.0850781;0.0356817
0.132864;-0.0777558;0.0356817
0.366588;-0.149119;0.0399433
0.33515;-0.141797;0.0399433
0.304877;-0.134475;0.0399433
0.373876;-0.149119;0.0472656
0.343442;-0.141797;0.0472656
0.314985;-0.134475;0.0472656
0.382307;-0.149119;0.054588
0.353696;-0.141797;0.054588
0.326562;-0.134475;0.054588
0.288076;-0.130213;0.0399433
0.260699;-0.122891;0.0399433
0.234956;-0.115568;0.0399433
0.299126;-0.130213;0.0472656
0.273204;-0.122891;0.0472656
0.249658;-0.115568;0.0472656
0.311705;-0.130213;0.054588
0.287879;-0.122891;0.054588
0.266052;-0.115568;0.054588
0.388021;-0.149119;0.0588495
0.360326;-0.141797;0.0588495
0.334187;-0.134475;0.0588495
0.399226;-0.149119;0.0661719
0.372911;-0.141797;0.0661719
0.348751;-0.134475;0.0661719
0.411871;-0.149119;0.0734942
0.3875;-0.141797;0.0734942
0.364877;-0.134475;0.0734942
0.319932;-0.130213;0.0588495
0.297176;-0.122891;0.0588495
0.276483;-0.115568;0.0588495
0.335539;-0.130213;0.0661719
0.31442;-0.122891;0.0661719
0.295772;-0.115568;0.0661719
0.352703;-0.130213;0.0734942
0.333545;-0.122891;0.0734942
0.316529;-0.115568;0.0734942
0.221034;-0.111307;0.0399433
0.199141;-0.103984;0.0399433
0.179876;-0.096662;0.0399433
0.236939;-0.111307;0.0472656
0.217019;-0.103984;0.0472656
0.200211;-0.096662;0.0472656
0.25452;-0.111307;0.054588
0.236859;-0.103984;0.054588
0.221962;-0.096662;0.054588
0.170231;-0.0924005;0.0399433
0.156692;-0.0850781;0.0399433
0.147325;-0.0777558;0.0399433
0.191873;-0.0924005;0.0472656
0.180338;-0.0850781;0.0472656
0.172721;-0.0777558;0.0472656
0.214767;-0.0924005;0.054588
0.205045;-0.0850781;0.054588
0.198742;-0.0777558;0.054588
0.265616;-0.111307;0.0588495
0.249084;-0.103984;0.0588495
0.235285;-0.096662;0.0588495
0.285986;-0.111307;0.0661719
0.271155;-0.103984;0.0661719
0.259126;-0.096662;0.0661719
0.307752;-0.111307;0.0734942
0.294646;-0.103984;0.0734942
0.284037;-0.096662;0.0734942
0.228675;-0.0924005;0.0588495
0.219819;-0.0850781;0.0588495
0.214175;-0.0777558;0.0588495
0.253394;-0.0924005;0.0661719
0.245821;-0.0850781;0.0661719
0.241103;-0.0777558;0.0661719
0.279068;-0.0924005;0.0734942
0.272567;-0.0850781;0.0734942
0.268655;-0.0777558;0.0734942
0.0301594;-0.0734942;0.00213077
0.00812388;-0.0661719;0.00213077
0.0237835;-0.0588495;0.00213077
0.0442067;-0.0734942;0.00945312
0.0334284;-0.0661719;0.00945312
0.0403085;-0.0588495;0.00945312
0.0655653;-0.0734942;0.0167755
0.0592286;-0.0661719;0.0167755
0.0636657;-0.0588495;0.0167755
0.0378184;-0.054588;0.00213077
0.06171;-0.0472656;0.00213077
0.0853417;-0.0399433;0.00213077
0.0499116;-0.054588;0.00945312
0.0700905;-0.0472656;0.00945312
0.091368;-0.0399433;0.00945312
0.0702799;-0.054588;0.0167755
0.0857065;-0.0472656;0.0167755
0.104133;-0.0399433;0.0167755
0.0792796;-0.0734942;0.021037
0.0743268;-0.0661719;0.021037
0.0780746;-0.0588495;0.021037
0.103811;-0.0734942;0.0283594
0.100403;-0.0661719;0.0283594
0.103409;-0.0588495;0.0283594
0.12905;-0.0734942;0.0356817
0.126647;-0.0661719;0.0356817
0.129367;-0.0588495;0.0356817
0.083628;-0.054588;0.021037
0.0970355;-0.0472656;0.021037
0.113696;-0.0399433;0.021037
0.107761;-0.054588;0.0283594
0.118792;-0.0472656;0.0283594
0.132648;-0.0399433;0.0283594
0.13301;-0.054588;0.0356817
0.142088;-0.0472656;0.0356817
0.15414;-0.0399433;0.0356817
0.098716;-0.0356817;0.00213077
0.121038;-0.0283594;0.00213077
0.142978;-0.021037;0.00213077
0.103959;-0.0356817;0.00945312
0.125646;-0.0283594;0.00945312
0.146633;-0.021037;0.00945312
0.115389;-0.0356817;0.0167755
0.135015;-0.0283594;0.0167755
0.155006;-0.021037;0.0167755
0.155369;-0.0167755;0.00213077
0.176023;-0.00945312;0.00213077
0.196312;-0.00213077;0.00213077
0.158722;-0.0167755;0.00945312
0.179267;-0.00945312;0.00945312
0.198951;-0.00213077;0.00945312
0.166503;-0.0167755;0.0167755
0.185909;-0.00945312;0.0167755
0.205201;-0.00213077;0.0167755
0.124108;-0.0356817;0.021037
0.142555;-0.0283594;0.021037
0.161624;-0.021037;0.021037
0.141691;-0.0356817;0.0283594
0.158377;-0.0283594;0.0283594
0.175504;-0.021037;0.0283594
0.162041;-0.0356817;0.0356817
0.176622;-0.0283594;0.0356817
0.192361;-0.021037;0.0356817
0.172679;-0.0167755;0.021037
0.19145;-0.00945312;0.021037
0.210222;-0.00213077;0.021037
0.185716;-0.0167755;0.0283594
0.203526;-0.00945312;0.0283594
0.220991;-0.00213077;0.0283594
0.201726;-0.0167755;0.0356817
0.217954;-0.00945312;0.0356817
0.234544;-0.00213077;0.0356817
0.144025;-0.0734942;0.0399433
0.142062;-0.0661719;0.0399433
0.144649;-0.0588495;0.0399433
0.170108;-0.0734942;0.0472656
0.168793;-0.0661719;0.0472656
0.171127;-0.0588495;0.0472656
0.19668;-0.0734942;0.054588
0.195767;-0.0661719;0.054588
0.198085;-0.0588495;0.054588
0.147984;-0.054588;0.0399433
0.156277;-0.0472656;0.0399433
0.16737;-0.0399433;0.0399433
0.174048;-0.054588;0.0472656
0.181439;-0.0472656;0.0472656
0.190987;-0.0399433;0.0472656
0.200721;-0.054588;0.054588
0.207131;-0.0472656;0.054588
0.215778;-0.0399433;0.054588
0.212371;-0.0734942;0.0588495
0.211672;-0.0661719;0.0588495
0.213937;-0.0588495;0.0588495
0.239655;-0.0734942;0.0661719
0.239347;-0.0661719;0.0661719
0.241412;-0.0588495;0.0661719
0.267507;-0.0734942;0.0734942
0.267332;-0.0661719;0.0734942
0.269429;-0.0588495;0.0734942
0.21643;-0.054588;0.0588495
0.222442;-0.0472656;0.0588495
0.23055;-0.0399433;0.0588495
0.243684;-0.054588;0.0661719
0.249272;-0.0472656;0.0661719
0.256398;-0.0399433;0.0661719
0.271529;-0.054588;0.0734942
0.27645;-0.0472656;0.0734942
0.283064;-0.0399433;0.0734942
0.174693;-0.0356817;0.0399433
0.188309;-0.0283594;0.0399433
0.203146;-0.021037;0.0399433
0.197451;-0.0356817;0.0472656
0.209824;-0.0283594;0.0472656
0.223005;-0.021037;0.0472656
0.22155;-0.0356817;0.054588
0.232444;-0.0283594;0.054588
0.244587;-0.021037;0.054588
0.212026;-0.0167755;0.0399433
0.227494;-0.00945312;0.0399433
0.243404;-0.00213077;0.0399433
0.231091;-0.0167755;0.0472656
0.245547;-0.00945312;0.0472656
0.260056;-0.00213077;0.0472656
0.251964;-0.0167755;0.054588
0.264989;-0.00945312;0.054588
0.278628;-0.00213077;0.054588
0.235968;-0.0356817;0.0588495
0.246213;-0.0283594;0.0588495
0.257687;-0.021037;0.0588495
0.261269;-0.0356817;0.0661719
0.270729;-0.0283594;0.0661719
0.280942;-0.021037;0.0661719
0.287479;-0.0356817;0.0734942
0.295854;-0.0283594;0.0734942
0.305344;-0.021037;0.0734942
0.264677;-0.0167755;0.0588495
0.277053;-0.00945312;0.0588495
0.29007;-0.00213077;0.0588495
0.287309;-0.0167755;0.0661719
0.298876;-0.00945312;0.0661719
0.310646;-0.00213077;0.0661719
0.311163;-0.0167755;0.0734942
0.321538;-0.00945312;0.0734942
0.332585;-0.00213077;0.0734942
0.420117;-0.149119;0.0777558
0.396735;-0.141797;0.0777558
0.375133;-0.134475;0.0777558
0.435775;-0.149119;0.0850781
0.413913;-0.141797;0.0850781
0.394167;-0.134475;0.0850781
0.453109;-0.149119;0.0924005
0.43306;-0.141797;0.0924005
0.414817;-0.134475;0.0924005
0.363549;-0.130213;0.0777558
0.345388;-0.122891;0.0777558
0.329355;-0.115568;0.0777558
0.383558;-0.130213;0.0850781
0.36693;-0.122891;0.0850781
0.352543;-0.115568;0.0850781
0.405135;-0.130213;0.0924005
0.39011;-0.122891;0.0924005
0.377089;-0.115568;0.0924005
0.464119;-0.149119;0.096662
0.444996;-0.141797;0.096662
0.427667;-0.134475;0.096662
0.484549;-0.149119;0.103984
0.466871;-0.141797;0.103984
0.451073;-0.134475;0.103984
0.506787;-0.149119;0.111307
0.490599;-0.141797;0.111307
0.476103;-0.134475;0.111307
0.418491;-0.130213;0.096662
0.404284;-0.122891;0.096662
0.392027;-0.115568;0.096662
0.442703;-0.130213;0.103984
0.429778;-0.122891;0.103984
0.418701;-0.115568;0.103984
0.468469;-0.130213;0.111307
0.456704;-0.122891;0.111307
0.446678;-0.115568;0.111307
0.321121;-0.111307;0.0777558
0.308877;-0.103984;0.0777558
0.299042;-0.096662;0.0777558
0.345161;-0.111307;0.0850781
0.334241;-0.103984;0.0850781
0.325577;-0.096662;0.0850781
0.370476;-0.111307;0.0924005
0.360746;-0.103984;0.0924005
0.3531;-0.096662;0.0924005
0.294459;-0.0924005;0.0777558
0.288494;-0.0850781;0.0777558
0.284963;-0.0777558;0.0777558
0.321564;-0.0924005;0.0850781
0.316451;-0.0850781;0.0850781
0.31339;-0.0777558;0.0850781
0.349581;-0.0924005;0.0924005
0.345057;-0.0850781;0.0924005
0.342512;-0.0777558;0.0924005
0.385816;-0.111307;0.096662
0.376694;-0.103984;0.096662
0.369563;-0.096662;0.096662
0.413101;-0.111307;0.103984
0.404952;-0.103984;0.103984
0.398518;-0.096662;0.103984
0.441615;-0.111307;0.111307
0.434191;-0.103984;0.111307
0.428458;-0.096662;0.111307
0.366286;-0.0924005;0.096662
0.36208;-0.0850781;0.096662
0.359742;-0.0777558;0.096662
0.395589;-0.0924005;0.103984
0.391945;-0.0850781;0.103984
0.389765;-0.0777558;0.103984
0.425821;-0.0924005;0.111307
0.422415;-0.0850781;0.111307
0.42055;-0.0777558;0.111307
0.520634;-0.149119;0.115568
0.505214;-0.141797;0.115568
0.491444;-0.134475;0.115568
0.54588;-0.149119;0.122891
0.531683;-0.141797;0.122891
0.519021;-0.134475;0.122891
0.57296;-0.149119;0.130213
0.559829;-0.141797;0.130213
0.548184;-0.134475;0.130213
0.484198;-0.130213;0.115568
0.473035;-0.122891;0.115568
0.463546;-0.115568;0.115568
0.512368;-0.130213;0.122891
0.502185;-0.122891;0.122891
0.493428;-0.115568;0.122891
0.542053;-0.130213;0.130213
0.532585;-0.122891;0.130213
0.524572;-0.115568;0.130213
0.589568;-0.149119;0.134475
0.576997;-0.141797;0.134475
0.565862;-0.134475;0.134475
0.619434;-0.149119;0.141797
0.607794;-0.141797;0.141797
0.597325;-0.134475;0.141797
0.651078;-0.149119;0.149119
0.640058;-0.141797;0.149119
0.630303;-0.134475;0.149119
0.559992;-0.130213;0.134475
0.550912;-0.122891;0.134475
0.543227;-0.115568;0.134475
0.591833;-0.130213;0.141797
0.583435;-0.122891;0.141797
0.576083;-0.115568;0.141797
0.625123;-0.130213;0.149119
0.617034;-0.122891;0.149119
0.610151;-0.115568;0.149119
0.458753;-0.111307;0.115568
0.451718;-0.103984;0.115568
0.446294;-0.096662;0.115568
0.489028;-0.111307;0.122891
0.482665;-0.103984;0.122891
0.477558;-0.096662;0.122891
0.520502;-0.111307;0.130213
0.514474;-0.103984;0.130213
0.509811;-0.096662;0.130213
0.443791;-0.0924005;0.115568
0.440541;-0.0850781;0.115568
0.438753;-0.0777558;0.115568
0.47523;-0.0924005;0.122891
0.472324;-0.0850781;0.122891
0.470452;-0.0777558;0.122891
0.507616;-0.0924005;0.130213
0.504673;-0.0850781;0.130213
0.502955;-0.0777558;0.130213
0.539312;-0.111307;0.134475
0.533487;-0.103984;0.134475
0.528966;-0.096662;0.134475
0.57237;-0.111307;0.141797
0.566963;-0.103984;0.141797
0.562448;-0.096662;0.141797
0.606591;-0.111307;0.149119
0.601192;-0.103984;0.149119
0.596907;-0.096662;0.149119
0.526819;-0.0924005;0.134475
0.523901;-0.0850781;0.134475
0.522154;-0.0777558;0.134475
0.560336;-0.0924005;0.141797
0.557585;-0.0850781;0.141797
0.555553;-0.0777558;0.141797
0.594798;-0.0924005;0.149119
0.591783;-0.0850781;0.149119
0.589768;-0.0777558;0.149119
0.283954;-0.0734942;0.0777558
0.283879;-0.0661719;0.0777558
0.285923;-0.0588495;0.0777558
0.312565;-0.0734942;0.0850781
0.312741;-0.0661719;0.0850781
0.314541;-0.0588495;0.0850781
0.341841;-0.0734942;0.0924005
0.341962;-0.0661719;0.0924005
0.343777;-0.0588495;0.0924005
0.287925;-0.054588;0.0777558
0.292579;-0.0472656;0.0777558
0.298831;-0.0399433;0.0777558
0.316371;-0.054588;0.0850781
0.320776;-0.0472656;0.0850781
0.326273;-0.0399433;0.0850781
0.345459;-0.054588;0.0924005
0.349291;-0.0472656;0.0924005
0.354442;-0.0399433;0.0924005
0.359133;-0.0734942;0.096662
0.359269;-0.0661719;0.096662
0.361002;-0.0588495;0.096662
0.389223;-0.0734942;0.103984
0.389501;-0.0661719;0.103984
0.390909;-0.0588495;0.103984
0.420052;-0.0734942;0.111307
0.420116;-0.0661719;0.111307
0.421494;-0.0588495;0.111307
0.362591;-0.054588;0.096662
0.366197;-0.0472656;0.096662
0.371057;-0.0399433;0.096662
0.392326;-0.054588;0.103984
0.395738;-0.0472656;0.103984
0.399923;-0.0399433;0.103984
0.422749;-0.054588;0.111307
0.425594;-0.0472656;0.111307
0.429496;-0.0399433;0.111307
0.303;-0.0356817;0.0777558
0.310909;-0.0283594;0.0777558
0.319896;-0.021037;0.0777558
0.330044;-0.0356817;0.0850781
0.337421;-0.0283594;0.0850781
0.345399;-0.021037;0.0850781
0.357865;-0.0356817;0.0924005
0.364358;-0.0283594;0.0924005
0.371801;-0.021037;0.0924005
0.325413;-0.0167755;0.0777558
0.335262;-0.00945312;0.0777558
0.345784;-0.00213077;0.0777558
0.350422;-0.0167755;0.0850781
0.359645;-0.00945312;0.0850781
0.369088;-0.00213077;0.0850781
0.376383;-0.0167755;0.0924005
0.384589;-0.00945312;0.0924005
0.393443;-0.00213077;0.0924005
0.374283;-0.0356817;0.096662
0.3804;-0.0283594;0.096662
0.387437;-0.021037;0.096662
0.402817;-0.0356817;0.103984
0.40853;-0.0283594;0.103984
0.414689;-0.021037;0.103984
0.432087;-0.0356817;0.111307
0.437004;-0.0283594;0.111307
0.442731;-0.021037;0.111307
0.391769;-0.0167755;0.096662
0.399534;-0.00945312;0.096662
0.407938;-0.00213077;0.096662
0.418605;-0.0167755;0.103984
0.425865;-0.00945312;0.103984
0.433309;-0.00213077;0.103984
0.446264;-0.0167755;0.111307
0.452612;-0.00945312;0.111307
0.459557;-0.00213077;0.111307
0.438258;-0.0734942;0.115568
0.438263;-0.0661719;0.115568
0.439517;-0.0588495;0.115568
0.469929;-0.0734942;0.122891
0.469976;-0.0661719;0.122891
0.47081;-0.0588495;0.122891
0.502384;-0.0734942;0.130213
0.502074;-0.0661719;0.130213
0.502817;-0.0588495;0.130213
0.440669;-0.054588;0.115568
0.443288;-0.0472656;0.115568
0.44692;-0.0399433;0.115568
0.471767;-0.054588;0.122891
0.474194;-0.0472656;0.122891
0.477161;-0.0399433;0.122891
0.503583;-0.054588;0.130213
0.505407;-0.0472656;0.130213
0.508103;-0.0399433;0.130213
0.521537;-0.0734942;0.134475
0.521099;-0.0661719;0.134475
0.521672;-0.0588495;0.134475
0.554824;-0.0734942;0.141797
0.554336;-0.0661719;0.141797
0.554389;-0.0588495;0.141797
0.588912;-0.0734942;0.149119
0.587936;-0.0661719;0.149119
0.587831;-0.0588495;0.149119
0.522316;-0.054588;0.134475
0.523895;-0.0472656;0.134475
0.526317;-0.0399433;0.134475
0.554805;-0.054588;0.141797
0.556166;-0.0472656;0.141797
0.557899;-0.0399433;0.141797
0.58802;-0.054588;0.149119
0.588723;-0.0472656;0.149119
0.590168;-0.0399433;0.149119
0.449332;-0.0356817;0.115568
0.453914;-0.0283594;0.115568
0.459282;-0.021037;0.115568
0.479264;-0.0356817;0.122891
0.483497;-0.0283594;0.122891
0.488048;-0.021037;0.122891
0.509914;-0.0356817;0.130213
0.513379;-0.0283594;0.130213
0.517544;-0.021037;0.130213
0.462595;-0.0167755;0.115568
0.468549;-0.00945312;0.115568
0.475092;-0.00213077;0.115568
0.490985;-0.0167755;0.122891
0.496503;-0.00945312;0.122891
0.502156;-0.00213077;0.122891
0.520127;-0.0167755;0.130213
0.524788;-0.00945312;0.130213
0.529994;-0.00213077;0.130213
0.527952;-0.0356817;0.134475
0.531093;-0.0283594;0.134475
0.534918;-0.021037;0.134475
0.559224;-0.0356817;0.141797
0.56203;-0.0283594;0.141797
0.565058;-0.021037;0.141797
0.591194;-0.0356817;0.149119
0.593229;-0.0283594;0.149119
0.595882;-0.021037;0.149119
0.537293;-0.0167755;0.134475
0.541584;-0.00945312;0.134475
0.546415;-0.00213077;0.134475
0.567073;-0.0167755;0.141797
0.57096;-0.00945312;0.141797
0.574938;-0.00213077;0.141797
0.597553;-0.0167755;0.149119
0.600605;-0.00945312;0.149119
0.60416;-0.00213077;0.149119
1.15136;-0.300369;0.153381
1.11707;-0.293047;0.153381
1.08361;-0.285725;0.153381
1.15778;-0.300369;0.160703
1.12523;-0.293047;0.160703
1.09388;-0.285725;0.160703
1.16831;-0.300369;0.168025
1.13782;-0.293047;0.168025
1.10813;-0.285725;0.168025
1.06469;-0.281463;0.153381
1.0331;-0.274141;0.153381
1.00244;-0.266818;0.153381
1.07604;-0.281463;0.160703
1.04611;-0.274141;0.160703
1.01736;-0.266818;0.160703
1.09131;-0.281463;0.168025
1.06324;-0.274141;0.168025
1.03605;-0.266818;0.168025
1.17662;-0.300369;0.172287
1.14714;-0.293047;0.172287
1.11846;-0.285725;0.172287
1.19463;-0.300369;0.179609
1.16672;-0.293047;0.179609
1.1397;-0.285725;0.179609
1.2174;-0.300369;0.186932
1.19102;-0.293047;0.186932
1.16539;-0.285725;0.186932
1.10221;-0.281463;0.172287
1.07506;-0.274141;0.172287
1.04879;-0.266818;0.172287
1.12435;-0.281463;0.179609
1.09864;-0.274141;0.179609
1.07382;-0.266818;0.179609
1.15083;-0.281463;0.186932
1.12642;-0.274141;0.186932
1.10286;-0.266818;0.186932
0.985149;-0.262557;0.153381
0.956386;-0.255234;0.153381
0.928637;-0.247912;0.153381
1.00108;-0.262557;0.160703
0.973878;-0.255234;0.160703
0.947851;-0.247912;0.160703
1.0207;-0.262557;0.168025
0.995141;-0.255234;0.168025
0.970555;-0.247912;0.168025
0.913044;-0.24365;0.153381
0.887206;-0.236328;0.153381
0.862461;-0.229006;0.153381
0.933176;-0.24365;0.160703
0.9088;-0.236328;0.160703
0.885573;-0.229006;0.160703
0.956724;-0.24365;0.168025
0.933775;-0.236328;0.168025
0.911863;-0.229006;0.168025
1.03395;-0.262557;0.172287
1.00922;-0.255234;0.172287
0.985452;-0.247912;0.172287
1.05977;-0.262557;0.179609
1.03637;-0.255234;0.179609
1.01383;-0.247912;0.179609
1.08951;-0.262557;0.186932
1.06719;-0.255234;0.186932
1.04578;-0.247912;0.186932
0.972072;-0.24365;0.172287
0.949852;-0.236328;0.172287
0.928652;-0.229006;0.172287
1.00114;-0.24365;0.179609
0.980106;-0.236328;0.179609
0.959914;-0.229006;0.179609
1.03368;-0.24365;0.186932
1.01352;-0.236328;0.186932
0.994308;-0.229006;0.186932
1.23295;-0.300369;0.191193
1.20731;-0.293047;0.191193
1.18243;-0.285725;0.191193
1.26344;-0.300369;0.198516
1.23901;-0.293047;0.198516
1.21513;-0.285725;0.198516
1.2988;-0.300369;0.205838
1.27516;-0.293047;0.205838
1.25225;-0.285725;0.205838
1.16828;-0.281463;0.191193
1.14452;-0.274141;0.191193
1.12161;-0.266818;0.191193
1.20157;-0.281463;0.198516
1.1789;-0.274141;0.198516
1.15679;-0.266818;0.198516
1.23917;-0.281463;0.205838
1.2171;-0.274141;0.205838
1.19584;-0.266818;0.205838
1.32154;-0.300369;0.2101
1.2983;-0.293047;0.2101
1.27579;-0.285725;0.2101
1.36403;-0.300369;0.217422
1.34152;-0.293047;0.217422
1.31926;-0.285725;0.217422
1.41105;-0.300369;0.224744
1.38853;-0.293047;0.224744
1.36677;-0.285725;0.224744
1.26291;-0.281463;0.2101
1.24117;-0.274141;0.2101
1.22022;-0.266818;0.2101
1.30663;-0.281463;0.217422
1.28551;-0.274141;0.217422
1.26469;-0.266818;0.217422
1.35426;-0.281463;0.224744
1.33304;-0.274141;0.224744
1.31262;-0.266818;0.224744
1.10861;-0.262557;0.191193
1.08684;-0.255234;0.191193
1.06597;-0.247912;0.191193
1.14428;-0.262557;0.198516
1.12347;-0.255234;0.198516
1.10322;-0.247912;0.198516
1.18373;-0.262557;0.205838
1.16335;-0.255234;0.205838
1.14381;-0.247912;0.205838
1.05417;-0.24365;0.191193
1.03446;-0.236328;0.191193
1.01569;-0.229006;0.191193
1.09181;-0.24365;0.198516
1.07291;-0.236328;0.198516
1.05457;-0.229006;0.198516
1.13271;-0.24365;0.205838
1.11408;-0.236328;0.205838
1.09632;-0.229006;0.205838
1.20827;-0.262557;0.2101
1.18814;-0.255234;0.2101
1.16884;-0.247912;0.2101
1.25291;-0.262557;0.217422
1.23329;-0.255234;0.217422
1.21399;-0.247912;0.217422
1.30091;-0.262557;0.224744
1.28109;-0.255234;0.224744
1.26208;-0.247912;0.224744
1.15785;-0.24365;0.2101
1.13939;-0.236328;0.2101
1.12179;-0.229006;0.2101
1.2031;-0.24365;0.217422
1.18505;-0.236328;0.217422
1.16732;-0.229006;0.217422
1.25121;-0.24365;0.224744
1.23286;-0.236328;0.224744
1.21533;-0.229006;0.224744
0.84862;-0.224744;0.153381
0.825792;-0.217422;0.153381
0.804125;-0.2101;0.153381
0.872553;-0.224744;0.160703
0.851068;-0.217422;0.160703
0.830699;-0.2101;0.160703
0.899588;-0.224744;0.168025
0.879303;-0.217422;0.168025
0.860105;-0.2101;0.168025
0.792074;-0.205838;0.153381
0.772313;-0.198516;0.153381
0.753765;-0.191193;0.153381
0.819362;-0.205838;0.160703
0.800801;-0.198516;0.160703
0.783311;-0.191193;0.160703
0.849402;-0.205838;0.168025
0.831804;-0.198516;0.168025
0.815322;-0.191193;0.168025
0.916765;-0.224744;0.172287
0.897104;-0.217422;0.172287
0.878505;-0.2101;0.172287
0.948609;-0.224744;0.179609
0.929983;-0.217422;0.179609
0.912169;-0.2101;0.179609
0.983493;-0.224744;0.186932
0.965523;-0.217422;0.186932
0.948534;-0.2101;0.186932
0.868125;-0.205838;0.172287
0.851036;-0.198516;0.172287
0.835034;-0.191193;0.172287
0.902258;-0.205838;0.179609
0.886042;-0.198516;0.179609
0.870597;-0.191193;0.179609
0.939006;-0.205838;0.186932
0.923232;-0.198516;0.186932
0.908449;-0.191193;0.186932
0.743521;-0.186932;0.153381
0.726844;-0.179609;0.153381
0.711411;-0.172287;0.153381
0.773662;-0.186932;0.160703
0.758017;-0.179609;0.160703
0.743384;-0.172287;0.160703
0.806187;-0.186932;0.168025
0.791255;-0.179609;0.168025
0.777448;-0.172287;0.168025
0.702963;-0.168025;0.153381
0.689337;-0.160703;0.153381
0.676957;-0.153381;0.153381
0.7354;-0.168025;0.160703
0.72261;-0.160703;0.160703
0.71076;-0.153381;0.160703
0.76985;-0.168025;0.168025
0.757518;-0.160703;0.168025
0.746295;-0.153381;0.168025
0.826152;-0.186932;0.172287
0.811609;-0.179609;0.172287
0.798158;-0.172287;0.172287
0.862068;-0.186932;0.179609
0.848225;-0.179609;0.179609
0.835102;-0.172287;0.179609
0.900194;-0.186932;0.186932
0.886583;-0.179609;0.186932
0.873956;-0.172287;0.186932
0.79074;-0.168025;0.172287
0.778673;-0.160703;0.172287
0.767681;-0.153381;0.172287
0.827919;-0.168025;0.179609
0.816374;-0.160703;0.179609
0.805487;-0.153381;0.179609
0.866939;-0.168025;0.186932
0.855422;-0.160703;0.186932
0.844865;-0.153381;0.186932
1.00511;-0.224744;0.191193
0.987496;-0.217422;0.191193
0.970842;-0.2101;0.191193
1.04429;-0.224744;0.198516
1.02735;-0.217422;0.198516
1.01094;-0.2101;0.198516
1.08626;-0.224744;0.205838
1.06942;-0.217422;0.205838
1.05346;-0.2101;0.205838
0.961486;-0.205838;0.191193
0.945968;-0.198516;0.191193
0.931418;-0.191193;0.191193
1.00179;-0.205838;0.198516
0.986793;-0.198516;0.198516
0.97231;-0.191193;0.198516
1.04445;-0.205838;0.205838
1.02939;-0.198516;0.205838
1.01523;-0.191193;0.205838
1.1118;-0.224744;0.2101
1.09505;-0.217422;0.2101
1.07917;-0.2101;0.2101
1.15736;-0.224744;0.217422
1.1409;-0.217422;0.217422
1.12478;-0.2101;0.217422
1.20533;-0.224744;0.224744
1.18848;-0.217422;0.224744
1.17246;-0.2101;0.224744
1.07018;-0.205838;0.2101
1.05515;-0.198516;0.2101
1.04099;-0.191193;0.2101
1.11575;-0.205838;0.217422
1.1009;-0.198516;0.217422
1.08638;-0.191193;0.217422
1.16335;-0.205838;0.224744
1.14801;-0.198516;0.224744
1.1335;-0.191193;0.224744
0.923275;-0.186932;0.191193
0.90982;-0.179609;0.191193
0.897324;-0.172287;0.191193
0.964281;-0.186932;0.198516
0.951199;-0.179609;0.198516
0.9386;-0.172287;0.198516
1.00725;-0.186932;0.205838
0.993966;-0.179609;0.205838
0.981558;-0.172287;0.205838
0.890361;-0.168025;0.191193
0.878901;-0.160703;0.191193
0.868378;-0.153381;0.191193
0.931661;-0.168025;0.198516
0.920431;-0.160703;0.198516
0.909647;-0.153381;0.198516
0.974588;-0.168025;0.205838
0.963018;-0.160703;0.205838
0.9523;-0.153381;0.205838
1.03299;-0.186932;0.2101
1.01965;-0.179609;0.2101
1.00718;-0.172287;0.2101
1.07829;-0.186932;0.217422
1.06502;-0.179609;0.217422
1.05208;-0.172287;0.217422
1.12526;-0.186932;0.224744
1.11143;-0.179609;0.224744
1.09841;-0.172287;0.224744
1.00015;-0.168025;0.2101
0.988459;-0.160703;0.2101
0.977608;-0.153381;0.2101
1.0449;-0.168025;0.217422
1.03318;-0.160703;0.217422
1.02177;-0.153381;0.217422
1.09104;-0.168025;0.224744
1.07868;-0.160703;0.224744
1.06711;-0.153381;0.224744
1.44025;-0.300369;0.229006
1.41777;-0.293047;0.229006
1.39604;-0.285725;0.229006
1.49324;-0.300369;0.236328
1.47101;-0.293047;0.236328
1.44881;-0.285725;0.236328
1.55015;-0.300369;0.24365
1.52718;-0.293047;0.24365
1.50502;-0.285725;0.24365
1.38355;-0.281463;0.229006
1.36231;-0.274141;0.229006
1.34188;-0.266818;0.229006
1.43621;-0.281463;0.236328
1.41517;-0.274141;0.236328
1.39421;-0.266818;0.236328
1.49223;-0.281463;0.24365
1.47044;-0.274141;0.24365
1.44946;-0.266818;0.24365
1.58472;-0.300369;0.247912
1.56145;-0.293047;0.247912
1.539;-0.285725;0.247912
1.64621;-0.300369;0.255234
1.62277;-0.293047;0.255234
1.59923;-0.285725;0.255234
1.71091;-0.300369;0.262557
1.68613;-0.293047;0.262557
1.66223;-0.285725;0.262557
1.52604;-0.281463;0.247912
1.50394;-0.274141;0.247912
1.48268;-0.266818;0.247912
1.58588;-0.281463;0.255234
1.56357;-0.274141;0.255234
1.54125;-0.266818;0.255234
1.64842;-0.281463;0.262557
1.62486;-0.274141;0.262557
1.60215;-0.266818;0.262557
1.33015;-0.262557;0.229006
1.31027;-0.255234;0.229006
1.29121;-0.247912;0.229006
1.38235;-0.262557;0.236328
1.36258;-0.255234;0.236328
1.34296;-0.247912;0.236328
1.43739;-0.262557;0.24365
1.41686;-0.255234;0.24365
1.39715;-0.247912;0.24365
1.2803;-0.24365;0.229006
1.26184;-0.236328;0.229006
1.24421;-0.229006;0.229006
1.33187;-0.24365;0.236328
1.31345;-0.236328;0.236328
1.2952;-0.229006;0.236328
1.38584;-0.24365;0.24365
1.36664;-0.236328;0.24365
1.34825;-0.229006;0.24365
1.47043;-0.262557;0.247912
1.44958;-0.255234;0.247912
1.42957;-0.247912;0.247912
1.52861;-0.262557;0.255234
1.50752;-0.255234;0.255234
1.48648;-0.247912;0.255234
1.58907;-0.262557;0.262557
1.56678;-0.255234;0.262557
1.54534;-0.247912;0.262557
1.41807;-0.24365;0.247912
1.39853;-0.236328;0.247912
1.37983;-0.229006;0.247912
1.47459;-0.24365;0.255234
1.45477;-0.236328;0.255234
1.43506;-0.229006;0.255234
1.53301;-0.24365;0.262557
1.51204;-0.236328;0.262557
1.49191;-0.229006;0.262557
1.74961;-0.300369;0.266818
1.72425;-0.293047;0.266818
1.69981;-0.285725;0.266818
1.81751;-0.300369;0.274141
1.79161;-0.293047;0.274141
1.76562;-0.285725;0.274141
1.88788;-0.300369;0.281463
1.86022;-0.293047;0.281463
1.83352;-0.285725;0.281463
1.68569;-0.281463;0.266818
1.66157;-0.274141;0.266818
1.63836;-0.266818;0.266818
1.75087;-0.281463;0.274141
1.72621;-0.274141;0.274141
1.70155;-0.266818;0.274141
1.81811;-0.281463;0.281463
1.79183;-0.274141;0.281463
1.76648;-0.266818;0.281463
1.92951;-0.300369;0.285725
1.90106;-0.293047;0.285725
1.87363;-0.285725;0.285725
2.00183;-0.300369;0.293047
1.97254;-0.293047;0.293047
1.94325;-0.285725;0.293047
2.07587;-0.300369;0.300369
2.04457;-0.293047;0.300369
2.01429;-0.285725;0.300369
1.8578;-0.281463;0.285725
1.83078;-0.274141;0.285725
1.80475;-0.266818;0.285725
1.92661;-0.281463;0.293047
1.89878;-0.274141;0.293047
1.87103;-0.266818;0.293047
1.99685;-0.281463;0.300369
1.96717;-0.274141;0.300369
1.93849;-0.266818;0.300369
1.62497;-0.262557;0.266818
1.60215;-0.255234;0.266818
1.58021;-0.247912;0.266818
1.68756;-0.262557;0.274141
1.66421;-0.255234;0.274141
1.64091;-0.247912;0.274141
1.75188;-0.262557;0.281463
1.72701;-0.255234;0.281463
1.70304;-0.247912;0.281463
1.56759;-0.24365;0.266818
1.54611;-0.236328;0.266818
1.52549;-0.229006;0.266818
1.62771;-0.24365;0.274141
1.60569;-0.236328;0.274141
1.58377;-0.229006;0.274141
1.68925;-0.24365;0.281463
1.66581;-0.236328;0.281463
1.64324;-0.229006;0.281463
1.78975;-0.262557;0.285725
1.76419;-0.255234;0.285725
1.73958;-0.247912;0.285725
1.85529;-0.262557;0.293047
1.82895;-0.255234;0.293047
1.80274;-0.247912;0.293047
1.92199;-0.262557;0.300369
1.89394;-0.255234;0.300369
1.86685;-0.247912;0.300369
1.72542;-0.24365;0.285725
1.70132;-0.236328;0.285725
1.67815;-0.229006;0.285725
1.78788;-0.24365;0.293047
1.76304;-0.236328;0.293047
1.73837;-0.229006;0.293047
1.85129;-0.24365;0.300369
1.82486;-0.236328;0.300369
1.79935;-0.229006;0.300369
1.23414;-0.224744;0.229006
1.21714;-0.217422;0.229006
1.20098;-0.2101;0.229006
1.28493;-0.224744;0.236328
1.26789;-0.217422;0.236328
1.25106;-0.2101;0.236328
1.33772;-0.224744;0.24365
1.31988;-0.217422;0.24365
1.30285;-0.2101;0.24365
1.19176;-0.205838;0.229006
1.17624;-0.198516;0.229006
1.16154;-0.191193;0.229006
1.2416;-0.205838;0.236328
1.22597;-0.198516;0.236328
1.21055;-0.191193;0.236328
1.29311;-0.205838;0.24365
1.27665;-0.198516;0.24365
1.26098;-0.191193;0.24365
1.36911;-0.224744;0.247912
1.35092;-0.217422;0.247912
1.33356;-0.2101;0.247912
1.42394;-0.224744;0.255234
1.40544;-0.217422;0.255234
1.38708;-0.2101;0.255234
1.48035;-0.224744;0.262557
1.46073;-0.217422;0.262557
1.44193;-0.2101;0.262557
1.32362;-0.205838;0.247912
1.3068;-0.198516;0.247912
1.29078;-0.191193;0.247912
1.37673;-0.205838;0.255234
1.35956;-0.198516;0.255234
1.34255;-0.191193;0.255234
1.43115;-0.205838;0.262557
1.41289;-0.198516;0.262557
1.39542;-0.191193;0.262557
1.15317;-0.186932;0.229006
1.13911;-0.179609;0.229006
1.12586;-0.172287;0.229006
1.20191;-0.186932;0.236328
1.18768;-0.179609;0.236328
1.17366;-0.172287;0.236328
1.25204;-0.186932;0.24365
1.23695;-0.179609;0.24365
1.22264;-0.172287;0.24365
1.11834;-0.168025;0.229006
1.10571;-0.160703;0.229006
1.09387;-0.153381;0.229006
1.16584;-0.168025;0.236328
1.15297;-0.160703;0.236328
1.14033;-0.153381;0.236328
1.21448;-0.168025;0.24365
1.20074;-0.160703;0.24365
1.18776;-0.153381;0.24365
1.28163;-0.186932;0.247912
1.26616;-0.179609;0.247912
1.25149;-0.172287;0.247912
1.33299;-0.186932;0.255234
1.31714;-0.179609;0.255234
1.30148;-0.172287;0.255234
1.38543;-0.186932;0.262557
1.36851;-0.179609;0.262557
1.35237;-0.172287;0.262557
1.24311;-0.168025;0.247912
1.22899;-0.160703;0.247912
1.21562;-0.153381;0.247912
1.29268;-0.168025;0.255234
1.27815;-0.160703;0.255234
1.2638;-0.153381;0.255234
1.34314;-0.168025;0.262557
1.32755;-0.160703;0.262557
1.31271;-0.153381;0.262557
1.51364;-0.224744;0.266818
1.49352;-0.217422;0.266818
1.47424;-0.2101;0.266818
1.57138;-0.224744;0.274141
1.55071;-0.217422;0.274141
1.53019;-0.2101;0.274141
1.63028;-0.224744;0.281463
1.60828;-0.217422;0.281463
1.58712;-0.2101;0.281463
1.46318;-0.205838;0.266818
1.44442;-0.198516;0.266818
1.42649;-0.191193;0.266818
1.5186;-0.205838;0.274141
1.4993;-0.198516;0.274141
1.48017;-0.191193;0.274141
1.57498;-0.205838;0.281463
1.5544;-0.198516;0.281463
1.53464;-0.191193;0.281463
1.66483;-0.224744;0.285725
1.6422;-0.217422;0.285725
1.62046;-0.2101;0.285725
1.72439;-0.224744;0.293047
1.70104;-0.217422;0.293047
1.67789;-0.2101;0.293047
1.78471;-0.224744;0.300369
1.75988;-0.217422;0.300369
1.73593;-0.2101;0.300369
1.60798;-0.205838;0.285725
1.58681;-0.198516;0.285725
1.56649;-0.191193;0.285725
1.66479;-0.205838;0.293047
1.64292;-0.198516;0.293047
1.62127;-0.191193;0.293047
1.7222;-0.205838;0.300369
1.69894;-0.198516;0.300369
1.67653;-0.191193;0.300369
1.41621;-0.186932;0.266818
1.39881;-0.179609;0.266818
1.38221;-0.172287;0.266818
1.46938;-0.186932;0.274141
1.45143;-0.179609;0.274141
1.43367;-0.172287;0.274141
1.52332;-0.186932;0.281463
1.50415;-0.179609;0.281463
1.48577;-0.172287;0.281463
1.37271;-0.168025;0.266818
1.35664;-0.160703;0.266818
1.34134;-0.153381;0.266818
1.42366;-0.168025;0.274141
1.40705;-0.160703;0.274141
1.39063;-0.153381;0.274141
1.47525;-0.168025;0.281463
1.45746;-0.160703;0.281463
1.44044;-0.153381;0.281463
1.55484;-0.186932;0.285725
1.5351;-0.179609;0.285725
1.51619;-0.172287;0.285725
1.60903;-0.186932;0.293047
1.58862;-0.179609;0.293047
1.56844;-0.172287;0.293047
1.6637;-0.186932;0.300369
1.64197;-0.179609;0.300369
1.62106;-0.172287;0.300369
1.50536;-0.168025;0.285725
1.48702;-0.160703;0.285725
1.46948;-0.153381;0.285725
1.55704;-0.168025;0.293047
1.53806;-0.160703;0.293047
1.51931;-0.153381;0.293047
1.60909;-0.168025;0.300369
1.58886;-0.160703;0.300369
1.56941;-0.153381;0.300369
0.670258;-0.149119;0.153381
0.659581;-0.141797;0.153381
0.650123;-0.134475;0.153381
0.704383;-0.149119;0.160703
0.694333;-0.141797;0.160703
0.68513;-0.134475;0.160703
0.740174;-0.149119;0.168025
0.730326;-0.141797;0.168025
0.721549;-0.134475;0.168025
0.645086;-0.130213;0.153381
0.637189;-0.122891;0.153381
0.630453;-0.115568;0.153381
0.680272;-0.130213;0.160703
0.672786;-0.122891;0.160703
0.666039;-0.115568;0.160703
0.716816;-0.130213;0.168025
0.709288;-0.122891;0.168025
0.702771;-0.115568;0.168025
0.761667;-0.149119;0.172287
0.751961;-0.141797;0.172287
0.74329;-0.134475;0.172287
0.799591;-0.149119;0.179609
0.790228;-0.141797;0.179609
0.781453;-0.134475;0.179609
0.839031;-0.149119;0.186932
0.829505;-0.141797;0.186932
0.820902;-0.134475;0.186932
0.738594;-0.130213;0.172287
0.73109;-0.122891;0.172287
0.724564;-0.115568;0.172287
0.776764;-0.130213;0.179609
0.769433;-0.122891;0.179609
0.762611;-0.115568;0.179609
0.816176;-0.130213;0.186932
0.80851;-0.122891;0.186932
0.801713;-0.115568;0.186932
0.626949;-0.111307;0.153381
0.621596;-0.103984;0.153381
0.617316;-0.096662;0.153381
0.662577;-0.111307;0.160703
0.657427;-0.103984;0.160703
0.652896;-0.096662;0.160703
0.699311;-0.111307;0.168025
0.693897;-0.103984;0.168025
0.689417;-0.096662;0.168025
0.615183;-0.0924005;0.153381
0.612085;-0.0850781;0.153381
0.60995;-0.0777558;0.153381
0.650681;-0.0924005;0.160703
0.647598;-0.0850781;0.160703
0.64501;-0.0777558;0.160703
0.687096;-0.0924005;0.168025
0.683559;-0.0850781;0.168025
0.680867;-0.0777558;0.168025
0.721077;-0.111307;0.172287
0.71558;-0.103984;0.172287
0.710988;-0.096662;0.172287
0.75903;-0.111307;0.179609
0.753552;-0.103984;0.179609
0.748497;-0.096662;0.179609
0.798008;-0.111307;0.186932
0.792043;-0.103984;0.186932
0.786886;-0.096662;0.186932
0.708583;-0.0924005;0.172287
0.704872;-0.0850781;0.172287
0.701982;-0.0777558;0.172287
0.745912;-0.0924005;0.179609
0.742086;-0.0850781;0.179609
0.738597;-0.0777558;0.179609
0.784103;-0.0924005;0.186932
0.779665;-0.0850781;0.186932
0.775966;-0.0777558;0.186932
0.862543;-0.149119;0.191193
0.852982;-0.141797;0.191193
0.844321;-0.134475;0.191193
0.90375;-0.149119;0.198516
0.894285;-0.141797;0.198516
0.885218;-0.134475;0.198516
0.9463;-0.149119;0.205838
0.936368;-0.141797;0.205838
0.927255;-0.134475;0.205838
0.839545;-0.130213;0.191193
0.831759;-0.122891;0.191193
0.824824;-0.115568;0.191193
0.880303;-0.130213;0.198516
0.87249;-0.122891;0.198516
0.865023;-0.115568;0.198516
0.92217;-0.130213;0.205838
0.91378;-0.122891;0.205838
0.906166;-0.115568;0.205838
0.971515;-0.149119;0.2101
0.9614;-0.141797;0.2101
0.952095;-0.134475;0.2101
1.01546;-0.149119;0.217422
1.00523;-0.141797;0.217422
0.995279;-0.134475;0.217422
1.06056;-0.149119;0.224744
1.04962;-0.141797;0.224744
1.03944;-0.134475;0.224744
0.946885;-0.130213;0.2101
0.938258;-0.122891;0.2101
0.9304;-0.115568;0.2101
0.989811;-0.130213;0.217422
0.980988;-0.122891;0.217422
0.972409;-0.115568;0.217422
1.03369;-0.130213;0.224744
1.0241;-0.122891;0.224744
1.01523;-0.115568;0.224744
0.821023;-0.111307;0.191193
0.814866;-0.103984;0.191193
0.8095;-0.096662;0.191193
0.861016;-0.111307;0.198516
0.854723;-0.103984;0.198516
0.848721;-0.096662;0.198516
0.901933;-0.111307;0.205838
0.894971;-0.103984;0.205838
0.888734;-0.096662;0.205838
0.806583;-0.0924005;0.191193
0.801892;-0.0850781;0.191193
0.797929;-0.0777558;0.191193
0.845541;-0.0924005;0.198516
0.840623;-0.0850781;0.198516
0.835939;-0.0777558;0.198516
0.885281;-0.0924005;0.205838
0.879621;-0.0850781;0.205838
0.874632;-0.0777558;0.205838
0.926013;-0.111307;0.2101
0.918768;-0.103984;0.2101
0.912245;-0.096662;0.2101
0.967724;-0.111307;0.217422
0.960213;-0.103984;0.217422
0.952912;-0.096662;0.217422
1.01023;-0.111307;0.224744
1.00191;-0.103984;0.224744
0.994267;-0.096662;0.224744
0.908615;-0.0924005;0.2101
0.902636;-0.0850781;0.2101
0.897327;-0.0777558;0.2101
0.948952;-0.0924005;0.217422
0.942648;-0.0850781;0.217422
0.93652;-0.0777558;0.217422
0.989969;-0.0924005;0.224744
0.98282;-0.0850781;0.224744
0.976305;-0.0777558;0.224744
0.609004;-0.0734942;0.153381
0.607836;-0.0661719;0.153381
0.607513;-0.0588495;0.153381
0.643878;-0.0734942;0.160703
0.64257;-0.0661719;0.160703
0.641633;-0.0588495;0.160703
0.679538;-0.0734942;0.168025
0.677625;-0.0661719;0.168025
0.67646;-0.0588495;0.168025
0.607558;-0.054588;0.153381
0.607988;-0.0472656;0.153381
0.609142;-0.0399433;0.153381
0.641412;-0.054588;0.160703
0.641582;-0.0472656;0.160703
0.642007;-0.0399433;0.160703
0.675973;-0.054588;0.168025
0.675426;-0.0472656;0.168025
0.675531;-0.0399433;0.168025
0.700523;-0.0734942;0.172287
0.698361;-0.0661719;0.172287
0.696931;-0.0588495;0.172287
0.736888;-0.0734942;0.179609
0.734502;-0.0661719;0.179609
0.73237;-0.0588495;0.179609
0.773998;-0.0734942;0.186932
0.770904;-0.0661719;0.186932
0.768476;-0.0588495;0.186932
0.696278;-0.054588;0.172287
0.695427;-0.0472656;0.172287
0.695218;-0.0399433;0.172287
0.731413;-0.054588;0.179609
0.730255;-0.0472656;0.179609
0.729271;-0.0399433;0.179609
0.767215;-0.054588;0.186932
0.765281;-0.0472656;0.186932
0.763939;-0.0399433;0.186932
0.609987;-0.0356817;0.153381
0.611694;-0.0283594;0.153381
0.614009;-0.021037;0.153381
0.642529;-0.0356817;0.160703
0.643893;-0.0283594;0.160703
0.645406;-0.021037;0.160703
0.675738;-0.0356817;0.168025
0.67631;-0.0283594;0.168025
0.677441;-0.021037;0.168025
0.615476;-0.0167755;0.153381
0.618166;-0.00945312;0.153381
0.621357;-0.00213077;0.153381
0.646515;-0.0167755;0.160703
0.648809;-0.00945312;0.160703
0.651162;-0.00213077;0.160703
0.678204;-0.0167755;0.168025
0.679666;-0.00945312;0.168025
0.681601;-0.00213077;0.168025
0.695234;-0.0356817;0.172287
0.695464;-0.0283594;0.172287
0.696251;-0.021037;0.172287
0.728946;-0.0356817;0.179609
0.728811;-0.0283594;0.179609
0.728779;-0.021037;0.179609
0.763279;-0.0356817;0.186932
0.762324;-0.0283594;0.186932
0.761892;-0.021037;0.186932
0.696807;-0.0167755;0.172287
0.697906;-0.00945312;0.172287
0.69948;-0.00213077;0.172287
0.728972;-0.0167755;0.179609
0.729669;-0.00945312;0.179609
0.730405;-0.00213077;0.179609
0.761731;-0.0167755;0.186932
0.761588;-0.00945312;0.186932
0.761901;-0.00213077;0.186932
0.795796;-0.0734942;0.191193
0.792401;-0.0661719;0.191193
0.789666;-0.0588495;0.191193
0.8335;-0.0734942;0.198516
0.829804;-0.0661719;0.198516
0.826288;-0.0588495;0.198516
0.871882;-0.0734942;0.205838
0.867391;-0.0661719;0.205838
0.863515;-0.0588495;0.205838
0.788217;-0.054588;0.191193
0.785947;-0.0472656;0.191193
0.784267;-0.0399433;0.191193
0.8245;-0.054588;0.198516
0.821874;-0.0472656;0.198516
0.819375;-0.0399433;0.198516
0.861389;-0.054588;0.205838
0.857933;-0.0472656;0.205838
0.855035;-0.0399433;0.205838
0.894382;-0.0734942;0.2101
0.889545;-0.0661719;0.2101
0.885324;-0.0588495;0.2101
0.93322;-0.0734942;0.217422
0.928014;-0.0661719;0.217422
0.922947;-0.0588495;0.217422
0.972649;-0.0734942;0.224744
0.966577;-0.0661719;0.224744
0.961092;-0.0588495;0.224744
0.882991;-0.054588;0.2101
0.87917;-0.0472656;0.2101
0.87591;-0.0399433;0.2101
0.920242;-0.054588;0.217422
0.916019;-0.0472656;0.217422
0.9119;-0.0399433;0.217422
0.958019;-0.054588;0.224744
0.952922;-0.0472656;0.224744
0.948364;-0.0399433;0.224744
0.783404;-0.0356817;0.191193
0.782091;-0.0283594;0.191193
0.781303;-0.021037;0.191193
0.81815;-0.0356817;0.198516
0.816445;-0.0283594;0.198516
0.814816;-0.021037;0.198516
0.853455;-0.0356817;0.205838
0.850901;-0.0283594;0.205838
0.848849;-0.021037;0.205838
0.780931;-0.0167755;0.191193
0.780418;-0.00945312;0.191193
0.780366;-0.00213077;0.191193
0.814071;-0.0167755;0.198516
0.813143;-0.00945312;0.198516
0.812248;-0.00213077;0.198516
0.84774;-0.0167755;0.205838
0.845961;-0.00945312;0.205838
0.84463;-0.00213077;0.205838
0.874116;-0.0356817;0.2101
0.871187;-0.0283594;0.2101
0.868765;-0.021037;0.2101
0.909725;-0.0356817;0.217422
0.906373;-0.0283594;0.217422
0.903091;-0.021037;0.217422
0.945815;-0.0356817;0.224744
0.94159;-0.0283594;0.224744
0.937859;-0.021037;0.224744
0.867439;-0.0167755;0.2101
0.865281;-0.00945312;0.2101
0.86358;-0.00213077;0.2101
0.901381;-0.0167755;0.217422
0.898791;-0.00945312;0.217422
0.89624;-0.00213077;0.217422
0.935775;-0.0167755;0.224744
0.932324;-0.00945312;0.224744
0.929322;-0.00213077;0.224744
1.08716;-0.149119;0.229006
1.07591;-0.141797;0.229006
1.06543;-0.134475;0.229006
1.13329;-0.149119;0.236328
1.12176;-0.141797;0.236328
1.11043;-0.134475;0.236328
1.18037;-0.149119;0.24365
1.16793;-0.141797;0.24365
1.15623;-0.134475;0.24365
1.0595;-0.130213;0.229006
1.04957;-0.122891;0.229006
1.04037;-0.115568;0.229006
1.10414;-0.130213;0.236328
1.09389;-0.122891;0.236328
1.08382;-0.115568;0.236328
1.14958;-0.130213;0.24365
1.13841;-0.122891;0.24365
1.12793;-0.115568;0.24365
1.20801;-0.149119;0.247912
1.19518;-0.141797;0.247912
1.18308;-0.134475;0.247912
1.25576;-0.149119;0.255234
1.2425;-0.141797;0.255234
1.22942;-0.134475;0.255234
1.30424;-0.149119;0.262557
1.28994;-0.141797;0.262557
1.27636;-0.134475;0.262557
1.1762;-0.130213;0.247912
1.16462;-0.122891;0.247912
1.15374;-0.115568;0.247912
1.22211;-0.130213;0.255234
1.21008;-0.122891;0.255234
1.19822;-0.115568;0.255234
1.26862;-0.130213;0.262557
1.25557;-0.122891;0.262557
1.24321;-0.115568;0.262557
1.03518;-0.111307;0.229006
1.0265;-0.103984;0.229006
1.0185;-0.096662;0.229006
1.07825;-0.111307;0.236328
1.06919;-0.103984;0.236328
1.06031;-0.096662;0.236328
1.12198;-0.111307;0.24365
1.112;-0.103984;0.24365
1.10268;-0.096662;0.24365
1.01399;-0.0924005;0.229006
1.00647;-0.0850781;0.229006
0.999589;-0.0777558;0.229006
1.05542;-0.0924005;0.236328
1.04749;-0.0850781;0.236328
1.03971;-0.0777558;0.236328
1.0974;-0.0924005;0.24365
1.08855;-0.0850781;0.24365
1.08031;-0.0777558;0.24365
1.14756;-0.111307;0.247912
1.13717;-0.103984;0.247912
1.12745;-0.096662;0.247912
1.19161;-0.111307;0.255234
1.18076;-0.103984;0.255234
1.17007;-0.096662;0.255234
1.23616;-0.111307;0.262557
1.22431;-0.103984;0.262557
1.2131;-0.096662;0.262557
1.12193;-0.0924005;0.247912
1.11266;-0.0850781;0.247912
1.10402;-0.0777558;0.247912
1.16412;-0.0924005;0.255234
1.15437;-0.0850781;0.255234
1.14478;-0.0777558;0.255234
1.20673;-0.0924005;0.262557
1.196;-0.0850781;0.262557
1.18589;-0.0777558;0.262557
1.33259;-0.149119;0.266818
1.31782;-0.141797;0.266818
1.30379;-0.134475;0.266818
1.38139;-0.149119;0.274141
1.36608;-0.141797;0.274141
1.35096;-0.134475;0.274141
1.4307;-0.149119;0.281463
1.41426;-0.141797;0.281463
1.39854;-0.134475;0.281463
1.29578;-0.130213;0.266818
1.28227;-0.122891;0.266818
1.26946;-0.115568;0.266818
1.34247;-0.130213;0.274141
1.32841;-0.122891;0.274141
1.31455;-0.115568;0.274141
1.38957;-0.130213;0.281463
1.37442;-0.122891;0.281463
1.35997;-0.115568;0.281463
1.45944;-0.149119;0.285725
1.44247;-0.141797;0.285725
1.42625;-0.134475;0.285725
1.50872;-0.149119;0.293047
1.49112;-0.141797;0.293047
1.47375;-0.134475;0.293047
1.55829;-0.149119;0.300369
1.5395;-0.141797;0.300369
1.52146;-0.134475;0.300369
1.41699;-0.130213;0.285725
1.40133;-0.122891;0.285725
1.3864;-0.115568;0.285725
1.46396;-0.130213;0.293047
1.4477;-0.122891;0.293047
1.43166;-0.115568;0.293047
1.51115;-0.130213;0.300369
1.49375;-0.122891;0.300369
1.47707;-0.115568;0.300369
1.26215;-0.111307;0.266818
1.24984;-0.103984;0.266818
1.23819;-0.096662;0.266818
1.30677;-0.111307;0.274141
1.29392;-0.103984;0.274141
1.28125;-0.096662;0.274141
1.35172;-0.111307;0.281463
1.33782;-0.103984;0.281463
1.32457;-0.096662;0.281463
1.23156;-0.0924005;0.266818
1.22038;-0.0850781;0.266818
1.20985;-0.0777558;0.266818
1.27416;-0.0924005;0.274141
1.26245;-0.0850781;0.274141
1.25092;-0.0777558;0.274141
1.31703;-0.0924005;0.281463
1.30431;-0.0850781;0.281463
1.29222;-0.0777558;0.281463
1.37787;-0.111307;0.285725
1.36347;-0.103984;0.285725
1.34977;-0.096662;0.285725
1.42263;-0.111307;0.293047
1.40764;-0.103984;0.293047
1.39288;-0.096662;0.293047
1.46755;-0.111307;0.300369
1.45148;-0.103984;0.300369
1.4361;-0.096662;0.300369
1.34195;-0.0924005;0.285725
1.32875;-0.0850781;0.285725
1.31621;-0.0777558;0.285725
1.38458;-0.0924005;0.293047
1.37082;-0.0850781;0.293047
1.35727;-0.0777558;0.293047
1.42733;-0.0924005;0.300369
1.41254;-0.0850781;0.300369
1.39839;-0.0777558;0.300369
0.995714;-0.0734942;0.229006
0.989257;-0.0661719;0.229006
0.983395;-0.0588495;0.229006
1.03544;-0.0734942;0.236328
1.02855;-0.0661719;0.236328
1.02179;-0.0588495;0.236328
1.07565;-0.0734942;0.24365
1.06785;-0.0661719;0.24365
1.06062;-0.0588495;0.24365
0.980099;-0.054588;0.229006
0.97461;-0.0472656;0.229006
0.969671;-0.0399433;0.229006
1.0181;-0.054588;0.236328
1.01217;-0.0472656;0.236328
1.00634;-0.0399433;0.236328
1.05653;-0.054588;0.24365
1.04969;-0.0472656;0.24365
1.04338;-0.0399433;0.24365
1.09912;-0.0734942;0.247912
1.0909;-0.0661719;0.247912
1.08327;-0.0588495;0.247912
1.13945;-0.0734942;0.255234
1.13075;-0.0661719;0.255234
1.12218;-0.0588495;0.255234
1.18015;-0.0734942;0.262557
1.17049;-0.0661719;0.262557
1.16141;-0.0588495;0.262557
1.07894;-0.054588;0.247912
1.07169;-0.0472656;0.247912
1.06499;-0.0399433;0.247912
1.11744;-0.054588;0.255234
1.10971;-0.0472656;0.255234
1.10209;-0.0399433;0.255234
1.15626;-0.054588;0.262557
1.14759;-0.0472656;0.262557
1.13947;-0.0399433;0.262557
0.966897;-0.0356817;0.229006
0.962281;-0.0283594;0.229006
0.958169;-0.021037;0.229006
1.00316;-0.0356817;0.236328
0.998097;-0.0283594;0.236328
0.993109;-0.021037;0.236328
1.03982;-0.0356817;0.24365
1.03386;-0.0283594;0.24365
1.0284;-0.021037;0.24365
0.955861;-0.0167755;0.229006
0.952023;-0.00945312;0.229006
0.948645;-0.00213077;0.229006
0.990408;-0.0167755;0.236328
0.986119;-0.00945312;0.236328
0.981886;-0.00213077;0.236328
1.02532;-0.0167755;0.24365
1.02016;-0.00945312;0.24365
1.01546;-0.00213077;0.24365
1.06119;-0.0356817;0.247912
1.05483;-0.0283594;0.247912
1.04898;-0.021037;0.247912
1.09789;-0.0356817;0.255234
1.09105;-0.0283594;0.255234
1.08431;-0.021037;0.255234
1.13486;-0.0356817;0.262557
1.12713;-0.0283594;0.262557
1.1199;-0.021037;0.262557
1.04567;-0.0167755;0.247912
1.04012;-0.00945312;0.247912
1.03504;-0.00213077;0.247912
1.0806;-0.0167755;0.255234
1.07458;-0.00945312;0.255234
1.06865;-0.00213077;0.255234
1.11579;-0.0167755;0.262557
1.10891;-0.00945312;0.262557
1.10249;-0.00213077;0.262557
1.20385;-0.0734942;0.266818
1.19375;-0.0661719;0.266818
1.18425;-0.0588495;0.266818
1.24447;-0.0734942;0.274141
1.23385;-0.0661719;0.274141
1.2234;-0.0588495;0.274141
1.28533;-0.0734942;0.281463
1.27373;-0.0661719;0.281463
1.26273;-0.0588495;0.281463
1.17885;-0.054588;0.266818
1.16976;-0.0472656;0.266818
1.16123;-0.0399433;0.266818
1.21756;-0.054588;0.274141
1.20796;-0.0472656;0.274141
1.19851;-0.0399433;0.274141
1.25647;-0.054588;0.281463
1.24593;-0.0472656;0.281463
1.23595;-0.0399433;0.281463
1.30907;-0.0734942;0.285725
1.29701;-0.0661719;0.285725
1.28558;-0.0588495;0.285725
1.34966;-0.0734942;0.293047
1.33705;-0.0661719;0.293047
1.32465;-0.0588495;0.293047
1.39033;-0.0734942;0.300369
1.37675;-0.0661719;0.300369
1.36378;-0.0588495;0.300369
1.27907;-0.054588;0.285725
1.26809;-0.0472656;0.285725
1.25769;-0.0399433;0.285725
1.3177;-0.054588;0.293047
1.30619;-0.0472656;0.293047
1.29487;-0.0399433;0.293047
1.35639;-0.054588;0.300369
1.34395;-0.0472656;0.300369
1.33209;-0.0399433;0.300369
1.15638;-0.0356817;0.266818
1.14823;-0.0283594;0.266818
1.1406;-0.021037;0.266818
1.19324;-0.0356817;0.274141
1.18459;-0.0283594;0.274141
1.17608;-0.021037;0.274141
1.23027;-0.0356817;0.281463
1.22073;-0.0283594;0.281463
1.2117;-0.021037;0.281463
1.13627;-0.0167755;0.266818
1.12898;-0.00945312;0.266818
1.12219;-0.00213077;0.266818
1.17134;-0.0167755;0.274141
1.16358;-0.00945312;0.274141
1.15593;-0.00213077;0.274141
1.20657;-0.0167755;0.281463
1.19795;-0.00945312;0.281463
1.18981;-0.00213077;0.281463
1.25178;-0.0356817;0.285725
1.24181;-0.0283594;0.285725
1.23239;-0.021037;0.285725
1.28853;-0.0356817;0.293047
1.27805;-0.0283594;0.293047
1.26775;-0.021037;0.293047
1.32533;-0.0356817;0.300369
1.31397;-0.0283594;0.300369
1.30315;-0.021037;0.300369
1.22703;-0.0167755;0.285725
1.218;-0.00945312;0.285725
1.20949;-0.00213077;0.285725
1.26198;-0.0167755;0.293047
1.25247;-0.00945312;0.293047
1.24312;-0.00213077;0.293047
1.29699;-0.0167755;0.300369
1.28663;-0.00945312;0.300369
1.27678;-0.00213077;0.300369
2.57967;-0.397876;0.302657
2.57804;-0.397507;0.302657
2.57642;-0.397139;0.302657
2.58615;-0.397508;0.303197
2.58522;-0.3973;0.303197
2.58428;-0.397092;0.303197
2.59252;-0.397139;0.303736
2.59231;-0.397092;0.303736
2.59209;-0.397045;0.303736
2.56504;-0.3949;0.302657
2.52637;-0.387578;0.302657
2.48586;-0.380256;0.302657
2.57279;-0.3949;0.303197
2.53341;-0.387578;0.303197
2.49273;-0.380256;0.303197
2.58053;-0.3949;0.303736
2.54047;-0.387578;0.303736
2.49962;-0.380256;0.303736
2.60284;-0.393522;0.305867
2.56407;-0.386801;0.305867
2.52605;-0.380081;0.305867
2.66647;-0.388734;0.31265
2.6387;-0.384103;0.31265
2.61209;-0.379472;0.31265
2.73084;-0.383862;0.319433
2.71592;-0.381358;0.319433
2.70093;-0.378854;0.319433
2.75579;-0.381947;0.322045
2.74554;-0.380279;0.322045
2.73521;-0.37861;0.322045
2.7747;-0.380285;0.324241
2.76881;-0.379342;0.324241
2.76297;-0.378399;0.324241
2.7936;-0.378613;0.326437
2.7923;-0.3784;0.326437
2.79099;-0.378187;0.326437
2.48735;-0.375994;0.304631
2.44856;-0.368672;0.304631
2.41231;-0.36135;0.304631
2.58369;-0.375994;0.311953
2.54356;-0.368672;0.311953
2.50285;-0.36135;0.311953
2.68162;-0.375994;0.319275
2.63795;-0.368672;0.319275
2.59461;-0.36135;0.319275
2.39058;-0.357088;0.304631
2.35204;-0.349766;0.304631
2.31585;-0.342443;0.304631
2.47951;-0.357088;0.311953
2.4404;-0.349766;0.311953
2.40134;-0.342443;0.311953
2.57003;-0.357088;0.319275
2.52899;-0.349766;0.319275
2.48839;-0.342443;0.319275
2.71878;-0.375994;0.322045
2.67356;-0.368672;0.322045
2.62966;-0.36135;0.322045
2.7478;-0.375994;0.324241
2.70221;-0.368672;0.324241
2.65769;-0.36135;0.324241
2.77703;-0.375994;0.326437
2.73093;-0.368672;0.326437
2.68575;-0.36135;0.326437
2.79807;-0.374827;0.328568
2.7547;-0.368014;0.328568
2.71208;-0.361201;0.328568
2.8402;-0.370779;0.333694
2.80704;-0.365733;0.333694
2.77437;-0.360687;0.333694
2.8803;-0.366675;0.338821
2.85821;-0.36342;0.338821
2.83646;-0.360166;0.338821
2.6234;-0.357088;0.323537
2.58079;-0.349766;0.323537
2.53932;-0.342443;0.323537
2.71558;-0.357088;0.330859
2.67049;-0.349766;0.330859
2.62656;-0.342443;0.330859
2.80804;-0.357088;0.338182
2.76054;-0.349766;0.338182
2.71404;-0.342443;0.338182
2.29513;-0.338182;0.304631
2.25943;-0.330859;0.304631
2.22502;-0.323537;0.304631
2.37921;-0.338182;0.311953
2.34226;-0.330859;0.311953
2.3054;-0.323537;0.311953
2.46493;-0.338182;0.319275
2.42537;-0.330859;0.319275
2.38698;-0.323537;0.319275
2.20511;-0.319275;0.304631
2.17105;-0.311953;0.304631
2.13825;-0.304631;0.304631
2.28443;-0.319275;0.311953
2.24925;-0.311953;0.311953
2.21419;-0.304631;0.311953
2.36494;-0.319275;0.319275
2.32751;-0.311953;0.319275
2.29112;-0.304631;0.319275
2.51524;-0.338182;0.323537
2.47419;-0.330859;0.323537
2.43466;-0.323537;0.323537
2.60139;-0.338182;0.330859
2.5586;-0.330859;0.330859
2.51657;-0.323537;0.330859
2.68745;-0.338182;0.338182
2.64266;-0.330859;0.338182
2.59899;-0.323537;0.338182
2.41198;-0.319275;0.323537
2.37338;-0.311953;0.323537
2.33602;-0.304631;0.323537
2.49272;-0.319275;0.330859
2.45259;-0.311953;0.330859
2.41297;-0.304631;0.330859
2.57391;-0.319275;0.338182
2.53145;-0.311953;0.338182
2.49022;-0.304631;0.338182
2.89755;-0.364771;0.341149
2.88092;-0.362348;0.341149
2.86452;-0.359924;0.341149
2.9178;-0.36236;0.344023
2.90833;-0.360989;0.344023
2.89893;-0.359618;0.344023
2.93751;-0.359929;0.346897
2.93536;-0.359619;0.346897
2.93322;-0.359309;0.346897
2.8455;-0.357088;0.341149
2.79703;-0.349766;0.341149
2.74952;-0.342443;0.341149
2.88163;-0.357088;0.344023
2.83222;-0.349766;0.344023
2.78386;-0.342443;0.344023
2.91773;-0.357088;0.346897
2.86738;-0.349766;0.346897
2.81815;-0.342443;0.346897
2.93651;-0.355956;0.349027
2.88904;-0.349128;0.349027
2.84258;-0.342299;0.349027
2.96388;-0.352034;0.353476
2.92767;-0.346918;0.353476
2.89205;-0.341801;0.353476
2.98962;-0.348062;0.357924
2.96525;-0.344679;0.357924
2.94115;-0.341297;0.357924
2.99786;-0.346897;0.359309
3.00155;-0.346897;0.359619
3.00524;-0.346897;0.359929
2.98069;-0.344023;0.359618
2.99683;-0.344023;0.360989
3.01292;-0.344023;0.36236
2.96362;-0.341149;0.359924
2.99192;-0.341149;0.362348
3.02005;-0.341149;0.364771
2.73761;-0.338182;0.342443
2.69159;-0.330859;0.342443
2.64688;-0.323537;0.342443
2.82377;-0.338182;0.349766
2.77559;-0.330859;0.349766
2.72844;-0.323537;0.349766
2.90941;-0.338182;0.357088
2.85885;-0.330859;0.357088
2.80951;-0.323537;0.357088
2.62111;-0.319275;0.342443
2.57737;-0.311953;0.342443
2.53507;-0.304631;0.342443
2.70155;-0.319275;0.349766
2.65616;-0.311953;0.349766
2.61164;-0.304631;0.349766
2.78147;-0.319275;0.357088
2.73425;-0.311953;0.357088
2.68788;-0.304631;0.357088
2.87644;-0.326437;0.36135
2.95734;-0.326437;0.368672
3.03666;-0.326437;0.375994
2.86136;-0.324241;0.36135
2.94162;-0.324241;0.368672
3.02042;-0.324241;0.375994
2.84639;-0.322045;0.36135
2.92598;-0.322045;0.368672
3.00428;-0.322045;0.375994
2.94979;-0.338821;0.360166
2.98752;-0.338821;0.36342
3.02493;-0.338821;0.366675
2.91949;-0.333694;0.360687
2.9769;-0.333694;0.365733
3.03348;-0.333694;0.370779
2.88952;-0.328568;0.361201
2.96543;-0.328568;0.368014
3.0399;-0.328568;0.374827
2.82773;-0.319275;0.36135
2.77926;-0.311953;0.36135
2.7319;-0.304631;0.36135
2.90649;-0.319275;0.368672
2.85588;-0.311953;0.368672
2.80654;-0.304631;0.368672
2.98418;-0.319275;0.375994
2.93174;-0.311953;0.375994
2.88022;-0.304631;0.375994
3.06012;-0.326437;0.378187
3.0625;-0.326437;0.3784
3.06486;-0.326437;0.378613
3.04608;-0.324241;0.378399
3.05637;-0.324241;0.379342
3.06656;-0.324241;0.380285
3.03206;-0.322045;0.37861
3.04993;-0.322045;0.380279
3.06754;-0.322045;0.381947
2.91625;-0.303736;0.380256
2.98775;-0.303736;0.387578
3.05767;-0.303736;0.3949
2.91241;-0.303197;0.380256
2.98382;-0.303197;0.387578
3.05364;-0.303197;0.3949
2.90858;-0.302657;0.380256
2.97989;-0.302657;0.387578
3.04961;-0.302657;0.3949
3.01546;-0.319433;0.378854
3.04175;-0.319433;0.381358
3.06757;-0.319433;0.383862
2.97245;-0.31265;0.379472
3.01919;-0.31265;0.384103
3.065;-0.31265;0.388734
2.92972;-0.305867;0.380081
2.99579;-0.305867;0.386801
3.0605;-0.305867;0.393522
3.07785;-0.303736;0.397045
3.07832;-0.303736;0.397092
3.07879;-0.303736;0.397139
3.07425;-0.303197;0.397092
3.07632;-0.303197;0.3973
3.07837;-0.303197;0.397508
3.07065;-0.302657;0.397139
3.07427;-0.302657;0.397507
3.07788;-0.302657;0.397876
2.11934;-0.300369;0.304631
2.08708;-0.293047;0.304631
2.05595;-0.285725;0.304631
2.19427;-0.300369;0.311953
2.1609;-0.293047;0.311953
2.12773;-0.285725;0.311953
2.2702;-0.300369;0.319275
2.23471;-0.293047;0.319275
2.20031;-0.285725;0.319275
2.03801;-0.281463;0.304631
2.00746;-0.274141;0.304631
1.97798;-0.266818;0.304631
2.10889;-0.281463;0.311953
2.0773;-0.274141;0.311953
2.04595;-0.266818;0.311953
2.18056;-0.281463;0.319275
2.14703;-0.274141;0.319275
2.11454;-0.266818;0.319275
2.31451;-0.300369;0.323537
2.27796;-0.293047;0.323537
2.24263;-0.285725;0.323537
2.39044;-0.300369;0.330859
2.35257;-0.293047;0.330859
2.31513;-0.285725;0.330859
2.46662;-0.300369;0.338182
2.42669;-0.293047;0.338182
2.38785;-0.285725;0.338182
2.22232;-0.281463;0.323537
2.18783;-0.274141;0.323537
2.15448;-0.266818;0.323537
2.29384;-0.281463;0.330859
2.25812;-0.274141;0.330859
2.22284;-0.266818;0.330859
2.36557;-0.281463;0.338182
2.32788;-0.274141;0.338182
2.29132;-0.266818;0.338182
1.96102;-0.262557;0.304631
1.93216;-0.255234;0.304631
1.90433;-0.247912;0.304631
2.02814;-0.262557;0.311953
1.99832;-0.255234;0.311953
1.96875;-0.247912;0.311953
2.09589;-0.262557;0.319275
2.06426;-0.255234;0.319275
2.03365;-0.247912;0.319275
1.88834;-0.24365;0.304631
1.86115;-0.236328;0.304631
1.83495;-0.229006;0.304631
1.95197;-0.24365;0.311953
1.92388;-0.236328;0.311953
1.89606;-0.229006;0.311953
2.01609;-0.24365;0.319275
1.98632;-0.236328;0.319275
1.95753;-0.229006;0.319275
2.13533;-0.262557;0.323537
2.10281;-0.255234;0.323537
2.0714;-0.247912;0.323537
2.20279;-0.262557;0.330859
2.16916;-0.255234;0.330859
2.13595;-0.247912;0.330859
2.27038;-0.262557;0.338182
2.23492;-0.255234;0.338182
2.20054;-0.247912;0.338182
2.05337;-0.24365;0.323537
2.02278;-0.236328;0.323537
1.99324;-0.229006;0.323537
2.11709;-0.24365;0.330859
2.08547;-0.236328;0.330859
2.05427;-0.229006;0.330859
2.18085;-0.24365;0.338182
2.14753;-0.236328;0.338182
2.11526;-0.229006;0.338182
2.51086;-0.300369;0.342443
2.46981;-0.293047;0.342443
2.43;-0.285725;0.342443
2.58631;-0.300369;0.349766
2.54368;-0.293047;0.349766
2.50182;-0.285725;0.349766
2.66133;-0.300369;0.357088
2.6167;-0.293047;0.357088
2.57334;-0.285725;0.357088
2.40716;-0.281463;0.342443
2.36848;-0.274141;0.342443
2.33101;-0.266818;0.342443
2.47802;-0.281463;0.349766
2.438;-0.274141;0.349766
2.39859;-0.266818;0.349766
2.54852;-0.281463;0.357088
2.50654;-0.274141;0.357088
2.4658;-0.266818;0.357088
2.70476;-0.300369;0.36135
2.65902;-0.293047;0.36135
2.61457;-0.285725;0.36135
2.77847;-0.300369;0.368672
2.73108;-0.293047;0.368672
2.6846;-0.285725;0.368672
2.85081;-0.300369;0.375994
2.80165;-0.293047;0.375994
2.754;-0.285725;0.375994
2.58914;-0.281463;0.36135
2.54619;-0.274141;0.36135
2.50454;-0.266818;0.36135
2.65816;-0.281463;0.368672
2.61377;-0.274141;0.368672
2.57021;-0.266818;0.368672
2.7266;-0.281463;0.375994
2.68008;-0.274141;0.375994
2.63511;-0.266818;0.375994
2.30953;-0.262557;0.342443
2.27314;-0.255234;0.342443
2.23793;-0.247912;0.342443
2.37618;-0.262557;0.349766
2.33858;-0.255234;0.349766
2.30157;-0.247912;0.349766
2.44249;-0.262557;0.357088
2.40308;-0.255234;0.357088
2.36483;-0.247912;0.357088
2.21775;-0.24365;0.342443
2.18359;-0.236328;0.342443
2.15054;-0.229006;0.342443
2.28054;-0.24365;0.349766
2.24526;-0.236328;0.349766
2.21056;-0.229006;0.349766
2.34296;-0.24365;0.357088
2.30601;-0.236328;0.357088
2.27017;-0.229006;0.357088
2.48069;-0.262557;0.36135
2.44037;-0.255234;0.36135
2.40129;-0.247912;0.36135
2.54545;-0.262557;0.368672
2.50388;-0.255234;0.368672
2.46307;-0.247912;0.368672
2.60948;-0.262557;0.375994
2.56615;-0.255234;0.375994
2.52402;-0.247912;0.375994
2.37893;-0.24365;0.36135
2.34112;-0.236328;0.36135
2.3045;-0.229006;0.36135
2.43985;-0.24365;0.368672
2.40088;-0.236328;0.368672
2.36267;-0.229006;0.368672
2.49998;-0.24365;0.375994
2.45947;-0.236328;0.375994
2.42008;-0.229006;0.375994
1.8199;-0.224744;0.304631
1.79437;-0.217422;0.304631
1.76977;-0.2101;0.304631
1.88028;-0.224744;0.311953
1.85389;-0.217422;0.311953
1.82779;-0.2101;0.311953
1.94103;-0.224744;0.319275
1.91307;-0.217422;0.319275
1.88606;-0.2101;0.319275
1.75566;-0.205838;0.304631
1.73173;-0.198516;0.304631
1.70871;-0.191193;0.304631
1.81299;-0.205838;0.311953
1.78825;-0.198516;0.311953
1.76382;-0.191193;0.311953
1.87058;-0.205838;0.319275
1.84438;-0.198516;0.319275
1.81909;-0.191193;0.319275
1.9763;-0.224744;0.323537
1.94759;-0.217422;0.323537
1.91988;-0.2101;0.323537
2.03655;-0.224744;0.330859
2.00688;-0.217422;0.330859
1.97762;-0.2101;0.330859
2.09678;-0.224744;0.338182
2.06553;-0.217422;0.338182
2.03528;-0.2101;0.338182
1.90399;-0.205838;0.323537
1.87709;-0.198516;0.323537
1.85115;-0.191193;0.323537
1.96102;-0.205838;0.330859
1.93322;-0.198516;0.330859
1.90584;-0.191193;0.330859
2.01797;-0.205838;0.338182
1.9887;-0.198516;0.338182
1.96039;-0.191193;0.338182
1.69551;-0.186932;0.304631
1.67315;-0.179609;0.304631
1.65166;-0.172287;0.304631
1.74997;-0.186932;0.311953
1.72685;-0.179609;0.311953
1.70403;-0.172287;0.311953
1.80461;-0.186932;0.319275
1.78012;-0.179609;0.319275
1.75649;-0.172287;0.319275
1.63935;-0.168025;0.304631
1.61852;-0.160703;0.304631
1.59852;-0.153381;0.304631
1.69112;-0.168025;0.311953
1.66955;-0.160703;0.311953
1.6483;-0.153381;0.311953
1.74298;-0.168025;0.319275
1.72013;-0.160703;0.319275
1.69811;-0.153381;0.319275
1.83629;-0.186932;0.323537
1.81114;-0.179609;0.323537
1.78689;-0.172287;0.323537
1.89031;-0.186932;0.330859
1.86431;-0.179609;0.330859
1.83873;-0.172287;0.330859
1.9442;-0.186932;0.338182
1.91684;-0.179609;0.338182
1.89039;-0.172287;0.338182
1.77302;-0.168025;0.323537
1.74956;-0.160703;0.323537
1.72696;-0.153381;0.323537
1.82423;-0.168025;0.330859
1.79997;-0.160703;0.330859
1.77611;-0.153381;0.330859
1.87527;-0.168025;0.338182
1.84973;-0.160703;0.338182
1.82507;-0.153381;0.338182
2.13161;-0.224744;0.342443
2.09958;-0.217422;0.342443
2.06861;-0.2101;0.342443
2.19084;-0.224744;0.349766
2.15778;-0.217422;0.349766
2.12528;-0.2101;0.349766
2.24968;-0.224744;0.357088
2.21508;-0.217422;0.357088
2.18152;-0.2101;0.357088
2.05088;-0.205838;0.342443
2.02089;-0.198516;0.342443
1.9919;-0.191193;0.342443
2.10682;-0.205838;0.349766
2.07587;-0.198516;0.349766
2.04546;-0.191193;0.349766
2.16235;-0.205838;0.357088
2.12997;-0.198516;0.357088
2.09859;-0.191193;0.357088
2.28356;-0.224744;0.36135
2.24818;-0.217422;0.36135
2.2139;-0.2101;0.36135
2.34095;-0.224744;0.368672
2.30449;-0.217422;0.368672
2.26873;-0.2101;0.368672
2.39758;-0.224744;0.375994
2.35965;-0.217422;0.375994
2.32283;-0.2101;0.375994
2.19431;-0.205838;0.36135
2.1612;-0.198516;0.36135
2.12916;-0.191193;0.36135
2.24842;-0.205838;0.368672
2.21433;-0.198516;0.368672
2.18091;-0.191193;0.368672
2.3018;-0.205838;0.375994
2.26634;-0.198516;0.375994
2.23194;-0.191193;0.375994
1.97532;-0.186932;0.342443
1.94729;-0.179609;0.342443
1.92021;-0.172287;0.342443
2.0282;-0.186932;0.349766
1.99928;-0.179609;0.349766
1.97088;-0.172287;0.349766
2.08067;-0.186932;0.357088
2.05041;-0.179609;0.357088
2.02111;-0.172287;0.357088
1.90473;-0.168025;0.342443
1.87857;-0.160703;0.342443
1.85332;-0.153381;0.342443
1.95477;-0.168025;0.349766
1.92778;-0.160703;0.349766
1.90129;-0.153381;0.349766
2.00438;-0.168025;0.357088
1.97614;-0.160703;0.357088
1.94882;-0.153381;0.357088
2.11085;-0.186932;0.36135
2.07992;-0.179609;0.36135
2.05;-0.172287;0.36135
2.16193;-0.186932;0.368672
2.13009;-0.179609;0.368672
2.09889;-0.172287;0.368672
2.2123;-0.186932;0.375994
2.17919;-0.179609;0.375994
2.14709;-0.172287;0.375994
2.03291;-0.168025;0.36135
2.00405;-0.160703;0.36135
1.97615;-0.153381;0.36135
2.08118;-0.168025;0.368672
2.05148;-0.160703;0.368672
2.02239;-0.153381;0.368672
2.12877;-0.168025;0.375994
2.09789;-0.160703;0.375994
2.06797;-0.153381;0.375994
2.89255;-0.300369;0.380256
2.8423;-0.293047;0.380256
2.79365;-0.285725;0.380256
2.96344;-0.300369;0.387578
2.91144;-0.293047;0.387578
2.86034;-0.285725;0.387578
3.03266;-0.300369;0.3949
2.97899;-0.293047;0.3949
2.92619;-0.285725;0.3949
2.76574;-0.281463;0.380256
2.71839;-0.274141;0.380256
2.67246;-0.266818;0.380256
2.83146;-0.281463;0.387578
2.7831;-0.274141;0.387578
2.73536;-0.266818;0.387578
2.89602;-0.281463;0.3949
2.84556;-0.274141;0.3949
2.79661;-0.266818;0.3949
3.05531;-0.300369;0.397329
3.06501;-0.300369;0.398353
3.07461;-0.300369;0.399377
3.00629;-0.293047;0.397931
3.03349;-0.293047;0.401022
3.06054;-0.293047;0.404113
2.95803;-0.285725;0.398522
3.00204;-0.285725;0.403645
3.04584;-0.285725;0.408769
2.89413;-0.275952;0.399162
2.95567;-0.275952;0.406484
3.01483;-0.275952;0.413807
2.86028;-0.271035;0.399162
2.92083;-0.271035;0.406484
2.97881;-0.271035;0.413807
2.82721;-0.266118;0.399162
2.88652;-0.266118;0.406484
2.94363;-0.266118;0.413807
2.93966;-0.282894;0.398746
2.9901;-0.282894;0.404637
3.0398;-0.282894;0.410528
2.92404;-0.280488;0.398928
2.97956;-0.280488;0.405446
3.03375;-0.280488;0.411964
2.90859;-0.278082;0.399109
2.96899;-0.278082;0.406251
3.02738;-0.278082;0.413393
2.6462;-0.262557;0.380256
2.60189;-0.255234;0.380256
2.55899;-0.247912;0.380256
2.7081;-0.262557;0.387578
2.6625;-0.255234;0.387578
2.61805;-0.247912;0.387578
2.76885;-0.262557;0.3949
2.72199;-0.255234;0.3949
2.676;-0.247912;0.3949
2.5345;-0.24365;0.380256
2.49314;-0.236328;0.380256
2.453;-0.229006;0.380256
2.59274;-0.24365;0.387578
2.55013;-0.236328;0.387578
2.50851;-0.229006;0.387578
2.64975;-0.24365;0.3949
2.60575;-0.236328;0.3949
2.56293;-0.229006;0.3949
2.80359;-0.262557;0.399162
2.75574;-0.255234;0.399162
2.70907;-0.247912;0.399162
2.86187;-0.262557;0.406484
2.81228;-0.255234;0.406484
2.76447;-0.247912;0.406484
2.91853;-0.262557;0.413807
2.86774;-0.255234;0.413807
2.8183;-0.247912;0.413807
2.68242;-0.24365;0.399162
2.63757;-0.236328;0.399162
2.59397;-0.229006;0.399162
2.73723;-0.24365;0.406484
2.69106;-0.236328;0.406484
2.64607;-0.229006;0.406484
2.7901;-0.24365;0.413807
2.74273;-0.236328;0.413807
2.69684;-0.229006;0.413807
3.03244;-0.275952;0.416043
3.03533;-0.275952;0.416407
3.0382;-0.275952;0.41677
2.99889;-0.271035;0.416404
3.01145;-0.271035;0.418008
3.02382;-0.271035;0.419612
2.96623;-0.266118;0.416762
2.98783;-0.266118;0.419593
3.00889;-0.266118;0.422425
2.84039;-0.246663;0.418068
2.8913;-0.246663;0.425391
2.94044;-0.246663;0.432713
2.83778;-0.246278;0.418068
2.88865;-0.246278;0.425391
2.93773;-0.246278;0.432713
2.83519;-0.245893;0.418068
2.886;-0.245893;0.425391
2.93502;-0.245893;0.432713
2.94358;-0.262669;0.417003
2.97088;-0.262669;0.420663
2.99744;-0.262669;0.424323
2.89835;-0.255731;0.417472
2.93629;-0.255731;0.422746
2.97316;-0.255731;0.428019
2.85391;-0.248793;0.417935
2.90198;-0.248793;0.424799
2.94851;-0.248793;0.431663
2.82017;-0.24365;0.418068
2.77212;-0.236328;0.418068
2.72558;-0.229006;0.418068
2.87068;-0.24365;0.425391
2.82145;-0.236328;0.425391
2.77343;-0.229006;0.425391
2.91932;-0.24365;0.432713
2.86891;-0.236328;0.432713
2.81974;-0.229006;0.432713
2.95445;-0.246663;0.434851
2.95462;-0.246663;0.434876
2.95479;-0.246663;0.434901
2.95189;-0.246278;0.434876
2.95264;-0.246278;0.434987
2.95339;-0.246278;0.435099
2.94933;-0.245893;0.434901
2.95065;-0.245893;0.435099
2.95198;-0.245893;0.435296
2.93441;-0.24365;0.435039
2.93881;-0.24365;0.435711
2.94318;-0.24365;0.436382
2.88636;-0.236328;0.435484
2.89998;-0.236328;0.437685
2.91339;-0.236328;0.439885
2.83948;-0.229006;0.435923
2.86171;-0.229006;0.439632
2.88348;-0.229006;0.443341
2.43006;-0.224744;0.380256
2.39137;-0.217422;0.380256
2.35384;-0.2101;0.380256
2.48484;-0.224744;0.387578
2.44504;-0.217422;0.387578
2.40612;-0.2101;0.387578
2.53849;-0.224744;0.3949
2.49732;-0.217422;0.3949
2.45734;-0.2101;0.3949
2.3324;-0.205838;0.380256
2.29624;-0.198516;0.380256
2.26118;-0.191193;0.380256
2.38399;-0.205838;0.387578
2.34683;-0.198516;0.387578
2.31047;-0.191193;0.387578
2.43453;-0.205838;0.3949
2.39609;-0.198516;0.3949
2.35877;-0.191193;0.3949
2.5691;-0.224744;0.399162
2.52721;-0.217422;0.399162
2.48656;-0.2101;0.399162
2.62051;-0.224744;0.406484
2.57754;-0.217422;0.406484
2.53557;-0.2101;0.406484
2.67061;-0.224744;0.413807
2.62627;-0.217422;0.413807
2.58329;-0.2101;0.413807
2.46336;-0.205838;0.399162
2.42425;-0.198516;0.399162
2.38632;-0.191193;0.399162
2.51172;-0.205838;0.406484
2.47166;-0.198516;0.406484
2.43253;-0.191193;0.406484
2.55881;-0.205838;0.413807
2.51756;-0.198516;0.413807
2.47749;-0.191193;0.413807
2.24117;-0.186932;0.380256
2.2074;-0.179609;0.380256
2.1747;-0.172287;0.380256
2.28981;-0.186932;0.387578
2.25514;-0.179609;0.387578
2.22123;-0.172287;0.387578
2.33749;-0.186932;0.3949
2.30162;-0.179609;0.3949
2.26683;-0.172287;0.3949
2.15603;-0.168025;0.380256
2.12455;-0.160703;0.380256
2.09407;-0.153381;0.380256
2.20197;-0.168025;0.387578
2.16965;-0.160703;0.387578
2.13806;-0.153381;0.387578
2.24699;-0.168025;0.3949
2.21357;-0.160703;0.3949
2.18115;-0.153381;0.3949
2.36468;-0.186932;0.399162
2.3282;-0.179609;0.399162
2.29283;-0.172287;0.399162
2.41028;-0.186932;0.406484
2.37292;-0.179609;0.406484
2.33646;-0.172287;0.406484
2.45466;-0.186932;0.413807
2.41623;-0.179609;0.413807
2.3789;-0.172287;0.413807
2.27266;-0.168025;0.399162
2.23868;-0.160703;0.399162
2.20573;-0.153381;0.399162
2.31573;-0.168025;0.406484
2.28093;-0.160703;0.406484
2.24697;-0.153381;0.406484
2.35763;-0.168025;0.413807
2.32184;-0.160703;0.413807
2.28708;-0.153381;0.413807
2.69897;-0.224744;0.418068
2.65401;-0.217422;0.418068
2.6104;-0.2101;0.418068
2.74617;-0.224744;0.425391
2.70037;-0.217422;0.425391
2.65558;-0.2101;0.425391
2.79175;-0.224744;0.432713
2.74475;-0.217422;0.432713
2.69902;-0.2101;0.432713
2.58554;-0.205838;0.418068
2.54365;-0.198516;0.418068
2.50301;-0.191193;0.418068
2.63009;-0.205838;0.425391
2.58731;-0.198516;0.425391
2.54562;-0.191193;0.425391
2.67303;-0.205838;0.432713
2.62933;-0.198516;0.432713
2.58678;-0.191193;0.432713
2.72135;-0.209736;0.436975
2.76218;-0.209736;0.444297
2.80101;-0.209736;0.451619
2.71656;-0.208965;0.436975
2.75728;-0.208965;0.444297
2.79603;-0.208965;0.451619
2.71179;-0.208193;0.436975
2.75239;-0.208193;0.444297
2.79106;-0.208193;0.451619
2.8141;-0.224969;0.436155
2.84079;-0.224969;0.440663
2.86674;-0.224969;0.44517
2.77357;-0.218418;0.436516
2.80681;-0.218418;0.442261
2.83875;-0.218418;0.448006
2.73406;-0.211867;0.436872
2.77328;-0.211867;0.443841
2.81064;-0.211867;0.45081
2.69727;-0.205838;0.436975
2.65297;-0.198516;0.436975
2.60995;-0.191193;0.436975
2.73752;-0.205838;0.444297
2.6922;-0.198516;0.444297
2.64829;-0.191193;0.444297
2.77594;-0.205838;0.451619
2.72978;-0.198516;0.451619
2.68495;-0.191193;0.451619
2.47986;-0.186932;0.418068
2.44084;-0.179609;0.418068
2.40299;-0.172287;0.418068
2.52191;-0.186932;0.425391
2.48205;-0.179609;0.425391
2.4432;-0.172287;0.425391
2.56251;-0.186932;0.432713
2.52168;-0.179609;0.432713
2.48201;-0.172287;0.432713
2.38142;-0.168025;0.418068
2.34509;-0.160703;0.418068
2.30985;-0.153381;0.418068
2.42111;-0.168025;0.425391
2.38401;-0.160703;0.425391
2.34785;-0.153381;0.425391
2.45944;-0.168025;0.432713
2.42146;-0.160703;0.432713
2.38455;-0.153381;0.432713
2.58541;-0.186932;0.436975
2.54405;-0.179609;0.436975
2.5039;-0.172287;0.436975
2.6233;-0.186932;0.444297
2.58115;-0.179609;0.444297
2.54016;-0.172287;0.444297
2.65943;-0.186932;0.451619
2.61649;-0.179609;0.451619
2.57477;-0.172287;0.451619
2.48105;-0.168025;0.436975
2.4426;-0.160703;0.436975
2.40526;-0.153381;0.436975
2.51685;-0.168025;0.444297
2.47769;-0.160703;0.444297
2.4396;-0.153381;0.444297
2.55105;-0.168025;0.451619
2.51119;-0.160703;0.451619
2.47244;-0.153381;0.451619
1.58708;-0.149119;0.304631
1.56772;-0.141797;0.304631
1.54915;-0.134475;0.304631
1.63628;-0.149119;0.311953
1.61623;-0.141797;0.311953
1.59648;-0.134475;0.311953
1.68553;-0.149119;0.319275
1.66426;-0.141797;0.319275
1.64379;-0.134475;0.319275
1.53854;-0.130213;0.304631
1.5206;-0.122891;0.304631
1.50342;-0.115568;0.304631
1.58532;-0.130213;0.311953
1.56672;-0.122891;0.311953
1.54841;-0.115568;0.311953
1.6321;-0.130213;0.319275
1.61236;-0.122891;0.319275
1.59337;-0.115568;0.319275
1.71404;-0.149119;0.323537
1.69219;-0.141797;0.323537
1.67118;-0.134475;0.323537
1.7626;-0.149119;0.330859
1.74002;-0.141797;0.330859
1.71781;-0.134475;0.330859
1.81098;-0.149119;0.338182
1.78719;-0.141797;0.338182
1.76423;-0.134475;0.338182
1.65916;-0.130213;0.323537
1.63887;-0.122891;0.323537
1.61937;-0.115568;0.323537
1.70525;-0.130213;0.330859
1.68426;-0.122891;0.330859
1.66364;-0.115568;0.330859
1.75112;-0.130213;0.338182
1.72901;-0.122891;0.338182
1.70768;-0.115568;0.338182
1.4936;-0.111307;0.304631
1.47703;-0.103984;0.304631
1.46117;-0.096662;0.304631
1.53808;-0.111307;0.311953
1.52087;-0.103984;0.311953
1.50395;-0.096662;0.311953
1.58252;-0.111307;0.319275
1.56424;-0.103984;0.319275
1.54666;-0.096662;0.319275
1.45211;-0.0924005;0.304631
1.43683;-0.0850781;0.304631
1.42223;-0.0777558;0.304631
1.4944;-0.0924005;0.311953
1.47852;-0.0850781;0.311953
1.46291;-0.0777558;0.311953
1.53664;-0.0924005;0.319275
1.51973;-0.0850781;0.319275
1.5035;-0.0777558;0.319275
1.60823;-0.111307;0.323537
1.58942;-0.103984;0.323537
1.57136;-0.096662;0.323537
1.65198;-0.111307;0.330859
1.63251;-0.103984;0.330859
1.6134;-0.096662;0.330859
1.6955;-0.111307;0.338182
1.67498;-0.103984;0.338182
1.6552;-0.096662;0.338182
1.56105;-0.0924005;0.323537
1.54366;-0.0850781;0.323537
1.52697;-0.0777558;0.323537
1.6026;-0.0924005;0.330859
1.58458;-0.0850781;0.330859
1.5669;-0.0777558;0.330859
1.64392;-0.0924005;0.338182
1.6249;-0.0850781;0.338182
1.6066;-0.0777558;0.338182
1.83889;-0.149119;0.342443
1.81451;-0.141797;0.342443
1.79101;-0.134475;0.342443
1.88627;-0.149119;0.349766
1.86113;-0.141797;0.349766
1.83646;-0.134475;0.349766
1.93322;-0.149119;0.357088
1.90692;-0.141797;0.357088
1.88148;-0.134475;0.357088
1.77758;-0.130213;0.342443
1.75491;-0.122891;0.342443
1.73307;-0.115568;0.342443
1.82248;-0.130213;0.349766
1.7991;-0.122891;0.349766
1.77617;-0.115568;0.349766
1.86696;-0.130213;0.357088
1.84249;-0.122891;0.357088
1.81884;-0.115568;0.357088
1.96022;-0.149119;0.36135
1.93334;-0.141797;0.36135
1.90736;-0.134475;0.36135
2.00589;-0.149119;0.368672
1.97822;-0.141797;0.368672
1.95114;-0.134475;0.368672
2.0509;-0.149119;0.375994
2.02213;-0.141797;0.375994
1.99427;-0.134475;0.375994
1.89253;-0.130213;0.36135
1.86752;-0.122891;0.36135
1.84337;-0.115568;0.36135
1.93577;-0.130213;0.368672
1.91004;-0.122891;0.368672
1.88485;-0.115568;0.368672
1.97838;-0.130213;0.375994
1.95162;-0.122891;0.375994
1.92572;-0.115568;0.375994
1.7206;-0.111307;0.342443
1.69956;-0.103984;0.342443
1.6793;-0.096662;0.342443
1.76318;-0.111307;0.349766
1.74147;-0.103984;0.349766
1.72019;-0.096662;0.349766
1.80535;-0.111307;0.357088
1.78262;-0.103984;0.357088
1.76067;-0.096662;0.357088
1.66774;-0.0924005;0.342443
1.64824;-0.0850781;0.342443
1.62948;-0.0777558;0.342443
1.70814;-0.0924005;0.349766
1.68802;-0.0850781;0.349766
1.6683;-0.0777558;0.349766
1.74815;-0.0924005;0.357088
1.72707;-0.0850781;0.357088
1.70673;-0.0777558;0.357088
1.82959;-0.111307;0.36135
1.80635;-0.103984;0.36135
1.78393;-0.096662;0.36135
1.87057;-0.111307;0.368672
1.84666;-0.103984;0.368672
1.82327;-0.096662;0.368672
1.91095;-0.111307;0.375994
1.88608;-0.103984;0.375994
1.86203;-0.096662;0.375994
1.77114;-0.0924005;0.36135
1.74959;-0.0850781;0.36135
1.72881;-0.0777558;0.36135
1.81002;-0.0924005;0.368672
1.78784;-0.0850781;0.368672
1.76615;-0.0777558;0.368672
1.84832;-0.0924005;0.375994
1.82525;-0.0850781;0.375994
1.80295;-0.0777558;0.375994
1.4139;-0.0734942;0.304631
1.39986;-0.0661719;0.304631
1.38645;-0.0588495;0.304631
1.45411;-0.0734942;0.311953
1.43949;-0.0661719;0.311953
1.42513;-0.0588495;0.311953
1.49425;-0.0734942;0.319275
1.47866;-0.0661719;0.319275
1.46371;-0.0588495;0.319275
1.37881;-0.054588;0.304631
1.36593;-0.0472656;0.304631
1.35365;-0.0399433;0.304631
1.41704;-0.054588;0.311953
1.40361;-0.0472656;0.311953
1.39042;-0.0399433;0.311953
1.4552;-0.054588;0.319275
1.44085;-0.0472656;0.319275
1.42711;-0.0399433;0.319275
1.51745;-0.0734942;0.323537
1.5014;-0.0661719;0.323537
1.48602;-0.0588495;0.323537
1.55692;-0.0734942;0.330859
1.54028;-0.0661719;0.330859
1.52396;-0.0588495;0.330859
1.59617;-0.0734942;0.338182
1.57859;-0.0661719;0.338182
1.56168;-0.0588495;0.338182
1.47725;-0.054588;0.323537
1.46246;-0.0472656;0.323537
1.44831;-0.0399433;0.323537
1.51475;-0.054588;0.330859
1.49942;-0.0472656;0.330859
1.48438;-0.0399433;0.330859
1.55204;-0.054588;0.338182
1.53582;-0.0472656;0.338182
1.52023;-0.0399433;0.338182
1.34665;-0.0356817;0.304631
1.33487;-0.0283594;0.304631
1.32365;-0.021037;0.304631
1.38301;-0.0356817;0.311953
1.3707;-0.0283594;0.311953
1.35863;-0.021037;0.311953
1.41929;-0.0356817;0.319275
1.40611;-0.0283594;0.319275
1.39351;-0.021037;0.319275
1.31726;-0.0167755;0.304631
1.30651;-0.00945312;0.304631
1.29629;-0.00213077;0.304631
1.35184;-0.0167755;0.311953
1.34059;-0.00945312;0.311953
1.32956;-0.00213077;0.311953
1.38634;-0.0167755;0.319275
1.37427;-0.00945312;0.319275
1.36274;-0.00213077;0.319275
1.44025;-0.0356817;0.323537
1.42666;-0.0283594;0.323537
1.41368;-0.021037;0.323537
1.47591;-0.0356817;0.330859
1.4618;-0.0283594;0.330859
1.44798;-0.021037;0.330859
1.51136;-0.0356817;0.338182
1.49642;-0.0283594;0.338182
1.48207;-0.021037;0.338182
1.40628;-0.0167755;0.323537
1.39382;-0.00945312;0.323537
1.38192;-0.00213077;0.323537
1.44019;-0.0167755;0.330859
1.42724;-0.00945312;0.330859
1.41456;-0.00213077;0.330859
1.47391;-0.0167755;0.338182
1.46018;-0.00945312;0.338182
1.44701;-0.00213077;0.338182
1.61878;-0.0734942;0.342443
1.60075;-0.0661719;0.342443
1.58342;-0.0588495;0.342443
1.65715;-0.0734942;0.349766
1.63853;-0.0661719;0.349766
1.6203;-0.0588495;0.349766
1.69514;-0.0734942;0.357088
1.67562;-0.0661719;0.357088
1.6568;-0.0588495;0.357088
1.57353;-0.054588;0.342443
1.55689;-0.0472656;0.342443
1.5409;-0.0399433;0.342443
1.60999;-0.054588;0.349766
1.59279;-0.0472656;0.349766
1.57596;-0.0399433;0.349766
1.64608;-0.054588;0.357088
1.62804;-0.0472656;0.357088
1.61066;-0.0399433;0.357088
1.71696;-0.0734942;0.36135
1.697;-0.0661719;0.36135
1.67778;-0.0588495;0.36135
1.75387;-0.0734942;0.368672
1.73333;-0.0661719;0.368672
1.71325;-0.0588495;0.368672
1.79024;-0.0734942;0.375994
1.76886;-0.0661719;0.375994
1.74821;-0.0588495;0.375994
1.66682;-0.054588;0.36135
1.64836;-0.0472656;0.36135
1.6306;-0.0399433;0.36135
1.70189;-0.054588;0.368672
1.68289;-0.0472656;0.368672
1.66433;-0.0399433;0.368672
1.73645;-0.054588;0.375994
1.71667;-0.0472656;0.375994
1.69758;-0.0399433;0.375994
1.53179;-0.0356817;0.342443
1.51645;-0.0283594;0.342443
1.50173;-0.021037;0.342443
1.56645;-0.0356817;0.349766
1.55059;-0.0283594;0.349766
1.53507;-0.021037;0.349766
1.60076;-0.0356817;0.357088
1.58411;-0.0283594;0.357088
1.56809;-0.021037;0.357088
1.49334;-0.0167755;0.342443
1.47923;-0.00945312;0.342443
1.46571;-0.00213077;0.342443
1.52632;-0.0167755;0.349766
1.51172;-0.00945312;0.349766
1.49745;-0.00213077;0.349766
1.55897;-0.0167755;0.357088
1.54363;-0.00945312;0.357088
1.52889;-0.00213077;0.357088
1.62048;-0.0356817;0.36135
1.60345;-0.0283594;0.36135
1.58706;-0.021037;0.36135
1.65383;-0.0356817;0.368672
1.6363;-0.0283594;0.368672
1.61917;-0.021037;0.368672
1.68671;-0.0356817;0.375994
1.66844;-0.0283594;0.375994
1.65081;-0.021037;0.375994
1.57774;-0.0167755;0.36135
1.56204;-0.00945312;0.36135
1.54696;-0.00213077;0.36135
1.60948;-0.0167755;0.368672
1.59332;-0.00945312;0.368672
1.57754;-0.00213077;0.368672
1.64079;-0.0167755;0.375994
1.62393;-0.00945312;0.375994
1.60769;-0.00213077;0.375994
2.07668;-0.149119;0.380256
2.04735;-0.141797;0.380256
2.01897;-0.134475;0.380256
2.12011;-0.149119;0.387578
2.09002;-0.141797;0.387578
2.0606;-0.134475;0.387578
2.16267;-0.149119;0.3949
2.13155;-0.141797;0.3949
2.10138;-0.134475;0.3949
2.00279;-0.130213;0.380256
1.9755;-0.122891;0.380256
1.94912;-0.115568;0.380256
2.0439;-0.130213;0.387578
2.01591;-0.122891;0.387578
1.98856;-0.115568;0.387578
2.08419;-0.130213;0.3949
2.05524;-0.122891;0.3949
2.02719;-0.115568;0.3949
2.18695;-0.149119;0.399162
2.1553;-0.141797;0.399162
2.12464;-0.134475;0.399162
2.22767;-0.149119;0.406484
2.19527;-0.141797;0.406484
2.16366;-0.134475;0.406484
2.26729;-0.149119;0.413807
2.23397;-0.141797;0.413807
2.20163;-0.134475;0.413807
2.10716;-0.130213;0.399162
2.07773;-0.122891;0.399162
2.04923;-0.115568;0.399162
2.1457;-0.130213;0.406484
2.11558;-0.122891;0.406484
2.0862;-0.115568;0.406484
2.18322;-0.130213;0.413807
2.15224;-0.122891;0.413807
2.12219;-0.115568;0.413807
1.93408;-0.111307;0.380256
1.90872;-0.103984;0.380256
1.88422;-0.096662;0.380256
1.97304;-0.111307;0.387578
1.94703;-0.103984;0.387578
1.92162;-0.096662;0.387578
2.01121;-0.111307;0.3949
1.98432;-0.103984;0.3949
1.95827;-0.096662;0.3949
1.87026;-0.0924005;0.380256
1.84673;-0.0850781;0.380256
1.82402;-0.0777558;0.380256
1.90722;-0.0924005;0.387578
1.88309;-0.0850781;0.387578
1.85952;-0.0777558;0.387578
1.94343;-0.0924005;0.3949
1.91848;-0.0850781;0.3949
1.89432;-0.0777558;0.3949
2.03298;-0.111307;0.399162
2.00564;-0.103984;0.399162
1.97917;-0.096662;0.399162
2.06952;-0.111307;0.406484
2.04154;-0.103984;0.406484
2.01425;-0.096662;0.406484
2.10508;-0.111307;0.413807
2.07631;-0.103984;0.413807
2.04841;-0.096662;0.413807
1.9641;-0.0924005;0.399162
1.93872;-0.0850781;0.399162
1.91417;-0.0777558;0.399162
1.99876;-0.0924005;0.406484
1.9728;-0.0850781;0.406484
1.94749;-0.0777558;0.406484
2.03253;-0.0924005;0.413807
2.00582;-0.0850781;0.413807
1.97995;-0.0777558;0.413807
2.28977;-0.149119;0.418068
2.25596;-0.141797;0.418068
2.22318;-0.134475;0.418068
2.32729;-0.149119;0.425391
2.29277;-0.141797;0.425391
2.25915;-0.134475;0.425391
2.36353;-0.149119;0.432713
2.3282;-0.141797;0.432713
2.2939;-0.134475;0.432713
2.20451;-0.130213;0.418068
2.17308;-0.122891;0.418068
2.14262;-0.115568;0.418068
2.24006;-0.130213;0.425391
2.20799;-0.122891;0.425391
2.17674;-0.115568;0.425391
2.27439;-0.130213;0.432713
2.24158;-0.122891;0.432713
2.20971;-0.115568;0.432713
2.384;-0.149119;0.436975
2.34823;-0.141797;0.436975
2.31353;-0.134475;0.436975
2.41795;-0.149119;0.444297
2.38154;-0.141797;0.444297
2.34611;-0.134475;0.444297
2.4504;-0.149119;0.451619
2.41334;-0.141797;0.451619
2.37726;-0.134475;0.451619
2.29378;-0.130213;0.436975
2.26056;-0.122891;0.436975
2.22832;-0.115568;0.436975
2.32596;-0.130213;0.444297
2.29212;-0.122891;0.444297
2.25922;-0.115568;0.444297
2.35673;-0.130213;0.451619
2.32227;-0.122891;0.451619
2.28879;-0.115568;0.451619
2.12528;-0.111307;0.418068
2.09609;-0.103984;0.418068
2.06781;-0.096662;0.418068
2.15899;-0.111307;0.425391
2.1292;-0.103984;0.425391
2.1002;-0.096662;0.425391
2.19157;-0.111307;0.432713
2.16109;-0.103984;0.432713
2.13151;-0.096662;0.432713
2.0517;-0.0924005;0.418068
2.02462;-0.0850781;0.418068
1.99839;-0.0777558;0.418068
2.08373;-0.0924005;0.425391
2.0561;-0.0850781;0.425391
2.02919;-0.0777558;0.425391
2.11468;-0.0924005;0.432713
2.08641;-0.0850781;0.432713
2.05898;-0.0777558;0.432713
2.20997;-0.111307;0.436975
2.17911;-0.103984;0.436975
2.1492;-0.096662;0.436975
2.24052;-0.111307;0.444297
2.20912;-0.103984;0.444297
2.17857;-0.096662;0.444297
2.26976;-0.111307;0.451619
2.23779;-0.103984;0.451619
2.20672;-0.096662;0.451619
2.13217;-0.0924005;0.436975
2.10355;-0.0850781;0.436975
2.07581;-0.0777558;0.436975
2.16122;-0.0924005;0.444297
2.13209;-0.0850781;0.444297
2.10376;-0.0777558;0.444297
2.18905;-0.0924005;0.451619
2.15938;-0.0850781;0.451619
2.13059;-0.0777558;0.451619
1.81107;-0.0734942;0.380256
1.78927;-0.0661719;0.380256
1.76823;-0.0588495;0.380256
1.84616;-0.0734942;0.387578
1.8238;-0.0661719;0.387578
1.80197;-0.0588495;0.387578
1.88057;-0.0734942;0.3949
1.85743;-0.0661719;0.3949
1.83505;-0.0588495;0.3949
1.75625;-0.054588;0.380256
1.73607;-0.0472656;0.380256
1.71662;-0.0399433;0.380256
1.78961;-0.054588;0.387578
1.76892;-0.0472656;0.387578
1.74872;-0.0399433;0.387578
1.82232;-0.054588;0.3949
1.8009;-0.0472656;0.3949
1.78021;-0.0399433;0.3949
1.90019;-0.0734942;0.399162
1.87667;-0.0661719;0.399162
1.85393;-0.0588495;0.399162
1.93313;-0.0734942;0.406484
1.90907;-0.0661719;0.406484
1.88562;-0.0588495;0.406484
1.96523;-0.0734942;0.413807
1.94047;-0.0661719;0.413807
1.91651;-0.0588495;0.413807
1.84099;-0.054588;0.399162
1.81921;-0.0472656;0.399162
1.79818;-0.0399433;0.399162
1.87232;-0.054588;0.406484
1.85005;-0.0472656;0.406484
1.82835;-0.0399433;0.406484
1.90287;-0.054588;0.413807
1.87995;-0.0472656;0.413807
1.85778;-0.0399433;0.413807
1.70554;-0.0356817;0.380256
1.68691;-0.0283594;0.380256
1.66895;-0.021037;0.380256
1.73729;-0.0356817;0.387578
1.71817;-0.0283594;0.387578
1.69952;-0.021037;0.387578
1.76843;-0.0356817;0.3949
1.74864;-0.0283594;0.3949
1.72952;-0.021037;0.3949
1.65872;-0.0167755;0.380256
1.64153;-0.00945312;0.380256
1.62498;-0.00213077;0.380256
1.68897;-0.0167755;0.387578
1.67133;-0.00945312;0.387578
1.65413;-0.00213077;0.387578
1.71865;-0.0167755;0.3949
1.70038;-0.00945312;0.3949
1.68275;-0.00213077;0.3949
1.7862;-0.0356817;0.399162
1.76607;-0.0283594;0.399162
1.74664;-0.021037;0.399162
1.81605;-0.0356817;0.406484
1.79547;-0.0283594;0.406484
1.77542;-0.021037;0.406484
1.84517;-0.0356817;0.413807
1.82398;-0.0283594;0.413807
1.80349;-0.021037;0.413807
1.73559;-0.0167755;0.399162
1.71701;-0.00945312;0.399162
1.69909;-0.00213077;0.399162
1.76406;-0.0167755;0.406484
1.74506;-0.00945312;0.406484
1.72656;-0.00213077;0.406484
1.79185;-0.0167755;0.413807
1.77228;-0.00945312;0.413807
1.75338;-0.00213077;0.413807
1.98346;-0.0734942;0.418068
1.95835;-0.0661719;0.418068
1.93406;-0.0588495;0.418068
2.01392;-0.0734942;0.425391
1.98831;-0.0661719;0.425391
1.96338;-0.0588495;0.425391
2.04338;-0.0734942;0.432713
2.01717;-0.0661719;0.432713
1.99177;-0.0588495;0.432713
1.92023;-0.054588;0.418068
1.89698;-0.0472656;0.418068
1.8745;-0.0399433;0.418068
1.94924;-0.054588;0.425391
1.92554;-0.0472656;0.425391
1.90247;-0.0399433;0.425391
1.97732;-0.054588;0.432713
1.95306;-0.0472656;0.432713
1.92956;-0.0399433;0.432713
2.06003;-0.0734942;0.436975
2.0335;-0.0661719;0.436975
2.00781;-0.0588495;0.436975
2.08768;-0.0734942;0.444297
2.0607;-0.0661719;0.444297
2.03448;-0.0588495;0.444297
2.11422;-0.0734942;0.451619
2.08673;-0.0661719;0.451619
2.06009;-0.0588495;0.451619
1.9932;-0.054588;0.436975
1.96864;-0.0472656;0.436975
1.94488;-0.0399433;0.436975
2.01959;-0.054588;0.444297
1.99464;-0.0472656;0.444297
1.97036;-0.0399433;0.444297
2.04494;-0.054588;0.451619
2.01951;-0.0472656;0.451619
1.99486;-0.0399433;0.451619
1.86172;-0.0356817;0.418068
1.84022;-0.0283594;0.418068
1.81946;-0.021037;0.418068
1.88939;-0.0356817;0.425391
1.86748;-0.0283594;0.425391
1.84616;-0.021037;0.425391
1.9162;-0.0356817;0.432713
1.89377;-0.0283594;0.432713
1.87206;-0.021037;0.432713
1.80765;-0.0167755;0.418068
1.7878;-0.00945312;0.418068
1.76864;-0.00213077;0.418068
1.83408;-0.0167755;0.425391
1.81386;-0.00945312;0.425391
1.79418;-0.00213077;0.425391
1.85972;-0.0167755;0.432713
1.839;-0.00945312;0.432713
1.81897;-0.00213077;0.432713
1.93137;-0.0356817;0.436975
1.90866;-0.0283594;0.436975
1.88671;-0.021037;0.436975
1.95659;-0.0356817;0.444297
1.93352;-0.0283594;0.444297
1.91109;-0.021037;0.444297
1.98085;-0.0356817;0.451619
1.95733;-0.0283594;0.451619
1.93456;-0.021037;0.451619
1.87422;-0.0167755;0.436975
1.85326;-0.00945312;0.436975
1.833;-0.00213077;0.436975
1.89837;-0.0167755;0.444297
1.87707;-0.00945312;0.444297
1.85637;-0.00213077;0.444297
1.92162;-0.0167755;0.451619
1.8999;-0.00945312;0.451619
1.87889;-0.00213077;0.451619
2.812;-0.209736;0.453762
2.81222;-0.209736;0.453803
2.81243;-0.209736;0.453844
2.80721;-0.208965;0.453803
2.80817;-0.208965;0.453986
2.80913;-0.208965;0.454169
2.80244;-0.208193;0.453844
2.80413;-0.208193;0.454169
2.80581;-0.208193;0.454493
2.78786;-0.205838;0.453961
2.79157;-0.205838;0.454688
2.79524;-0.205838;0.455415
2.74322;-0.198516;0.45432
2.75276;-0.198516;0.456279
2.76212;-0.198516;0.458239
2.69973;-0.191193;0.454675
2.71472;-0.191193;0.457852
2.72935;-0.191193;0.46103
2.67492;-0.186932;0.454871
2.69283;-0.186932;0.458722
2.71022;-0.186932;0.462574
2.63313;-0.179609;0.455191
2.65557;-0.179609;0.460141
2.67717;-0.179609;0.465092
2.59251;-0.172287;0.455507
2.61913;-0.172287;0.461545
2.64451;-0.172287;0.467583
2.53452;-0.161543;0.455881
2.56552;-0.161543;0.463203
2.59474;-0.161543;0.470525
2.51029;-0.15705;0.455881
2.54086;-0.15705;0.463203
2.56971;-0.15705;0.470525
2.48648;-0.152557;0.455881
2.51662;-0.152557;0.463203
2.54513;-0.152557;0.470525
2.57643;-0.169333;0.45563
2.60459;-0.169333;0.462092
2.63133;-0.169333;0.468554
2.56115;-0.166503;0.45574
2.59063;-0.166503;0.462578
2.61852;-0.166503;0.469417
2.54602;-0.163673;0.455849
2.57678;-0.163673;0.463063
2.6058;-0.163673;0.470276
2.6031;-0.161543;0.472706
2.60376;-0.161543;0.472878
2.60442;-0.161543;0.47305
2.57863;-0.15705;0.472878
2.5815;-0.15705;0.473638
2.58433;-0.15705;0.474398
2.55459;-0.152557;0.473048
2.55957;-0.152557;0.474394
2.56447;-0.152557;0.475739
2.46853;-0.149119;0.455881
2.43108;-0.141797;0.455881
2.39471;-0.134475;0.455881
2.49835;-0.149119;0.463203
2.46029;-0.141797;0.463203
2.42343;-0.134475;0.463203
2.52661;-0.149119;0.470525
2.488;-0.141797;0.470525
2.45053;-0.134475;0.470525
2.374;-0.130213;0.455881
2.33916;-0.122891;0.455881
2.30536;-0.115568;0.455881
2.40242;-0.130213;0.463203
2.36699;-0.122891;0.463203
2.33265;-0.115568;0.463203
2.42921;-0.130213;0.470525
2.39333;-0.122891;0.470525
2.35849;-0.115568;0.470525
2.53644;-0.149119;0.473169
2.54287;-0.149119;0.474931
2.54917;-0.149119;0.476693
2.49852;-0.141797;0.473414
2.50776;-0.141797;0.476018
2.51674;-0.141797;0.478622
2.46165;-0.134475;0.473657
2.47353;-0.134475;0.477096
2.48503;-0.134475;0.480536
2.44065;-0.130213;0.473789
2.4539;-0.130213;0.477681
2.46668;-0.130213;0.481573
2.40529;-0.122891;0.473999
2.42063;-0.122891;0.478614
2.43535;-0.122891;0.483228
2.37092;-0.115568;0.474208
2.38824;-0.115568;0.479539
2.40474;-0.115568;0.484871
2.28615;-0.111307;0.455881
2.25386;-0.103984;0.455881
2.22251;-0.096662;0.455881
2.31315;-0.111307;0.463203
2.28037;-0.103984;0.463203
2.24852;-0.096662;0.463203
2.33869;-0.111307;0.470525
2.30546;-0.103984;0.470525
2.27317;-0.096662;0.470525
2.20467;-0.0924005;0.455881
2.17471;-0.0850781;0.455881
2.14566;-0.0777558;0.455881
2.23042;-0.0924005;0.463203
2.20002;-0.0850781;0.463203
2.1705;-0.0777558;0.463203
2.25482;-0.0924005;0.470525
2.224;-0.0850781;0.470525
2.19409;-0.0777558;0.470525
2.35136;-0.111307;0.47432
2.36968;-0.111307;0.480036
2.38708;-0.111307;0.485752
2.31847;-0.103984;0.474496
2.33829;-0.103984;0.480817
2.35698;-0.103984;0.487139
2.28651;-0.096662;0.474671
2.30775;-0.096662;0.481594
2.32765;-0.096662;0.488517
2.25571;-0.0894368;0.474787
2.27772;-0.0894368;0.482109
2.29828;-0.0894368;0.489432
2.23038;-0.0834081;0.474787
2.25208;-0.0834081;0.482109
2.27237;-0.0834081;0.489432
2.20567;-0.0773793;0.474787
2.22706;-0.0773793;0.482109
2.2471;-0.0773793;0.489432
2.27578;-0.0941548;0.474729
2.29746;-0.0941548;0.481852
2.31775;-0.0941548;0.488975
2.27027;-0.0928612;0.474754
2.29213;-0.0928612;0.481964
2.31258;-0.0928612;0.489174
2.26479;-0.0915676;0.47478
2.28683;-0.0915676;0.482077
2.30743;-0.0915676;0.489374
2.30409;-0.0894368;0.491597
2.3044;-0.0894368;0.491714
2.30471;-0.0894368;0.491832
2.27842;-0.0834081;0.491714
2.27978;-0.0834081;0.492235
2.28113;-0.0834081;0.492756
2.25337;-0.0773793;0.491831
2.25575;-0.0773793;0.492754
2.2581;-0.0773793;0.493677
2.12913;-0.0734942;0.455881
2.10138;-0.0661719;0.455881
2.07448;-0.0588495;0.455881
2.15374;-0.0734942;0.463203
2.1256;-0.0661719;0.463203
2.09825;-0.0588495;0.463203
2.17708;-0.0734942;0.470525
2.14854;-0.0661719;0.470525
2.12083;-0.0588495;0.470525
2.05919;-0.054588;0.455881
2.0335;-0.0472656;0.455881
2.00863;-0.0399433;0.455881
2.08271;-0.054588;0.463203
2.05666;-0.0472656;0.463203
2.03137;-0.0399433;0.463203
2.10508;-0.054588;0.470525
2.07863;-0.0472656;0.470525
2.05301;-0.0399433;0.470525
2.19005;-0.0734942;0.474787
2.16128;-0.0661719;0.474787
2.13341;-0.0588495;0.474787
2.21125;-0.0734942;0.482109
2.18214;-0.0661719;0.482109
2.15397;-0.0588495;0.482109
2.23113;-0.0734942;0.489432
2.20171;-0.0661719;0.489432
2.17322;-0.0588495;0.489432
2.11755;-0.054588;0.474787
2.09089;-0.0472656;0.474787
2.06509;-0.0399433;0.474787
2.13794;-0.054588;0.482109
2.11098;-0.0472656;0.482109
2.08486;-0.0399433;0.482109
2.15703;-0.054588;0.489432
2.12982;-0.0472656;0.489432
2.10345;-0.0399433;0.489432
1.99448;-0.0356817;0.455881
1.97074;-0.0283594;0.455881
1.94776;-0.021037;0.455881
2.01702;-0.0356817;0.463203
1.99296;-0.0283594;0.463203
1.96959;-0.021037;0.463203
2.03847;-0.0356817;0.470525
2.01406;-0.0283594;0.470525
1.9904;-0.021037;0.470525
1.9347;-0.0167755;0.455881
1.91277;-0.00945312;0.455881
1.89157;-0.00213077;0.455881
1.95633;-0.0167755;0.463203
1.93412;-0.00945312;0.463203
1.91256;-0.00213077;0.463203
1.97696;-0.0167755;0.470525
1.95442;-0.00945312;0.470525
1.9326;-0.00213077;0.470525
2.05044;-0.0356817;0.474787
2.02584;-0.0283594;0.474787
2.00202;-0.021037;0.474787
2.07005;-0.0356817;0.482109
2.0452;-0.0283594;0.482109
2.02107;-0.021037;0.482109
2.08848;-0.0356817;0.489432
2.06336;-0.0283594;0.489432
2.03901;-0.021037;0.489432
1.98848;-0.0167755;0.474787
1.96577;-0.00945312;0.474787
1.9438;-0.00213077;0.474787
2.00738;-0.0167755;0.482109
1.98445;-0.00945312;0.482109
1.96219;-0.00213077;0.482109
2.02519;-0.0167755;0.489432
2.00201;-0.00945312;0.489432
1.97957;-0.00213077;0.489432
2.23753;-0.0734942;0.491897
2.24047;-0.0734942;0.493048
2.24335;-0.0734942;0.494198
2.2083;-0.0661719;0.492008
2.21213;-0.0661719;0.493537
2.21589;-0.0661719;0.495067
2.17996;-0.0588495;0.492118
2.18466;-0.0588495;0.494025
2.18924;-0.0588495;0.495933
2.16384;-0.054588;0.492172
2.16894;-0.054588;0.494269
2.17392;-0.054588;0.496365
2.13674;-0.0472656;0.492251
2.14239;-0.0472656;0.494617
2.14791;-0.0472656;0.496983
2.11047;-0.0399433;0.492329
2.11667;-0.0399433;0.494964
2.12272;-0.0399433;0.497599
2.09552;-0.0356817;0.492366
2.10196;-0.0356817;0.495126
2.10824;-0.0356817;0.497886
2.07041;-0.0283594;0.492413
2.07713;-0.0283594;0.495334
2.08367;-0.0283594;0.498255
2.0461;-0.021037;0.492459
2.0531;-0.021037;0.495542
2.0599;-0.021037;0.498624
2.03227;-0.0167755;0.492478
2.03935;-0.0167755;0.495623
2.04624;-0.0167755;0.498767
2.00902;-0.00945312;0.492493
2.01614;-0.00945312;0.495692
2.02305;-0.00945312;0.49889
1.98655;-0.00213077;0.492509
1.99371;-0.00213077;0.495761
2.00065;-0.00213077;0.499013
0.207761;0.00213077;0.00213077
0.226835;0.00945312;0.00213077
0.245568;0.0167755;0.00213077
0.210238;0.00213077;0.00945312
0.229367;0.00945312;0.00945312
0.247638;0.0167755;0.00945312
0.216163;0.00213077;0.0167755
0.234518;0.00945312;0.0167755
0.252644;0.0167755;0.0167755
0.256134;0.021037;0.00213077
0.273727;0.0283594;0.00213077
0.291003;0.0356817;0.00213077
0.258101;0.021037;0.00945312
0.275814;0.0283594;0.00945312
0.292707;0.0356817;0.00945312
0.2629;0.021037;0.0167755
0.280023;0.0283594;0.0167755
0.296888;0.0356817;0.0167755
0.220924;0.00213077;0.021037
0.238892;0.00945312;0.021037
0.256686;0.0167755;0.021037
0.231159;0.00213077;0.0283594
0.2486;0.00945312;0.0283594
0.265445;0.0167755;0.0283594
0.244127;0.00213077;0.0356817
0.260389;0.00945312;0.0356817
0.27669;0.0167755;0.0356817
0.266773;0.021037;0.021037
0.283634;0.0283594;0.021037
0.30027;0.0356817;0.021037
0.275167;0.021037;0.0283594
0.291737;0.0283594;0.0283594
0.307634;0.0356817;0.0283594
0.285997;0.021037;0.0356817
0.30165;0.0283594;0.0356817
0.317207;0.0356817;0.0356817
0.300743;0.0399433;0.00213077
0.316954;0.0472656;0.00213077
0.332872;0.054588;0.00213077
0.302374;0.0399433;0.00945312
0.318734;0.0472656;0.00945312
0.334318;0.054588;0.00945312
0.306412;0.0399433;0.0167755
0.322289;0.0472656;0.0167755
0.337908;0.054588;0.0167755
0.341843;0.0588495;0.00213077
0.356766;0.0661719;0.00213077
0.371421;0.0734942;0.00213077
0.343233;0.0588495;0.00945312
0.358318;0.0661719;0.00945312
0.372675;0.0734942;0.00945312
0.346719;0.0588495;0.0167755
0.361391;0.0661719;0.0167755
0.375818;0.0734942;0.0167755
0.309675;0.0399433;0.021037
0.325362;0.0472656;0.021037
0.340813;0.054588;0.021037
0.316774;0.0399433;0.0283594
0.332305;0.0472656;0.0283594
0.347153;0.054588;0.0283594
0.32604;0.0399433;0.0356817
0.340829;0.0472656;0.0356817
0.355464;0.054588;0.0356817
0.349534;0.0588495;0.021037
0.364063;0.0661719;0.021037
0.37836;0.0734942;0.021037
0.355672;0.0588495;0.0283594
0.370127;0.0661719;0.0283594
0.383915;0.0734942;0.0283594
0.363749;0.0588495;0.0356817
0.377584;0.0661719;0.0356817
0.391243;0.0734942;0.0356817
0.252629;0.00213077;0.0399433
0.26833;0.00945312;0.0399433
0.28413;0.0167755;0.0399433
0.268652;0.00213077;0.0472656
0.283624;0.00945312;0.0472656
0.298284;0.0167755;0.0472656
0.286622;0.00213077;0.054588
0.300358;0.00945312;0.054588
0.314354;0.0167755;0.054588
0.293171;0.021037;0.0399433
0.308405;0.0283594;0.0399433
0.323584;0.0356817;0.0399433
0.30684;0.021037;0.0472656
0.321563;0.0283594;0.0472656
0.335808;0.0356817;0.0472656
0.322422;0.021037;0.054588
0.336104;0.0283594;0.054588
0.349856;0.0356817;0.054588
0.297719;0.00213077;0.0588495
0.310891;0.00945312;0.0588495
0.32436;0.0167755;0.0588495
0.317717;0.00213077;0.0661719
0.330188;0.00945312;0.0661719
0.34253;0.0167755;0.0661719
0.339121;0.00213077;0.0734942
0.35045;0.00945312;0.0734942
0.362155;0.0167755;0.0734942
0.332138;0.021037;0.0588495
0.345351;0.0283594;0.0588495
0.358666;0.0356817;0.0588495
0.349807;0.021037;0.0661719
0.362452;0.0283594;0.0661719
0.374779;0.0356817;0.0661719
0.368953;0.021037;0.0734942
0.380561;0.0283594;0.0734942
0.392357;0.0356817;0.0734942
0.332214;0.0399433;0.0399433
0.346681;0.0472656;0.0399433
0.361024;0.054588;0.0399433
0.344058;0.0399433;0.0472656
0.358169;0.0472656;0.0472656
0.371731;0.054588;0.0472656
0.357714;0.0399433;0.054588
0.370945;0.0472656;0.054588
0.384143;0.054588;0.054588
0.369149;0.0588495;0.0399433
0.38273;0.0661719;0.0399433
0.396156;0.0734942;0.0399433
0.379553;0.0588495;0.0472656
0.392886;0.0661719;0.0472656
0.405649;0.0734942;0.0472656
0.391647;0.0588495;0.054588
0.404227;0.0661719;0.054588
0.416722;0.0734942;0.054588
0.366285;0.0399433;0.0588495
0.379128;0.0472656;0.0588495
0.391966;0.054588;0.0588495
0.381974;0.0399433;0.0661719
0.394369;0.0472656;0.0661719
0.406346;0.054588;0.0661719
0.399136;0.0399433;0.0734942
0.410609;0.0472656;0.0734942
0.422153;0.054588;0.0734942
0.399272;0.0588495;0.0588495
0.411531;0.0661719;0.0588495
0.423726;0.0734942;0.0588495
0.413295;0.0588495;0.0661719
0.425205;0.0661719;0.0661719
0.436647;0.0734942;0.0661719
0.428745;0.0588495;0.0734942
0.439839;0.0661719;0.0734942
0.450935;0.0734942;0.0734942
0.379676;0.0777558;0.00213077
0.393405;0.0850781;0.00213077
0.406888;0.0924005;0.00213077
0.380886;0.0777558;0.00945312
0.39478;0.0850781;0.00945312
0.407992;0.0924005;0.00945312
0.38395;0.0777558;0.0167755
0.397482;0.0850781;0.0167755
0.410784;0.0924005;0.0167755
0.41448;0.096662;0.00213077
0.427102;0.103984;0.00213077
0.4395;0.111307;0.00213077
0.415549;0.096662;0.00945312
0.428335;0.103984;0.00945312
0.440486;0.111307;0.00945312
0.418278;0.096662;0.0167755
0.430742;0.103984;0.0167755
0.442994;0.111307;0.0167755
0.386422;0.0777558;0.021037
0.399841;0.0850781;0.021037
0.413041;0.0924005;0.021037
0.391818;0.0777558;0.0283594
0.405216;0.0850781;0.0283594
0.417975;0.0924005;0.0283594
0.39896;0.0777558;0.0356817
0.411826;0.0850781;0.0356817
0.424513;0.0924005;0.0356817
0.420478;0.096662;0.021037
0.432851;0.103984;0.021037
0.445019;0.111307;0.021037
0.425284;0.096662;0.0283594
0.437669;0.103984;0.0283594
0.44945;0.111307;0.0283594
0.431672;0.096662;0.0356817
0.443594;0.103984;0.0356817
0.455341;0.111307;0.0356817
0.44648;0.115568;0.00213077
0.458079;0.122891;0.00213077
0.469477;0.130213;0.00213077
0.447435;0.115568;0.00945312
0.459196;0.122891;0.00945312
0.470366;0.130213;0.00945312
0.449893;0.115568;0.0167755
0.461363;0.122891;0.0167755
0.47264;0.130213;0.0167755
0.475892;0.134475;0.00213077
0.486551;0.141797;0.00213077
0.497028;0.149119;0.00213077
0.476755;0.134475;0.00945312
0.48757;0.141797;0.00945312
0.497836;0.149119;0.00945312
0.478987;0.134475;0.0167755
0.489538;0.141797;0.0167755
0.499914;0.149119;0.0167755
0.451872;0.115568;0.021037
0.463267;0.122891;0.021037
0.474474;0.130213;0.021037
0.456196;0.115568;0.0283594
0.467626;0.122891;0.0283594
0.478488;0.130213;0.0283594
0.461964;0.115568;0.0356817
0.472985;0.122891;0.0356817
0.483841;0.130213;0.0356817
0.480784;0.134475;0.021037
0.491272;0.141797;0.021037
0.501589;0.149119;0.021037
0.484708;0.134475;0.0283594
0.495246;0.141797;0.0283594
0.505253;0.149119;0.0283594
0.489958;0.134475;0.0356817
0.500131;0.141797;0.0356817
0.510152;0.149119;0.0356817
0.403746;0.0777558;0.0399433
0.416407;0.0850781;0.0399433
0.428904;0.0924005;0.0399433
0.412992;0.0777558;0.0472656
0.425483;0.0850781;0.0472656
0.437406;0.0924005;0.0472656
0.423804;0.0777558;0.054588
0.435643;0.0850781;0.054588
0.447371;0.0924005;0.054588
0.435959;0.096662;0.0399433
0.447712;0.103984;0.0399433
0.459302;0.111307;0.0399433
0.444256;0.096662;0.0472656
0.455895;0.103984;0.0472656
0.466983;0.111307;0.0472656
0.454003;0.096662;0.054588
0.465071;0.103984;0.054588
0.476017;0.111307;0.054588
0.430642;0.0777558;0.0588495
0.442212;0.0850781;0.0588495
0.453689;0.0924005;0.0588495
0.443261;0.0777558;0.0661719
0.454561;0.0850781;0.0661719
0.465376;0.0924005;0.0661719
0.457243;0.0777558;0.0734942
0.467821;0.0850781;0.0734942
0.478358;0.0924005;0.0734942
0.460182;0.096662;0.0588495
0.471023;0.103984;0.0588495
0.481756;0.111307;0.0588495
0.471612;0.096662;0.0661719
0.482244;0.103984;0.0661719
0.492393;0.111307;0.0661719
0.484332;0.096662;0.0734942
0.494324;0.103984;0.0734942
0.504252;0.111307;0.0734942
0.465838;0.115568;0.0399433
0.476718;0.122891;0.0399433
0.487442;0.130213;0.0399433
0.473347;0.115568;0.0472656
0.484153;0.122891;0.0472656
0.494433;0.130213;0.0472656
0.482199;0.115568;0.054588
0.492501;0.122891;0.054588
0.502679;0.130213;0.054588
0.493486;0.134475;0.0399433
0.50354;0.141797;0.0399433
0.513448;0.149119;0.0399433
0.500331;0.134475;0.0472656
0.51034;0.141797;0.0472656
0.519854;0.149119;0.0472656
0.508421;0.134475;0.054588
0.517983;0.141797;0.054588
0.527426;0.149119;0.054588
0.487819;0.115568;0.0588495
0.497928;0.122891;0.0588495
0.507925;0.130213;0.0588495
0.498236;0.115568;0.0661719
0.508185;0.122891;0.0661719
0.517662;0.130213;0.0661719
0.509869;0.115568;0.0734942
0.519246;0.122891;0.0734942
0.528548;0.130213;0.0734942
0.513566;0.134475;0.0588495
0.522961;0.141797;0.0588495
0.532247;0.149119;0.0588495
0.523112;0.134475;0.0661719
0.532387;0.141797;0.0661719
0.541209;0.149119;0.0661719
0.533804;0.134475;0.0734942
0.542567;0.141797;0.0734942
0.551251;0.149119;0.0734942
0.352018;0.00213077;0.0777558
0.362838;0.00945312;0.0777558
0.374051;0.0167755;0.0777558
0.374819;0.00213077;0.0850781
0.385029;0.00945312;0.0850781
0.395195;0.0167755;0.0850781
0.398709;0.00213077;0.0924005
0.407887;0.00945312;0.0924005
0.417485;0.0167755;0.0924005
0.380572;0.021037;0.0777558
0.391719;0.0283594;0.0777558
0.403075;0.0356817;0.0777558
0.401244;0.021037;0.0850781
0.411844;0.0283594;0.0850781
0.422231;0.0356817;0.0850781
0.423088;0.021037;0.0924005
0.432702;0.0283594;0.0924005
0.442574;0.0356817;0.0924005
0.412941;0.00213077;0.096662
0.421665;0.00945312;0.096662
0.430816;0.0167755;0.096662
0.437867;0.00213077;0.103984
0.446065;0.00945312;0.103984
0.454249;0.0167755;0.103984
0.463703;0.00213077;0.111307
0.470953;0.00945312;0.111307
0.478629;0.0167755;0.111307
0.436163;0.021037;0.096662
0.445343;0.0283594;0.096662
0.454794;0.0356817;0.096662
0.459159;0.021037;0.103984
0.467835;0.0283594;0.103984
0.476359;0.0356817;0.103984
0.483128;0.021037;0.111307
0.490872;0.0283594;0.111307
0.498912;0.0356817;0.111307
0.409609;0.0399433;0.0777558
0.420676;0.0472656;0.0777558
0.431837;0.054588;0.0777558
0.428339;0.0399433;0.0850781
0.438937;0.0472656;0.0850781
0.449217;0.054588;0.0850781
0.448273;0.0399433;0.0924005
0.457958;0.0472656;0.0924005
0.467789;0.054588;0.0924005
0.438214;0.0588495;0.0777558
0.448955;0.0661719;0.0777558
0.459717;0.0734942;0.0777558
0.455218;0.0588495;0.0850781
0.465565;0.0661719;0.0850781
0.475535;0.0734942;0.0850781
0.473423;0.0588495;0.0924005
0.482937;0.0661719;0.0924005
0.492522;0.0734942;0.0924005
0.460255;0.0399433;0.096662
0.469538;0.0472656;0.096662
0.478986;0.054588;0.096662
0.481408;0.0399433;0.103984
0.490232;0.0472656;0.103984
0.498811;0.054588;0.103984
0.503568;0.0399433;0.111307
0.511506;0.0472656;0.111307
0.519641;0.054588;0.111307
0.484403;0.0588495;0.096662
0.493554;0.0661719;0.096662
0.502794;0.0734942;0.096662
0.503851;0.0588495;0.103984
0.512595;0.0661719;0.103984
0.521035;0.0734942;0.103984
0.524317;0.0588495;0.111307
0.532234;0.0661719;0.111307
0.540277;0.0734942;0.111307
0.479;0.00213077;0.115568
0.485838;0.00945312;0.115568
0.493103;0.0167755;0.115568
0.505659;0.00213077;0.122891
0.512027;0.00945312;0.122891
0.518386;0.0167755;0.122891
0.533114;0.00213077;0.130213
0.53859;0.00945312;0.130213
0.544483;0.0167755;0.130213
0.497363;0.021037;0.115568
0.5047;0.0283594;0.115568
0.512341;0.0356817;0.115568
0.522237;0.021037;0.122891
0.529108;0.0283594;0.122891
0.535862;0.0356817;0.122891
0.547948;0.021037;0.130213
0.553931;0.0283594;0.130213
0.560227;0.0356817;0.130213
0.549313;0.00213077;0.134475
0.5544;0.00945312;0.134475
0.559907;0.0167755;0.134475
0.577451;0.00213077;0.141797
0.582103;0.00945312;0.141797
0.586741;0.0167755;0.141797
0.606307;0.00213077;0.149119
0.610097;0.00945312;0.149119
0.614294;0.0167755;0.149119
0.563146;0.021037;0.134475
0.568741;0.0283594;0.134475
0.574656;0.0356817;0.134475
0.589591;0.021037;0.141797
0.594746;0.0283594;0.141797
0.599805;0.0356817;0.141797
0.616772;0.021037;0.149119
0.621069;0.0283594;0.149119
0.625689;0.0356817;0.149119
0.516769;0.0399433;0.115568
0.524319;0.0472656;0.115568
0.532079;0.054588;0.115568
0.539895;0.0399433;0.122891
0.547003;0.0472656;0.122891
0.553917;0.054588;0.122891
0.563885;0.0399433;0.130213
0.570135;0.0472656;0.130213
0.576616;0.054588;0.130213
0.536541;0.0588495;0.115568
0.544097;0.0661719;0.115568
0.551794;0.0734942;0.115568
0.558008;0.0588495;0.122891
0.565158;0.0661719;0.122891
0.572061;0.0734942;0.122891
0.580351;0.0588495;0.130213
0.586688;0.0661719;0.130213
0.593192;0.0734942;0.130213
0.578093;0.0399433;0.134475
0.583968;0.0472656;0.134475
0.590085;0.054588;0.134475
0.602862;0.0399433;0.141797
0.60831;0.0472656;0.141797
0.613602;0.054588;0.141797
0.628382;0.0399433;0.149119
0.632996;0.0472656;0.149119
0.637866;0.054588;0.149119
0.59361;0.0588495;0.134475
0.599592;0.0661719;0.134475
0.605754;0.0734942;0.134475
0.616765;0.0588495;0.141797
0.622345;0.0661719;0.141797
0.627725;0.0734942;0.141797
0.640679;0.0588495;0.149119
0.645462;0.0661719;0.149119
0.650445;0.0734942;0.149119
0.46584;0.0777558;0.0777558
0.476111;0.0850781;0.0777558
0.48636;0.0924005;0.0777558
0.481327;0.0777558;0.0850781
0.491272;0.0850781;0.0850781
0.500811;0.0924005;0.0850781
0.497989;0.0777558;0.0924005
0.507179;0.0850781;0.0924005
0.516392;0.0924005;0.0924005
0.492173;0.096662;0.0777558
0.501899;0.103984;0.0777558
0.511576;0.111307;0.0777558
0.506334;0.096662;0.0850781
0.515791;0.103984;0.0850781
0.524831;0.111307;0.0850781
0.521628;0.096662;0.0924005
0.530403;0.103984;0.0924005
0.539171;0.111307;0.0924005
0.508066;0.0777558;0.096662
0.516932;0.0850781;0.096662
0.525838;0.0924005;0.096662
0.525965;0.0777558;0.103984
0.534477;0.0850781;0.103984
0.542651;0.0924005;0.103984
0.544875;0.0777558;0.111307
0.552623;0.0850781;0.111307
0.560447;0.0924005;0.111307
0.5309;0.096662;0.096662
0.539387;0.103984;0.096662
0.547881;0.111307;0.096662
0.547406;0.096662;0.103984
0.555588;0.103984;0.103984
0.563416;0.111307;0.103984
0.564903;0.096662;0.111307
0.572384;0.103984;0.111307
0.579908;0.111307;0.111307
0.517053;0.115568;0.0777558
0.526199;0.122891;0.0777558
0.535283;0.130213;0.0777558
0.530054;0.115568;0.0850781
0.53898;0.122891;0.0850781
0.547492;0.130213;0.0850781
0.544141;0.115568;0.0924005
0.552452;0.122891;0.0924005
0.560736;0.130213;0.0924005
0.540416;0.134475;0.0777558
0.548977;0.141797;0.0777558
0.557471;0.149119;0.0777558
0.552403;0.134475;0.0850781
0.560785;0.141797;0.0850781
0.568763;0.149119;0.0850781
0.565424;0.134475;0.0924005
0.573251;0.141797;0.0924005
0.581041;0.149119;0.0924005
0.552697;0.115568;0.096662
0.560752;0.122891;0.096662
0.568794;0.130213;0.096662
0.567958;0.115568;0.103984
0.575753;0.122891;0.103984
0.58319;0.130213;0.103984
0.58418;0.115568;0.111307
0.591335;0.122891;0.111307
0.59851;0.130213;0.111307
0.573346;0.134475;0.096662
0.580945;0.141797;0.096662
0.588521;0.149119;0.096662
0.587497;0.134475;0.103984
0.594876;0.141797;0.103984
0.601902;0.149119;0.103984
0.602575;0.134475;0.111307
0.609371;0.141797;0.111307
0.616172;0.149119;0.111307
0.556195;0.0777558;0.115568
0.563612;0.0850781;0.115568
0.571121;0.0924005;0.115568
0.57612;0.0777558;0.122891
0.583171;0.0850781;0.122891
0.589942;0.0924005;0.122891
0.596919;0.0777558;0.130213
0.603209;0.0850781;0.130213
0.60962;0.0924005;0.130213
0.575397;0.096662;0.115568
0.582579;0.103984;0.115568
0.589817;0.111307;0.115568
0.593905;0.096662;0.122891
0.600761;0.103984;0.122891
0.60732;0.111307;0.122891
0.613277;0.096662;0.130213
0.619427;0.103984;0.130213
0.625663;0.111307;0.130213
0.609284;0.0777558;0.134475
0.615243;0.0850781;0.134475
0.621337;0.0924005;0.134475
0.630915;0.0777558;0.141797
0.636504;0.0850781;0.141797
0.641864;0.0924005;0.141797
0.653306;0.0777558;0.149119
0.658143;0.0850781;0.149119
0.663136;0.0924005;0.149119
0.624813;0.096662;0.134475
0.630658;0.103984;0.134475
0.636602;0.111307;0.134475
0.645024;0.096662;0.141797
0.650533;0.103984;0.141797
0.655794;0.111307;0.141797
0.66599;0.096662;0.149119
0.670795;0.103984;0.149119
0.675723;0.111307;0.149119
0.593927;0.115568;0.115568
0.600811;0.122891;0.115568
0.607728;0.130213;0.115568
0.611145;0.115568;0.122891
0.617744;0.122891;0.122891
0.624037;0.130213;0.122891
0.629209;0.115568;0.130213
0.635157;0.122891;0.130213
0.641164;0.130213;0.130213
0.611648;0.134475;0.115568
0.6182;0.141797;0.115568
0.62477;0.149119;0.115568
0.627699;0.134475;0.122891
0.634002;0.141797;0.122891
0.640001;0.149119;0.122891
0.644573;0.134475;0.130213
0.650278;0.141797;0.130213
0.656026;0.149119;0.130213
0.639983;0.115568;0.134475
0.645651;0.122891;0.134475
0.651392;0.130213;0.134475
0.658884;0.115568;0.141797
0.66425;0.122891;0.141797
0.66936;0.130213;0.141797
0.678529;0.115568;0.149119
0.683241;0.122891;0.149119
0.68805;0.130213;0.149119
0.65465;0.134475;0.134475
0.6601;0.141797;0.134475
0.665606;0.149119;0.134475
0.672351;0.134475;0.141797
0.677533;0.141797;0.141797
0.682457;0.149119;0.141797
0.690782;0.134475;0.149119
0.695358;0.141797;0.149119
0.700013;0.149119;0.149119
0.502924;0.153381;0.00213077
0.51272;0.160703;0.00213077
0.522355;0.168025;0.00213077
0.50371;0.153381;0.00945312
0.513657;0.160703;0.00945312
0.523095;0.168025;0.00945312
0.505753;0.153381;0.0167755
0.515457;0.160703;0.0167755
0.525005;0.168025;0.0167755
0.527776;0.172287;0.00213077
0.536783;0.179609;0.00213077
0.545648;0.186932;0.00213077
0.528497;0.172287;0.00945312
0.537648;0.179609;0.00945312
0.546331;0.186932;0.00945312
0.530379;0.172287;0.0167755
0.539308;0.179609;0.0167755
0.548099;0.186932;0.0167755
0.507396;0.153381;0.021037
0.517047;0.160703;0.021037
0.526545;0.168025;0.021037
0.510984;0.153381;0.0283594
0.520695;0.160703;0.0283594
0.529913;0.168025;0.0283594
0.515795;0.153381;0.0356817
0.525178;0.160703;0.0356817
0.534423;0.168025;0.0356817
0.53189;0.172287;0.021037
0.540774;0.179609;0.021037
0.549522;0.186932;0.021037
0.535193;0.172287;0.0283594
0.544144;0.179609;0.0283594
0.552637;0.186932;0.0283594
0.539629;0.172287;0.0356817
0.548283;0.179609;0.0356817
0.556813;0.186932;0.0356817
0.550637;0.191193;0.00213077
0.558927;0.198516;0.00213077
0.567094;0.205838;0.00213077
0.551303;0.191193;0.00945312
0.559731;0.198516;0.00945312
0.567728;0.205838;0.00945312
0.553046;0.191193;0.0167755
0.561269;0.198516;0.0167755
0.569372;0.205838;0.0167755
0.571691;0.2101;0.00213077
0.579333;0.217422;0.00213077
0.586869;0.224744;0.00213077
0.57231;0.2101;0.00945312
0.580083;0.217422;0.00945312
0.587461;0.224744;0.00945312
0.573933;0.2101;0.0167755
0.581517;0.217422;0.0167755
0.588997;0.224744;0.0167755
0.554446;0.191193;0.021037
0.56263;0.198516;0.021037
0.570695;0.205838;0.021037
0.557504;0.191193;0.0283594
0.565758;0.198516;0.0283594
0.573592;0.205838;0.0283594
0.561616;0.191193;0.0356817
0.569601;0.198516;0.0356817
0.577478;0.205838;0.0356817
0.575236;0.2101;0.021037
0.582786;0.217422;0.021037
0.590234;0.224744;0.021037
0.578083;0.2101;0.0283594
0.585705;0.217422;0.0283594
0.592941;0.224744;0.0283594
0.581914;0.2101;0.0356817
0.589292;0.217422;0.0356817
0.596576;0.224744;0.0356817
0.51903;0.153381;0.0399433
0.528311;0.160703;0.0399433
0.53746;0.168025;0.0399433
0.52531;0.153381;0.0472656
0.53457;0.160703;0.0472656
0.543364;0.168025;0.0472656
0.532749;0.153381;0.054588
0.541608;0.160703;0.054588
0.550355;0.168025;0.054588
0.542612;0.172287;0.0399433
0.551178;0.179609;0.0399433
0.559626;0.186932;0.0399433
0.548407;0.172287;0.0472656
0.556969;0.179609;0.0472656
0.565097;0.186932;0.0472656
0.555284;0.172287;0.054588
0.563485;0.179609;0.054588
0.571585;0.186932;0.054588
0.537483;0.153381;0.0588495
0.546198;0.160703;0.0588495
0.554811;0.168025;0.0588495
0.546279;0.153381;0.0661719
0.554904;0.160703;0.0661719
0.5631;0.168025;0.0661719
0.556152;0.153381;0.0734942
0.564317;0.160703;0.0734942
0.572406;0.168025;0.0734942
0.559664;0.172287;0.0588495
0.56774;0.179609;0.0588495
0.575723;0.186932;0.0588495
0.567809;0.172287;0.0661719
0.57582;0.179609;0.0661719
0.583426;0.186932;0.0661719
0.576967;0.172287;0.0734942
0.584564;0.179609;0.0734942
0.592088;0.186932;0.0734942
0.564383;0.191193;0.0399433
0.572292;0.198516;0.0399433
0.580097;0.205838;0.0399433
0.56976;0.191193;0.0472656
0.577678;0.198516;0.0472656
0.585193;0.205838;0.0472656
0.576149;0.191193;0.054588
0.58374;0.198516;0.054588
0.591243;0.205838;0.054588
0.584493;0.2101;0.0399433
0.591804;0.217422;0.0399433
0.599026;0.224744;0.0399433
0.589507;0.2101;0.0472656
0.596837;0.217422;0.0472656
0.603795;0.224744;0.0472656
0.59547;0.2101;0.054588
0.602504;0.217422;0.054588
0.609462;0.224744;0.054588
0.58022;0.191193;0.0588495
0.587703;0.198516;0.0588495
0.595103;0.205838;0.0588495
0.587798;0.191193;0.0661719
0.595235;0.198516;0.0661719
0.602295;0.205838;0.0661719
0.59633;0.191193;0.0734942
0.603393;0.198516;0.0734942
0.610392;0.205838;0.0734942
0.599273;0.2101;0.0588495
0.606212;0.217422;0.0588495
0.613079;0.224744;0.0588495
0.606355;0.2101;0.0661719
0.613263;0.217422;0.0661719
0.619823;0.224744;0.0661719
0.614337;0.2101;0.0734942
0.620907;0.217422;0.0734942
0.627422;0.224744;0.0734942
0.591114;0.229006;0.00213077
0.598173;0.236328;0.00213077
0.605144;0.24365;0.00213077
0.591692;0.229006;0.00945312
0.598876;0.236328;0.00945312
0.6057;0.24365;0.00945312
0.59321;0.229006;0.0167755
0.600219;0.236328;0.0167755
0.607141;0.24365;0.0167755
0.609072;0.247912;0.00213077
0.615613;0.255234;0.00213077
0.622081;0.262557;0.00213077
0.609616;0.247912;0.00945312
0.616274;0.255234;0.00945312
0.622606;0.262557;0.00945312
0.611043;0.247912;0.0167755
0.617539;0.255234;0.0167755
0.623964;0.262557;0.0167755
0.594429;0.229006;0.021037
0.601409;0.236328;0.021037
0.608302;0.24365;0.021037
0.597093;0.229006;0.0283594
0.604146;0.236328;0.0283594
0.610845;0.24365;0.0283594
0.60068;0.229006;0.0356817
0.607509;0.236328;0.0356817
0.61426;0.24365;0.0356817
0.612189;0.247912;0.021037
0.618659;0.255234;0.021037
0.62506;0.262557;0.021037
0.614693;0.247912;0.0283594
0.621236;0.255234;0.0283594
0.627459;0.262557;0.0283594
0.618066;0.247912;0.0356817
0.624405;0.255234;0.0356817
0.63068;0.262557;0.0356817
0.62573;0.266818;0.00213077
0.631813;0.274141;0.00213077
0.637838;0.281463;0.00213077
0.626244;0.266818;0.00945312
0.632437;0.274141;0.00945312
0.638336;0.281463;0.00945312
0.62759;0.266818;0.0167755
0.633634;0.274141;0.0167755
0.639622;0.281463;0.0167755
0.641242;0.285725;0.00213077
0.646926;0.293047;0.00213077
0.652566;0.300369;0.00213077
0.64173;0.285725;0.00945312
0.647517;0.293047;0.00945312
0.653041;0.300369;0.00945312
0.643006;0.285725;0.0167755
0.648655;0.293047;0.0167755
0.654263;0.300369;0.0167755
0.628672;0.266818;0.021037
0.634693;0.274141;0.021037
0.640659;0.281463;0.021037
0.631037;0.266818;0.0283594
0.637129;0.274141;0.0283594
0.642933;0.281463;0.0283594
0.634222;0.266818;0.0356817
0.640128;0.274141;0.0356817
0.645985;0.281463;0.0356817
0.644031;0.285725;0.021037
0.649661;0.293047;0.021037
0.655249;0.300369;0.021037
0.646275;0.285725;0.0283594
0.651973;0.293047;0.0283594
0.657414;0.300369;0.0283594
0.649295;0.285725;0.0356817
0.654824;0.293047;0.0356817
0.660317;0.300369;0.0356817
0.603095;0.229006;0.0399433
0.609866;0.236328;0.0399433
0.616562;0.24365;0.0399433
0.607792;0.229006;0.0472656
0.614589;0.236328;0.0472656
0.621046;0.24365;0.0472656
0.613383;0.229006;0.054588
0.619912;0.236328;0.054588
0.626376;0.24365;0.054588
0.620337;0.247912;0.0399433
0.626626;0.255234;0.0399433
0.632853;0.262557;0.0399433
0.624758;0.247912;0.0472656
0.631078;0.255234;0.0472656
0.637088;0.262557;0.0472656
0.630023;0.247912;0.054588
0.636098;0.255234;0.054588
0.642123;0.262557;0.054588
0.61695;0.229006;0.0588495
0.623395;0.236328;0.0588495
0.629781;0.24365;0.0588495
0.623597;0.229006;0.0661719
0.630025;0.236328;0.0661719
0.636131;0.24365;0.0661719
0.631096;0.229006;0.0734942
0.637216;0.236328;0.0734942
0.643291;0.24365;0.0734942
0.633383;0.247912;0.0588495
0.639385;0.255234;0.0588495
0.64534;0.262557;0.0588495
0.639647;0.247912;0.0661719
0.645642;0.255234;0.0661719
0.651344;0.262557;0.0661719
0.64672;0.247912;0.0734942
0.652436;0.255234;0.0734942
0.658118;0.262557;0.0734942
0.636368;0.266818;0.0399433
0.64223;0.274141;0.0399433
0.648044;0.281463;0.0399433
0.640547;0.266818;0.0472656
0.646443;0.274141;0.0472656
0.652061;0.281463;0.0472656
0.645524;0.266818;0.054588
0.651199;0.274141;0.054588
0.656835;0.281463;0.054588
0.651331;0.285725;0.0399433
0.656821;0.293047;0.0399433
0.662277;0.300369;0.0399433
0.655298;0.285725;0.0472656
0.660824;0.293047;0.0472656
0.666101;0.300369;0.0472656
0.660022;0.285725;0.054588
0.665347;0.293047;0.054588
0.670646;0.300369;0.054588
0.648702;0.266818;0.0588495
0.654312;0.274141;0.0588495
0.659887;0.281463;0.0588495
0.654631;0.266818;0.0661719
0.660242;0.274141;0.0661719
0.665588;0.281463;0.0661719
0.661327;0.266818;0.0734942
0.666685;0.274141;0.0734942
0.672019;0.281463;0.0734942
0.66304;0.285725;0.0588495
0.668308;0.293047;0.0588495
0.673554;0.300369;0.0588495
0.668673;0.285725;0.0661719
0.673949;0.293047;0.0661719
0.678987;0.300369;0.0661719
0.675037;0.285725;0.0734942
0.680083;0.293047;0.0734942
0.685117;0.300369;0.0734942
0.562266;0.153381;0.0777558
0.570254;0.160703;0.0777558
0.578176;0.168025;0.0777558
0.573362;0.153381;0.0850781
0.581206;0.160703;0.0850781
0.588663;0.168025;0.0850781
0.585443;0.153381;0.0924005
0.592785;0.160703;0.0924005
0.600086;0.168025;0.0924005
0.582644;0.172287;0.0777558
0.590085;0.179609;0.0777558
0.597463;0.186932;0.0777558
0.592959;0.172287;0.0850781
0.600284;0.179609;0.0850781
0.607242;0.186932;0.0850781
0.604209;0.172287;0.0924005
0.61108;0.179609;0.0924005
0.61791;0.186932;0.0924005
0.592802;0.153381;0.096662
0.599943;0.160703;0.096662
0.607054;0.168025;0.096662
0.605966;0.153381;0.103984
0.612921;0.160703;0.103984
0.619533;0.168025;0.103984
0.620019;0.153381;0.111307
0.626444;0.160703;0.111307
0.632864;0.168025;0.111307
0.611069;0.172287;0.096662
0.617761;0.179609;0.096662
0.624423;0.186932;0.096662
0.623354;0.172287;0.103984
0.629892;0.179609;0.103984
0.6361;0.186932;0.103984
0.636493;0.172287;0.111307
0.642546;0.179609;0.111307
0.648593;0.186932;0.111307
0.601624;0.191193;0.0777558
0.60855;0.198516;0.0777558
0.61542;0.205838;0.0777558
0.61125;0.191193;0.0850781
0.618085;0.198516;0.0850781
0.624574;0.205838;0.0850781
0.621765;0.191193;0.0924005
0.628188;0.198516;0.0924005
0.634574;0.205838;0.0924005
0.619293;0.2101;0.0777558
0.625743;0.217422;0.0777558
0.632144;0.224744;0.0777558
0.628313;0.2101;0.0850781
0.634692;0.217422;0.0850781
0.640748;0.224744;0.0850781
0.638177;0.2101;0.0924005
0.644182;0.217422;0.0924005
0.650155;0.224744;0.0924005
0.628183;0.191193;0.096662
0.634447;0.198516;0.096662
0.640683;0.205838;0.096662
0.639687;0.191193;0.103984
0.645823;0.198516;0.103984
0.651647;0.205838;0.103984
0.652008;0.191193;0.111307
0.657703;0.198516;0.111307
0.663392;0.205838;0.111307
0.644203;0.2101;0.096662
0.650066;0.217422;0.096662
0.655907;0.224744;0.096662
0.655013;0.2101;0.103984
0.660771;0.217422;0.103984
0.666237;0.224744;0.103984
0.666604;0.2101;0.111307
0.671961;0.217422;0.111307
0.677314;0.224744;0.111307
0.628487;0.153381;0.115568
0.634692;0.160703;0.115568
0.640906;0.168025;0.115568
0.643485;0.153381;0.122891
0.649475;0.160703;0.122891
0.655166;0.168025;0.122891
0.659281;0.153381;0.130213
0.664722;0.160703;0.130213
0.670195;0.168025;0.130213
0.644417;0.172287;0.115568
0.650275;0.179609;0.115568
0.656136;0.186932;0.115568
0.658469;0.172287;0.122891
0.664142;0.179609;0.122891
0.669526;0.186932;0.122891
0.673291;0.172287;0.130213
0.678461;0.179609;0.130213
0.683657;0.186932;0.130213
0.668725;0.153381;0.134475
0.673935;0.160703;0.134475
0.67919;0.168025;0.134475
0.685333;0.153381;0.141797
0.690307;0.160703;0.141797
0.695026;0.168025;0.141797
0.702653;0.153381;0.149119
0.707067;0.160703;0.149119
0.711548;0.168025;0.149119
0.682162;0.172287;0.134475
0.687123;0.179609;0.134475
0.692121;0.186932;0.134475
0.697778;0.172287;0.141797
0.702533;0.179609;0.141797
0.707039;0.186932;0.141797
0.714086;0.172287;0.149119
0.718326;0.179609;0.149119
0.722623;0.186932;0.149119
0.659446;0.191193;0.115568
0.664966;0.198516;0.115568
0.670489;0.205838;0.115568
0.672649;0.191193;0.122891
0.678011;0.198516;0.122891
0.683098;0.205838;0.122891
0.686594;0.191193;0.130213
0.691496;0.198516;0.130213
0.696421;0.205838;0.130213
0.673607;0.2101;0.115568
0.678808;0.217422;0.115568
0.684012;0.224744;0.115568
0.686049;0.2101;0.122891
0.691116;0.217422;0.122891
0.695923;0.224744;0.122891
0.699205;0.2101;0.130213
0.703851;0.217422;0.130213
0.708521;0.224744;0.130213
0.694947;0.191193;0.134475
0.699661;0.198516;0.134475
0.704409;0.205838;0.134475
0.709666;0.191193;0.141797
0.714201;0.198516;0.141797
0.718497;0.205838;0.141797
0.725055;0.191193;0.149119
0.729117;0.198516;0.149119
0.733232;0.205838;0.149119
0.707092;0.2101;0.134475
0.71157;0.217422;0.134475
0.71608;0.224744;0.134475
0.721002;0.2101;0.141797
0.725325;0.217422;0.141797
0.729421;0.224744;0.141797
0.73556;0.2101;0.149119
0.739449;0.217422;0.149119
0.743389;0.224744;0.149119
0.635754;0.229006;0.0777558
0.641769;0.236328;0.0777558
0.647744;0.24365;0.0777558
0.644239;0.229006;0.0850781
0.650199;0.236328;0.0850781
0.655861;0.24365;0.0850781
0.653527;0.229006;0.0924005
0.659147;0.236328;0.0924005
0.664744;0.24365;0.0924005
0.651116;0.247912;0.0777558
0.656738;0.255234;0.0777558
0.662331;0.262557;0.0777558
0.659128;0.247912;0.0850781
0.66471;0.255234;0.0850781
0.670019;0.262557;0.0850781
0.667904;0.247912;0.0924005
0.673177;0.255234;0.0924005
0.678436;0.262557;0.0924005
0.659204;0.229006;0.096662
0.664699;0.236328;0.096662
0.670178;0.24365;0.096662
0.669397;0.229006;0.103984
0.674806;0.236328;0.103984
0.679944;0.24365;0.103984
0.680337;0.229006;0.111307
0.685381;0.236328;0.111307
0.690426;0.24365;0.111307
0.673272;0.247912;0.096662
0.678435;0.255234;0.096662
0.683589;0.262557;0.096662
0.682917;0.247912;0.103984
0.688011;0.255234;0.103984
0.692855;0.262557;0.103984
0.693278;0.247912;0.111307
0.698039;0.255234;0.111307
0.702807;0.262557;0.111307
0.665492;0.266818;0.0777558
0.670767;0.274141;0.0777558
0.676023;0.281463;0.0777558
0.673086;0.266818;0.0850781
0.678332;0.274141;0.0850781
0.683331;0.281463;0.0850781
0.681409;0.266818;0.0924005
0.686375;0.274141;0.0924005
0.691336;0.281463;0.0924005
0.678997;0.285725;0.0777558
0.68397;0.293047;0.0777558
0.688934;0.300369;0.0777558
0.686222;0.285725;0.0850781
0.691176;0.293047;0.0850781
0.695908;0.300369;0.0850781
0.694145;0.285725;0.0924005
0.698844;0.293047;0.0924005
0.703548;0.300369;0.0924005
0.686503;0.266818;0.096662
0.691371;0.274141;0.096662
0.696239;0.281463;0.096662
0.695661;0.266818;0.103984
0.700475;0.274141;0.103984
0.705062;0.281463;0.103984
0.705506;0.266818;0.111307
0.710016;0.274141;0.111307
0.714542;0.281463;0.111307
0.698995;0.285725;0.096662
0.703608;0.293047;0.096662
0.70823;0.300369;0.096662
0.707722;0.285725;0.103984
0.712294;0.293047;0.103984
0.71666;0.300369;0.103984
0.717107;0.285725;0.111307
0.721403;0.293047;0.111307
0.725722;0.300369;0.111307
0.686952;0.229006;0.115568
0.691856;0.236328;0.115568
0.696769;0.24365;0.115568
0.698712;0.229006;0.122891
0.703505;0.236328;0.122891
0.708056;0.24365;0.122891
0.711161;0.229006;0.130213
0.715569;0.236328;0.130213
0.720004;0.24365;0.130213
0.699546;0.247912;0.115568
0.704183;0.255234;0.115568
0.708833;0.262557;0.115568
0.710698;0.247912;0.122891
0.715243;0.255234;0.122891
0.719562;0.262557;0.122891
0.722513;0.247912;0.130213
0.726706;0.255234;0.130213
0.73093;0.262557;0.130213
0.718629;0.229006;0.134475
0.722886;0.236328;0.134475
0.727177;0.24365;0.134475
0.73181;0.229006;0.141797
0.735935;0.236328;0.141797
0.739847;0.24365;0.141797
0.745619;0.229006;0.149119
0.749346;0.236328;0.149119
0.753125;0.24365;0.149119
0.729605;0.247912;0.134475
0.733662;0.255234;0.134475
0.737758;0.262557;0.134475
0.742131;0.247912;0.141797
0.746078;0.255234;0.141797
0.749826;0.262557;0.141797
0.755265;0.247912;0.149119
0.758847;0.255234;0.149119
0.762484;0.262557;0.149119
0.711465;0.266818;0.115568
0.715865;0.274141;0.115568
0.720286;0.281463;0.115568
0.722074;0.266818;0.122891
0.726399;0.274141;0.122891
0.730519;0.281463;0.122891
0.733322;0.266818;0.130213
0.737326;0.274141;0.130213
0.741368;0.281463;0.130213
0.722792;0.285725;0.115568
0.726989;0.293047;0.115568
0.731215;0.300369;0.115568
0.732918;0.285725;0.122891
0.737056;0.293047;0.122891
0.741007;0.300369;0.122891
0.74366;0.285725;0.130213
0.747504;0.293047;0.130213
0.751394;0.300369;0.130213
0.740078;0.266818;0.134475
0.743961;0.274141;0.134475
0.747887;0.281463;0.134475
0.752017;0.266818;0.141797
0.755809;0.274141;0.141797
0.759418;0.281463;0.141797
0.764546;0.266818;0.149119
0.768002;0.274141;0.149119
0.77152;0.281463;0.149119
0.750115;0.285725;0.134475
0.753852;0.293047;0.134475
0.757639;0.300369;0.134475
0.76153;0.285725;0.141797
0.765193;0.293047;0.141797
0.76869;0.300369;0.141797
0.773518;0.285725;0.149119
0.776873;0.293047;0.149119
0.780296;0.300369;0.149119
0.623288;0.00213077;0.153381
0.626703;0.00945312;0.153381
0.630527;0.0167755;0.153381
0.652718;0.00213077;0.160703
0.655712;0.00945312;0.160703
0.658688;0.0167755;0.160703
0.682797;0.00213077;0.168025
0.684944;0.00945312;0.168025
0.687488;0.0167755;0.168025
0.632787;0.021037;0.153381
0.636708;0.0283594;0.153381
0.640959;0.0356817;0.153381
0.660571;0.021037;0.160703
0.664065;0.0283594;0.160703
0.667482;0.0356817;0.160703
0.689008;0.021037;0.168025
0.691663;0.0283594;0.168025
0.69465;0.0356817;0.168025
0.700461;0.00213077;0.172287
0.702236;0.00945312;0.172287
0.704415;0.0167755;0.172287
0.731014;0.00213077;0.179609
0.732371;0.00945312;0.179609
0.733712;0.0167755;0.179609
0.762148;0.00213077;0.186932
0.762664;0.00945312;0.186932
0.763574;0.0167755;0.186932
0.70572;0.021037;0.172287
0.708006;0.0283594;0.172287
0.710632;0.0356817;0.172287
0.734644;0.021037;0.179609
0.736509;0.0283594;0.179609
0.738314;0.0356817;0.179609
0.764146;0.021037;0.186932
0.765183;0.0283594;0.186932
0.76656;0.0356817;0.186932
0.643438;0.0399433;0.153381
0.647687;0.0472656;0.153381
0.6522;0.054588;0.153381
0.669591;0.0399433;0.160703
0.673422;0.0472656;0.160703
0.677129;0.054588;0.160703
0.696402;0.0399433;0.168025
0.699418;0.0472656;0.168025
0.702708;0.054588;0.168025
0.654808;0.0588495;0.153381
0.659241;0.0661719;0.153381
0.663887;0.0734942;0.153381
0.679381;0.0588495;0.160703
0.683417;0.0661719;0.160703
0.687293;0.0734942;0.160703
0.704616;0.0588495;0.168025
0.70787;0.0661719;0.168025
0.71135;0.0734942;0.168025
0.712174;0.0399433;0.172287
0.714829;0.0472656;0.172287
0.717769;0.054588;0.172287
0.739491;0.0399433;0.179609
0.741735;0.0472656;0.179609
0.743882;0.054588;0.179609
0.767385;0.0399433;0.186932
0.768826;0.0472656;0.186932
0.770558;0.054588;0.186932
0.719475;0.0588495;0.172287
0.722384;0.0661719;0.172287
0.725531;0.0734942;0.172287
0.745237;0.0588495;0.179609
0.74775;0.0661719;0.179609
0.75014;0.0734942;0.179609
0.771574;0.0588495;0.186932
0.773317;0.0661719;0.186932
0.775312;0.0734942;0.186932
0.780399;0.00213077;0.191193
0.780542;0.00945312;0.191193
0.781087;0.0167755;0.191193
0.811905;0.00213077;0.198516
0.811624;0.00945312;0.198516
0.811337;0.0167755;0.198516
0.843922;0.00213077;0.205838
0.8428;0.00945312;0.205838
0.842076;0.0167755;0.205838
0.781446;0.021037;0.191193
0.782116;0.0283594;0.191193
0.783136;0.0356817;0.191193
0.811324;0.021037;0.198516
0.811572;0.0283594;0.198516
0.811781;0.0356817;0.198516
0.841703;0.021037;0.205838
0.841131;0.0283594;0.205838
0.840909;0.0356817;0.205838
0.862655;0.00213077;0.2101
0.861158;0.00945312;0.2101
0.860068;0.0167755;0.2101
0.894935;0.00213077;0.217422
0.893004;0.00945312;0.217422
0.891084;0.0167755;0.217422
0.927647;0.00213077;0.224744
0.924875;0.00945312;0.224744
0.922509;0.0167755;0.224744
0.859482;0.021037;0.2101
0.858542;0.0283594;0.2101
0.857966;0.0356817;0.2101
0.890126;0.021037;0.217422
0.888759;0.0283594;0.217422
0.887379;0.0356817;0.217422
0.92119;0.021037;0.224744
0.91901;0.0283594;0.224744
0.917195;0.0356817;0.224744
0.783753;0.0399433;0.191193
0.784836;0.0472656;0.191193
0.786224;0.054588;0.191193
0.812036;0.0399433;0.198516
0.812708;0.0472656;0.198516
0.813314;0.054588;0.198516
0.840814;0.0399433;0.205838
0.840694;0.0472656;0.205838
0.840884;0.054588;0.205838
0.787039;0.0588495;0.191193
0.78844;0.0661719;0.191193
0.790105;0.0734942;0.191193
0.813781;0.0588495;0.198516
0.814788;0.0661719;0.198516
0.815706;0.0734942;0.198516
0.841015;0.0588495;0.205838
0.841264;0.0661719;0.205838
0.841786;0.0734942;0.205838
0.857664;0.0399433;0.2101
0.857189;0.0472656;0.2101
0.857037;0.054588;0.2101
0.886717;0.0399433;0.217422
0.885829;0.0472656;0.217422
0.884905;0.054588;0.217422
0.916184;0.0399433;0.224744
0.914514;0.0472656;0.224744
0.913172;0.054588;0.224744
0.85697;0.0588495;0.2101
0.856879;0.0661719;0.2101
0.857074;0.0734942;0.2101
0.884493;0.0588495;0.217422
0.884006;0.0661719;0.217422
0.883467;0.0734942;0.217422
0.912426;0.0588495;0.224744
0.911193;0.0661719;0.224744
0.910256;0.0734942;0.224744
0.666553;0.0777558;0.153381
0.671061;0.0850781;0.153381
0.675738;0.0924005;0.153381
0.689622;0.0777558;0.160703
0.693758;0.0850781;0.160703
0.697709;0.0924005;0.160703
0.713354;0.0777558;0.168025
0.716748;0.0850781;0.168025
0.720329;0.0924005;0.168025
0.67841;0.096662;0.153381
0.682908;0.103984;0.153381
0.687543;0.111307;0.153381
0.700066;0.096662;0.160703
0.704221;0.103984;0.160703
0.708176;0.111307;0.160703
0.72238;0.096662;0.168025
0.725838;0.103984;0.168025
0.729451;0.111307;0.168025
0.727342;0.0777558;0.172287
0.730409;0.0850781;0.172287
0.733676;0.0924005;0.172287
0.751617;0.0777558;0.179609
0.754312;0.0850781;0.179609
0.756862;0.0924005;0.179609
0.776466;0.0777558;0.186932
0.77843;0.0850781;0.186932
0.780608;0.0924005;0.186932
0.735546;0.096662;0.172287
0.738697;0.103984;0.172287
0.742018;0.111307;0.172287
0.758418;0.096662;0.179609
0.761223;0.103984;0.179609
0.763869;0.111307;0.179609
0.78186;0.096662;0.186932
0.783975;0.103984;0.186932
0.786275;0.111307;0.186932
0.690181;0.115568;0.153381
0.694609;0.122891;0.153381
0.699148;0.130213;0.153381
0.710521;0.115568;0.160703
0.714637;0.122891;0.160703
0.718543;0.130213;0.160703
0.731512;0.115568;0.168025
0.734976;0.122891;0.168025
0.738571;0.130213;0.168025
0.701725;0.134475;0.153381
0.706041;0.141797;0.153381
0.710449;0.149119;0.153381
0.72085;0.134475;0.160703
0.724884;0.141797;0.160703
0.728705;0.149119;0.160703
0.740615;0.134475;0.168025
0.744043;0.141797;0.168025
0.747582;0.149119;0.168025
0.743911;0.115568;0.172287
0.747089;0.122891;0.172287
0.750412;0.130213;0.172287
0.765468;0.115568;0.179609
0.768328;0.122891;0.179609
0.77102;0.130213;0.179609
0.787591;0.115568;0.186932
0.789804;0.122891;0.186932
0.792179;0.130213;0.186932
0.7523;0.134475;0.172287
0.755464;0.141797;0.172287
0.758753;0.149119;0.172287
0.772637;0.134475;0.179609
0.77551;0.141797;0.179609
0.778212;0.149119;0.179609
0.793531;0.134475;0.186932
0.795801;0.141797;0.186932
0.798214;0.149119;0.186932
0.79107;0.0777558;0.191193
0.792708;0.0850781;0.191193
0.794575;0.0924005;0.191193
0.81634;0.0777558;0.198516
0.817605;0.0850781;0.198516
0.818764;0.0924005;0.198516
0.842099;0.0777558;0.205838
0.842645;0.0850781;0.205838
0.843431;0.0924005;0.205838
0.795647;0.096662;0.191193
0.797457;0.103984;0.191193
0.799466;0.111307;0.191193
0.819525;0.096662;0.198516
0.820985;0.103984;0.198516
0.822328;0.111307;0.198516
0.843889;0.096662;0.205838
0.84467;0.103984;0.205838
0.845664;0.111307;0.205838
0.857199;0.0777558;0.2101
0.857422;0.0850781;0.2101
0.8579;0.0924005;0.2101
0.883264;0.0777558;0.217422
0.883112;0.0850781;0.217422
0.882894;0.0924005;0.217422
0.909736;0.0777558;0.224744
0.908876;0.0850781;0.224744
0.908282;0.0924005;0.224744
0.85818;0.096662;0.2101
0.858657;0.103984;0.2101
0.859362;0.111307;0.2101
0.882865;0.096662;0.217422
0.882991;0.103984;0.217422
0.88304;0.111307;0.217422
0.907955;0.096662;0.224744
0.907413;0.103984;0.224744
0.907112;0.111307;0.224744
0.800613;0.115568;0.191193
0.802541;0.122891;0.191193
0.804644;0.130213;0.191193
0.823183;0.115568;0.198516
0.824788;0.122891;0.198516
0.826267;0.130213;0.198516
0.846236;0.115568;0.205838
0.847203;0.122891;0.205838
0.84836;0.130213;0.205838
0.805841;0.134475;0.191193
0.807846;0.141797;0.191193
0.810007;0.149119;0.191193
0.827192;0.134475;0.198516
0.828901;0.141797;0.198516
0.83048;0.149119;0.198516
0.849021;0.134475;0.205838
0.850134;0.141797;0.205838
0.851418;0.149119;0.205838
0.859768;0.115568;0.2101
0.86045;0.122891;0.2101
0.861337;0.130213;0.2101
0.883156;0.115568;0.217422
0.883512;0.122891;0.217422
0.883784;0.130213;0.217422
0.906947;0.115568;0.224744
0.906677;0.122891;0.224744
0.906624;0.130213;0.224744
0.861843;0.134475;0.2101
0.862692;0.141797;0.2101
0.863725;0.149119;0.2101
0.884021;0.134475;0.217422
0.884568;0.141797;0.217422
0.885027;0.149119;0.217422
0.906599;0.134475;0.224744
0.906561;0.141797;0.224744
0.90672;0.149119;0.224744
0.946751;0.00213077;0.229006
0.9436;0.00945312;0.229006
0.940867;0.0167755;0.229006
0.979608;0.00213077;0.236328
0.976012;0.00945312;0.236328
0.972452;0.0167755;0.236328
1.01281;0.00213077;0.24365
1.00838;0.00945312;0.24365
1.00436;0.0167755;0.24365
0.939335;0.021037;0.229006
0.936787;0.0283594;0.229006
0.934617;0.0356817;0.229006
0.970548;0.021037;0.236328
0.967566;0.0283594;0.236328
0.964601;0.0356817;0.236328
1.00209;0.021037;0.24365
0.998307;0.0283594;0.24365
0.994903;0.0356817;0.24365
1.03216;0.00213077;0.247912
1.02735;0.00945312;0.247912
1.02297;0.0167755;0.247912
1.06538;0.00213077;0.255234
1.06011;0.00945312;0.255234
1.05491;0.0167755;0.255234
1.09886;0.00213077;0.262557
1.09275;0.00945312;0.262557
1.08709;0.0167755;0.262557
1.02049;0.021037;0.247912
1.01633;0.0283594;0.247912
1.01257;0.0356817;0.247912
1.05206;0.021037;0.255234
1.04746;0.0283594;0.255234
1.04292;0.0356817;0.255234
1.08387;0.021037;0.262557
1.07849;0.0283594;0.262557
1.0735;0.0356817;0.262557
0.933401;0.0399433;0.229006
0.931377;0.0472656;0.229006
0.929696;0.054588;0.229006
0.963027;0.0399433;0.236328
0.960586;0.0472656;0.236328
0.958145;0.054588;0.236328
0.992982;0.0399433;0.24365
0.98977;0.0472656;0.24365
0.986908;0.054588;0.24365
0.928754;0.0588495;0.229006
0.927184;0.0661719;0.229006
0.925923;0.0734942;0.229006
0.956861;0.0588495;0.236328
0.954893;0.0661719;0.236328
0.95291;0.0734942;0.236328
0.985293;0.0588495;0.24365
0.982593;0.0661719;0.24365
0.98021;0.0734942;0.24365
1.01045;0.0399433;0.247912
1.00689;0.0472656;0.247912
1.00369;0.054588;0.247912
1.04044;0.0399433;0.255234
1.03646;0.0472656;0.255234
1.03251;0.054588;0.255234
1.07068;0.0399433;0.262557
1.06594;0.0472656;0.262557
1.06157;0.054588;0.262557
1.00188;0.0588495;0.247912
0.998843;0.0661719;0.247912
0.996143;0.0734942;0.247912
1.03037;0.0588495;0.255234
1.02693;0.0661719;0.255234
1.02353;0.0734942;0.255234
1.05909;0.0588495;0.262557
1.05495;0.0661719;0.262557
1.05114;0.0734942;0.262557
1.11833;0.00213077;0.266818
1.11184;0.00945312;0.266818
1.10581;0.0167755;0.266818
1.15168;0.00213077;0.274141
1.14474;0.00945312;0.274141
1.13789;0.0167755;0.274141
1.18519;0.00213077;0.281463
1.17742;0.00945312;0.281463
1.17011;0.0167755;0.281463
1.10239;0.021037;0.266818
1.09663;0.0283594;0.266818
1.0913;0.0356817;0.266818
1.1341;0.021037;0.274141
1.1279;0.0283594;0.274141
1.1218;0.0356817;0.274141
1.16596;0.021037;0.281463
1.15898;0.0283594;0.281463
1.15243;0.0356817;0.281463
1.20464;0.00213077;0.285725
1.19649;0.00945312;0.285725
1.18882;0.0167755;0.285725
1.23789;0.00213077;0.293047
1.22928;0.00945312;0.293047
1.22081;0.0167755;0.293047
1.27118;0.00213077;0.300369
1.26177;0.00945312;0.300369
1.25283;0.0167755;0.300369
1.18446;0.021037;0.285725
1.17712;0.0283594;0.285725
1.17023;0.0356817;0.285725
1.21608;0.021037;0.293047
1.2083;0.0283594;0.293047
1.20066;0.0356817;0.293047
1.24775;0.021037;0.300369
1.23922;0.0283594;0.300369
1.23113;0.0356817;0.300369
1.08827;0.0399433;0.266818
1.08318;0.0472656;0.266818
1.07848;0.054588;0.266818
1.11842;0.0399433;0.274141
1.11291;0.0472656;0.274141
1.10748;0.054588;0.274141
1.14871;0.0399433;0.281463
1.14247;0.0472656;0.281463
1.13662;0.054588;0.281463
1.07582;0.0588495;0.266818
1.07134;0.0661719;0.266818
1.06722;0.0734942;0.266818
1.10448;0.0588495;0.274141
1.09961;0.0661719;0.274141
1.0948;0.0734942;0.274141
1.1333;0.0588495;0.281463
1.12773;0.0661719;0.281463
1.12252;0.0734942;0.281463
1.16631;0.0399433;0.285725
1.15972;0.0472656;0.285725
1.15355;0.054588;0.285725
1.19639;0.0399433;0.293047
1.18939;0.0472656;0.293047
1.1825;0.054588;0.293047
1.22653;0.0399433;0.300369
1.21881;0.0472656;0.300369
1.21151;0.054588;0.300369
1.15004;0.0588495;0.285725
1.14414;0.0661719;0.285725
1.13863;0.0734942;0.285725
1.17867;0.0588495;0.293047
1.17238;0.0661719;0.293047
1.1662;0.0734942;0.293047
1.20736;0.0588495;0.300369
1.2004;0.0661719;0.300369
1.19382;0.0734942;0.300369
0.925217;0.0777558;0.229006
0.924038;0.0850781;0.229006
0.92314;0.0924005;0.229006
0.95188;0.0777558;0.236328
0.950325;0.0850781;0.236328
0.948744;0.0924005;0.236328
0.978866;0.0777558;0.24365
0.976619;0.0850781;0.24365
0.974661;0.0924005;0.24365
0.922636;0.096662;0.229006
0.921794;0.103984;0.229006
0.921206;0.111307;0.229006
0.947935;0.096662;0.236328
0.94674;0.103984;0.236328
0.94551;0.111307;0.236328
0.973556;0.096662;0.24365
0.971709;0.103984;0.24365
0.970127;0.111307;0.24365
0.994614;0.0777558;0.247912
0.992051;0.0850781;0.247912
0.989793;0.0924005;0.247912
1.02168;0.0777558;0.255234
1.01874;0.0850781;0.255234
1.01581;0.0924005;0.255234
1.04898;0.0777558;0.262557
1.04537;0.0850781;0.262557
1.04207;0.0924005;0.262557
0.988515;0.096662;0.247912
0.986372;0.103984;0.247912
0.984507;0.111307;0.247912
1.01424;0.096662;0.255234
1.01174;0.103984;0.255234
1.00925;0.111307;0.255234
1.0402;0.096662;0.262557
1.03707;0.103984;0.262557
1.03422;0.111307;0.262557
0.920877;0.115568;0.229006
0.920325;0.122891;0.229006
0.920004;0.130213;0.229006
0.944894;0.115568;0.236328
0.944014;0.122891;0.236328
0.943091;0.130213;0.236328
0.969234;0.115568;0.24365
0.967743;0.122891;0.24365
0.966493;0.130213;0.24365
0.919826;0.134475;0.229006
0.919525;0.141797;0.229006
0.919437;0.149119;0.229006
0.942646;0.134475;0.236328
0.942042;0.141797;0.236328
0.941391;0.149119;0.236328
0.965789;0.134475;0.24365
0.964614;0.141797;0.24365
0.963661;0.149119;0.24365
0.983452;0.115568;0.247912
0.981683;0.122891;0.247912
0.98017;0.130213;0.247912
1.00791;0.115568;0.255234
1.00581;0.122891;0.255234
1.00371;0.130213;0.255234
1.03261;0.115568;0.262557
1.02992;0.122891;0.262557
1.0275;0.130213;0.262557
0.979315;0.134475;0.247912
0.977881;0.141797;0.247912
0.976684;0.149119;0.247912
1.0026;0.134475;0.255234
1.00086;0.141797;0.255234
0.999115;0.149119;0.255234
1.02612;0.134475;0.262557
1.02383;0.141797;0.262557
1.02179;0.149119;0.262557
1.06488;0.0777558;0.266818
1.06096;0.0850781;0.266818
1.05736;0.0924005;0.266818
1.09215;0.0777558;0.274141
1.08785;0.0850781;0.274141
1.0836;0.0924005;0.274141
1.11956;0.0777558;0.281463
1.11461;0.0850781;0.281463
1.10999;0.0924005;0.281463
1.05532;0.096662;0.266818
1.0519;0.103984;0.266818
1.04878;0.111307;0.266818
1.08127;0.096662;0.274141
1.07749;0.103984;0.274141
1.07377;0.111307;0.274141
1.10737;0.096662;0.281463
1.10299;0.103984;0.281463
1.09891;0.111307;0.281463
1.1355;0.0777558;0.285725
1.13024;0.0850781;0.285725
1.12533;0.0924005;0.285725
1.16276;0.0777558;0.293047
1.15713;0.0850781;0.293047
1.1516;0.0924005;0.293047
1.19009;0.0777558;0.300369
1.18383;0.0850781;0.300369
1.17793;0.0924005;0.300369
1.12255;0.096662;0.285725
1.11788;0.103984;0.285725
1.11354;0.111307;0.285725
1.14853;0.096662;0.293047
1.14351;0.103984;0.293047
1.13859;0.111307;0.293047
1.17459;0.096662;0.300369
1.16898;0.103984;0.300369
1.16371;0.111307;0.300369
1.04701;0.115568;0.266818
1.04405;0.122891;0.266818
1.04136;0.130213;0.266818
1.07173;0.115568;0.274141
1.06844;0.122891;0.274141
1.06519;0.130213;0.274141
1.0966;0.115568;0.281463
1.09274;0.122891;0.281463
1.08916;0.130213;0.281463
1.03985;0.134475;0.266818
1.0373;0.141797;0.266818
1.03501;0.149119;0.266818
1.06341;0.134475;0.274141
1.06056;0.141797;0.274141
1.05775;0.149119;0.274141
1.08714;0.134475;0.281463
1.08376;0.141797;0.281463
1.08064;0.149119;0.281463
1.11107;0.115568;0.285725
1.10694;0.122891;0.285725
1.10312;0.130213;0.285725
1.13586;0.115568;0.293047
1.1314;0.122891;0.293047
1.12703;0.130213;0.293047
1.16072;0.115568;0.300369
1.15572;0.122891;0.300369
1.15103;0.130213;0.300369
1.10095;0.134475;0.285725
1.09732;0.141797;0.285725
1.09397;0.149119;0.285725
1.12462;0.134475;0.293047
1.12069;0.141797;0.293047
1.11683;0.149119;0.293047
1.14837;0.134475;0.300369
1.14393;0.141797;0.300369
1.13978;0.149119;0.300369
0.712947;0.153381;0.153381
0.717124;0.160703;0.153381
0.721379;0.168025;0.153381
0.730955;0.153381;0.160703
0.73488;0.160703;0.160703
0.738592;0.168025;0.160703
0.749591;0.153381;0.168025
0.752954;0.160703;0.168025
0.756415;0.168025;0.168025
0.723788;0.172287;0.153381
0.727811;0.179609;0.153381
0.731903;0.186932;0.153381
0.740775;0.172287;0.160703
0.744575;0.179609;0.160703
0.748167;0.186932;0.160703
0.758376;0.172287;0.168025
0.761657;0.179609;0.168025
0.765025;0.186932;0.168025
0.760619;0.153381;0.172287
0.763739;0.160703;0.172287
0.76697;0.168025;0.172287
0.779828;0.153381;0.179609
0.782686;0.160703;0.179609
0.785372;0.168025;0.179609
0.799585;0.153381;0.186932
0.801883;0.160703;0.186932
0.804307;0.168025;0.186932
0.7688;0.172287;0.172287
0.771859;0.179609;0.172287
0.775017;0.186932;0.172287
0.786972;0.172287;0.179609
0.789796;0.179609;0.179609
0.79245;0.186932;0.179609
0.805684;0.172287;0.186932
0.807988;0.179609;0.186932
0.810408;0.186932;0.186932
0.734219;0.191193;0.153381
0.738084;0.198516;0.153381
0.742013;0.205838;0.153381
0.750277;0.191193;0.160703
0.753946;0.198516;0.160703
0.757414;0.205838;0.160703
0.766933;0.191193;0.168025
0.770123;0.198516;0.168025
0.773395;0.205838;0.168025
0.744235;0.2101;0.153381
0.747946;0.217422;0.153381
0.751718;0.224744;0.153381
0.75945;0.2101;0.160703
0.76299;0.217422;0.160703
0.766338;0.224744;0.160703
0.775247;0.2101;0.168025
0.778346;0.217422;0.168025
0.781523;0.224744;0.168025
0.776805;0.191193;0.172287
0.779793;0.198516;0.172287
0.782873;0.205838;0.172287
0.794029;0.191193;0.179609
0.796808;0.198516;0.179609
0.799423;0.205838;0.179609
0.811781;0.191193;0.186932
0.81408;0.198516;0.186932
0.816487;0.205838;0.186932
0.784617;0.2101;0.172287
0.787532;0.217422;0.172287
0.790535;0.224744;0.172287
0.800976;0.2101;0.179609
0.803708;0.217422;0.179609
0.806282;0.224744;0.179609
0.817853;0.2101;0.186932
0.82014;0.217422;0.186932
0.822532;0.224744;0.186932
0.811234;0.153381;0.191193
0.813287;0.160703;0.191193
0.81548;0.168025;0.191193
0.831456;0.153381;0.198516
0.833238;0.160703;0.198516
0.83489;0.168025;0.198516
0.852149;0.153381;0.205838
0.853377;0.160703;0.205838
0.85476;0.168025;0.205838
0.816724;0.172287;0.191193
0.818803;0.179609;0.191193
0.821011;0.186932;0.191193
0.835903;0.172287;0.198516
0.837739;0.179609;0.198516
0.839444;0.186932;0.198516
0.855548;0.172287;0.205838
0.856868;0.179609;0.205838
0.858332;0.186932;0.205838
0.864312;0.153381;0.2101
0.865296;0.160703;0.2101
0.866447;0.168025;0.2101
0.885365;0.153381;0.217422
0.886073;0.160703;0.217422
0.886691;0.168025;0.217422
0.906815;0.153381;0.224744
0.906977;0.160703;0.224744
0.907321;0.168025;0.224744
0.867102;0.172287;0.2101
0.868197;0.179609;0.2101
0.869448;0.186932;0.2101
0.887114;0.172287;0.217422
0.88796;0.179609;0.217422
0.888715;0.186932;0.217422
0.907521;0.172287;0.224744
0.90786;0.179609;0.224744
0.908367;0.186932;0.224744
0.822262;0.191193;0.191193
0.824355;0.198516;0.191193
0.826569;0.205838;0.191193
0.840484;0.191193;0.198516
0.84236;0.198516;0.198516
0.844107;0.205838;0.198516
0.859165;0.191193;0.205838
0.860563;0.198516;0.205838
0.862095;0.205838;0.205838
0.827823;0.2101;0.191193
0.829924;0.217422;0.191193
0.832139;0.224744;0.191193
0.845169;0.2101;0.198516
0.847078;0.217422;0.198516
0.848863;0.224744;0.198516
0.862967;0.2101;0.205838
0.864433;0.217422;0.205838
0.866029;0.224744;0.205838
0.870159;0.191193;0.2101
0.87135;0.198516;0.2101
0.872688;0.205838;0.2101
0.889214;0.191193;0.217422
0.890181;0.198516;0.217422
0.891058;0.205838;0.217422
0.908659;0.191193;0.224744
0.909156;0.198516;0.224744
0.909812;0.205838;0.224744
0.873448;0.2101;0.2101
0.874726;0.217422;0.2101
0.876143;0.224744;0.2101
0.891625;0.2101;0.217422
0.892704;0.217422;0.217422
0.893695;0.224744;0.217422
0.91019;0.2101;0.224744
0.910832;0.217422;0.224744
0.911627;0.224744;0.224744
0.753853;0.229006;0.153381
0.75742;0.236328;0.153381
0.761047;0.24365;0.153381
0.768304;0.229006;0.160703
0.771724;0.236328;0.160703
0.774962;0.24365;0.160703
0.783323;0.229006;0.168025
0.786337;0.236328;0.168025
0.789428;0.24365;0.168025
0.763102;0.247912;0.153381
0.766539;0.255234;0.153381
0.77004;0.262557;0.153381
0.776865;0.247912;0.160703
0.780178;0.255234;0.160703
0.78332;0.262557;0.160703
0.791181;0.247912;0.168025
0.794119;0.255234;0.168025
0.797138;0.262557;0.168025
0.792237;0.229006;0.172287
0.795084;0.236328;0.172287
0.798018;0.24365;0.172287
0.80781;0.229006;0.179609
0.810498;0.236328;0.179609
0.813036;0.24365;0.179609
0.823891;0.229006;0.186932
0.826169;0.236328;0.186932
0.828549;0.24365;0.186932
0.799682;0.247912;0.172287
0.80247;0.255234;0.172287
0.805347;0.262557;0.172287
0.814544;0.247912;0.179609
0.817197;0.255234;0.179609
0.819708;0.262557;0.179609
0.829903;0.247912;0.186932
0.832177;0.255234;0.186932
0.834555;0.262557;0.186932
0.772026;0.266818;0.153381
0.775353;0.274141;0.153381
0.778748;0.281463;0.153381
0.785169;0.266818;0.160703
0.788393;0.274141;0.160703
0.791459;0.281463;0.160703
0.798852;0.266818;0.168025
0.801731;0.274141;0.168025
0.804694;0.281463;0.168025
0.780677;0.285725;0.153381
0.783918;0.293047;0.153381
0.787231;0.300369;0.153381
0.793266;0.285725;0.160703
0.796422;0.293047;0.160703
0.799433;0.300369;0.160703
0.806381;0.285725;0.168025
0.809219;0.293047;0.168025
0.812148;0.300369;0.168025
0.806981;0.266818;0.172287
0.809726;0.274141;0.172287
0.812561;0.281463;0.172287
0.821202;0.266818;0.179609
0.823832;0.274141;0.179609
0.826331;0.281463;0.179609
0.835909;0.266818;0.186932
0.83819;0.274141;0.186932
0.840578;0.281463;0.186932
0.814176;0.285725;0.172287
0.816894;0.293047;0.172287
0.819708;0.300369;0.172287
0.827819;0.285725;0.179609
0.830445;0.293047;0.179609
0.832948;0.300369;0.179609
0.841941;0.285725;0.186932
0.844243;0.293047;0.186932
0.846658;0.300369;0.186932
0.833397;0.229006;0.191193
0.835505;0.236328;0.191193
0.837725;0.24365;0.191193
0.849944;0.229006;0.198516
0.851885;0.236328;0.198516
0.853707;0.24365;0.198516
0.866938;0.229006;0.205838
0.868469;0.236328;0.205838
0.870127;0.24365;0.205838
0.838987;0.247912;0.191193
0.841108;0.255234;0.191193
0.843341;0.262557;0.191193
0.85481;0.247912;0.198516
0.856787;0.255234;0.198516
0.858652;0.262557;0.198516
0.871073;0.247912;0.205838
0.872671;0.255234;0.205838
0.874396;0.262557;0.205838
0.876951;0.229006;0.2101
0.87831;0.236328;0.2101
0.879806;0.24365;0.2101
0.894326;0.229006;0.217422
0.895511;0.236328;0.217422
0.896612;0.24365;0.217422
0.912085;0.229006;0.224744
0.912867;0.236328;0.224744
0.913797;0.24365;0.224744
0.88066;0.247912;0.2101
0.882103;0.255234;0.2101
0.883681;0.262557;0.2101
0.897306;0.247912;0.217422
0.898599;0.255234;0.217422
0.89981;0.262557;0.217422
0.914334;0.247912;0.224744
0.915252;0.255234;0.224744
0.916319;0.262557;0.224744
0.844613;0.266818;0.191193
0.846755;0.274141;0.191193
0.849013;0.281463;0.191193
0.859781;0.266818;0.198516
0.861802;0.274141;0.198516
0.863719;0.281463;0.198516
0.875382;0.266818;0.205838
0.877054;0.274141;0.205838
0.878854;0.281463;0.205838
0.850302;0.285725;0.191193
0.85248;0.293047;0.191193
0.854777;0.300369;0.191193
0.86488;0.285725;0.198516
0.866959;0.293047;0.198516
0.86894;0.300369;0.198516
0.879887;0.285725;0.205838
0.881641;0.293047;0.205838
0.88353;0.300369;0.205838
0.884585;0.266818;0.2101
0.886115;0.274141;0.2101
0.887784;0.281463;0.2101
0.90057;0.266818;0.217422
0.901975;0.274141;0.217422
0.903302;0.281463;0.217422
0.916936;0.266818;0.224744
0.917993;0.274141;0.224744
0.919201;0.281463;0.224744
0.888742;0.285725;0.2101
0.89037;0.293047;0.2101
0.89214;0.300369;0.2101
0.904131;0.285725;0.217422
0.905658;0.293047;0.217422
0.90711;0.300369;0.217422
0.919901;0.285725;0.224744
0.921103;0.293047;0.224744
0.922462;0.300369;0.224744
0.919389;0.153381;0.229006
0.919308;0.160703;0.229006
0.919423;0.168025;0.229006
0.941096;0.153381;0.236328
0.940737;0.160703;0.236328
0.940328;0.168025;0.236328
0.963125;0.153381;0.24365
0.962234;0.160703;0.24365
0.961548;0.168025;0.24365
0.91949;0.172287;0.229006
0.919605;0.179609;0.229006
0.919901;0.186932;0.229006
0.940167;0.172287;0.236328
0.940028;0.179609;0.236328
0.939838;0.186932;0.236328
0.961166;0.172287;0.24365
0.960532;0.179609;0.24365
0.960091;0.186932;0.24365
0.976008;0.153381;0.247912
0.974877;0.160703;0.247912
0.973966;0.168025;0.247912
0.998196;0.153381;0.255234
0.996785;0.160703;0.255234
0.995364;0.168025;0.255234
1.02063;0.153381;0.262557
1.0187;0.160703;0.262557
1.01701;0.168025;0.262557
0.973453;0.172287;0.247912
0.972597;0.179609;0.247912
0.971948;0.186932;0.247912
0.994627;0.172287;0.255234
0.993516;0.179609;0.255234
0.992394;0.186932;0.255234
1.01605;0.172287;0.262557
1.01446;0.179609;0.262557
1.01309;0.186932;0.262557
0.920072;0.191193;0.229006
0.920363;0.198516;0.229006
0.920825;0.205838;0.229006
0.939799;0.191193;0.236328
0.939861;0.198516;0.236328
0.939872;0.205838;0.236328
0.959847;0.191193;0.24365
0.959451;0.198516;0.24365
0.959236;0.205838;0.24365
0.921091;0.2101;0.229006
0.921545;0.217422;0.229006
0.922163;0.224744;0.229006
0.939946;0.2101;0.236328
0.940197;0.217422;0.236328
0.940396;0.224744;0.236328
0.959122;0.2101;0.24365
0.958948;0.217422;0.24365
0.958947;0.224744;0.24365
0.971585;0.191193;0.247912
0.970984;0.198516;0.247912
0.970578;0.205838;0.247912
0.991824;0.191193;0.255234
0.990993;0.198516;0.255234
0.990148;0.205838;0.255234
1.01232;0.191193;0.262557
1.01104;0.198516;0.262557
1.00997;0.205838;0.262557
0.970356;0.2101;0.247912
0.969994;0.217422;0.247912
0.969819;0.224744;0.247912
0.989736;0.2101;0.255234
0.989168;0.217422;0.255234
0.988586;0.224744;0.255234
1.00937;0.2101;0.262557
1.00839;0.217422;0.262557
1.00761;0.224744;0.262557
1.03372;0.153381;0.266818
1.03156;0.160703;0.266818
1.02964;0.168025;0.266818
1.05622;0.153381;0.274141
1.05378;0.160703;0.274141
1.05137;0.168025;0.274141
1.07888;0.153381;0.281463
1.07595;0.160703;0.281463
1.07326;0.168025;0.281463
1.02856;0.172287;0.266818
1.02675;0.179609;0.266818
1.02517;0.186932;0.266818
1.05006;0.172287;0.274141
1.048;0.179609;0.274141
1.04597;0.186932;0.274141
1.07175;0.172287;0.281463
1.06923;0.179609;0.281463
1.06694;0.186932;0.281463
1.09208;0.153381;0.285725
1.08892;0.160703;0.285725
1.08602;0.168025;0.285725
1.11471;0.153381;0.293047
1.11127;0.160703;0.293047
1.1079;0.168025;0.293047
1.13744;0.153381;0.300369
1.13353;0.160703;0.300369
1.12988;0.168025;0.300369
1.08438;0.172287;0.285725
1.08165;0.179609;0.285725
1.07916;0.186932;0.285725
1.10605;0.172287;0.293047
1.10306;0.179609;0.293047
1.10015;0.186932;0.293047
1.12783;0.172287;0.300369
1.12441;0.179609;0.300369
1.12124;0.186932;0.300369
1.02429;0.191193;0.266818
1.02281;0.198516;0.266818
1.02155;0.205838;0.266818
1.04488;0.191193;0.274141
1.04317;0.198516;0.274141
1.04149;0.205838;0.274141
1.06566;0.191193;0.281463
1.06352;0.198516;0.281463
1.06162;0.205838;0.281463
1.02085;0.2101;0.266818
1.01969;0.217422;0.266818
1.01873;0.224744;0.266818
1.0406;0.2101;0.274141
1.03923;0.217422;0.274141
1.03789;0.224744;0.274141
1.06055;0.2101;0.281463
1.05879;0.217422;0.281463
1.05724;0.224744;0.281463
1.07777;0.191193;0.285725
1.07544;0.198516;0.285725
1.07335;0.205838;0.285725
1.09856;0.191193;0.293047
1.096;0.198516;0.293047
1.09351;0.205838;0.293047
1.11946;0.191193;0.300369
1.1165;0.198516;0.300369
1.11378;0.205838;0.300369
1.07218;0.2101;0.285725
1.07024;0.217422;0.285725
1.06853;0.224744;0.285725
1.09216;0.2101;0.293047
1.09001;0.217422;0.293047
1.08793;0.224744;0.293047
1.11226;0.2101;0.300369
1.10975;0.217422;0.300369
1.10746;0.224744;0.300369
0.92252;0.229006;0.229006
0.923129;0.236328;0.229006
0.923899;0.24365;0.229006
0.940578;0.229006;0.236328
0.941008;0.236328;0.236328
0.941389;0.24365;0.236328
0.958957;0.229006;0.24365
0.958994;0.236328;0.24365
0.9592;0.24365;0.24365
0.924344;0.247912;0.229006
0.925106;0.255234;0.229006
0.926027;0.262557;0.229006
0.941676;0.247912;0.236328
0.942284;0.255234;0.236328
0.942843;0.262557;0.236328
0.95933;0.247912;0.24365
0.959573;0.255234;0.24365
0.959983;0.262557;0.24365
0.969729;0.229006;0.247912
0.969595;0.236328;0.247912
0.969643;0.24365;0.247912
0.988324;0.229006;0.255234
0.988009;0.236328;0.255234
0.987679;0.24365;0.255234
1.00718;0.229006;0.262557
1.00648;0.236328;0.262557
1.00597;0.24365;0.262557
0.969682;0.247912;0.247912
0.96977;0.255234;0.247912
0.970037;0.262557;0.247912
0.987562;0.247912;0.255234
0.987493;0.255234;0.255234
0.987408;0.262557;0.255234
1.0057;0.247912;0.262557
1.00528;0.255234;0.262557
1.00505;0.262557;0.262557
0.92656;0.266818;0.229006
0.927477;0.274141;0.229006
0.928553;0.281463;0.229006
0.943234;0.266818;0.236328
0.944021;0.274141;0.236328
0.94476;0.281463;0.236328
0.960231;0.266818;0.24365
0.960679;0.274141;0.24365
0.961296;0.281463;0.24365
0.929178;0.285725;0.229006
0.930255;0.293047;0.229006
0.931495;0.300369;0.229006
0.945258;0.285725;0.236328
0.94623;0.293047;0.236328
0.947154;0.300369;0.236328
0.961664;0.285725;0.24365
0.962319;0.293047;0.24365
0.963149;0.300369;0.24365
0.970203;0.266818;0.247912
0.97051;0.274141;0.247912
0.970998;0.281463;0.247912
0.987435;0.266818;0.255234
0.98761;0.274141;0.255234
0.987769;0.281463;0.255234
1.00493;0.266818;0.262557
1.00478;0.274141;0.262557
1.00482;0.281463;0.262557
0.971293;0.285725;0.247912
0.971822;0.293047;0.247912
0.972536;0.300369;0.247912
0.987939;0.285725;0.255234
0.988363;0.293047;0.255234
0.988766;0.300369;0.255234
1.00486;0.285725;0.262557
1.00498;0.293047;0.262557
1.00528;0.300369;0.262557
1.0182;0.229006;0.266818
1.01734;0.236328;0.266818
1.01668;0.24365;0.266818
1.03719;0.229006;0.274141
1.03615;0.236328;0.274141
1.03512;0.24365;0.274141
1.05638;0.229006;0.281463
1.05497;0.236328;0.281463
1.05376;0.24365;0.281463
1.01632;0.247912;0.266818
1.01575;0.255234;0.266818
1.01537;0.262557;0.266818
1.03461;0.247912;0.274141
1.03388;0.255234;0.274141
1.03317;0.262557;0.274141
1.0531;0.247912;0.281463
1.05204;0.255234;0.281463
1.05117;0.262557;0.281463
1.06757;0.229006;0.285725
1.066;0.236328;0.285725
1.06465;0.24365;0.285725
1.08681;0.229006;0.293047
1.08506;0.236328;0.293047
1.08336;0.24365;0.293047
1.10618;0.229006;0.300369
1.10409;0.236328;0.300369
1.10221;0.24365;0.300369
1.0639;0.247912;0.285725
1.06269;0.255234;0.285725
1.06169;0.262557;0.285725
1.08247;0.247912;0.293047
1.08109;0.255234;0.293047
1.07978;0.262557;0.293047
1.10117;0.247912;0.300369
1.09949;0.255234;0.300369
1.09801;0.262557;0.300369
1.01518;0.266818;0.266818
1.01489;0.274141;0.266818
1.0148;0.281463;0.266818
1.03284;0.266818;0.274141
1.03241;0.274141;0.274141
1.03201;0.281463;0.274141
1.0507;0.266818;0.281463
1.04997;0.274141;0.281463
1.04944;0.281463;0.281463
1.01477;0.285725;0.266818
1.01476;0.293047;0.266818
1.01496;0.300369;0.266818
1.03186;0.285725;0.274141
1.03174;0.293047;0.274141
1.03164;0.300369;0.274141
1.04916;0.285725;0.281463
1.04876;0.293047;0.281463
1.04856;0.300369;0.281463
1.06114;0.266818;0.285725
1.06028;0.274141;0.285725
1.05962;0.281463;0.285725
1.0791;0.266818;0.293047
1.0781;0.274141;0.293047
1.07715;0.281463;0.293047
1.09721;0.266818;0.300369
1.09592;0.274141;0.300369
1.09484;0.281463;0.300369
1.05928;0.285725;0.285725
1.05876;0.293047;0.285725
1.05845;0.300369;0.285725
1.07669;0.285725;0.293047
1.07606;0.293047;0.293047
1.07547;0.300369;0.293047
1.09426;0.285725;0.300369
1.09337;0.293047;0.300369
1.09268;0.300369;0.300369
0.655759;0.304631;0.00213077
0.661101;0.311953;0.00213077
0.666412;0.319275;0.00213077
0.656225;0.304631;0.00945312
0.661662;0.311953;0.00945312
0.666868;0.319275;0.00945312
0.657438;0.304631;0.0167755
0.662749;0.311953;0.0167755
0.668032;0.319275;0.0167755
0.669426;0.323537;0.00213077
0.67448;0.330859;0.00213077
0.679517;0.338182;0.00213077
0.669873;0.323537;0.00945312
0.675015;0.330859;0.00945312
0.679957;0.338182;0.00945312
0.67103;0.323537;0.0167755
0.676058;0.330859;0.0167755
0.68107;0.338182;0.0167755
0.658414;0.304631;0.021037
0.663708;0.311953;0.021037
0.668975;0.319275;0.021037
0.660552;0.304631;0.0283594
0.665911;0.311953;0.0283594
0.671044;0.319275;0.0283594
0.663427;0.304631;0.0356817
0.668633;0.311953;0.0356817
0.673815;0.319275;0.0356817
0.671963;0.323537;0.021037
0.676976;0.330859;0.021037
0.681974;0.338182;0.021037
0.674009;0.323537;0.0283594
0.679083;0.330859;0.0283594
0.683961;0.338182;0.0283594
0.676757;0.323537;0.0356817
0.681692;0.330859;0.0356817
0.686616;0.338182;0.0356817
0.682383;0.342443;0.00213077
0.687203;0.349766;0.00213077
0.692018;0.357088;0.00213077
0.682815;0.342443;0.00945312
0.687714;0.349766;0.00945312
0.692444;0.357088;0.00945312
0.683923;0.342443;0.0167755
0.68872;0.349766;0.0167755
0.693513;0.357088;0.0167755
0.694767;0.36135;0.00213077
0.699405;0.368672;0.00213077
0.704049;0.375994;0.00213077
0.695185;0.36135;0.00945312
0.699894;0.368672;0.00945312
0.704464;0.375994;0.00945312
0.69625;0.36135;0.0167755
0.700868;0.368672;0.0167755
0.705493;0.375994;0.0167755
0.684818;0.342443;0.021037
0.689602;0.349766;0.021037
0.694383;0.357088;0.021037
0.686783;0.342443;0.0283594
0.691624;0.349766;0.0283594
0.696299;0.357088;0.0283594
0.689419;0.342443;0.0356817
0.694135;0.349766;0.0356817
0.698851;0.357088;0.0356817
0.697112;0.36135;0.021037
0.701719;0.368672;0.021037
0.706333;0.375994;0.021037
0.699008;0.36135;0.0283594
0.703666;0.368672;0.0283594
0.708188;0.375994;0.0283594
0.701545;0.36135;0.0356817
0.706092;0.368672;0.0356817
0.710651;0.375994;0.0356817
0.665367;0.304631;0.0399433
0.670538;0.311953;0.0399433
0.675688;0.319275;0.0399433
0.669147;0.304631;0.0472656
0.674356;0.311953;0.0472656
0.679345;0.319275;0.0472656
0.673649;0.304631;0.054588
0.678675;0.311953;0.054588
0.683688;0.319275;0.054588
0.678611;0.323537;0.0399433
0.683516;0.330859;0.0399433
0.688412;0.338182;0.0399433
0.682229;0.323537;0.0472656
0.687171;0.330859;0.0472656
0.691923;0.338182;0.0472656
0.686535;0.323537;0.054588
0.691312;0.330859;0.054588
0.696088;0.338182;0.054588
0.676526;0.304631;0.0588495
0.681502;0.311953;0.0588495
0.686468;0.319275;0.0588495
0.681899;0.304631;0.0661719
0.686888;0.311953;0.0661719
0.691667;0.319275;0.0661719
0.68797;0.304631;0.0734942
0.692751;0.311953;0.0734942
0.69753;0.319275;0.0734942
0.689288;0.323537;0.0588495
0.694022;0.330859;0.0588495
0.698756;0.338182;0.0588495
0.694434;0.323537;0.0661719
0.699183;0.330859;0.0661719
0.70375;0.338182;0.0661719
0.700246;0.323537;0.0734942
0.704808;0.330859;0.0734942
0.709379;0.338182;0.0734942
0.691199;0.342443;0.0399433
0.695889;0.349766;0.0399433
0.700581;0.357088;0.0399433
0.694675;0.342443;0.0472656
0.6994;0.349766;0.0472656
0.703965;0.357088;0.0472656
0.698808;0.342443;0.054588
0.703386;0.349766;0.054588
0.707974;0.357088;0.054588
0.703261;0.36135;0.0399433
0.707786;0.368672;0.0399433
0.712322;0.375994;0.0399433
0.706613;0.36135;0.0472656
0.711171;0.368672;0.0472656
0.715597;0.375994;0.0472656
0.710595;0.36135;0.054588
0.715023;0.368672;0.054588
0.719469;0.375994;0.054588
0.701453;0.342443;0.0588495
0.705994;0.349766;0.0588495
0.710544;0.357088;0.0588495
0.7064;0.342443;0.0661719
0.710956;0.349766;0.0661719
0.715359;0.357088;0.0661719
0.711985;0.342443;0.0734942
0.716373;0.349766;0.0734942
0.720783;0.357088;0.0734942
0.713145;0.36135;0.0588495
0.71754;0.368672;0.0588495
0.721954;0.375994;0.0588495
0.717918;0.36135;0.0661719
0.722329;0.368672;0.0661719
0.726615;0.375994;0.0661719
0.723304;0.36135;0.0734942
0.727566;0.368672;0.0734942
0.731858;0.375994;0.0734942
0.706709;0.380256;0.00213077
0.711216;0.387578;0.00213077
0.715738;0.3949;0.00213077
0.707117;0.380256;0.00945312
0.711685;0.387578;0.00945312
0.716145;0.3949;0.00945312
0.708143;0.380256;0.0167755
0.712633;0.387578;0.0167755
0.717139;0.3949;0.0167755
0.71834;0.399162;0.00213077
0.722764;0.406484;0.00213077
0.727214;0.413807;0.00213077
0.718739;0.399162;0.00945312
0.723215;0.406484;0.00945312
0.727613;0.413807;0.00945312
0.719731;0.399162;0.0167755
0.724141;0.406484;0.0167755
0.728577;0.413807;0.0167755
0.708977;0.380256;0.021037
0.713457;0.387578;0.021037
0.717953;0.3949;0.021037
0.710814;0.380256;0.0283594
0.715338;0.387578;0.0283594
0.719756;0.3949;0.0283594
0.713264;0.380256;0.0356817
0.717692;0.387578;0.0356817
0.722141;0.3949;0.0356817
0.720541;0.399162;0.021037
0.724942;0.406484;0.021037
0.729369;0.413807;0.021037
0.722327;0.399162;0.0283594
0.726765;0.406484;0.0283594
0.731128;0.413807;0.0283594
0.724702;0.399162;0.0356817
0.729059;0.406484;0.0356817
0.733445;0.413807;0.0356817
0.729784;0.418068;0.00213077
0.734175;0.425391;0.00213077
0.738597;0.432713;0.00213077
0.730177;0.418068;0.00945312
0.734609;0.425391;0.00945312
0.738992;0.432713;0.00945312
0.73114;0.418068;0.0167755
0.735517;0.425391;0.0167755
0.739929;0.432713;0.0167755
0.741164;0.436975;0.00213077
0.745568;0.444297;0.00213077
0.750017;0.451619;0.00213077
0.741552;0.436975;0.00945312
0.745987;0.444297;0.00945312
0.750409;0.451619;0.00945312
0.742489;0.436975;0.0167755
0.746883;0.444297;0.0167755
0.751322;0.451619;0.0167755
0.731928;0.418068;0.021037
0.736299;0.425391;0.021037
0.740703;0.432713;0.021037
0.733672;0.418068;0.0283594
0.738072;0.425391;0.0283594
0.742425;0.432713;0.0283594
0.735981;0.418068;0.0356817
0.740315;0.425391;0.0356817
0.744685;0.432713;0.0356817
0.743259;0.436975;0.021037
0.747647;0.444297;0.021037
0.752081;0.451619;0.021037
0.744969;0.436975;0.0283594
0.749377;0.444297;0.0283594
0.753774;0.451619;0.0283594
0.747222;0.436975;0.0356817
0.751579;0.444297;0.0356817
0.755984;0.451619;0.0356817
0.714923;0.380256;0.0399433
0.719332;0.387578;0.0399433
0.723762;0.3949;0.0399433
0.71817;0.380256;0.0472656
0.722607;0.387578;0.0472656
0.726942;0.3949;0.0472656
0.72202;0.380256;0.054588
0.726344;0.387578;0.054588
0.730696;0.3949;0.054588
0.726312;0.399162;0.0399433
0.730653;0.406484;0.0399433
0.735023;0.413807;0.0399433
0.729468;0.399162;0.0472656
0.733832;0.406484;0.0472656
0.738124;0.413807;0.0472656
0.733203;0.399162;0.054588
0.737471;0.406484;0.054588
0.741775;0.413807;0.054588
0.724487;0.380256;0.0588495
0.728783;0.387578;0.0588495
0.733108;0.3949;0.0588495
0.72911;0.380256;0.0661719
0.733421;0.387578;0.0661719
0.737635;0.3949;0.0661719
0.734322;0.380256;0.0734942
0.738502;0.387578;0.0734942
0.742721;0.3949;0.0734942
0.735599;0.399162;0.0588495
0.739843;0.406484;0.0588495
0.744124;0.413807;0.0588495
0.740094;0.399162;0.0661719
0.744349;0.406484;0.0661719
0.748539;0.413807;0.0661719
0.745154;0.399162;0.0734942
0.749299;0.406484;0.0734942
0.753489;0.413807;0.0734942
0.737551;0.418068;0.0399433
0.74187;0.425391;0.0399433
0.746226;0.432713;0.0399433
0.74063;0.418068;0.0472656
0.744966;0.425391;0.0472656
0.749261;0.432713;0.0472656
0.744265;0.418068;0.054588
0.748523;0.425391;0.054588
0.752823;0.432713;0.054588
0.748756;0.436975;0.0399433
0.753102;0.444297;0.0399433
0.757496;0.451619;0.0399433
0.751772;0.436975;0.0472656
0.756128;0.444297;0.0472656
0.760476;0.451619;0.0472656
0.755323;0.436975;0.054588
0.759617;0.444297;0.054588
0.763964;0.451619;0.054588
0.746601;0.418068;0.0588495
0.750839;0.425391;0.0588495
0.755119;0.432713;0.0588495
0.750987;0.418068;0.0661719
0.755232;0.425391;0.0661719
0.759439;0.432713;0.0661719
0.755917;0.418068;0.0734942
0.760071;0.425391;0.0734942
0.764274;0.432713;0.0734942
0.757607;0.436975;0.0588495
0.761885;0.444297;0.0588495
0.766216;0.451619;0.0588495
0.761902;0.436975;0.0661719
0.766181;0.444297;0.0661719
0.770458;0.451619;0.0661719
0.76672;0.436975;0.0734942
0.770929;0.444297;0.0734942
0.775198;0.451619;0.0734942
0.691749;0.304631;0.0777558
0.696466;0.311953;0.0777558
0.701184;0.319275;0.0777558
0.698649;0.304631;0.0850781
0.703355;0.311953;0.0850781
0.707863;0.319275;0.0850781
0.706217;0.304631;0.0924005
0.710691;0.311953;0.0924005
0.715181;0.319275;0.0924005
0.703866;0.323537;0.0777558
0.708372;0.330859;0.0777558
0.712889;0.338182;0.0777558
0.71048;0.323537;0.0850781
0.714981;0.330859;0.0850781
0.71931;0.338182;0.0850781
0.717734;0.323537;0.0924005
0.722026;0.330859;0.0924005
0.726343;0.338182;0.0924005
0.710853;0.304631;0.096662
0.715251;0.311953;0.096662
0.719667;0.319275;0.096662
0.719197;0.304631;0.103984
0.723565;0.311953;0.103984
0.727751;0.319275;0.103984
0.728175;0.304631;0.111307
0.732292;0.311953;0.111307
0.736442;0.319275;0.111307
0.72218;0.323537;0.096662
0.726405;0.330859;0.096662
0.730657;0.338182;0.096662
0.730187;0.323537;0.103984
0.734391;0.330859;0.103984
0.738436;0.338182;0.103984
0.738805;0.323537;0.111307
0.742781;0.330859;0.111307
0.7468;0.338182;0.111307
0.715465;0.342443;0.0777558
0.719805;0.349766;0.0777558
0.724167;0.357088;0.0777558
0.721828;0.342443;0.0850781
0.726167;0.349766;0.0850781
0.730362;0.357088;0.0850781
0.728805;0.342443;0.0924005
0.732957;0.349766;0.0924005
0.737144;0.357088;0.0924005
0.726662;0.36135;0.0777558
0.730882;0.368672;0.0777558
0.735132;0.375994;0.0777558
0.732806;0.36135;0.0850781
0.737027;0.368672;0.0850781
0.741131;0.375994;0.0850781
0.739541;0.36135;0.0924005
0.743596;0.368672;0.0924005
0.747695;0.375994;0.0924005
0.733084;0.342443;0.096662
0.737178;0.349766;0.096662
0.741308;0.357088;0.096662
0.740795;0.342443;0.103984
0.744875;0.349766;0.103984
0.74882;0.357088;0.103984
0.749095;0.342443;0.111307
0.752969;0.349766;0.111307
0.756895;0.357088;0.111307
0.743673;0.36135;0.096662
0.747678;0.368672;0.096662
0.751726;0.375994;0.096662
0.751125;0.36135;0.103984
0.755121;0.368672;0.103984
0.759007;0.375994;0.103984
0.759145;0.36135;0.111307
0.762957;0.368672;0.111307
0.766829;0.375994;0.111307
0.733616;0.304631;0.115568
0.737646;0.311953;0.115568
0.741713;0.319275;0.115568
0.743312;0.304631;0.122891
0.747297;0.311953;0.122891
0.751115;0.319275;0.122891
0.753605;0.304631;0.130213
0.757321;0.311953;0.130213
0.761091;0.319275;0.130213
0.744029;0.323537;0.115568
0.74793;0.330859;0.115568
0.751874;0.338182;0.115568
0.753346;0.323537;0.122891
0.757212;0.330859;0.122891
0.760932;0.338182;0.122891
0.76324;0.323537;0.130213
0.766861;0.330859;0.130213
0.770545;0.338182;0.130213
0.759793;0.304631;0.134475
0.763414;0.311953;0.134475
0.767092;0.319275;0.134475
0.770741;0.304631;0.141797
0.774304;0.311953;0.141797
0.777718;0.319275;0.141797
0.782245;0.304631;0.149119
0.785526;0.311953;0.149119
0.788882;0.319275;0.149119
0.76919;0.323537;0.134475
0.772728;0.330859;0.134475
0.77633;0.338182;0.134475
0.779724;0.323537;0.141797
0.783217;0.330859;0.141797
0.78658;0.338182;0.141797
0.790798;0.323537;0.149119
0.794034;0.330859;0.149119
0.797353;0.338182;0.149119
0.754129;0.342443;0.115568
0.757937;0.349766;0.115568
0.761797;0.357088;0.115568
0.763111;0.342443;0.122891
0.766894;0.349766;0.122891
0.770553;0.357088;0.122891
0.772652;0.342443;0.130213
0.776213;0.349766;0.130213
0.779847;0.357088;0.130213
0.764012;0.36135;0.115568
0.767767;0.368672;0.115568
0.771581;0.375994;0.115568
0.772701;0.36135;0.122891
0.776438;0.368672;0.122891
0.780075;0.375994;0.122891
0.781932;0.36135;0.130213
0.78547;0.368672;0.130213
0.789088;0.375994;0.130213
0.778392;0.342443;0.134475
0.781881;0.349766;0.134475
0.785442;0.357088;0.134475
0.78856;0.342443;0.141797
0.792017;0.349766;0.141797
0.795361;0.357088;0.141797
0.799255;0.342443;0.149119
0.802476;0.349766;0.149119
0.80579;0.357088;0.149119
0.787488;0.36135;0.134475
0.790963;0.368672;0.134475
0.794517;0.375994;0.134475
0.797335;0.36135;0.141797
0.800788;0.368672;0.141797
0.804149;0.375994;0.141797
0.807695;0.36135;0.149119
0.810935;0.368672;0.149119
0.814276;0.375994;0.149119
0.737573;0.380256;0.0777558
0.741718;0.387578;0.0777558
0.745901;0.3949;0.0777558
0.743527;0.380256;0.0850781
0.747674;0.387578;0.0850781
0.751732;0.3949;0.0850781
0.75005;0.380256;0.0924005
0.754052;0.387578;0.0924005
0.758104;0.3949;0.0924005
0.748314;0.399162;0.0777558
0.752428;0.406484;0.0777558
0.756588;0.413807;0.0777558
0.754104;0.399162;0.0850781
0.75822;0.406484;0.0850781
0.762276;0.413807;0.0850781
0.760444;0.399162;0.0924005
0.764435;0.406484;0.0924005
0.768483;0.413807;0.0924005
0.754055;0.380256;0.096662
0.758013;0.387578;0.096662
0.762022;0.3949;0.096662
0.761282;0.380256;0.103984
0.765234;0.387578;0.103984
0.769103;0.3949;0.103984
0.769058;0.380256;0.111307
0.772848;0.387578;0.111307
0.776706;0.3949;0.111307
0.764339;0.399162;0.096662
0.768293;0.406484;0.096662
0.772303;0.413807;0.096662
0.771373;0.399162;0.103984
0.775321;0.406484;0.103984
0.779215;0.413807;0.103984
0.778936;0.399162;0.111307
0.782745;0.406484;0.111307
0.786627;0.413807;0.111307
0.758999;0.418068;0.0777558
0.763127;0.425391;0.0777558
0.767305;0.432713;0.0777558
0.764651;0.418068;0.0850781
0.768777;0.425391;0.0850781
0.772875;0.432713;0.0850781
0.770831;0.418068;0.0924005
0.774855;0.425391;0.0924005
0.778942;0.432713;0.0924005
0.769736;0.436975;0.0777558
0.773923;0.444297;0.0777558
0.778174;0.451619;0.0777558
0.775276;0.436975;0.0850781
0.779456;0.444297;0.0850781
0.783645;0.451619;0.0850781
0.781324;0.436975;0.0924005
0.785425;0.444297;0.0924005
0.789585;0.451619;0.0924005
0.774631;0.418068;0.096662
0.778625;0.425391;0.096662
0.782681;0.432713;0.096662
0.781501;0.418068;0.103984
0.785487;0.425391;0.103984
0.789454;0.432713;0.103984
0.788882;0.418068;0.111307
0.792752;0.425391;0.111307
0.796703;0.432713;0.111307
0.785048;0.436975;0.096662
0.789121;0.444297;0.096662
0.793252;0.451619;0.096662
0.791785;0.436975;0.103984
0.795844;0.444297;0.103984
0.799907;0.451619;0.103984
0.799012;0.436975;0.111307
0.802983;0.444297;0.111307
0.807018;0.451619;0.111307
0.773779;0.380256;0.115568
0.77752;0.387578;0.115568
0.781328;0.3949;0.115568
0.782213;0.380256;0.122891
0.785942;0.387578;0.122891
0.789595;0.3949;0.122891
0.791173;0.380256;0.130213
0.794725;0.387578;0.130213
0.798365;0.3949;0.130213
0.783531;0.399162;0.115568
0.787299;0.406484;0.115568
0.791137;0.413807;0.115568
0.791747;0.399162;0.122891
0.795505;0.406484;0.122891
0.799213;0.413807;0.122891
0.800472;0.399162;0.130213
0.804075;0.406484;0.130213
0.807772;0.413807;0.130213
0.796568;0.380256;0.134475
0.800067;0.387578;0.134475
0.803651;0.3949;0.134475
0.806136;0.380256;0.141797
0.80962;0.387578;0.141797
0.813035;0.3949;0.141797
0.816204;0.380256;0.149119
0.819496;0.387578;0.149119
0.8229;0.3949;0.149119
0.805729;0.399162;0.134475
0.809287;0.406484;0.134475
0.812935;0.413807;0.134475
0.815058;0.399162;0.141797
0.818608;0.406484;0.141797
0.822108;0.413807;0.141797
0.824873;0.399162;0.149119
0.828254;0.406484;0.149119
0.831749;0.413807;0.149119
0.793369;0.418068;0.115568
0.797206;0.425391;0.115568
0.80112;0.432713;0.115568
0.801399;0.418068;0.122891
0.805226;0.425391;0.122891
0.809039;0.432713;0.122891
0.809922;0.418068;0.130213
0.813617;0.425391;0.130213
0.817418;0.432713;0.130213
0.80341;0.436975;0.115568
0.807354;0.444297;0.115568
0.811359;0.451619;0.115568
0.811287;0.436975;0.122891
0.815215;0.444297;0.122891
0.819152;0.451619;0.122891
0.819641;0.436975;0.130213
0.823464;0.444297;0.130213
0.827373;0.451619;0.130213
0.81506;0.418068;0.134475
0.818719;0.425391;0.134475
0.822476;0.432713;0.134475
0.824183;0.418068;0.141797
0.827838;0.425391;0.141797
0.831478;0.432713;0.141797
0.83378;0.418068;0.149119
0.837288;0.425391;0.149119
0.84094;0.432713;0.149119
0.824678;0.436975;0.134475
0.828476;0.444297;0.134475
0.832351;0.451619;0.134475
0.833634;0.436975;0.141797
0.837419;0.444297;0.141797
0.84121;0.451619;0.141797
0.843064;0.436975;0.149119
0.846698;0.444297;0.149119
0.850451;0.451619;0.149119
0.752612;0.455881;0.00213077
0.757072;0.463203;0.00213077
0.76157;0.470525;0.00213077
0.752997;0.455881;0.00945312
0.757478;0.463203;0.00945312
0.76196;0.470525;0.00945312
0.753911;0.455881;0.0167755
0.758363;0.463203;0.0167755
0.762854;0.470525;0.0167755
0.76421;0.474787;0.00213077
0.768793;0.482109;0.00213077
0.773428;0.489432;0.00213077
0.764594;0.474787;0.00945312
0.769187;0.482109;0.00945312
0.773818;0.489432;0.00945312
0.76549;0.474787;0.0167755
0.770066;0.482109;0.0167755
0.774695;0.489432;0.0167755
0.754667;0.455881;0.021037
0.759114;0.463203;0.021037
0.7636;0.470525;0.021037
0.756349;0.455881;0.0283594
0.760808;0.463203;0.0283594
0.765271;0.470525;0.0283594
0.758554;0.455881;0.0356817
0.762977;0.463203;0.0356817
0.767441;0.470525;0.0356817
0.766234;0.474787;0.021037
0.770807;0.482109;0.021037
0.775432;0.489432;0.021037
0.767894;0.474787;0.0283594
0.772469;0.482109;0.0283594
0.777085;0.489432;0.0283594
0.770062;0.474787;0.0356817
0.774613;0.482109;0.0356817
0.77922;0.489432;0.0356817
0.775388;0.492509;0.00213077
0.777461;0.495761;0.00213077
0.77954;0.499013;0.00213077
0.775763;0.492493;0.00945312
0.777803;0.495692;0.00945312
0.779855;0.49889;0.00945312
0.776633;0.492478;0.0167755
0.778636;0.495623;0.0167755
0.780644;0.498767;0.0167755
0.777357;0.492459;0.021037
0.779319;0.495542;0.021037
0.781285;0.498624;0.021037
0.778973;0.492413;0.0283594
0.78083;0.495334;0.0283594
0.782697;0.498255;0.0283594
0.78108;0.492366;0.0356817
0.78283;0.495126;0.0356817
0.784586;0.497886;0.0356817
0.76006;0.455881;0.0399433
0.764473;0.463203;0.0399433
0.768929;0.470525;0.0399433
0.763023;0.455881;0.0472656
0.76744;0.463203;0.0472656
0.771866;0.470525;0.0472656
0.766502;0.455881;0.054588
0.770874;0.463203;0.054588
0.775295;0.470525;0.054588
0.771546;0.474787;0.0399433
0.77609;0.482109;0.0399433
0.780689;0.489432;0.0399433
0.77447;0.474787;0.0472656
0.779012;0.482109;0.0472656
0.783595;0.489432;0.0472656
0.777893;0.474787;0.054588
0.782404;0.482109;0.054588
0.786975;0.489432;0.054588
0.768745;0.455881;0.0588495
0.773104;0.463203;0.0588495
0.777513;0.470525;0.0588495
0.772967;0.455881;0.0661719
0.777322;0.463203;0.0661719
0.781694;0.470525;0.0661719
0.777694;0.455881;0.0734942
0.781995;0.463203;0.0734942
0.786347;0.470525;0.0734942
0.780102;0.474787;0.0588495
0.7846;0.482109;0.0588495
0.789161;0.489432;0.0588495
0.784265;0.474787;0.0661719
0.788754;0.482109;0.0661719
0.793293;0.489432;0.0661719
0.788912;0.474787;0.0734942
0.793377;0.482109;0.0734942
0.797897;0.489432;0.0734942
0.782523;0.492329;0.0399433
0.784191;0.494964;0.0399433
0.785864;0.497599;0.0399433
0.78537;0.492251;0.0472656
0.786863;0.494617;0.0472656
0.788363;0.496983;0.0472656
0.7887;0.492172;0.054588
0.79002;0.494269;0.054588
0.791343;0.496365;0.054588
0.790849;0.492118;0.0588495
0.792048;0.494025;0.0588495
0.79325;0.495933;0.0588495
0.794901;0.492008;0.0661719
0.795856;0.493537;0.0661719
0.796816;0.495067;0.0661719
0.799431;0.491897;0.0734942
0.800146;0.493048;0.0734942
0.800862;0.494198;0.0734942
0.780655;0.455881;0.0777558
0.784933;0.463203;0.0777558
0.789279;0.470525;0.0777558
0.786097;0.455881;0.0850781
0.790363;0.463203;0.0850781
0.794684;0.470525;0.0850781
0.792025;0.455881;0.0924005
0.796252;0.463203;0.0924005
0.800541;0.470525;0.0924005
0.791573;0.474787;0.0773793
0.79602;0.482109;0.0773793
0.800528;0.489432;0.0773793
0.795956;0.474787;0.0834081
0.800375;0.482109;0.0834081
0.804859;0.489432;0.0834081
0.800646;0.474787;0.0894368
0.805039;0.482109;0.0894368
0.809492;0.489432;0.0894368
0.802373;0.47478;0.0915676
0.806741;0.482077;0.0915676
0.811167;0.489374;0.0915676
0.803428;0.474754;0.0928612
0.807737;0.481964;0.0928612
0.812102;0.489174;0.0928612
0.804496;0.474729;0.0941548
0.808748;0.481852;0.0941548
0.813052;0.488975;0.0941548
0.795679;0.455881;0.096662
0.799891;0.463203;0.096662
0.804162;0.470525;0.096662
0.802301;0.455881;0.103984
0.806493;0.463203;0.103984
0.810734;0.470525;0.103984
0.809394;0.455881;0.111307
0.813529;0.463203;0.111307
0.81773;0.470525;0.111307
0.806605;0.474671;0.096662
0.810722;0.481594;0.096662
0.814889;0.488517;0.096662
0.813053;0.474496;0.103984
0.816778;0.480817;0.103984
0.820546;0.487139;0.103984
0.819931;0.47432;0.111307
0.823278;0.480036;0.111307
0.826663;0.485752;0.111307
0.802019;0.491831;0.0773793
0.802592;0.492754;0.0773793
0.803165;0.493677;0.0773793
0.806269;0.491714;0.0834081
0.806591;0.492235;0.0834081
0.806913;0.492756;0.0834081
0.810821;0.491597;0.0894368
0.810893;0.491714;0.0894368
0.810965;0.491832;0.0894368
0.81372;0.455881;0.115568
0.817831;0.463203;0.115568
0.822008;0.470525;0.115568
0.821478;0.455881;0.122891
0.825564;0.463203;0.122891
0.829703;0.470525;0.122891
0.829684;0.455881;0.130213
0.833709;0.463203;0.130213
0.837803;0.470525;0.130213
0.824133;0.474208;0.115568
0.827236;0.479539;0.115568
0.830373;0.484871;0.115568
0.831684;0.473999;0.122891
0.834336;0.478614;0.122891
0.837013;0.483228;0.122891
0.839648;0.473789;0.130213
0.841865;0.477681;0.130213
0.844102;0.481573;0.130213
0.834641;0.455881;0.134475
0.838636;0.463203;0.134475
0.842709;0.470525;0.134475
0.843457;0.455881;0.141797
0.847426;0.463203;0.141797
0.851466;0.470525;0.141797
0.852701;0.455881;0.149119
0.856636;0.463203;0.149119
0.860621;0.470525;0.149119
0.844473;0.473657;0.134475
0.846426;0.477096;0.134475
0.848395;0.480536;0.134475
0.853078;0.473414;0.141797
0.854539;0.476018;0.141797
0.85601;0.478622;0.141797
0.862073;0.473169;0.149119
0.863044;0.474931;0.149119
0.864017;0.476693;0.149119
0.789119;0.304631;0.153381
0.792298;0.311953;0.153381
0.795556;0.319275;0.153381
0.801211;0.304631;0.160703
0.804324;0.311953;0.160703
0.807305;0.319275;0.160703
0.813818;0.304631;0.168025
0.816638;0.311953;0.168025
0.819556;0.319275;0.168025
0.797418;0.323537;0.153381
0.800565;0.330859;0.153381
0.803796;0.338182;0.153381
0.80907;0.323537;0.160703
0.812165;0.330859;0.160703
0.815144;0.338182;0.160703
0.821225;0.323537;0.168025
0.824051;0.330859;0.168025
0.826984;0.338182;0.168025
0.821315;0.304631;0.172287
0.824028;0.311953;0.172287
0.826843;0.319275;0.172287
0.834442;0.304631;0.179609
0.837082;0.311953;0.179609
0.83961;0.319275;0.179609
0.84804;0.304631;0.186932
0.850381;0.311953;0.186932
0.852842;0.319275;0.186932
0.828455;0.323537;0.172287
0.831188;0.330859;0.172287
0.834028;0.338182;0.172287
0.841123;0.323537;0.179609
0.8438;0.330859;0.179609
0.846377;0.338182;0.179609
0.854254;0.323537;0.186932
0.856654;0.330859;0.186932
0.859183;0.338182;0.186932
0.80565;0.342443;0.153381
0.808793;0.349766;0.153381
0.812029;0.357088;0.153381
0.816912;0.342443;0.160703
0.820018;0.349766;0.160703
0.823025;0.357088;0.160703
0.828667;0.342443;0.168025
0.831526;0.349766;0.168025
0.834501;0.357088;0.168025
0.813893;0.36135;0.153381
0.817065;0.368672;0.153381
0.820337;0.375994;0.153381
0.824813;0.36135;0.160703
0.82796;0.368672;0.160703
0.831026;0.375994;0.160703
0.836215;0.36135;0.168025
0.839137;0.368672;0.168025
0.842185;0.375994;0.168025
0.835661;0.342443;0.172287
0.838439;0.349766;0.172287
0.841332;0.357088;0.172287
0.847922;0.342443;0.179609
0.850661;0.349766;0.179609
0.853313;0.357088;0.179609
0.86064;0.342443;0.186932
0.863122;0.349766;0.186932
0.865744;0.357088;0.186932
0.843002;0.36135;0.172287
0.845854;0.368672;0.172287
0.848829;0.375994;0.172287
0.854905;0.36135;0.179609
0.857734;0.368672;0.179609
0.860488;0.375994;0.179609
0.867259;0.36135;0.186932
0.869852;0.368672;0.186932
0.872593;0.375994;0.186932
0.856093;0.304631;0.191193
0.858324;0.311953;0.191193
0.860679;0.319275;0.191193
0.870142;0.304631;0.198516
0.872296;0.311953;0.198516
0.874358;0.319275;0.198516
0.884616;0.304631;0.205838
0.886467;0.311953;0.205838
0.888461;0.319275;0.205838
0.862033;0.323537;0.191193
0.864337;0.330859;0.191193
0.866771;0.338182;0.191193
0.87561;0.323537;0.198516
0.877857;0.330859;0.198516
0.88002;0.338182;0.198516
0.88961;0.323537;0.205838
0.891574;0.330859;0.205838
0.893692;0.338182;0.205838
0.89316;0.304631;0.2101
0.894899;0.311953;0.2101
0.896786;0.319275;0.2101
0.908015;0.304631;0.217422
0.909676;0.311953;0.217422
0.911266;0.319275;0.217422
0.92325;0.304631;0.224744
0.924607;0.311953;0.224744
0.92613;0.319275;0.224744
0.897876;0.323537;0.2101
0.899742;0.330859;0.2101
0.901763;0.338182;0.2101
0.912254;0.323537;0.217422
0.914065;0.330859;0.217422
0.915809;0.338182;0.217422
0.927015;0.323537;0.224744
0.928539;0.330859;0.224744
0.930242;0.338182;0.224744
0.868176;0.342443;0.191193
0.870575;0.349766;0.191193
0.873112;0.357088;0.191193
0.881335;0.342443;0.198516
0.883697;0.349766;0.198516
0.885983;0.357088;0.198516
0.894916;0.342443;0.205838
0.897013;0.349766;0.205838
0.899274;0.357088;0.205838
0.874582;0.36135;0.191193
0.877102;0.368672;0.191193
0.87977;0.375994;0.191193
0.887373;0.36135;0.198516
0.889874;0.368672;0.198516
0.892312;0.375994;0.198516
0.900585;0.36135;0.205838
0.90284;0.368672;0.205838
0.905271;0.375994;0.205838
0.902936;0.342443;0.2101
0.904948;0.349766;0.2101
0.907123;0.357088;0.2101
0.916891;0.342443;0.217422
0.918871;0.349766;0.217422
0.920787;0.357088;0.217422
0.931232;0.342443;0.224744
0.932941;0.349766;0.224744
0.93484;0.357088;0.224744
0.908388;0.36135;0.2101
0.91057;0.368672;0.2101
0.912927;0.375994;0.2101
0.921973;0.36135;0.217422
0.924141;0.368672;0.217422
0.926259;0.375994;0.217422
0.935948;0.36135;0.224744
0.937861;0.368672;0.224744
0.939974;0.375994;0.224744
0.822229;0.380256;0.153381
0.825464;0.387578;0.153381
0.828807;0.3949;0.153381
0.832851;0.380256;0.160703
0.836073;0.387578;0.160703
0.83923;0.3949;0.160703
0.843947;0.380256;0.168025
0.846963;0.387578;0.168025
0.850113;0.3949;0.168025
0.830749;0.399162;0.153381
0.834082;0.406484;0.153381
0.837526;0.413807;0.153381
0.841113;0.399162;0.160703
0.84444;0.406484;0.160703
0.847724;0.413807;0.160703
0.851942;0.399162;0.168025
0.855084;0.406484;0.168025
0.858369;0.413807;0.168025
0.850553;0.380256;0.172287
0.85351;0.387578;0.172287
0.856596;0.3949;0.172287
0.862144;0.380256;0.179609
0.865091;0.387578;0.179609
0.867979;0.3949;0.179609
0.874182;0.380256;0.186932
0.87691;0.387578;0.186932
0.879801;0.3949;0.186932
0.858392;0.399162;0.172287
0.861486;0.406484;0.172287
0.864716;0.413807;0.172287
0.869717;0.399162;0.179609
0.872813;0.406484;0.179609
0.875872;0.413807;0.179609
0.881482;0.399162;0.186932
0.884378;0.406484;0.186932
0.887453;0.413807;0.186932
0.839531;0.418068;0.153381
0.842998;0.425391;0.153381
0.846605;0.432713;0.153381
0.849684;0.418068;0.160703
0.85315;0.425391;0.160703
0.856599;0.432713;0.160703
0.86029;0.418068;0.168025
0.863597;0.425391;0.168025
0.867032;0.432713;0.168025
0.848706;0.436975;0.153381
0.852313;0.444297;0.153381
0.856048;0.451619;0.153381
0.858654;0.436975;0.160703
0.862305;0.444297;0.160703
0.865989;0.451619;0.160703
0.869063;0.436975;0.168025
0.872593;0.444297;0.168025
0.876233;0.451619;0.168025
0.866607;0.418068;0.172287
0.869871;0.425391;0.172287
0.873269;0.432713;0.172287
0.877705;0.418068;0.179609
0.880969;0.425391;0.179609
0.88423;0.432713;0.179609
0.88925;0.418068;0.186932
0.892335;0.425391;0.186932
0.89557;0.432713;0.186932
0.875274;0.436975;0.172287
0.878758;0.444297;0.172287
0.882359;0.451619;0.172287
0.886181;0.436975;0.179609
0.88966;0.444297;0.179609
0.893188;0.451619;0.179609
0.897501;0.436975;0.186932
0.90087;0.444297;0.186932
0.904345;0.451619;0.186932
0.881321;0.380256;0.191193
0.883987;0.387578;0.191193
0.886808;0.3949;0.191193
0.893796;0.380256;0.198516
0.896459;0.387578;0.198516
0.899059;0.3949;0.198516
0.906688;0.380256;0.205838
0.909126;0.387578;0.205838
0.911737;0.3949;0.205838
0.888457;0.399162;0.191193
0.891307;0.406484;0.191193
0.894319;0.413807;0.191193
0.900646;0.399162;0.198516
0.903515;0.406484;0.198516
0.906348;0.413807;0.198516
0.913251;0.399162;0.205838
0.915904;0.406484;0.205838
0.918824;0.413807;0.205838
0.914304;0.380256;0.2101
0.916679;0.387578;0.2101
0.919229;0.3949;0.2101
0.927566;0.380256;0.217422
0.929943;0.387578;0.217422
0.932273;0.3949;0.217422
0.941216;0.380256;0.224744
0.943364;0.387578;0.224744
0.945701;0.3949;0.224744
0.920709;0.399162;0.2101
0.9233;0.406484;0.2101
0.926158;0.413807;0.2101
0.93371;0.399162;0.217422
0.93632;0.406484;0.217422
0.938889;0.413807;0.217422
0.947093;0.399162;0.224744
0.94951;0.406484;0.224744
0.952072;0.413807;0.224744
0.896094;0.418068;0.191193
0.899156;0.425391;0.191193
0.902346;0.432713;0.191193
0.908067;0.418068;0.198516
0.911148;0.425391;0.198516
0.914207;0.432713;0.198516
0.920487;0.418068;0.205838
0.923275;0.425391;0.205838
0.926313;0.432713;0.205838
0.904234;0.436975;0.191193
0.907547;0.444297;0.191193
0.911014;0.451619;0.191193
0.916031;0.436975;0.198516
0.919332;0.444297;0.198516
0.922748;0.451619;0.198516
0.928208;0.436975;0.205838
0.931503;0.444297;0.205838
0.934766;0.451619;0.205838
0.927796;0.418068;0.2101
0.930553;0.425391;0.2101
0.933558;0.432713;0.2101
0.940482;0.418068;0.217422
0.943401;0.425391;0.217422
0.946302;0.432713;0.217422
0.953603;0.418068;0.224744
0.956324;0.425391;0.224744
0.959219;0.432713;0.224744
0.932199;0.436975;0.208193
0.935487;0.444297;0.208193
0.938697;0.451619;0.208193
0.933496;0.436975;0.208965
0.936762;0.444297;0.208965
0.940004;0.451619;0.208965
0.934797;0.436975;0.209736
0.938042;0.444297;0.209736
0.941313;0.451619;0.209736
0.938369;0.436872;0.211867
0.941401;0.443841;0.211867
0.944555;0.45081;0.211867
0.949551;0.436516;0.218418
0.951922;0.442261;0.218418
0.954432;0.448006;0.218418
0.961035;0.436155;0.224969
0.962876;0.440663;0.224969
0.964702;0.44517;0.224969
0.932216;0.304631;0.229006
0.933462;0.311953;0.229006
0.934878;0.319275;0.229006
0.947762;0.304631;0.236328
0.94893;0.311953;0.236328
0.950047;0.319275;0.236328
0.96364;0.304631;0.24365
0.964508;0.311953;0.24365
0.965562;0.319275;0.24365
0.935703;0.323537;0.229006
0.93713;0.330859;0.229006
0.938736;0.338182;0.229006
0.950773;0.323537;0.236328
0.952149;0.330859;0.236328
0.953472;0.338182;0.236328
0.966182;0.323537;0.24365
0.967272;0.330859;0.24365
0.968564;0.338182;0.24365
0.972962;0.304631;0.247912
0.973717;0.311953;0.247912
0.974666;0.319275;0.247912
0.989082;0.304631;0.255234
0.989761;0.311953;0.255234
0.990413;0.319275;0.255234
1.00549;0.304631;0.262557
1.00587;0.311953;0.262557
1.00646;0.319275;0.262557
0.975229;0.323537;0.247912
0.976222;0.330859;0.247912
0.97742;0.338182;0.247912
0.990879;0.323537;0.255234
0.991825;0.330859;0.255234
0.992739;0.338182;0.255234
1.00682;0.323537;0.262557
1.00749;0.330859;0.262557
1.00838;0.338182;0.262557
0.939675;0.342443;0.229006
0.9413;0.349766;0.229006
0.943113;0.357088;0.229006
0.954323;0.342443;0.236328
0.955923;0.349766;0.236328
0.95747;0.357088;0.236328
0.969321;0.342443;0.24365
0.970643;0.349766;0.24365
0.97219;0.357088;0.24365
0.944176;0.36135;0.229006
0.946019;0.368672;0.229006
0.948055;0.375994;0.229006
0.958455;0.36135;0.236328
0.960298;0.368672;0.236328
0.962091;0.375994;0.236328
0.973095;0.36135;0.24365
0.974668;0.368672;0.24365
0.976487;0.375994;0.24365
0.978127;0.342443;0.247912
0.979367;0.349766;0.247912
0.980822;0.357088;0.247912
0.993366;0.342443;0.255234
0.994592;0.349766;0.255234
0.995759;0.357088;0.255234
1.00891;0.342443;0.262557
1.00986;0.349766;0.262557
1.01105;0.357088;0.262557
0.981684;0.36135;0.247912
0.983197;0.368672;0.247912
0.984934;0.375994;0.247912
0.996543;0.36135;0.255234
0.998085;0.368672;0.255234
0.999583;0.375994;0.255234
1.01173;0.36135;0.262557
1.01298;0.368672;0.262557
1.01462;0.375994;0.262557
1.01509;0.304631;0.266818
1.01537;0.311953;0.266818
1.01586;0.319275;0.266818
1.03167;0.304631;0.274141
1.03187;0.311953;0.274141
1.03208;0.319275;0.274141
1.04848;0.304631;0.281463
1.04841;0.311953;0.281463
1.04855;0.319275;0.281463
1.01616;0.323537;0.266818
1.01673;0.330859;0.266818
1.01753;0.338182;0.266818
1.03229;0.323537;0.274141
1.03281;0.330859;0.274141
1.03333;0.338182;0.274141
1.04866;0.323537;0.281463
1.04891;0.330859;0.281463
1.0494;0.338182;0.281463
1.05831;0.304631;0.285725
1.05813;0.311953;0.285725
1.05817;0.319275;0.285725
1.07523;0.304631;0.293047
1.07497;0.311953;0.293047
1.07475;0.319275;0.293047
1.09232;0.304631;0.300369
1.09181;0.311953;0.300369
1.09152;0.319275;0.300369
1.05823;0.323537;0.285725
1.05839;0.330859;0.285725
1.05879;0.338182;0.285725
1.07472;0.323537;0.293047
1.07484;0.330859;0.293047
1.07496;0.338182;0.293047
1.0914;0.323537;0.300369
1.09128;0.330859;0.300369
1.09137;0.338182;0.300369
1.01802;0.342443;0.266818
1.01889;0.349766;0.266818
1.02;0.357088;0.266818
1.03373;0.342443;0.274141
1.0346;0.349766;0.274141
1.03542;0.357088;0.274141
1.04971;0.342443;0.281463
1.05031;0.349766;0.281463
1.05117;0.357088;0.281463
1.02064;0.36135;0.266818
1.02181;0.368672;0.266818
1.02335;0.375994;0.266818
1.03602;0.36135;0.274141
1.03722;0.368672;0.274141
1.03833;0.375994;0.274141
1.05171;0.36135;0.281463
1.05263;0.368672;0.281463
1.05374;0.375994;0.281463
1.05905;0.342443;0.285725
1.05956;0.349766;0.285725
1.06036;0.357088;0.285725
1.07515;0.342443;0.293047
1.07566;0.349766;0.293047
1.0762;0.357088;0.293047
1.09146;0.342443;0.300369
1.09174;0.349766;0.300369
1.09234;0.357088;0.300369
1.06086;0.36135;0.285725
1.06174;0.368672;0.285725
1.06284;0.375994;0.285725
1.07662;0.36135;0.293047
1.07754;0.368672;0.293047
1.07847;0.375994;0.293047
1.09266;0.36135;0.300369
1.09319;0.368672;0.300369
1.09411;0.375994;0.300369
0.949251;0.380256;0.229006
0.951337;0.387578;0.229006
0.953627;0.3949;0.229006
0.963211;0.380256;0.236328
0.965299;0.387578;0.236328
0.967387;0.3949;0.236328
0.977555;0.380256;0.24365
0.979391;0.387578;0.24365
0.981448;0.3949;0.24365
0.954979;0.399162;0.229006
0.957335;0.406484;0.229006
0.959894;0.413807;0.229006
0.968672;0.399162;0.236328
0.971036;0.406484;0.236328
0.973454;0.413807;0.236328
0.982703;0.399162;0.24365
0.984906;0.406484;0.24365
0.987245;0.413807;0.24365
0.98597;0.380256;0.247912
0.98777;0.387578;0.247912
0.989759;0.3949;0.247912
1.00055;0.380256;0.255234
1.00237;0.387578;0.255234
1.00415;0.3949;0.255234
1.01553;0.380256;0.262557
1.01696;0.387578;0.262557
1.01867;0.3949;0.262557
0.990961;0.399162;0.247912
0.993089;0.406484;0.247912
0.995386;0.413807;0.247912
1.00526;0.399162;0.255234
1.00739;0.406484;0.255234
1.0096;0.413807;0.255234
1.01983;0.399162;0.262557
1.02194;0.406484;0.262557
1.02408;0.413807;0.262557
0.961392;0.418068;0.229006
0.964008;0.425391;0.229006
0.966877;0.432713;0.229006
0.97492;0.418068;0.236328
0.977564;0.425391;0.236328
0.980298;0.432713;0.236328
0.988703;0.418068;0.24365
0.991302;0.425391;0.24365
0.993926;0.432713;0.24365
0.968205;0.435923;0.229006
0.969747;0.439632;0.229006
0.971304;0.443341;0.229006
0.981356;0.435484;0.236328
0.982218;0.437685;0.236328
0.98311;0.439885;0.236328
0.994766;0.435039;0.24365
0.99501;0.435711;0.24365
0.995252;0.436382;0.24365
0.992974;0.418068;0.245893
0.995545;0.425391;0.245893
0.998145;0.432713;0.245893
0.993704;0.418068;0.246278
0.996271;0.425391;0.246278
0.998882;0.432713;0.246278
0.994434;0.418068;0.246663
0.996998;0.425391;0.246663
0.999619;0.432713;0.246663
0.998448;0.417935;0.248793
1.00082;0.424799;0.248793
1.0033;0.431663;0.248793
1.01171;0.417472;0.255731
1.01341;0.422746;0.255731
1.0152;0.428019;0.255731
1.02526;0.417003;0.262669
1.02636;0.420663;0.262669
1.02744;0.424323;0.262669
0.998928;0.434901;0.245893
0.999;0.435099;0.245893
0.999071;0.435296;0.245893
0.999662;0.434876;0.246278
0.999703;0.434987;0.246278
0.999744;0.435099;0.246278
1.0004;0.434851;0.246663
1.0004;0.434876;0.246663
1.00041;0.434901;0.246663
1.02422;0.380256;0.266818
1.02562;0.387578;0.266818
1.02732;0.3949;0.266818
1.03913;0.380256;0.274141
1.04079;0.387578;0.274141
1.04242;0.3949;0.274141
1.05447;0.380256;0.281463
1.05588;0.387578;0.281463
1.05748;0.3949;0.281463
1.02701;0.399162;0.266118
1.02906;0.406484;0.266118
1.03119;0.413807;0.266118
1.03702;0.399162;0.271035
1.0389;0.406484;0.271035
1.04098;0.413807;0.271035
1.0471;0.399162;0.275952
1.04887;0.406484;0.275952
1.05083;0.413807;0.275952
1.05147;0.399109;0.278082
1.05317;0.406251;0.278082
1.05501;0.413393;0.278082
1.0564;0.398928;0.280488
1.05793;0.405446;0.280488
1.05951;0.411964;0.280488
1.06135;0.398746;0.282894
1.06273;0.404637;0.282894
1.06408;0.410528;0.282894
1.06352;0.380256;0.285725
1.06477;0.387578;0.285725
1.06634;0.3949;0.285725
1.0791;0.380256;0.293047
1.0804;0.387578;0.293047
1.08179;0.3949;0.293047
1.09486;0.380256;0.300369
1.09617;0.387578;0.300369
1.09734;0.3949;0.300369
1.0672;0.398522;0.285725
1.06843;0.403645;0.285725
1.06976;0.408769;0.285725
1.0824;0.397931;0.293047
1.08303;0.401022;0.293047
1.08374;0.404113;0.293047
1.09771;0.397329;0.300369
1.09786;0.398353;0.300369
1.098;0.399377;0.300369
1.03208;0.416762;0.266118
1.03296;0.419593;0.266118
1.03383;0.422425;0.266118
1.04177;0.416404;0.271035
1.04229;0.418008;0.271035
1.04282;0.419612;0.271035
1.05147;0.416043;0.275952
1.05158;0.416407;0.275952
1.05169;0.41677;0.275952
0.857188;0.455881;0.152557
0.861087;0.463203;0.152557
0.865048;0.470525;0.152557
0.863178;0.455881;0.15705
0.86701;0.463203;0.15705
0.870943;0.470525;0.15705
0.869307;0.455881;0.161543
0.873094;0.463203;0.161543
0.876986;0.470525;0.161543
0.872247;0.455849;0.163673
0.875962;0.463063;0.163673
0.879771;0.470276;0.163673
0.876165;0.45574;0.166503
0.879675;0.462578;0.166503
0.883246;0.469417;0.166503
0.880137;0.45563;0.169333
0.883453;0.462092;0.169333
0.886792;0.468554;0.169333
0.866427;0.473048;0.152557
0.867166;0.474394;0.152557
0.867907;0.475739;0.152557
0.872228;0.472878;0.15705
0.872648;0.473638;0.15705
0.873068;0.474398;0.15705
0.878166;0.472706;0.161543
0.87826;0.472878;0.161543
0.878354;0.47305;0.161543
0.884318;0.455507;0.172287
0.887396;0.461545;0.172287
0.890517;0.467583;0.172287
0.894928;0.455191;0.179609
0.897387;0.460141;0.179609
0.899904;0.465092;0.179609
0.905919;0.454871;0.186932
0.907795;0.458722;0.186932
0.909686;0.462574;0.186932
0.912503;0.454675;0.191193
0.914065;0.457852;0.191193
0.915647;0.46103;0.191193
0.924036;0.45432;0.198516
0.924983;0.456279;0.198516
0.925942;0.458239;0.198516
0.935805;0.453961;0.205838
0.936129;0.454688;0.205838
0.936452;0.455415;0.205838
0.939658;0.453844;0.208193
0.9398;0.454169;0.208193
0.939942;0.454493;0.208193
0.940968;0.453803;0.208965
0.94105;0.453986;0.208965
0.941132;0.454169;0.208965
0.942275;0.453762;0.209736
0.942294;0.453803;0.209736
0.942313;0.453844;0.209736
1.29047;0.00213077;0.304631
1.28068;0.00945312;0.304631
1.27139;0.0167755;0.304631
1.32336;0.00213077;0.311953
1.3131;0.00945312;0.311953
1.30304;0.0167755;0.311953
1.35618;0.00213077;0.319275
1.34515;0.00945312;0.319275
1.33462;0.0167755;0.319275
1.2661;0.021037;0.304631
1.25721;0.0283594;0.304631
1.24878;0.0356817;0.304631
1.2974;0.021037;0.311953
1.28806;0.0283594;0.311953
1.27892;0.0356817;0.311953
1.32864;0.021037;0.319275
1.31858;0.0283594;0.319275
1.30899;0.0356817;0.319275
1.37515;0.00213077;0.323537
1.36375;0.00945312;0.323537
1.35288;0.0167755;0.323537
1.40742;0.00213077;0.330859
1.39556;0.00945312;0.330859
1.38395;0.0167755;0.330859
1.43951;0.00213077;0.338182
1.42692;0.00945312;0.338182
1.41485;0.0167755;0.338182
1.34669;0.021037;0.323537
1.33629;0.0283594;0.323537
1.32637;0.0356817;0.323537
1.37742;0.021037;0.330859
1.36658;0.0283594;0.330859
1.35597;0.0356817;0.330859
1.40798;0.021037;0.338182
1.39645;0.0283594;0.338182
1.38541;0.0356817;0.338182
1.24399;0.0399433;0.304631
1.23594;0.0472656;0.304631
1.22832;0.054588;0.304631
1.27379;0.0399433;0.311953
1.26532;0.0472656;0.311953
1.25702;0.054588;0.311953
1.30354;0.0399433;0.319275
1.29438;0.0472656;0.319275
1.28567;0.054588;0.319275
1.22399;0.0588495;0.304631
1.21671;0.0661719;0.304631
1.20984;0.0734942;0.304631
1.25237;0.0588495;0.311953
1.2447;0.0661719;0.311953
1.23719;0.0734942;0.311953
1.28072;0.0588495;0.319275
1.27241;0.0661719;0.319275
1.26451;0.0734942;0.319275
1.32073;0.0399433;0.323537
1.31126;0.0472656;0.323537
1.30224;0.054588;0.323537
1.35001;0.0399433;0.330859
1.34012;0.0472656;0.330859
1.33046;0.054588;0.330859
1.37914;0.0399433;0.338182
1.3686;0.0472656;0.338182
1.35853;0.054588;0.338182
1.29711;0.0588495;0.323537
1.2885;0.0661719;0.323537
1.28032;0.0734942;0.323537
1.32503;0.0588495;0.330859
1.31603;0.0661719;0.330859
1.30725;0.0734942;0.330859
1.35281;0.0588495;0.338182
1.34321;0.0661719;0.338182
1.33405;0.0734942;0.338182
1.45801;0.00213077;0.342443
1.44506;0.00945312;0.342443
1.43266;0.0167755;0.342443
1.4894;0.00213077;0.349766
1.476;0.00945312;0.349766
1.4629;0.0167755;0.349766
1.5205;0.00213077;0.357088
1.5064;0.00945312;0.357088
1.49285;0.0167755;0.357088
1.4256;0.021037;0.342443
1.41374;0.0283594;0.342443
1.40239;0.0356817;0.342443
1.45552;0.021037;0.349766
1.44323;0.0283594;0.349766
1.43122;0.0356817;0.349766
1.48515;0.021037;0.357088
1.47221;0.0283594;0.357088
1.45979;0.0356817;0.357088
1.53837;0.00213077;0.36135
1.52394;0.00945312;0.36135
1.51008;0.0167755;0.36135
1.56862;0.00213077;0.368672
1.55375;0.00945312;0.368672
1.53924;0.0167755;0.368672
1.59846;0.00213077;0.375994
1.58294;0.00945312;0.375994
1.568;0.0167755;0.375994
1.50219;0.021037;0.36135
1.48894;0.0283594;0.36135
1.47623;0.0356817;0.36135
1.53104;0.021037;0.368672
1.51738;0.0283594;0.368672
1.50406;0.0356817;0.368672
1.55951;0.021037;0.375994
1.54525;0.0283594;0.375994
1.53153;0.0356817;0.375994
1.39594;0.0399433;0.342443
1.38509;0.0472656;0.342443
1.37473;0.054588;0.342443
1.42446;0.0399433;0.349766
1.41322;0.0472656;0.349766
1.40225;0.054588;0.349766
1.45274;0.0399433;0.357088
1.44089;0.0472656;0.357088
1.42953;0.054588;0.357088
1.36884;0.0588495;0.342443
1.35895;0.0661719;0.342443
1.34952;0.0734942;0.342443
1.39608;0.0588495;0.349766
1.38582;0.0661719;0.349766
1.37581;0.0734942;0.349766
1.42308;0.0588495;0.357088
1.41225;0.0661719;0.357088
1.40188;0.0734942;0.357088
1.469;0.0399433;0.36135
1.45686;0.0472656;0.36135
1.44523;0.054588;0.36135
1.49655;0.0399433;0.368672
1.48403;0.0472656;0.368672
1.47183;0.054588;0.368672
1.52374;0.0399433;0.375994
1.51066;0.0472656;0.375994
1.49809;0.054588;0.375994
1.43862;0.0588495;0.36135
1.42752;0.0661719;0.36135
1.4169;0.0734942;0.36135
1.46495;0.0588495;0.368672
1.4535;0.0661719;0.368672
1.44235;0.0734942;0.368672
1.49095;0.0588495;0.375994
1.47898;0.0661719;0.375994
1.46749;0.0734942;0.375994
1.20594;0.0777558;0.304631
1.19938;0.0850781;0.304631
1.19321;0.0924005;0.304631
1.233;0.0777558;0.311953
1.22608;0.0850781;0.311953
1.2193;0.0924005;0.311953
1.26003;0.0777558;0.319275
1.25251;0.0850781;0.319275
1.24537;0.0924005;0.319275
1.1897;0.096662;0.304631
1.18382;0.103984;0.304631
1.17829;0.111307;0.304631
1.21552;0.096662;0.311953
1.2093;0.103984;0.311953
1.20321;0.111307;0.311953
1.24133;0.096662;0.319275
1.23454;0.103984;0.319275
1.22812;0.111307;0.319275
1.27567;0.0777558;0.323537
1.26787;0.0850781;0.323537
1.26046;0.0924005;0.323537
1.30232;0.0777558;0.330859
1.29416;0.0850781;0.330859
1.28619;0.0924005;0.330859
1.32884;0.0777558;0.338182
1.32012;0.0850781;0.338182
1.3118;0.0924005;0.338182
1.25626;0.096662;0.323537
1.24922;0.103984;0.323537
1.24254;0.111307;0.323537
1.28172;0.096662;0.330859
1.27434;0.103984;0.330859
1.26714;0.111307;0.330859
1.30708;0.096662;0.338182
1.29918;0.103984;0.338182
1.29165;0.111307;0.338182
1.17515;0.115568;0.304631
1.16989;0.122891;0.304631
1.16496;0.130213;0.304631
1.19981;0.115568;0.311953
1.19424;0.122891;0.311953
1.18879;0.130213;0.311953
1.22448;0.115568;0.319275
1.21838;0.122891;0.319275
1.21262;0.130213;0.319275
1.16217;0.134475;0.304631
1.15749;0.141797;0.304631
1.15312;0.149119;0.304631
1.18576;0.134475;0.311953
1.18078;0.141797;0.311953
1.17593;0.149119;0.311953
1.20935;0.134475;0.319275
1.2039;0.141797;0.319275
1.19876;0.149119;0.319275
1.23876;0.115568;0.323537
1.23242;0.122891;0.323537
1.22642;0.130213;0.323537
1.26311;0.115568;0.330859
1.25646;0.122891;0.330859
1.24998;0.130213;0.330859
1.28739;0.115568;0.338182
1.28025;0.122891;0.338182
1.27346;0.130213;0.338182
1.22303;0.134475;0.323537
1.21735;0.141797;0.323537
1.21199;0.149119;0.323537
1.24636;0.134475;0.330859
1.24039;0.141797;0.330859
1.23459;0.149119;0.330859
1.26963;0.134475;0.338182
1.26321;0.141797;0.338182
1.25712;0.149119;0.338182
1.34416;0.0777558;0.342443
1.33516;0.0850781;0.342443
1.32659;0.0924005;0.342443
1.37018;0.0777558;0.349766
1.36084;0.0850781;0.349766
1.35174;0.0924005;0.349766
1.396;0.0777558;0.357088
1.38614;0.0850781;0.357088
1.3767;0.0924005;0.357088
1.32173;0.096662;0.342443
1.31357;0.103984;0.342443
1.30581;0.111307;0.342443
1.34663;0.096662;0.349766
1.33815;0.103984;0.349766
1.3299;0.111307;0.349766
1.37135;0.096662;0.357088
1.36238;0.103984;0.357088
1.35382;0.111307;0.357088
1.41087;0.0777558;0.36135
1.40075;0.0850781;0.36135
1.39107;0.0924005;0.36135
1.43607;0.0777558;0.368672
1.42562;0.0850781;0.368672
1.41546;0.0924005;0.368672
1.46097;0.0777558;0.375994
1.45004;0.0850781;0.375994
1.43956;0.0924005;0.375994
1.38559;0.096662;0.36135
1.37639;0.103984;0.36135
1.3676;0.111307;0.36135
1.40974;0.096662;0.368672
1.40024;0.103984;0.368672
1.391;0.111307;0.368672
1.43362;0.096662;0.375994
1.42367;0.103984;0.375994
1.41414;0.111307;0.375994
1.30141;0.115568;0.342443
1.29404;0.122891;0.342443
1.28704;0.130213;0.342443
1.32527;0.115568;0.349766
1.3176;0.122891;0.349766
1.31015;0.130213;0.349766
1.34897;0.115568;0.357088
1.34085;0.122891;0.357088
1.3331;0.130213;0.357088
1.28307;0.134475;0.342443
1.27644;0.141797;0.342443
1.27015;0.149119;0.342443
1.30597;0.134475;0.349766
1.29907;0.141797;0.349766
1.29236;0.149119;0.349766
1.32872;0.134475;0.357088
1.3214;0.141797;0.357088
1.31443;0.149119;0.357088
1.36263;0.115568;0.36135
1.35429;0.122891;0.36135
1.34634;0.130213;0.36135
1.38581;0.115568;0.368672
1.37719;0.122891;0.368672
1.36883;0.130213;0.368672
1.40874;0.115568;0.375994
1.39972;0.122891;0.375994
1.39108;0.130213;0.375994
1.34185;0.134475;0.36135
1.33432;0.141797;0.36135
1.32716;0.149119;0.36135
1.36413;0.134475;0.368672
1.35635;0.141797;0.368672
1.34881;0.149119;0.368672
1.3862;0.134475;0.375994
1.37804;0.141797;0.375994
1.37025;0.149119;0.375994
1.61556;0.00213077;0.380256
1.59973;0.00945312;0.380256
1.58449;0.0167755;0.380256
1.6444;0.00213077;0.387578
1.62816;0.00945312;0.387578
1.61232;0.0167755;0.387578
1.67272;0.00213077;0.3949
1.65589;0.00945312;0.3949
1.63965;0.0167755;0.3949
1.57583;0.021037;0.380256
1.56128;0.0283594;0.380256
1.54729;0.0356817;0.380256
1.60337;0.021037;0.387578
1.58844;0.0283594;0.387578
1.57389;0.0356817;0.387578
1.63043;0.021037;0.3949
1.61494;0.0283594;0.3949
1.60002;0.0356817;0.3949
1.6889;0.00213077;0.399162
1.67177;0.00945312;0.399162
1.65527;0.0167755;0.399162
1.71609;0.00213077;0.406484
1.69858;0.00945312;0.406484
1.68154;0.0167755;0.406484
1.74264;0.00213077;0.413807
1.7246;0.00945312;0.413807
1.70719;0.0167755;0.413807
1.64589;0.021037;0.399162
1.63014;0.0283594;0.399162
1.61497;0.0356817;0.399162
1.67189;0.021037;0.406484
1.65578;0.0283594;0.406484
1.64011;0.0356817;0.406484
1.6973;0.021037;0.413807
1.68071;0.0283594;0.413807
1.6647;0.0356817;0.413807
1.53933;0.0399433;0.380256
1.52598;0.0472656;0.380256
1.51316;0.054588;0.380256
1.56567;0.0399433;0.387578
1.55196;0.0472656;0.387578
1.53862;0.054588;0.387578
1.59155;0.0399433;0.3949
1.57733;0.0472656;0.3949
1.56365;0.054588;0.3949
1.50587;0.0588495;0.380256
1.49365;0.0661719;0.380256
1.48192;0.0734942;0.380256
1.53109;0.0588495;0.387578
1.51853;0.0661719;0.387578
1.50632;0.0734942;0.387578
1.55588;0.0588495;0.3949
1.54285;0.0661719;0.3949
1.53033;0.0734942;0.3949
1.60635;0.0399433;0.399162
1.59188;0.0472656;0.399162
1.57796;0.054588;0.399162
1.63125;0.0399433;0.406484
1.61646;0.0472656;0.406484
1.60208;0.054588;0.406484
1.65561;0.0399433;0.413807
1.64036;0.0472656;0.413807
1.62566;0.054588;0.413807
1.57006;0.0588495;0.399162
1.55681;0.0661719;0.399162
1.54407;0.0734942;0.399162
1.59395;0.0588495;0.406484
1.58039;0.0661719;0.406484
1.56722;0.0734942;0.406484
1.61733;0.0588495;0.413807
1.60335;0.0661719;0.413807
1.58989;0.0734942;0.413807
1.75775;0.00213077;0.418068
1.73945;0.00945312;0.418068
1.7218;0.0167755;0.418068
1.78304;0.00213077;0.425391
1.76439;0.00945312;0.425391
1.74626;0.0167755;0.425391
1.80758;0.00213077;0.432713
1.78848;0.00945312;0.432713
1.77003;0.0167755;0.432713
1.71177;0.021037;0.418068
1.69493;0.0283594;0.418068
1.6787;0.0356817;0.418068
1.736;0.021037;0.425391
1.71884;0.0283594;0.425391
1.70217;0.0356817;0.425391
1.75955;0.021037;0.432713
1.74196;0.0283594;0.432713
1.72499;0.0356817;0.432713
1.82149;0.00213077;0.436975
1.80216;0.00945312;0.436975
1.78349;0.0167755;0.436975
1.84464;0.00213077;0.444297
1.82501;0.00945312;0.444297
1.80593;0.0167755;0.444297
1.86696;0.00213077;0.451619
1.84694;0.00945312;0.451619
1.82758;0.0167755;0.451619
1.77289;0.021037;0.436975
1.75509;0.0283594;0.436975
1.73793;0.0356817;0.436975
1.79513;0.021037;0.444297
1.77706;0.0283594;0.444297
1.75952;0.0356817;0.444297
1.8166;0.021037;0.451619
1.79817;0.0283594;0.451619
1.78037;0.0356817;0.451619
1.66948;0.0399433;0.418068
1.65401;0.0472656;0.418068
1.63911;0.054588;0.418068
1.69274;0.0399433;0.425391
1.67697;0.0472656;0.425391
1.66166;0.054588;0.425391
1.71535;0.0399433;0.432713
1.6992;0.0472656;0.432713
1.68361;0.054588;0.432713
1.63065;0.0588495;0.418068
1.61647;0.0661719;0.418068
1.60282;0.0734942;0.418068
1.65301;0.0588495;0.425391
1.63856;0.0661719;0.425391
1.62454;0.0734942;0.425391
1.67477;0.0588495;0.432713
1.65996;0.0661719;0.432713
1.64568;0.0734942;0.432713
1.72818;0.0399433;0.436975
1.71183;0.0472656;0.436975
1.69607;0.054588;0.436975
1.74959;0.0399433;0.444297
1.73298;0.0472656;0.444297
1.71688;0.054588;0.444297
1.77027;0.0399433;0.451619
1.75334;0.0472656;0.451619
1.737;0.054588;0.451619
1.68713;0.0588495;0.436975
1.67214;0.0661719;0.436975
1.6577;0.0734942;0.436975
1.70777;0.0588495;0.444297
1.69255;0.0661719;0.444297
1.6778;0.0734942;0.444297
1.72773;0.0588495;0.451619
1.71222;0.0661719;0.451619
1.69724;0.0734942;0.451619
1.47527;0.0777558;0.380256
1.4641;0.0850781;0.380256
1.4534;0.0924005;0.380256
1.49944;0.0777558;0.387578
1.48797;0.0850781;0.387578
1.47683;0.0924005;0.387578
1.52322;0.0777558;0.3949
1.51132;0.0850781;0.3949
1.49988;0.0924005;0.3949
1.44734;0.096662;0.380256
1.43717;0.103984;0.380256
1.42744;0.111307;0.380256
1.47055;0.096662;0.387578
1.4601;0.103984;0.387578
1.44996;0.111307;0.387578
1.4934;0.096662;0.3949
1.48255;0.103984;0.3949
1.47214;0.111307;0.3949
1.53684;0.0777558;0.399162
1.52472;0.0850781;0.399162
1.51309;0.0924005;0.399162
1.55979;0.0777558;0.406484
1.54739;0.0850781;0.406484
1.53536;0.0924005;0.406484
1.58226;0.0777558;0.413807
1.56948;0.0850781;0.413807
1.55718;0.0924005;0.413807
1.50649;0.096662;0.399162
1.49545;0.103984;0.399162
1.48486;0.111307;0.399162
1.52857;0.096662;0.406484
1.51727;0.103984;0.406484
1.50632;0.111307;0.406484
1.55022;0.096662;0.413807
1.53856;0.103984;0.413807
1.52736;0.111307;0.413807
1.42193;0.115568;0.380256
1.4127;0.122891;0.380256
1.40388;0.130213;0.380256
1.44425;0.115568;0.387578
1.43476;0.122891;0.387578
1.42557;0.130213;0.387578
1.46625;0.115568;0.3949
1.45639;0.122891;0.3949
1.44694;0.130213;0.3949
1.39889;0.134475;0.380256
1.39055;0.141797;0.380256
1.38259;0.149119;0.380256
1.4204;0.134475;0.387578
1.41181;0.141797;0.387578
1.40351;0.149119;0.387578
1.44161;0.134475;0.3949
1.43269;0.141797;0.3949
1.42415;0.149119;0.3949
1.47886;0.115568;0.399162
1.46882;0.122891;0.399162
1.45921;0.130213;0.399162
1.50014;0.115568;0.406484
1.48987;0.122891;0.406484
1.47993;0.130213;0.406484
1.52103;0.115568;0.413807
1.51043;0.122891;0.413807
1.50026;0.130213;0.413807
1.45377;0.134475;0.399162
1.44469;0.141797;0.399162
1.436;0.149119;0.399162
1.47433;0.134475;0.406484
1.46503;0.141797;0.406484
1.45605;0.149119;0.406484
1.49452;0.134475;0.413807
1.48493;0.141797;0.413807
1.47573;0.149119;0.413807
1.59508;0.0777558;0.418068
1.58211;0.0850781;0.418068
1.56964;0.0924005;0.418068
1.61661;0.0777558;0.425391
1.6034;0.0850781;0.425391
1.59059;0.0924005;0.425391
1.63759;0.0777558;0.432713
1.62405;0.0850781;0.432713
1.611;0.0924005;0.432713
1.56258;0.096662;0.418068
1.55075;0.103984;0.418068
1.53939;0.111307;0.418068
1.58335;0.096662;0.425391
1.5713;0.103984;0.425391
1.55963;0.111307;0.425391
1.60361;0.096662;0.432713
1.59126;0.103984;0.432713
1.57937;0.111307;0.432713
1.64951;0.0777558;0.436975
1.6358;0.0850781;0.436975
1.62261;0.0924005;0.436975
1.66946;0.0777558;0.444297
1.65553;0.0850781;0.444297
1.64205;0.0924005;0.444297
1.68876;0.0777558;0.451619
1.67457;0.0850781;0.451619
1.66088;0.0924005;0.451619
1.61514;0.096662;0.436975
1.60263;0.103984;0.436975
1.59061;0.111307;0.436975
1.63443;0.096662;0.444297
1.62173;0.103984;0.444297
1.60945;0.111307;0.444297
1.65314;0.096662;0.451619
1.64019;0.103984;0.451619
1.62773;0.111307;0.451619
1.53296;0.115568;0.418068
1.52221;0.122891;0.418068
1.5119;0.130213;0.418068
1.55304;0.115568;0.425391
1.54208;0.122891;0.425391
1.53149;0.130213;0.425391
1.57264;0.115568;0.432713
1.56141;0.122891;0.432713
1.55062;0.130213;0.432713
1.50607;0.134475;0.418068
1.49633;0.141797;0.418068
1.487;0.149119;0.418068
1.52552;0.134475;0.425391
1.51559;0.141797;0.425391
1.50601;0.149119;0.425391
1.54453;0.134475;0.432713
1.53436;0.141797;0.432713
1.52459;0.149119;0.432713
1.58381;0.115568;0.436975
1.57244;0.122891;0.436975
1.56153;0.130213;0.436975
1.60252;0.115568;0.444297
1.59097;0.122891;0.444297
1.57983;0.130213;0.444297
1.62069;0.115568;0.451619
1.60892;0.122891;0.451619
1.59761;0.130213;0.451619
1.55536;0.134475;0.436975
1.54507;0.141797;0.436975
1.5352;0.149119;0.436975
1.57354;0.134475;0.444297
1.56309;0.141797;0.444297
1.55302;0.149119;0.444297
1.59123;0.134475;0.451619
1.58057;0.141797;0.451619
1.57034;0.149119;0.451619
1.15064;0.153381;0.304631
1.14651;0.160703;0.304631
1.14266;0.168025;0.304631
1.17324;0.153381;0.311953
1.16883;0.160703;0.311953
1.16454;0.168025;0.311953
1.19585;0.153381;0.319275
1.191;0.160703;0.319275
1.18644;0.168025;0.319275
1.14049;0.172287;0.304631
1.13686;0.179609;0.304631
1.13351;0.186932;0.304631
1.16216;0.172287;0.311953
1.15829;0.179609;0.311953
1.15452;0.186932;0.311953
1.18387;0.172287;0.319275
1.17959;0.179609;0.319275
1.17557;0.186932;0.319275
1.20896;0.153381;0.323537
1.2039;0.160703;0.323537
1.19915;0.168025;0.323537
1.23135;0.153381;0.330859
1.22602;0.160703;0.330859
1.22086;0.168025;0.330859
1.25368;0.153381;0.338182
1.24794;0.160703;0.338182
1.24251;0.168025;0.338182
1.19646;0.172287;0.323537
1.19198;0.179609;0.323537
1.18779;0.186932;0.323537
1.21798;0.172287;0.330859
1.21326;0.179609;0.330859
1.20869;0.186932;0.330859
1.23945;0.172287;0.338182
1.23435;0.179609;0.338182
1.22954;0.186932;0.338182
1.13162;0.191193;0.304631
1.12847;0.198516;0.304631
1.12558;0.205838;0.304631
1.15245;0.191193;0.311953
1.14907;0.198516;0.311953
1.14581;0.205838;0.311953
1.17332;0.191193;0.319275
1.16957;0.198516;0.319275
1.16608;0.205838;0.319275
1.12396;0.2101;0.304631
1.12127;0.217422;0.304631
1.11883;0.224744;0.304631
1.14402;0.2101;0.311953
1.14112;0.217422;0.311953
1.13833;0.224744;0.311953
1.16413;0.2101;0.319275
1.16089;0.217422;0.319275
1.15789;0.224744;0.319275
1.18544;0.191193;0.323537
1.18151;0.198516;0.323537
1.17786;0.205838;0.323537
1.20615;0.191193;0.330859
1.202;0.198516;0.330859
1.198;0.205838;0.330859
1.22684;0.191193;0.338182
1.22235;0.198516;0.338182
1.21812;0.205838;0.338182
1.17581;0.2101;0.323537
1.17241;0.217422;0.323537
1.16927;0.224744;0.323537
1.19579;0.2101;0.330859
1.19219;0.217422;0.330859
1.18873;0.224744;0.330859
1.21576;0.2101;0.338182
1.21185;0.217422;0.338182
1.20819;0.224744;0.338182
1.2666;0.153381;0.342443
1.26066;0.160703;0.342443
1.25505;0.168025;0.342443
1.28861;0.153381;0.349766
1.28242;0.160703;0.349766
1.27642;0.168025;0.349766
1.31049;0.153381;0.357088
1.30392;0.160703;0.357088
1.29767;0.168025;0.357088
1.25188;0.172287;0.342443
1.2466;0.179609;0.342443
1.24162;0.186932;0.342443
1.27308;0.172287;0.349766
1.26756;0.179609;0.349766
1.26223;0.186932;0.349766
1.29416;0.172287;0.357088
1.2883;0.179609;0.357088
1.28274;0.186932;0.357088
1.32312;0.153381;0.36135
1.31636;0.160703;0.36135
1.30995;0.168025;0.36135
1.34459;0.153381;0.368672
1.33759;0.160703;0.368672
1.33083;0.168025;0.368672
1.36585;0.153381;0.375994
1.35851;0.160703;0.375994
1.35151;0.168025;0.375994
1.30633;0.172287;0.36135
1.3003;0.179609;0.36135
1.29459;0.186932;0.36135
1.32704;0.172287;0.368672
1.32079;0.179609;0.368672
1.31477;0.186932;0.368672
1.34757;0.172287;0.375994
1.34101;0.179609;0.375994
1.33477;0.186932;0.375994
1.23882;0.191193;0.342443
1.23416;0.198516;0.342443
1.22979;0.205838;0.342443
1.25927;0.191193;0.349766
1.25439;0.198516;0.349766
1.24971;0.205838;0.349766
1.27962;0.191193;0.357088
1.27443;0.198516;0.357088
1.26953;0.205838;0.357088
1.22733;0.2101;0.342443
1.22327;0.217422;0.342443
1.21947;0.224744;0.342443
1.2471;0.2101;0.349766
1.24284;0.217422;0.349766
1.23876;0.224744;0.349766
1.26678;0.2101;0.357088
1.26224;0.217422;0.357088
1.25797;0.224744;0.357088
1.29138;0.191193;0.36135
1.28604;0.198516;0.36135
1.281;0.205838;0.36135
1.3114;0.191193;0.368672
1.30586;0.198516;0.368672
1.30054;0.205838;0.368672
1.33127;0.191193;0.375994
1.32544;0.198516;0.375994
1.31992;0.205838;0.375994
1.27817;0.2101;0.36135
1.27349;0.217422;0.36135
1.26909;0.224744;0.36135
1.29757;0.2101;0.368672
1.2927;0.217422;0.368672
1.28805;0.224744;0.368672
1.31683;0.2101;0.375994
1.31171;0.217422;0.375994
1.30688;0.224744;0.375994
1.11746;0.229006;0.304631
1.11521;0.236328;0.304631
1.11319;0.24365;0.304631
1.13681;0.229006;0.311953
1.13438;0.236328;0.311953
1.13204;0.24365;0.311953
1.15623;0.229006;0.319275
1.15348;0.236328;0.319275
1.15096;0.24365;0.319275
1.11208;0.247912;0.304631
1.11025;0.255234;0.304631
1.10865;0.262557;0.304631
1.13079;0.247912;0.311953
1.12879;0.255234;0.311953
1.1269;0.262557;0.311953
1.14957;0.247912;0.319275
1.14729;0.255234;0.319275
1.14524;0.262557;0.319275
1.16751;0.229006;0.323537
1.16461;0.236328;0.323537
1.16196;0.24365;0.323537
1.18683;0.229006;0.330859
1.18375;0.236328;0.330859
1.18081;0.24365;0.330859
1.20614;0.229006;0.338182
1.20279;0.236328;0.338182
1.19966;0.24365;0.338182
1.16049;0.247912;0.323537
1.15808;0.255234;0.323537
1.15591;0.262557;0.323537
1.17921;0.247912;0.330859
1.17664;0.255234;0.330859
1.17421;0.262557;0.330859
1.19794;0.247912;0.338182
1.19511;0.255234;0.338182
1.19251;0.262557;0.338182
1.10777;0.266818;0.304631
1.10635;0.274141;0.304631
1.10516;0.281463;0.304631
1.1259;0.266818;0.311953
1.12434;0.274141;0.311953
1.12288;0.281463;0.311953
1.14411;0.266818;0.319275
1.1423;0.274141;0.319275
1.1407;0.281463;0.319275
1.10451;0.285725;0.304631
1.1035;0.293047;0.304631
1.10271;0.300369;0.304631
1.12213;0.285725;0.311953
1.121;0.293047;0.311953
1.11996;0.300369;0.311953
1.13984;0.285725;0.319275
1.13847;0.293047;0.319275
1.13732;0.300369;0.319275
1.15472;0.266818;0.323537
1.15278;0.274141;0.323537
1.15108;0.281463;0.323537
1.17289;0.266818;0.330859
1.17081;0.274141;0.330859
1.16887;0.281463;0.330859
1.19109;0.266818;0.338182
1.18879;0.274141;0.338182
1.1867;0.281463;0.338182
1.15015;0.285725;0.323537
1.14868;0.293047;0.323537
1.14744;0.300369;0.323537
1.16785;0.285725;0.330859
1.16625;0.293047;0.330859
1.16479;0.300369;0.330859
1.18557;0.285725;0.338182
1.18378;0.293047;0.338182
1.1822;0.300369;0.338182
1.21735;0.229006;0.342443
1.21385;0.236328;0.342443
1.21061;0.24365;0.342443
1.2365;0.229006;0.349766
1.23282;0.236328;0.349766
1.22933;0.24365;0.349766
1.25558;0.229006;0.357088
1.25166;0.236328;0.357088
1.24798;0.24365;0.357088
1.20881;0.247912;0.342443
1.20586;0.255234;0.342443
1.20315;0.262557;0.342443
1.2274;0.247912;0.349766
1.22429;0.255234;0.349766
1.22136;0.262557;0.349766
1.24594;0.247912;0.357088
1.24261;0.255234;0.357088
1.23951;0.262557;0.357088
1.26663;0.229006;0.36135
1.26258;0.236328;0.36135
1.25879;0.24365;0.36135
1.28547;0.229006;0.368672
1.28125;0.236328;0.368672
1.27724;0.24365;0.368672
1.30418;0.229006;0.375994
1.29974;0.236328;0.375994
1.29557;0.24365;0.375994
1.25668;0.247912;0.36135
1.25324;0.255234;0.36135
1.25004;0.262557;0.36135
1.27502;0.247912;0.368672
1.27141;0.255234;0.368672
1.26804;0.262557;0.368672
1.29325;0.247912;0.375994
1.28945;0.255234;0.375994
1.2859;0.262557;0.375994
1.20166;0.266818;0.342443
1.19924;0.274141;0.342443
1.19707;0.281463;0.342443
1.21976;0.266818;0.349766
1.21719;0.274141;0.349766
1.21482;0.281463;0.349766
1.23781;0.266818;0.357088
1.23507;0.274141;0.357088
1.23252;0.281463;0.357088
1.19588;0.285725;0.342443
1.19399;0.293047;0.342443
1.19232;0.300369;0.342443
1.21354;0.285725;0.349766
1.21151;0.293047;0.349766
1.20967;0.300369;0.349766
1.23115;0.285725;0.357088
1.22898;0.293047;0.357088
1.22702;0.300369;0.357088
1.24829;0.266818;0.36135
1.24543;0.274141;0.36135
1.24281;0.281463;0.36135
1.26619;0.266818;0.368672
1.26318;0.274141;0.368672
1.26041;0.281463;0.368672
1.28397;0.266818;0.375994
1.28084;0.274141;0.375994
1.27786;0.281463;0.375994
1.24139;0.285725;0.36135
1.23911;0.293047;0.36135
1.23709;0.300369;0.36135
1.25889;0.285725;0.368672
1.25647;0.293047;0.368672
1.25433;0.300369;0.368672
1.27628;0.285725;0.375994
1.27381;0.293047;0.375994
1.27151;0.300369;0.375994
1.37809;0.153381;0.380256
1.37059;0.160703;0.380256
1.36343;0.168025;0.380256
1.39885;0.153381;0.387578
1.39112;0.160703;0.387578
1.38367;0.168025;0.387578
1.41934;0.153381;0.3949
1.4113;0.160703;0.3949
1.40363;0.168025;0.3949
1.3594;0.172287;0.380256
1.35269;0.179609;0.380256
1.34631;0.186932;0.380256
1.37948;0.172287;0.387578
1.37256;0.179609;0.387578
1.36591;0.186932;0.387578
1.39931;0.172287;0.3949
1.39212;0.179609;0.3949
1.38526;0.186932;0.3949
1.4311;0.153381;0.399162
1.42292;0.160703;0.399162
1.41511;0.168025;0.399162
1.45099;0.153381;0.406484
1.44261;0.160703;0.406484
1.43453;0.168025;0.406484
1.47054;0.153381;0.413807
1.4619;0.160703;0.413807
1.45363;0.168025;0.413807
1.41071;0.172287;0.399162
1.40338;0.179609;0.399162
1.39639;0.186932;0.399162
1.43;0.172287;0.406484
1.42248;0.179609;0.406484
1.41527;0.186932;0.406484
1.44897;0.172287;0.413807
1.44123;0.179609;0.413807
1.43383;0.186932;0.413807
1.34272;0.191193;0.380256
1.33676;0.198516;0.380256
1.33111;0.205838;0.380256
1.36218;0.191193;0.387578
1.35603;0.198516;0.387578
1.35014;0.205838;0.387578
1.38141;0.191193;0.3949
1.37502;0.198516;0.3949
1.36893;0.205838;0.3949
1.32794;0.2101;0.380256
1.3227;0.217422;0.380256
1.31775;0.224744;0.380256
1.34684;0.2101;0.387578
1.34142;0.217422;0.387578
1.33626;0.224744;0.387578
1.36553;0.2101;0.3949
1.35991;0.217422;0.3949
1.35457;0.224744;0.3949
1.39247;0.191193;0.399162
1.38596;0.198516;0.399162
1.37976;0.205838;0.399162
1.41122;0.191193;0.406484
1.40453;0.198516;0.406484
1.39814;0.205838;0.406484
1.42968;0.191193;0.413807
1.42279;0.198516;0.413807
1.41622;0.205838;0.413807
1.3763;0.2101;0.399162
1.37056;0.217422;0.399162
1.36513;0.224744;0.399162
1.39456;0.2101;0.406484
1.38866;0.217422;0.406484
1.38306;0.224744;0.406484
1.41255;0.2101;0.413807
1.40649;0.217422;0.413807
1.40071;0.224744;0.413807
1.48174;0.153381;0.418068
1.47296;0.160703;0.418068
1.46457;0.168025;0.418068
1.50062;0.153381;0.425391
1.49166;0.160703;0.425391
1.48305;0.168025;0.425391
1.51909;0.153381;0.432713
1.50992;0.160703;0.432713
1.50113;0.168025;0.432713
1.45985;0.172287;0.418068
1.45199;0.179609;0.418068
1.44449;0.186932;0.418068
1.47821;0.172287;0.425391
1.47018;0.179609;0.425391
1.46249;0.186932;0.425391
1.49619;0.172287;0.432713
1.48797;0.179609;0.432713
1.48012;0.186932;0.432713
1.52963;0.153381;0.436975
1.52035;0.160703;0.436975
1.51147;0.168025;0.436975
1.54735;0.153381;0.444297
1.53792;0.160703;0.444297
1.52887;0.168025;0.444297
1.56459;0.153381;0.451619
1.55502;0.160703;0.451619
1.54583;0.168025;0.451619
1.50647;0.172287;0.436975
1.49816;0.179609;0.436975
1.49021;0.186932;0.436975
1.52378;0.172287;0.444297
1.51532;0.179609;0.444297
1.50722;0.186932;0.444297
1.54065;0.172287;0.451619
1.53205;0.179609;0.451619
1.52382;0.186932;0.451619
1.44027;0.191193;0.418068
1.43328;0.198516;0.418068
1.42661;0.205838;0.418068
1.45818;0.191193;0.425391
1.45104;0.198516;0.425391
1.44422;0.205838;0.425391
1.47572;0.191193;0.432713
1.46843;0.198516;0.432713
1.46148;0.205838;0.432713
1.42288;0.2101;0.418068
1.41673;0.217422;0.418068
1.41088;0.224744;0.418068
1.44038;0.2101;0.425391
1.43407;0.217422;0.425391
1.42813;0.224744;0.425391
1.45759;0.2101;0.432713
1.45115;0.217422;0.432713
1.44502;0.224744;0.432713
1.48576;0.191193;0.436975
1.47839;0.198516;0.436975
1.47135;0.205838;0.436975
1.50269;0.191193;0.444297
1.49519;0.198516;0.444297
1.48801;0.205838;0.444297
1.5192;0.191193;0.451619
1.51157;0.198516;0.451619
1.50431;0.205838;0.451619
1.46916;0.208193;0.436975
1.48576;0.208193;0.444297
1.50205;0.208193;0.451619
1.46845;0.208965;0.436975
1.48504;0.208965;0.444297
1.50132;0.208965;0.451619
1.46775;0.209736;0.436975
1.48432;0.209736;0.444297
1.50059;0.209736;0.451619
1.46558;0.211867;0.436872
1.48132;0.211867;0.443841
1.49682;0.211867;0.45081
1.459;0.218418;0.436516
1.47193;0.218418;0.442261
1.4847;0.218418;0.448006
1.45266;0.224969;0.436155
1.4628;0.224969;0.440663
1.47283;0.224969;0.44517
1.31499;0.229006;0.380256
1.31044;0.236328;0.380256
1.30616;0.24365;0.380256
1.33339;0.229006;0.387578
1.32867;0.236328;0.387578
1.32422;0.24365;0.387578
1.35159;0.229006;0.3949
1.3467;0.236328;0.3949
1.34208;0.24365;0.3949
1.30379;0.247912;0.380256
1.29991;0.255234;0.380256
1.29625;0.262557;0.380256
1.32175;0.247912;0.387578
1.31772;0.255234;0.387578
1.31393;0.262557;0.387578
1.33951;0.247912;0.3949
1.33531;0.255234;0.3949
1.33143;0.262557;0.3949
1.36209;0.229006;0.399162
1.35709;0.236328;0.399162
1.35238;0.24365;0.399162
1.37993;0.229006;0.406484
1.37478;0.236328;0.406484
1.36991;0.24365;0.406484
1.39751;0.229006;0.413807
1.39226;0.236328;0.413807
1.38726;0.24365;0.413807
1.34977;0.247912;0.399162
1.3455;0.255234;0.399162
1.34151;0.262557;0.399162
1.36724;0.247912;0.406484
1.36287;0.255234;0.406484
1.35868;0.262557;0.406484
1.38447;0.247912;0.413807
1.37991;0.255234;0.413807
1.37565;0.262557;0.413807
1.29425;0.266818;0.380256
1.29102;0.274141;0.380256
1.28801;0.281463;0.380256
1.31181;0.266818;0.387578
1.3084;0.274141;0.387578
1.30538;0.281463;0.387578
1.32931;0.266818;0.3949
1.32583;0.274141;0.3949
1.32254;0.281463;0.3949
1.28639;0.285725;0.380256
1.28381;0.293047;0.380256
1.28142;0.300369;0.380256
1.30367;0.285725;0.387578
1.30082;0.293047;0.387578
1.29834;0.300369;0.387578
1.32068;0.285725;0.3949
1.31776;0.293047;0.3949
1.31525;0.300369;0.3949
1.33969;0.266118;0.399162
1.35673;0.266118;0.406484
1.37369;0.266118;0.413807
1.33729;0.271035;0.399162
1.3542;0.271035;0.406484
1.37111;0.271035;0.413807
1.33497;0.275952;0.399162
1.35181;0.275952;0.406484
1.36861;0.275952;0.413807
1.33386;0.278082;0.399109
1.35029;0.278082;0.406251
1.36661;0.278082;0.413393
1.33234;0.280488;0.398928
1.34737;0.280488;0.405446
1.36221;0.280488;0.411964
1.33084;0.282894;0.398746
1.34447;0.282894;0.404637
1.35787;0.282894;0.410528
1.32911;0.285725;0.398522
1.34105;0.285725;0.403645
1.35273;0.285725;0.408769
1.32479;0.293047;0.397931
1.33201;0.293047;0.401022
1.33916;0.293047;0.404113
1.32082;0.300369;0.397329
1.32308;0.300369;0.398353
1.32536;0.300369;0.399377
1.40763;0.229006;0.418068
1.40228;0.236328;0.418068
1.39721;0.24365;0.418068
1.42479;0.229006;0.425391
1.41924;0.236328;0.425391
1.41407;0.24365;0.425391
1.44159;0.229006;0.432713
1.43596;0.236328;0.432713
1.4307;0.24365;0.432713
1.39571;0.245893;0.418068
1.41255;0.245893;0.425391
1.42916;0.245893;0.432713
1.39546;0.246278;0.418068
1.41229;0.246278;0.425391
1.4289;0.246278;0.432713
1.3952;0.246663;0.418068
1.41204;0.246663;0.425391
1.42863;0.246663;0.432713
1.39349;0.248793;0.417935
1.40927;0.248793;0.424799
1.42484;0.248793;0.431663
1.38805;0.255731;0.417472
1.40015;0.255731;0.422746
1.41217;0.255731;0.428019
1.38291;0.262669;0.417003
1.39125;0.262669;0.420663
1.39959;0.262669;0.424323
1.44886;0.229006;0.435923
1.45722;0.229006;0.439632
1.4655;0.229006;0.443341
1.44222;0.236328;0.435484
1.44716;0.236328;0.437685
1.45209;0.236328;0.439885
1.43592;0.24365;0.435039
1.4374;0.24365;0.435711
1.43887;0.24365;0.436382
1.43407;0.245893;0.434901
1.4345;0.245893;0.435099
1.43493;0.245893;0.435296
1.43375;0.246278;0.434876
1.43399;0.246278;0.434987
1.43423;0.246278;0.435099
1.43344;0.246663;0.434851
1.43349;0.246663;0.434876
1.43354;0.246663;0.434901
1.38048;0.266118;0.416762
1.38688;0.266118;0.419593
1.39332;0.266118;0.422425
1.37709;0.271035;0.416404
1.3807;0.271035;0.418008
1.38433;0.271035;0.419612
1.37373;0.275952;0.416043
1.37456;0.275952;0.416407
1.37538;0.275952;0.41677
1.87953;0.00213077;0.455881
1.85931;0.00945312;0.455881
1.83978;0.0167755;0.455881
1.90033;0.00213077;0.463203
1.87987;0.00945312;0.463203
1.86;0.0167755;0.463203
1.92021;0.00213077;0.470525
1.89943;0.00945312;0.470525
1.87934;0.0167755;0.470525
1.82869;0.021037;0.455881
1.81009;0.0283594;0.455881
1.79213;0.0356817;0.455881
1.84874;0.021037;0.463203
1.82991;0.0283594;0.463203
1.81164;0.0356817;0.463203
1.86793;0.021037;0.470525
1.84881;0.0283594;0.470525
1.83034;0.0356817;0.470525
1.93132;0.00213077;0.474787
1.91039;0.00945312;0.474787
1.89016;0.0167755;0.474787
1.94958;0.00213077;0.482109
1.92846;0.00945312;0.482109
1.90796;0.0167755;0.482109
1.96683;0.00213077;0.489432
1.94547;0.00945312;0.489432
1.92481;0.0167755;0.489432
1.87867;0.021037;0.474787
1.85942;0.0283594;0.474787
1.84082;0.0356817;0.474787
1.89635;0.021037;0.482109
1.87692;0.0283594;0.482109
1.85808;0.0356817;0.482109
1.91309;0.021037;0.489432
1.89344;0.0283594;0.489432
1.87445;0.0356817;0.489432
1.78193;0.0399433;0.455881
1.76484;0.0472656;0.455881
1.74836;0.054588;0.455881
1.8013;0.0399433;0.463203
1.784;0.0472656;0.463203
1.76723;0.054588;0.463203
1.81986;0.0399433;0.470525
1.8023;0.0472656;0.470525
1.78534;0.054588;0.470525
1.73901;0.0588495;0.455881
1.72334;0.0661719;0.455881
1.70824;0.0734942;0.455881
1.75774;0.0588495;0.463203
1.74188;0.0661719;0.463203
1.72653;0.0734942;0.463203
1.77573;0.0588495;0.470525
1.75963;0.0661719;0.470525
1.74409;0.0734942;0.470525
1.83027;0.0399433;0.474787
1.81258;0.0472656;0.474787
1.7955;0.054588;0.474787
1.84741;0.0399433;0.482109
1.82958;0.0472656;0.482109
1.81228;0.054588;0.482109
1.86368;0.0399433;0.489432
1.84565;0.0472656;0.489432
1.82824;0.054588;0.489432
1.78582;0.0588495;0.474787
1.76962;0.0661719;0.474787
1.75399;0.0734942;0.474787
1.8025;0.0588495;0.482109
1.78617;0.0661719;0.482109
1.77037;0.0734942;0.482109
1.81838;0.0588495;0.489432
1.80186;0.0661719;0.489432
1.78591;0.0734942;0.489432
1.97377;0.00213077;0.492509
1.98088;0.00213077;0.495761
1.98778;0.00213077;0.499013
1.95227;0.00945312;0.492493
1.9592;0.00945312;0.495692
1.96592;0.00945312;0.49889
1.93154;0.0167755;0.492478
1.93828;0.0167755;0.495623
1.94482;0.0167755;0.498767
1.91974;0.021037;0.492459
1.92631;0.021037;0.495542
1.93269;0.021037;0.498624
1.89989;0.0283594;0.492413
1.90606;0.0283594;0.495334
1.91207;0.0283594;0.498255
1.88076;0.0356817;0.492366
1.88655;0.0356817;0.495126
1.89219;0.0356817;0.497886
1.86988;0.0399433;0.492329
1.87538;0.0399433;0.494964
1.88075;0.0399433;0.497599
1.85159;0.0472656;0.492251
1.85649;0.0472656;0.494617
1.8613;0.0472656;0.496983
1.834;0.054588;0.492172
1.8383;0.054588;0.494269
1.84254;0.054588;0.496365
1.824;0.0588495;0.492118
1.82789;0.0588495;0.494025
1.83173;0.0588495;0.495933
1.80717;0.0661719;0.492008
1.81026;0.0661719;0.493537
1.81334;0.0661719;0.495067
1.79095;0.0734942;0.491897
1.79326;0.0734942;0.493048
1.79558;0.0734942;0.494198
1.69968;0.0777558;0.455881
1.68535;0.0850781;0.455881
1.67155;0.0924005;0.455881
1.71785;0.0777558;0.463203
1.70334;0.0850781;0.463203
1.68933;0.0924005;0.463203
1.7353;0.0777558;0.470525
1.72062;0.0850781;0.470525
1.70644;0.0924005;0.470525
1.66374;0.096662;0.455881
1.65067;0.103984;0.455881
1.6381;0.111307;0.455881
1.6814;0.096662;0.463203
1.66818;0.103984;0.463203
1.65541;0.111307;0.463203
1.69841;0.096662;0.470525
1.685;0.103984;0.470525
1.67209;0.111307;0.470525
1.74591;0.0773793;0.474787
1.76219;0.0773793;0.482109
1.77767;0.0773793;0.489432
1.73366;0.0834081;0.474787
1.7498;0.0834081;0.482109
1.76519;0.0834081;0.489432
1.72178;0.0894368;0.474787
1.73779;0.0894368;0.482109
1.75307;0.0894368;0.489432
1.71765;0.0915676;0.47478
1.73356;0.0915676;0.482077
1.74876;0.0915676;0.489374
1.71512;0.0928612;0.474754
1.73083;0.0928612;0.481964
1.74584;0.0928612;0.489174
1.7126;0.0941548;0.474729
1.7281;0.0941548;0.481852
1.74293;0.0941548;0.488975
1.70773;0.096662;0.474671
1.72277;0.096662;0.481594
1.73717;0.096662;0.488517
1.69384;0.103984;0.474496
1.7075;0.103984;0.480817
1.72063;0.103984;0.487139
1.68049;0.111307;0.47432
1.69277;0.111307;0.480036
1.70463;0.111307;0.485752
1.63099;0.115568;0.455881
1.61912;0.122891;0.455881
1.60771;0.130213;0.455881
1.6482;0.115568;0.463203
1.63618;0.122891;0.463203
1.62459;0.130213;0.463203
1.66479;0.115568;0.470525
1.65261;0.122891;0.470525
1.6409;0.130213;0.470525
1.60127;0.134475;0.455881
1.59052;0.141797;0.455881
1.58021;0.149119;0.455881
1.61806;0.134475;0.463203
1.60719;0.141797;0.463203
1.59673;0.149119;0.463203
1.63429;0.134475;0.470525
1.62326;0.141797;0.470525
1.61268;0.149119;0.470525
1.6729;0.115568;0.474208
1.68433;0.115568;0.479539
1.69539;0.115568;0.484871
1.66018;0.122891;0.473999
1.67002;0.122891;0.478614
1.67961;0.122891;0.483228
1.64797;0.130213;0.473789
1.65623;0.130213;0.477681
1.66433;0.130213;0.481573
1.64105;0.134475;0.473657
1.64832;0.134475;0.477096
1.65549;0.134475;0.480536
1.62944;0.141797;0.473414
1.63492;0.141797;0.476018
1.64036;0.141797;0.478622
1.61829;0.149119;0.473169
1.62199;0.149119;0.474931
1.62568;0.149119;0.476693
1.78256;0.0773793;0.491831
1.78442;0.0773793;0.492754
1.78628;0.0773793;0.493677
1.76983;0.0834081;0.491714
1.77088;0.0834081;0.492235
1.77194;0.0834081;0.492756
1.75745;0.0894368;0.491597
1.7577;0.0894368;0.491714
1.75794;0.0894368;0.491832
1.57551;0.152557;0.455881
1.59196;0.152557;0.463203
1.60786;0.152557;0.470525
1.5695;0.15705;0.455881
1.58585;0.15705;0.463203
1.60169;0.15705;0.470525
1.56365;0.161543;0.455881
1.57991;0.161543;0.463203
1.59569;0.161543;0.470525
1.56085;0.163673;0.455849
1.57684;0.163673;0.463063
1.59237;0.163673;0.470276
1.55704;0.166503;0.45574
1.57217;0.166503;0.462578
1.58689;0.166503;0.469417
1.5533;0.169333;0.45563
1.56757;0.169333;0.462092
1.58148;0.169333;0.468554
1.54942;0.172287;0.455507
1.56274;0.172287;0.461545
1.57573;0.172287;0.467583
1.54005;0.179609;0.455191
1.55094;0.179609;0.460141
1.56161;0.179609;0.465092
1.53105;0.186932;0.454871
1.53951;0.186932;0.458722
1.54784;0.186932;0.462574
1.61321;0.152557;0.473048
1.61603;0.152557;0.474394
1.61885;0.152557;0.475739
1.60668;0.15705;0.472878
1.60827;0.15705;0.473638
1.60987;0.15705;0.474398
1.60029;0.161543;0.472706
1.60066;0.161543;0.472878
1.60102;0.161543;0.47305
1.52597;0.191193;0.454675
1.53294;0.191193;0.457852
1.53984;0.191193;0.46103
1.51751;0.198516;0.45432
1.52178;0.198516;0.456279
1.52604;0.198516;0.458239
1.50944;0.205838;0.453961
1.511;0.205838;0.454688
1.51256;0.205838;0.455415
1.50693;0.208193;0.453844
1.50762;0.208193;0.454169
1.50831;0.208193;0.454493
1.50611;0.208965;0.453803
1.5065;0.208965;0.453986
1.50689;0.208965;0.454169
1.5053;0.209736;0.453762
1.50538;0.209736;0.453803
1.50547;0.209736;0.453844
1.1023;0.304631;0.304631
1.10169;0.311953;0.304631
1.10131;0.319275;0.304631
1.11946;0.304631;0.311953
1.11875;0.311953;0.311953
1.11814;0.319275;0.311953
1.13672;0.304631;0.319275
1.1358;0.311953;0.319275
1.13509;0.319275;0.319275
1.10114;0.323537;0.304631
1.10092;0.330859;0.304631
1.10095;0.338182;0.304631
1.11788;0.323537;0.311953
1.11761;0.330859;0.311953
1.11741;0.338182;0.311953
1.13475;0.323537;0.319275
1.13428;0.330859;0.319275
1.13402;0.338182;0.319275
1.14678;0.304631;0.323537
1.14576;0.311953;0.323537
1.14498;0.319275;0.323537
1.16404;0.304631;0.330859
1.16293;0.311953;0.330859
1.16194;0.319275;0.330859
1.18135;0.304631;0.338182
1.18006;0.311953;0.338182
1.17899;0.319275;0.338182
1.14458;0.323537;0.323537
1.14402;0.330859;0.323537
1.14373;0.338182;0.323537
1.16146;0.323537;0.330859
1.16083;0.330859;0.330859
1.16037;0.338182;0.330859
1.17843;0.323537;0.338182
1.17761;0.330859;0.338182
1.17702;0.338182;0.338182
1.10099;0.342443;0.304631
1.10118;0.349766;0.304631
1.10175;0.357088;0.304631
1.11739;0.342443;0.311953
1.11755;0.349766;0.311953
1.11782;0.357088;0.311953
1.13395;0.342443;0.319275
1.13392;0.349766;0.319275
1.13404;0.357088;0.319275
1.10204;0.36135;0.304631
1.10248;0.368672;0.304631
1.10331;0.375994;0.304631
1.1181;0.36135;0.311953
1.11873;0.368672;0.311953
1.11936;0.375994;0.311953
1.13425;0.36135;0.319275
1.13481;0.368672;0.319275
1.13549;0.375994;0.319275
1.14361;0.342443;0.323537
1.14348;0.349766;0.323537
1.14356;0.357088;0.323537
1.16018;0.342443;0.330859
1.15999;0.349766;0.330859
1.16;0.357088;0.330859
1.17679;0.342443;0.338182
1.17654;0.349766;0.338182
1.17647;0.357088;0.338182
1.14039;0.36135;0.322045
1.14087;0.368672;0.322045
1.14159;0.375994;0.322045
1.14529;0.36135;0.324241
1.14572;0.368672;0.324241
1.14637;0.375994;0.324241
1.1502;0.36135;0.326437
1.15058;0.368672;0.326437
1.15116;0.375994;0.326437
1.15496;0.361201;0.328568
1.15526;0.368014;0.328568
1.15573;0.374827;0.328568
1.16642;0.360687;0.333694
1.16657;0.365733;0.333694
1.16679;0.370779;0.333694
1.17793;0.360166;0.338821
1.17798;0.36342;0.338821
1.17805;0.366675;0.338821
1.19143;0.304631;0.342443
1.19004;0.311953;0.342443
1.18891;0.319275;0.342443
1.2087;0.304631;0.349766
1.20721;0.311953;0.349766
1.20591;0.319275;0.349766
1.22596;0.304631;0.357088
1.22431;0.311953;0.357088
1.22289;0.319275;0.357088
1.18832;0.323537;0.342443
1.18741;0.330859;0.342443
1.18675;0.338182;0.342443
1.20525;0.323537;0.349766
1.20429;0.330859;0.349766
1.20351;0.338182;0.349766
1.22217;0.323537;0.357088
1.2211;0.330859;0.357088
1.22025;0.338182;0.357088
1.23599;0.304631;0.36135
1.23425;0.311953;0.36135
1.23277;0.319275;0.36135
1.25316;0.304631;0.368672
1.25129;0.311953;0.368672
1.24969;0.319275;0.368672
1.27023;0.304631;0.375994
1.26824;0.311953;0.375994
1.26657;0.319275;0.375994
1.23226;0.322045;0.36135
1.24915;0.322045;0.368672
1.26601;0.322045;0.375994
1.23188;0.324241;0.36135
1.24873;0.324241;0.368672
1.26559;0.324241;0.375994
1.23151;0.326437;0.36135
1.24833;0.326437;0.368672
1.2652;0.326437;0.375994
1.23084;0.328568;0.361201
1.24646;0.328568;0.368014
1.26215;0.328568;0.374827
1.22895;0.333694;0.360687
1.24046;0.333694;0.365733
1.25205;0.333694;0.370779
1.22719;0.338821;0.360166
1.23456;0.338821;0.36342
1.24198;0.338821;0.366675
1.18354;0.342443;0.341149
1.18325;0.349766;0.341149
1.18314;0.357088;0.341149
1.19007;0.342443;0.344023
1.18971;0.349766;0.344023
1.18958;0.357088;0.344023
1.1966;0.342443;0.346897
1.19619;0.349766;0.346897
1.19602;0.357088;0.346897
1.20147;0.342299;0.349027
1.20103;0.349128;0.349027
1.20082;0.355956;0.349027
1.21166;0.341801;0.353476
1.21126;0.346918;0.353476
1.21097;0.352034;0.353476
1.22187;0.341297;0.357924
1.22158;0.344679;0.357924
1.22132;0.348062;0.357924
1.18315;0.359924;0.341149
1.18318;0.362348;0.341149
1.18322;0.364771;0.341149
1.18959;0.359618;0.344023
1.1896;0.360989;0.344023
1.18962;0.36236;0.344023
1.19602;0.359309;0.346897
1.19602;0.359619;0.346897
1.19602;0.359929;0.346897
1.22643;0.341149;0.359924
1.23189;0.341149;0.362348
1.23739;0.341149;0.364771
1.22549;0.344023;0.359618
1.22856;0.344023;0.360989
1.23165;0.344023;0.36236
1.22457;0.346897;0.359309
1.22526;0.346897;0.359619
1.22596;0.346897;0.359929
1.0998;0.380256;0.302657
1.10111;0.387578;0.302657
1.10223;0.3949;0.302657
1.10094;0.380256;0.303197
1.10223;0.387578;0.303197
1.10341;0.3949;0.303197
1.10208;0.380256;0.303736
1.10336;0.387578;0.303736
1.10459;0.3949;0.303736
1.10658;0.380081;0.305867
1.10767;0.386801;0.305867
1.10892;0.393522;0.305867
1.12119;0.379472;0.31265
1.12171;0.384103;0.31265
1.12237;0.388734;0.31265
1.13615;0.378854;0.319433
1.13641;0.381358;0.319433
1.13664;0.383862;0.319433
1.10254;0.397139;0.302657
1.10259;0.397507;0.302657
1.10264;0.397876;0.302657
1.10374;0.397092;0.303197
1.10378;0.3973;0.303197
1.10381;0.397508;0.303197
1.10494;0.397045;0.303736
1.10495;0.397092;0.303736
1.10496;0.397139;0.303736
1.14192;0.37861;0.322045
1.14213;0.380279;0.322045
1.14231;0.381947;0.322045
1.14664;0.378399;0.324241
1.14676;0.379342;0.324241
1.14688;0.380285;0.324241
1.15137;0.378187;0.326437
1.1514;0.3784;0.326437
1.15143;0.378613;0.326437
1.28072;0.302657;0.380256
1.29764;0.302657;0.387578
1.31455;0.302657;0.3949
1.28055;0.303197;0.380256
1.29748;0.303197;0.387578
1.31438;0.303197;0.3949
1.28039;0.303736;0.380256
1.29731;0.303736;0.387578
1.31422;0.303736;0.3949
1.27934;0.305867;0.380081
1.29489;0.305867;0.386801
1.31042;0.305867;0.393522
1.27608;0.31265;0.379472
1.28676;0.31265;0.384103
1.29752;0.31265;0.388734
1.27308;0.319433;0.378854
1.27875;0.319433;0.381358
1.28451;0.319433;0.383862
1.272;0.322045;0.37861
1.27573;0.322045;0.380279
1.2795;0.322045;0.381947
1.2711;0.324241;0.378399
1.27318;0.324241;0.379342
1.27527;0.324241;0.380285
1.27025;0.326437;0.378187
1.27071;0.326437;0.3784
1.27117;0.326437;0.378613
1.31969;0.302657;0.397139
1.32048;0.302657;0.397507
1.32127;0.302657;0.397876
1.31942;0.303197;0.397092
1.31986;0.303197;0.3973
1.3203;0.303197;0.397508
1.31916;0.303736;0.397045
1.31926;0.303736;0.397092
1.31936;0.303736;0.397139
