0.00624297;-0.303736;-0.397139
0.00628952;-0.303736;-0.397092
0.00633613;-0.303736;-0.397045
0.00619592;-0.303197;-0.397508
0.00639648;-0.303197;-0.3973
0.00659813;-0.303197;-0.397092
0.00616708;-0.302657;-0.397876
0.00651351;-0.302657;-0.397507
0.00686293;-0.302657;-0.397139
0.00738081;-0.326437;-0.378613
0.0075764;-0.326437;-0.3784
0.00777305;-0.326437;-0.378187
0.00730712;-0.324241;-0.380285
0.00812822;-0.324241;-0.379342
0.00896568;-0.324241;-0.378399
0.00733147;-0.322045;-0.381947
0.00872204;-0.322045;-0.380279
0.010153;-0.322045;-0.37861
0.00809685;-0.303736;-0.3949
0.0139749;-0.303736;-0.387578
0.0197085;-0.303736;-0.380256
0.00839986;-0.303197;-0.3949
0.0142705;-0.303197;-0.387578
0.0200084;-0.303197;-0.380256
0.00870282;-0.302657;-0.3949
0.0145643;-0.302657;-0.387578
0.0203069;-0.302657;-0.380256
0.00749021;-0.319433;-0.383862
0.00949636;-0.319433;-0.381358
0.0115618;-0.319433;-0.378854
0.0079329;-0.31265;-0.388734
0.0115521;-0.31265;-0.384103
0.0151723;-0.31265;-0.379472
0.00802461;-0.305867;-0.393522
0.0134039;-0.305867;-0.386801
0.0186463;-0.305867;-0.380081
0.0109579;-0.378613;-0.326437
0.0111756;-0.3784;-0.326437
0.0113948;-0.378187;-0.326437
0.0109294;-0.380285;-0.324241
0.0118081;-0.379342;-0.324241
0.0127186;-0.378399;-0.324241
0.0111411;-0.381947;-0.322045
0.0125241;-0.380279;-0.322045
0.0140345;-0.37861;-0.322045
0.0129398;-0.397139;-0.303736
0.012997;-0.397092;-0.303736
0.0130543;-0.397045;-0.303736
0.0130787;-0.397508;-0.303197
0.0133112;-0.3973;-0.303197
0.0135479;-0.397092;-0.303197
0.0133128;-0.397876;-0.302657
0.0136861;-0.397507;-0.302657
0.014073;-0.397139;-0.302657
0.0148808;-0.3949;-0.303736
0.0211726;-0.387578;-0.303736
0.0276058;-0.380256;-0.303736
0.015357;-0.3949;-0.303197
0.0215173;-0.387578;-0.303197
0.0279919;-0.380256;-0.303197
0.0158472;-0.3949;-0.302657
0.0218591;-0.387578;-0.302657
0.0283749;-0.380256;-0.302657
0.0121103;-0.383862;-0.319433
0.0139542;-0.381358;-0.319433
0.0159848;-0.378854;-0.319433
0.0140653;-0.388734;-0.31265
0.0178089;-0.384103;-0.31265
0.0213036;-0.379472;-0.31265
0.0144083;-0.393522;-0.305867
0.0204656;-0.386801;-0.305867
0.0261938;-0.380081;-0.305867
0.00852393;-0.346897;-0.359929
0.00876934;-0.346897;-0.359619
0.00901467;-0.346897;-0.359309
0.00859545;-0.344023;-0.36236
0.00968126;-0.344023;-0.360989
0.0107656;-0.344023;-0.359618
0.00870752;-0.341149;-0.364771
0.0106153;-0.341149;-0.362348
0.0125223;-0.341149;-0.359924
0.00944884;-0.359929;-0.346897
0.00969866;-0.359619;-0.346897
0.00994961;-0.359309;-0.346897
0.00981426;-0.36236;-0.344023
0.0108631;-0.360989;-0.344023
0.0119235;-0.359618;-0.344023
0.0102957;-0.364771;-0.341149
0.012106;-0.362348;-0.341149
0.0139273;-0.359924;-0.341149
0.0116303;-0.357088;-0.346897
0.0169315;-0.349766;-0.346897
0.021872;-0.342443;-0.346897
0.0138358;-0.357088;-0.344023
0.0191239;-0.349766;-0.344023
0.0240633;-0.342443;-0.344023
0.0160393;-0.357088;-0.341149
0.0212865;-0.349766;-0.341149
0.0262379;-0.342443;-0.341149
0.00934991;-0.348062;-0.357924
0.0116871;-0.344679;-0.357924
0.0140113;-0.341297;-0.357924
0.0101821;-0.352034;-0.353476
0.013748;-0.346918;-0.353476
0.0171925;-0.341801;-0.353476
0.0108308;-0.355956;-0.349027
0.0157294;-0.349128;-0.349027
0.0203273;-0.342299;-0.349027
0.00952427;-0.326437;-0.375994
0.0152776;-0.326437;-0.368672
0.0209846;-0.326437;-0.36135
0.0109113;-0.324241;-0.375994
0.0166601;-0.324241;-0.368672
0.0223275;-0.324241;-0.36135
0.0122833;-0.322045;-0.375994
0.0180287;-0.322045;-0.368672
0.0236468;-0.322045;-0.36135
0.00880583;-0.338821;-0.366675
0.0113643;-0.338821;-0.36342
0.0139268;-0.338821;-0.360166
0.00895546;-0.333694;-0.370779
0.012926;-0.333694;-0.365733
0.0169105;-0.333694;-0.360687
0.00908725;-0.328568;-0.374827
0.0144383;-0.328568;-0.368014
0.0197762;-0.328568;-0.361201
0.0139777;-0.319275;-0.375994
0.0183254;-0.311953;-0.375994
0.0224924;-0.304631;-0.375994
0.0197021;-0.319275;-0.368672
0.0239537;-0.311953;-0.368672
0.0279772;-0.304631;-0.368672
0.0252556;-0.319275;-0.36135
0.0293676;-0.311953;-0.36135
0.0332953;-0.304631;-0.36135
0.016775;-0.338182;-0.357088
0.0215177;-0.330859;-0.357088
0.0259811;-0.323537;-0.357088
0.0224236;-0.338182;-0.349766
0.0270152;-0.330859;-0.349766
0.0313378;-0.323537;-0.349766
0.0279975;-0.338182;-0.342443
0.0324655;-0.330859;-0.342443
0.0365876;-0.323537;-0.342443
0.0284297;-0.319275;-0.357088
0.0324693;-0.311953;-0.357088
0.0363467;-0.304631;-0.357088
0.0337378;-0.319275;-0.349766
0.0377001;-0.311953;-0.349766
0.0414328;-0.304631;-0.349766
0.0389143;-0.319275;-0.342443
0.0428025;-0.311953;-0.342443
0.0463324;-0.304631;-0.342443
0.0132249;-0.375994;-0.326437
0.0190637;-0.368672;-0.326437
0.0245301;-0.36135;-0.326437
0.0148008;-0.375994;-0.324241
0.0207539;-0.368672;-0.324241
0.0262658;-0.36135;-0.324241
0.0163569;-0.375994;-0.322045
0.0224361;-0.368672;-0.322045
0.0280062;-0.36135;-0.322045
0.0107647;-0.366675;-0.338821
0.013178;-0.36342;-0.338821
0.0155918;-0.360166;-0.338821
0.0118131;-0.370779;-0.333694
0.0155807;-0.365733;-0.333694
0.0192773;-0.360687;-0.333694
0.0126093;-0.374827;-0.328568
0.0179149;-0.368014;-0.328568
0.0229548;-0.361201;-0.328568
0.0183555;-0.357088;-0.338182
0.0235428;-0.349766;-0.338182
0.0284729;-0.342443;-0.338182
0.0240779;-0.357088;-0.330859
0.0291004;-0.349766;-0.330859
0.0338502;-0.342443;-0.330859
0.0298186;-0.357088;-0.323537
0.0346464;-0.349766;-0.323537
0.0390705;-0.342443;-0.323537
0.0184975;-0.375994;-0.319275
0.0243964;-0.368672;-0.319275
0.0300947;-0.36135;-0.319275
0.0244128;-0.375994;-0.311953
0.0298649;-0.368672;-0.311953
0.0354133;-0.36135;-0.311953
0.0305706;-0.375994;-0.304631
0.036082;-0.368672;-0.304631
0.0406118;-0.36135;-0.304631
0.0331206;-0.357088;-0.319275
0.0377816;-0.349766;-0.319275
0.0421707;-0.342443;-0.319275
0.0384187;-0.357088;-0.311953
0.0430193;-0.349766;-0.311953
0.0474539;-0.342443;-0.311953
0.0433733;-0.357088;-0.304631
0.0483993;-0.349766;-0.304631
0.0524514;-0.342443;-0.304631
0.0311844;-0.338182;-0.338182
0.0355627;-0.330859;-0.338182
0.039643;-0.323537;-0.338182
0.0364571;-0.338182;-0.330859
0.0407138;-0.330859;-0.330859
0.0447505;-0.323537;-0.330859
0.0416111;-0.338182;-0.323537
0.0458803;-0.330859;-0.323537
0.0496443;-0.323537;-0.323537
0.0419171;-0.319275;-0.338182
0.045681;-0.311953;-0.338182
0.0491637;-0.304631;-0.338182
0.046934;-0.319275;-0.330859
0.0504717;-0.311953;-0.330859
0.0538892;-0.304631;-0.330859
0.0517358;-0.319275;-0.323537
0.0552542;-0.311953;-0.323537
0.0583715;-0.304631;-0.323537
0.0446631;-0.338182;-0.319275
0.0487791;-0.330859;-0.319275
0.0525049;-0.323537;-0.319275
0.0498118;-0.338182;-0.311953
0.0535753;-0.330859;-0.311953
0.0573264;-0.323537;-0.311953
0.0546594;-0.338182;-0.304631
0.0585269;-0.330859;-0.304631
0.0618588;-0.323537;-0.304631
0.0545592;-0.319275;-0.319275
0.0579436;-0.311953;-0.319275
0.060984;-0.304631;-0.319275
0.0593158;-0.319275;-0.311953
0.062373;-0.311953;-0.311953
0.0653836;-0.304631;-0.311953
0.0637328;-0.319275;-0.304631
0.0668757;-0.311953;-0.304631
0.0694898;-0.304631;-0.304631
0.00357069;-0.209736;-0.453844
0.00361054;-0.209736;-0.453803
0.00365041;-0.209736;-0.453762
0.00356527;-0.208965;-0.454169
0.00374054;-0.208965;-0.453986
0.00391608;-0.208965;-0.453803
0.00356225;-0.208193;-0.454493
0.0038707;-0.208193;-0.454169
0.00417986;-0.208193;-0.453844
0.0036297;-0.205838;-0.455415
0.00430781;-0.205838;-0.454688
0.00498795;-0.205838;-0.453961
0.00392204;-0.198516;-0.458239
0.00569874;-0.198516;-0.456279
0.00746553;-0.198516;-0.45432
0.00412972;-0.191193;-0.46103
0.00702099;-0.191193;-0.457852
0.0098564;-0.191193;-0.454675
0.00290402;-0.161543;-0.47305
0.00306974;-0.161543;-0.472878
0.00323554;-0.161543;-0.472706
0.0029984;-0.15705;-0.474398
0.0037293;-0.15705;-0.473638
0.00446102;-0.15705;-0.472878
0.00304709;-0.152557;-0.475739
0.00433765;-0.152557;-0.474394
0.00562741;-0.152557;-0.473048
0.0042344;-0.186932;-0.462574
0.00775682;-0.186932;-0.458722
0.0111946;-0.186932;-0.454871
0.004448;-0.179609;-0.465092
0.0089923;-0.179609;-0.460141
0.0133982;-0.179609;-0.455191
0.00457728;-0.172287;-0.467583
0.010127;-0.172287;-0.461545
0.0154723;-0.172287;-0.455507
0.00529174;-0.161543;-0.470525
0.0119835;-0.161543;-0.463203
0.0183816;-0.161543;-0.455881
0.00667273;-0.15705;-0.470525
0.0133239;-0.15705;-0.463203
0.0196677;-0.15705;-0.455881
0.00799848;-0.152557;-0.470525
0.0146224;-0.152557;-0.463203
0.0209107;-0.152557;-0.455881
0.00463472;-0.169333;-0.468554
0.0105703;-0.169333;-0.462092
0.0162741;-0.169333;-0.45563
0.00474869;-0.166503;-0.469417
0.0110196;-0.166503;-0.462578
0.0170362;-0.166503;-0.45574
0.00485217;-0.163673;-0.470276
0.0114597;-0.163673;-0.463063
0.0177845;-0.163673;-0.455849
0.00222319;-0.0894368;-0.491832
0.00234139;-0.0894368;-0.491714
0.00245963;-0.0894368;-0.491597
0.00232579;-0.0834081;-0.492756
0.00284947;-0.0834081;-0.492235
0.00337356;-0.0834081;-0.491714
0.00234863;-0.0773793;-0.493677
0.00327748;-0.0773793;-0.492754
0.00420613;-0.0773793;-0.491831
0.00313421;-0.149119;-0.476693
0.00481852;-0.149119;-0.474931
0.00649742;-0.149119;-0.473169
0.00336253;-0.141797;-0.478622
0.00584373;-0.141797;-0.476018
0.00829854;-0.141797;-0.473414
0.00348043;-0.134475;-0.480536
0.00676994;-0.134475;-0.477096
0.00999427;-0.134475;-0.473657
0.00356311;-0.130213;-0.481573
0.00729511;-0.130213;-0.477681
0.0109349;-0.130213;-0.473789
0.00375737;-0.122891;-0.483228
0.0081937;-0.122891;-0.478614
0.0124896;-0.122891;-0.473999
0.00385774;-0.115568;-0.484871
0.00899768;-0.115568;-0.479539
0.0139463;-0.115568;-0.474208
0.0089787;-0.149119;-0.470525
0.0109829;-0.141797;-0.470525
0.0128603;-0.134475;-0.470525
0.0155829;-0.149119;-0.463203
0.0175252;-0.141797;-0.463203
0.0193191;-0.134475;-0.463203
0.0218322;-0.149119;-0.455881
0.0237164;-0.141797;-0.455881
0.0254854;-0.134475;-0.455881
0.0139049;-0.130213;-0.470525
0.0156387;-0.122891;-0.470525
0.0172606;-0.115568;-0.470525
0.0203298;-0.130213;-0.463203
0.0220314;-0.122891;-0.463203
0.023599;-0.115568;-0.463203
0.0264741;-0.130213;-0.455881
0.0281093;-0.122891;-0.455881
0.029622;-0.115568;-0.455881
0.00393477;-0.111307;-0.485752
0.00944715;-0.111307;-0.480036
0.0147441;-0.111307;-0.47432
0.00411122;-0.103984;-0.487139
0.0102045;-0.103984;-0.480817
0.0160423;-0.103984;-0.474496
0.00419801;-0.096662;-0.488517
0.0108758;-0.096662;-0.481594
0.0172466;-0.096662;-0.474671
0.00461703;-0.0894368;-0.489432
0.0116737;-0.0894368;-0.482109
0.0183831;-0.0894368;-0.474787
0.00564182;-0.0834081;-0.489432
0.0126703;-0.0834081;-0.482109
0.0193461;-0.0834081;-0.474787
0.00658772;-0.0773793;-0.489432
0.013595;-0.0773793;-0.482109
0.0202393;-0.0773793;-0.474787
0.00421609;-0.0941548;-0.488975
0.0110899;-0.0941548;-0.481852
0.0176367;-0.0941548;-0.474729
0.00425667;-0.0928612;-0.489174
0.0112143;-0.0928612;-0.481964
0.0178366;-0.0928612;-0.474754
0.00429434;-0.0915676;-0.489374
0.0113361;-0.0915676;-0.482077
0.0180337;-0.0915676;-0.47478
0.0181448;-0.111307;-0.470525
0.0195821;-0.103984;-0.470525
0.0209232;-0.096662;-0.470525
0.0244513;-0.111307;-0.463203
0.0258483;-0.103984;-0.463203
0.0271505;-0.096662;-0.463203
0.0304499;-0.111307;-0.455881
0.0318053;-0.103984;-0.455881
0.033058;-0.096662;-0.455881
0.0216527;-0.0924005;-0.470525
0.0228288;-0.0850781;-0.470525
0.0239096;-0.0777558;-0.470525
0.0278587;-0.0924005;-0.463203
0.029002;-0.0850781;-0.463203
0.0300538;-0.0777558;-0.463203
0.0337463;-0.0924005;-0.455881
0.0348631;-0.0850781;-0.455881
0.0358683;-0.0777558;-0.455881
0.00240308;-0.0734942;-0.494198
0.00356109;-0.0734942;-0.493048
0.00471741;-0.0734942;-0.491897
0.00254836;-0.0661719;-0.495067
0.00408931;-0.0661719;-0.493537
0.00562298;-0.0661719;-0.492008
0.00257383;-0.0588495;-0.495933
0.0044992;-0.0588495;-0.494025
0.00640708;-0.0588495;-0.492118
0.0026153;-0.054588;-0.496365
0.00473238;-0.054588;-0.494269
0.00682444;-0.054588;-0.492172
0.00274041;-0.0472656;-0.496983
0.00513331;-0.0472656;-0.494617
0.00748789;-0.0472656;-0.492251
0.00274355;-0.0399433;-0.497599
0.00541507;-0.0399433;-0.494964
0.00803476;-0.0399433;-0.492329
0.00277181;-0.0356817;-0.497886
0.00557355;-0.0356817;-0.495126
0.00831722;-0.0356817;-0.492366
0.00287304;-0.0283594;-0.498255
0.00584252;-0.0283594;-0.495334
0.00874575;-0.0283594;-0.492413
0.00284889;-0.021037;-0.498624
0.00598582;-0.021037;-0.495542
0.00904941;-0.021037;-0.492459
0.00286486;-0.0167755;-0.498767
0.00606614;-0.0167755;-0.495623
0.009192;-0.0167755;-0.492478
0.00294695;-0.00945312;-0.49889
0.00620321;-0.00945312;-0.495692
0.00938385;-0.00945312;-0.492493
0.00289323;-0.00213077;-0.499013
0.00620596;-0.00213077;-0.495761
0.00944406;-0.00213077;-0.492509
0.00716176;-0.0734942;-0.489432
0.00816605;-0.0661719;-0.489432
0.00904398;-0.0588495;-0.489432
0.0141556;-0.0734942;-0.482109
0.0151292;-0.0661719;-0.482109
0.0159737;-0.0588495;-0.482109
0.0207821;-0.0734942;-0.474787
0.0217304;-0.0661719;-0.474787
0.0225594;-0.0588495;-0.474787
0.00950827;-0.054588;-0.489432
0.010245;-0.0472656;-0.489432
0.0108688;-0.0399433;-0.489432
0.0164254;-0.054588;-0.482109
0.0171556;-0.0472656;-0.482109
0.0177736;-0.0399433;-0.482109
0.0230071;-0.054588;-0.474787
0.0237233;-0.0472656;-0.474787
0.0243141;-0.0399433;-0.474787
0.024492;-0.0734942;-0.470525
0.0254201;-0.0661719;-0.470525
0.0262501;-0.0588495;-0.470525
0.0306144;-0.0734942;-0.463203
0.0315068;-0.0661719;-0.463203
0.0323224;-0.0588495;-0.463203
0.0364118;-0.0734942;-0.455881
0.0372867;-0.0661719;-0.455881
0.0380526;-0.0588495;-0.455881
0.0266935;-0.054588;-0.470525
0.0273878;-0.0472656;-0.470525
0.0279708;-0.0399433;-0.470525
0.0327488;-0.054588;-0.463203
0.0334046;-0.0472656;-0.463203
0.0339814;-0.0399433;-0.463203
0.0384599;-0.054588;-0.455881
0.0391049;-0.0472656;-0.455881
0.0396421;-0.0399433;-0.455881
0.0111814;-0.0356817;-0.489432
0.011645;-0.0283594;-0.489432
0.0120005;-0.021037;-0.489432
0.0180743;-0.0356817;-0.482109
0.0185178;-0.0283594;-0.482109
0.0188781;-0.021037;-0.482109
0.0246093;-0.0356817;-0.474787
0.0250542;-0.0283594;-0.474787
0.0253911;-0.021037;-0.474787
0.0121601;-0.0167755;-0.489432
0.01236;-0.00945312;-0.489432
0.0124482;-0.00213077;-0.489432
0.0190356;-0.0167755;-0.482109
0.0192248;-0.00945312;-0.482109
0.0193298;-0.00213077;-0.482109
0.0255471;-0.0167755;-0.474787
0.0257507;-0.00945312;-0.474787
0.0258387;-0.00213077;-0.474787
0.0282628;-0.0356817;-0.470525
0.0286986;-0.0283594;-0.470525
0.0290328;-0.021037;-0.470525
0.0342647;-0.0356817;-0.463203
0.0346758;-0.0283594;-0.463203
0.0350175;-0.021037;-0.463203
0.0399181;-0.0356817;-0.455881
0.0403377;-0.0283594;-0.455881
0.0406471;-0.021037;-0.455881
0.0291867;-0.0167755;-0.470525
0.0293856;-0.00945312;-0.470525
0.029476;-0.00213077;-0.470525
0.0351662;-0.0167755;-0.463203
0.0353438;-0.00945312;-0.463203
0.0354533;-0.00213077;-0.463203
0.0407914;-0.0167755;-0.455881
0.0409869;-0.00945312;-0.455881
0.0410715;-0.00213077;-0.455881
0.00534372;-0.275952;-0.41677
0.00565531;-0.275952;-0.416407
0.00596778;-0.275952;-0.416043
0.00550376;-0.271035;-0.419612
0.00688575;-0.271035;-0.418008
0.00828616;-0.271035;-0.416404
0.00557411;-0.266118;-0.422425
0.00798457;-0.266118;-0.419593
0.010429;-0.266118;-0.416762
0.00436459;-0.246663;-0.434901
0.00438858;-0.246663;-0.434876
0.00441258;-0.246663;-0.434851
0.00435842;-0.246278;-0.435099
0.00446394;-0.246278;-0.434987
0.0045696;-0.246278;-0.434876
0.00435505;-0.245893;-0.435296
0.00454075;-0.245893;-0.435099
0.00472689;-0.245893;-0.434901
0.00440515;-0.24365;-0.436382
0.00501544;-0.24365;-0.435711
0.00562858;-0.24365;-0.435039
0.00475486;-0.236328;-0.439885
0.00666236;-0.236328;-0.437685
0.00855237;-0.236328;-0.435484
0.00497823;-0.229006;-0.443341
0.00822723;-0.229006;-0.439632
0.0113895;-0.229006;-0.435923
0.00628936;-0.246663;-0.432713
0.0125153;-0.246663;-0.425391
0.0184692;-0.246663;-0.418068
0.00646702;-0.246278;-0.432713
0.0126862;-0.246278;-0.425391
0.01864;-0.246278;-0.418068
0.00664441;-0.245893;-0.432713
0.0128565;-0.245893;-0.425391
0.0188104;-0.245893;-0.418068
0.00571845;-0.262669;-0.424323
0.00879537;-0.262669;-0.420663
0.0118814;-0.262669;-0.417003
0.00607284;-0.255731;-0.428019
0.0104939;-0.255731;-0.422746
0.0147969;-0.255731;-0.417472
0.0062179;-0.248793;-0.431663
0.0120481;-0.248793;-0.424799
0.017621;-0.248793;-0.417935
0.00765797;-0.24365;-0.432713
0.010921;-0.236328;-0.432713
0.0141082;-0.229006;-0.432713
0.0138437;-0.24365;-0.425391
0.0170198;-0.236328;-0.425391
0.0201156;-0.229006;-0.425391
0.0198006;-0.24365;-0.418068
0.0229082;-0.236328;-0.418068
0.0258092;-0.229006;-0.418068
0.00619358;-0.300369;-0.399377
0.00708071;-0.300369;-0.398353
0.00797945;-0.300369;-0.397329
0.00678822;-0.293047;-0.404113
0.00924734;-0.293047;-0.401022
0.0116263;-0.293047;-0.397931
0.00693551;-0.285725;-0.408769
0.0112247;-0.285725;-0.403645
0.0152178;-0.285725;-0.398522
0.00781784;-0.275952;-0.413807
0.0138118;-0.275952;-0.406484
0.0197789;-0.275952;-0.399162
0.0104073;-0.271035;-0.413807
0.0162709;-0.271035;-0.406484
0.0221671;-0.271035;-0.399162
0.012875;-0.266118;-0.413807
0.0187124;-0.266118;-0.406484
0.0244424;-0.266118;-0.399162
0.00686772;-0.282894;-0.410528
0.011846;-0.282894;-0.404637
0.0165521;-0.282894;-0.398746
0.00691492;-0.280488;-0.411964
0.0123874;-0.280488;-0.405446
0.0176679;-0.280488;-0.398928
0.00700788;-0.278082;-0.413393
0.0129329;-0.278082;-0.406251
0.0187532;-0.278082;-0.399109
0.00997487;-0.300369;-0.3949
0.0140276;-0.293047;-0.3949
0.0180536;-0.285725;-0.3949
0.0158273;-0.300369;-0.387578
0.0198322;-0.293047;-0.387578
0.023767;-0.285725;-0.387578
0.0215796;-0.300369;-0.380256
0.0255049;-0.293047;-0.380256
0.0291815;-0.285725;-0.380256
0.0203198;-0.281463;-0.3949
0.0239539;-0.274141;-0.3949
0.0273471;-0.266818;-0.3949
0.0258851;-0.281463;-0.387578
0.029257;-0.274141;-0.387578
0.0325984;-0.266818;-0.387578
0.031242;-0.281463;-0.380256
0.0346496;-0.274141;-0.380256
0.0377852;-0.266818;-0.380256
0.0145974;-0.262557;-0.413807
0.0180261;-0.255234;-0.413807
0.0212826;-0.247912;-0.413807
0.0204538;-0.262557;-0.406484
0.0238297;-0.255234;-0.406484
0.0269074;-0.247912;-0.406484
0.0260442;-0.262557;-0.399162
0.0292571;-0.255234;-0.399162
0.0323179;-0.247912;-0.399162
0.0231294;-0.24365;-0.413807
0.0261978;-0.236328;-0.413807
0.029037;-0.229006;-0.413807
0.0286336;-0.24365;-0.406484
0.0316001;-0.236328;-0.406484
0.0344154;-0.229006;-0.406484
0.0340285;-0.24365;-0.399162
0.0368551;-0.236328;-0.399162
0.0395253;-0.229006;-0.399162
0.029212;-0.262557;-0.3949
0.0323419;-0.255234;-0.3949
0.03539;-0.247912;-0.3949
0.034486;-0.262557;-0.387578
0.0375526;-0.255234;-0.387578
0.04046;-0.247912;-0.387578
0.0395499;-0.262557;-0.380256
0.0425285;-0.255234;-0.380256
0.0452841;-0.247912;-0.380256
0.0370854;-0.24365;-0.3949
0.0398295;-0.236328;-0.3949
0.0424263;-0.229006;-0.3949
0.0420644;-0.24365;-0.387578
0.0447042;-0.236328;-0.387578
0.0472224;-0.229006;-0.387578
0.046821;-0.24365;-0.380256
0.0493771;-0.236328;-0.380256
0.0517321;-0.229006;-0.380256
0.00558443;-0.209736;-0.451619
0.012012;-0.209736;-0.444297
0.0181979;-0.209736;-0.436975
0.00588923;-0.208965;-0.451619
0.0123104;-0.208965;-0.444297
0.0184819;-0.208965;-0.436975
0.00619196;-0.208193;-0.451619
0.0126074;-0.208193;-0.444297
0.0187639;-0.208193;-0.436975
0.00505672;-0.224969;-0.44517
0.00902998;-0.224969;-0.440663
0.0128986;-0.224969;-0.436155
0.00527456;-0.218418;-0.448006
0.0103313;-0.218418;-0.442261
0.0152576;-0.218418;-0.436516
0.00545761;-0.211867;-0.45081
0.0115741;-0.211867;-0.443841
0.0174893;-0.211867;-0.436872
0.00710963;-0.205838;-0.451619
0.00988896;-0.198516;-0.451619
0.0125435;-0.191193;-0.451619
0.0135128;-0.205838;-0.444297
0.016225;-0.198516;-0.444297
0.0187649;-0.191193;-0.444297
0.0196302;-0.205838;-0.436975
0.0222359;-0.198516;-0.436975
0.024691;-0.191193;-0.436975
0.0158846;-0.224744;-0.432713
0.0187771;-0.217422;-0.432713
0.0215367;-0.2101;-0.432713
0.0218096;-0.224744;-0.425391
0.0245596;-0.217422;-0.425391
0.0272538;-0.2101;-0.425391
0.0274502;-0.224744;-0.418068
0.0302086;-0.217422;-0.418068
0.032767;-0.2101;-0.418068
0.0230733;-0.205838;-0.432713
0.025616;-0.198516;-0.432713
0.0280419;-0.191193;-0.432713
0.028763;-0.205838;-0.425391
0.0312298;-0.198516;-0.425391
0.0335897;-0.191193;-0.425391
0.0341991;-0.205838;-0.418068
0.036602;-0.198516;-0.418068
0.0388452;-0.191193;-0.418068
0.0140259;-0.186932;-0.451619
0.0164767;-0.179609;-0.451619
0.0187993;-0.172287;-0.451619
0.020181;-0.186932;-0.444297
0.0225569;-0.179609;-0.444297
0.024816;-0.172287;-0.444297
0.0260771;-0.186932;-0.436975
0.0283976;-0.179609;-0.436975
0.0305669;-0.172287;-0.436975
0.0200859;-0.168025;-0.451619
0.0222098;-0.160703;-0.451619
0.0242257;-0.153381;-0.451619
0.0260664;-0.168025;-0.444297
0.0281254;-0.160703;-0.444297
0.0300839;-0.153381;-0.444297
0.031775;-0.168025;-0.436975
0.0337829;-0.160703;-0.436975
0.0356606;-0.153381;-0.436975
0.0294075;-0.186932;-0.432713
0.0316724;-0.179609;-0.432713
0.0338009;-0.172287;-0.432713
0.0348962;-0.186932;-0.425391
0.0370473;-0.179609;-0.425391
0.0391101;-0.172287;-0.425391
0.0401003;-0.186932;-0.418068
0.042191;-0.179609;-0.418068
0.0441343;-0.172287;-0.418068
0.0349832;-0.168025;-0.432713
0.0369412;-0.160703;-0.432713
0.038783;-0.153381;-0.432713
0.0402466;-0.168025;-0.425391
0.0421054;-0.160703;-0.425391
0.0438882;-0.153381;-0.425391
0.0452196;-0.168025;-0.418068
0.0470259;-0.160703;-0.418068
0.0486968;-0.153381;-0.418068
0.0306488;-0.224744;-0.413807
0.0333736;-0.217422;-0.413807
0.035884;-0.2101;-0.413807
0.0359655;-0.224744;-0.406484
0.0385231;-0.217422;-0.406484
0.0409858;-0.2101;-0.406484
0.0410221;-0.224744;-0.399162
0.0435006;-0.217422;-0.399162
0.0458101;-0.2101;-0.399162
0.0372752;-0.205838;-0.413807
0.0396087;-0.198516;-0.413807
0.0418042;-0.191193;-0.413807
0.0423366;-0.205838;-0.406484
0.0445386;-0.198516;-0.406484
0.0466698;-0.191193;-0.406484
0.0471035;-0.205838;-0.399162
0.049254;-0.198516;-0.399162
0.0512388;-0.191193;-0.399162
0.0438835;-0.224744;-0.3949
0.0462945;-0.217422;-0.3949
0.0485387;-0.2101;-0.3949
0.0486013;-0.224744;-0.387578
0.050856;-0.217422;-0.387578
0.0530327;-0.2101;-0.387578
0.0530471;-0.224744;-0.380256
0.0552337;-0.217422;-0.380256
0.0572331;-0.2101;-0.380256
0.0497928;-0.205838;-0.3949
0.0518775;-0.198516;-0.3949
0.0538066;-0.191193;-0.3949
0.05422;-0.205838;-0.387578
0.056143;-0.198516;-0.387578
0.0580105;-0.191193;-0.387578
0.0583522;-0.205838;-0.380256
0.0602185;-0.198516;-0.380256
0.0619079;-0.191193;-0.380256
0.0430307;-0.186932;-0.413807
0.045063;-0.179609;-0.413807
0.046959;-0.172287;-0.413807
0.0478419;-0.186932;-0.406484
0.0497471;-0.179609;-0.406484
0.0515849;-0.172287;-0.406484
0.052351;-0.186932;-0.399162
0.0542054;-0.179609;-0.399162
0.0559018;-0.172287;-0.399162
0.0480142;-0.168025;-0.413807
0.0497639;-0.160703;-0.413807
0.0513906;-0.153381;-0.413807
0.0525888;-0.168025;-0.406484
0.0542157;-0.160703;-0.406484
0.0557879;-0.153381;-0.406484
0.05685;-0.168025;-0.399162
0.0584323;-0.160703;-0.399162
0.0598694;-0.153381;-0.399162
0.054883;-0.186932;-0.3949
0.0566716;-0.179609;-0.3949
0.0583157;-0.172287;-0.3949
0.0590246;-0.186932;-0.387578
0.0606557;-0.179609;-0.387578
0.062245;-0.172287;-0.387578
0.0628543;-0.186932;-0.380256
0.0644368;-0.179609;-0.380256
0.0658534;-0.172287;-0.380256
0.059231;-0.168025;-0.3949
0.0607518;-0.160703;-0.3949
0.0621412;-0.153381;-0.3949
0.0631027;-0.168025;-0.387578
0.0644735;-0.160703;-0.387578
0.0658159;-0.153381;-0.387578
0.0666473;-0.168025;-0.380256
0.0679784;-0.160703;-0.380256
0.069156;-0.153381;-0.380256
0.0248355;-0.300369;-0.375994
0.02868;-0.293047;-0.375994
0.0322613;-0.285725;-0.375994
0.0302061;-0.300369;-0.368672
0.0338972;-0.293047;-0.368672
0.0374275;-0.285725;-0.368672
0.0354846;-0.300369;-0.36135
0.0390578;-0.293047;-0.36135
0.0423884;-0.285725;-0.36135
0.0342942;-0.281463;-0.375994
0.0376848;-0.274141;-0.375994
0.0407585;-0.266818;-0.375994
0.039371;-0.281463;-0.368672
0.0425497;-0.274141;-0.368672
0.0456041;-0.266818;-0.368672
0.0442548;-0.281463;-0.36135
0.0473508;-0.274141;-0.36135
0.0501983;-0.266818;-0.36135
0.0385018;-0.300369;-0.357088
0.0419944;-0.293047;-0.357088
0.0452503;-0.285725;-0.357088
0.0434771;-0.300369;-0.349766
0.046826;-0.293047;-0.349766
0.0500194;-0.285725;-0.349766
0.0482931;-0.300369;-0.342443
0.0515584;-0.293047;-0.342443
0.0545213;-0.285725;-0.342443
0.0470676;-0.281463;-0.357088
0.0500709;-0.274141;-0.357088
0.0528337;-0.266818;-0.357088
0.0517464;-0.281463;-0.349766
0.0545318;-0.274141;-0.349766
0.0572235;-0.266818;-0.349766
0.0561726;-0.281463;-0.342443
0.0589061;-0.274141;-0.342443
0.0613421;-0.266818;-0.342443
0.0424545;-0.262557;-0.375994
0.0453229;-0.255234;-0.375994
0.0480236;-0.247912;-0.375994
0.047264;-0.262557;-0.368672
0.0499466;-0.255234;-0.368672
0.0525488;-0.247912;-0.368672
0.0517882;-0.262557;-0.36135
0.0544239;-0.255234;-0.36135
0.0568158;-0.247912;-0.36135
0.049524;-0.24365;-0.375994
0.0519888;-0.236328;-0.375994
0.0542803;-0.229006;-0.375994
0.0539716;-0.24365;-0.368672
0.0562631;-0.236328;-0.368672
0.0584752;-0.229006;-0.368672
0.0581533;-0.24365;-0.36135
0.0603828;-0.236328;-0.36135
0.062383;-0.229006;-0.36135
0.054372;-0.262557;-0.357088
0.0569206;-0.255234;-0.357088
0.0592432;-0.247912;-0.357088
0.0586743;-0.262557;-0.349766
0.0609889;-0.255234;-0.349766
0.0632405;-0.247912;-0.349766
0.0626991;-0.262557;-0.342443
0.0649597;-0.255234;-0.342443
0.0669473;-0.247912;-0.342443
0.0605319;-0.24365;-0.357088
0.062665;-0.236328;-0.357088
0.0645919;-0.229006;-0.357088
0.0644451;-0.24365;-0.349766
0.0663457;-0.236328;-0.349766
0.0682031;-0.229006;-0.349766
0.0680554;-0.24365;-0.342443
0.0699034;-0.236328;-0.342443
0.0714966;-0.229006;-0.342443
0.0510826;-0.300369;-0.338182
0.0542256;-0.293047;-0.338182
0.0571106;-0.285725;-0.338182
0.0557235;-0.300369;-0.330859
0.058629;-0.293047;-0.330859
0.0614436;-0.285725;-0.330859
0.0601105;-0.300369;-0.323537
0.063002;-0.293047;-0.323537
0.0655078;-0.285725;-0.323537
0.0587139;-0.281463;-0.338182
0.061344;-0.274141;-0.338182
0.0636999;-0.266818;-0.338182
0.0629442;-0.281463;-0.330859
0.0653044;-0.274141;-0.330859
0.0676041;-0.266818;-0.330859
0.0668995;-0.281463;-0.323537
0.0692239;-0.274141;-0.323537
0.0712047;-0.266818;-0.323537
0.0626679;-0.300369;-0.319275
0.0654341;-0.293047;-0.319275
0.0678585;-0.285725;-0.319275
0.0669635;-0.300369;-0.311953
0.0693856;-0.293047;-0.311953
0.0717775;-0.285725;-0.311953
0.0709371;-0.300369;-0.304631
0.0733778;-0.293047;-0.304631
0.0753743;-0.285725;-0.304631
0.0691922;-0.281463;-0.319275
0.0713882;-0.274141;-0.319275
0.073272;-0.266818;-0.319275
0.0730092;-0.281463;-0.311953
0.074855;-0.274141;-0.311953
0.0766904;-0.266818;-0.311953
0.0764773;-0.281463;-0.304631
0.0783206;-0.274141;-0.304631
0.0797613;-0.266818;-0.304631
0.065003;-0.262557;-0.338182
0.0671557;-0.255234;-0.338182
0.0690567;-0.247912;-0.338182
0.0688118;-0.262557;-0.330859
0.0706797;-0.255234;-0.330859
0.0725182;-0.247912;-0.330859
0.0723032;-0.262557;-0.323537
0.074134;-0.255234;-0.323537
0.0756492;-0.247912;-0.323537
0.0701082;-0.24365;-0.338182
0.0718469;-0.236328;-0.338182
0.0733525;-0.229006;-0.338182
0.073471;-0.24365;-0.330859
0.0749182;-0.236328;-0.330859
0.0763601;-0.229006;-0.330859
0.0764883;-0.24365;-0.323537
0.0778925;-0.236328;-0.323537
0.0790109;-0.229006;-0.323537
0.0743077;-0.262557;-0.319275
0.0760128;-0.255234;-0.319275
0.0774268;-0.247912;-0.319275
0.077615;-0.262557;-0.311953
0.0789623;-0.255234;-0.311953
0.0803216;-0.247912;-0.311953
0.0805515;-0.262557;-0.304631
0.0818745;-0.255234;-0.304631
0.0828393;-0.247912;-0.304631
0.0782011;-0.24365;-0.319275
0.0794797;-0.236328;-0.319275
0.080494;-0.229006;-0.319275
0.0809833;-0.24365;-0.311953
0.081903;-0.236328;-0.311953
0.0828577;-0.229006;-0.311953
0.0833654;-0.24365;-0.304631
0.0842496;-0.236328;-0.304631
0.0848131;-0.229006;-0.304631
0.0555567;-0.224744;-0.375994
0.0576639;-0.217422;-0.375994
0.0595977;-0.2101;-0.375994
0.0596726;-0.224744;-0.368672
0.0615946;-0.217422;-0.368672
0.0634628;-0.2101;-0.368672
0.0634992;-0.224744;-0.36135
0.0653618;-0.217422;-0.36135
0.0670154;-0.2101;-0.36135
0.0606758;-0.205838;-0.375994
0.0624649;-0.198516;-0.375994
0.0640902;-0.191193;-0.375994
0.0644664;-0.205838;-0.368672
0.0660643;-0.198516;-0.368672
0.067631;-0.191193;-0.368672
0.0679398;-0.205838;-0.36135
0.0694864;-0.198516;-0.36135
0.0708397;-0.191193;-0.36135
0.0656607;-0.224744;-0.357088
0.0674295;-0.217422;-0.357088
0.0690081;-0.2101;-0.357088
0.0691862;-0.224744;-0.349766
0.0707213;-0.217422;-0.349766
0.0722361;-0.2101;-0.349766
0.0723841;-0.224744;-0.342443
0.0738692;-0.217422;-0.342443
0.0751214;-0.2101;-0.342443
0.0698855;-0.205838;-0.357088
0.0713426;-0.198516;-0.357088
0.0726228;-0.191193;-0.357088
0.0730291;-0.205838;-0.349766
0.074252;-0.198516;-0.349766
0.0754758;-0.191193;-0.349766
0.0758205;-0.205838;-0.342443
0.0769976;-0.198516;-0.342443
0.0779634;-0.191193;-0.342443
0.0649964;-0.186932;-0.375994
0.0665042;-0.179609;-0.375994
0.0678604;-0.172287;-0.375994
0.0684666;-0.186932;-0.368672
0.0697847;-0.179609;-0.368672
0.0710896;-0.172287;-0.368672
0.071598;-0.186932;-0.36135
0.0728727;-0.179609;-0.36135
0.0739699;-0.172287;-0.36135
0.0686166;-0.168025;-0.375994
0.0698776;-0.160703;-0.375994
0.0709995;-0.153381;-0.375994
0.0717799;-0.168025;-0.368672
0.072858;-0.160703;-0.368672
0.0739374;-0.153381;-0.368672
0.0745868;-0.168025;-0.36135
0.0756304;-0.160703;-0.36135
0.0765116;-0.153381;-0.36135
0.0733355;-0.186932;-0.357088
0.0745252;-0.179609;-0.357088
0.0755529;-0.172287;-0.357088
0.0761082;-0.186932;-0.349766
0.0770682;-0.179609;-0.349766
0.0780479;-0.172287;-0.349766
0.0785052;-0.186932;-0.342443
0.0794264;-0.179609;-0.342443
0.0801567;-0.172287;-0.342443
0.0761267;-0.168025;-0.357088
0.0770907;-0.160703;-0.357088
0.0779078;-0.153381;-0.357088
0.0785467;-0.168025;-0.349766
0.0792898;-0.160703;-0.349766
0.080069;-0.153381;-0.349766
0.0805701;-0.168025;-0.342443
0.0812838;-0.160703;-0.342443
0.0818258;-0.153381;-0.342443
0.0741842;-0.224744;-0.338182
0.0755624;-0.217422;-0.338182
0.0767273;-0.2101;-0.338182
0.0770936;-0.224744;-0.330859
0.0781814;-0.217422;-0.330859
0.079286;-0.2101;-0.330859
0.0796305;-0.224744;-0.323537
0.0806739;-0.217422;-0.323537
0.0814595;-0.2101;-0.323537
0.0773716;-0.205838;-0.338182
0.0784454;-0.198516;-0.338182
0.0793258;-0.191193;-0.338182
0.0798341;-0.205838;-0.330859
0.0806216;-0.198516;-0.330859
0.0814475;-0.191193;-0.330859
0.0818962;-0.205838;-0.323537
0.0826419;-0.198516;-0.323537
0.0831568;-0.191193;-0.323537
0.0810481;-0.224744;-0.319275
0.0819677;-0.217422;-0.319275
0.0826491;-0.2101;-0.319275
0.0832982;-0.224744;-0.311953
0.083862;-0.217422;-0.311953
0.0844838;-0.2101;-0.311953
0.0851181;-0.224744;-0.304631
0.0856405;-0.217422;-0.304631
0.0858779;-0.2101;-0.304631
0.0830214;-0.205838;-0.319275
0.0836475;-0.198516;-0.319275
0.0840611;-0.191193;-0.319275
0.0847444;-0.205838;-0.311953
0.085022;-0.198516;-0.311953
0.0853806;-0.191193;-0.311953
0.0860057;-0.205838;-0.304631
0.086242;-0.198516;-0.304631
0.086227;-0.191193;-0.304631
0.0798148;-0.186932;-0.338182
0.0806381;-0.179609;-0.338182
0.0812873;-0.172287;-0.338182
0.0818443;-0.186932;-0.330859
0.0823892;-0.179609;-0.330859
0.0829925;-0.172287;-0.330859
0.0834467;-0.186932;-0.323537
0.0839561;-0.179609;-0.323537
0.0842604;-0.172287;-0.323537
0.081651;-0.168025;-0.338182
0.0822737;-0.160703;-0.338182
0.0827409;-0.153381;-0.338182
0.0832701;-0.168025;-0.330859
0.0836266;-0.160703;-0.330859
0.0840595;-0.153381;-0.330859
0.0844378;-0.168025;-0.323537
0.0847688;-0.160703;-0.323537
0.0849187;-0.153381;-0.323537
0.0842891;-0.186932;-0.319275
0.0846851;-0.179609;-0.319275
0.0848934;-0.172287;-0.319275
0.0855012;-0.186932;-0.311953
0.0855606;-0.179609;-0.311953
0.085723;-0.172287;-0.311953
0.0862204;-0.186932;-0.304631
0.0862442;-0.179609;-0.304631
0.0860486;-0.172287;-0.304631
0.0850127;-0.168025;-0.319275
0.0852388;-0.160703;-0.319275
0.0853006;-0.153381;-0.319275
0.0857421;-0.168025;-0.311953
0.0856479;-0.160703;-0.311953
0.0856772;-0.153381;-0.311953
0.0859487;-0.168025;-0.304631
0.0858302;-0.160703;-0.304631
0.085522;-0.153381;-0.304631
0.0253445;-0.149119;-0.451619
0.0271929;-0.141797;-0.451619
0.0289484;-0.134475;-0.451619
0.0311703;-0.149119;-0.444297
0.0329558;-0.141797;-0.444297
0.0346427;-0.134475;-0.444297
0.0367055;-0.149119;-0.436975
0.038434;-0.141797;-0.436975
0.040038;-0.134475;-0.436975
0.0299205;-0.130213;-0.451619
0.0315087;-0.122891;-0.451619
0.0329938;-0.115568;-0.451619
0.035573;-0.130213;-0.444297
0.0370964;-0.122891;-0.444297
0.0385287;-0.115568;-0.444297
0.0409268;-0.130213;-0.436975
0.0423963;-0.122891;-0.436975
0.0437536;-0.115568;-0.436975
0.0398041;-0.149119;-0.432713
0.0414856;-0.141797;-0.432713
0.0430567;-0.134475;-0.432713
0.0448696;-0.149119;-0.425391
0.0464669;-0.141797;-0.425391
0.0479874;-0.134475;-0.425391
0.0496296;-0.149119;-0.418068
0.0511797;-0.141797;-0.418068
0.0526005;-0.134475;-0.418068
0.0439225;-0.130213;-0.432713
0.0453465;-0.122891;-0.432713
0.046674;-0.115568;-0.432713
0.0488157;-0.130213;-0.425391
0.0501596;-0.122891;-0.425391
0.0514429;-0.115568;-0.425391
0.0533907;-0.130213;-0.418068
0.0547006;-0.122891;-0.418068
0.0558881;-0.115568;-0.418068
0.0338062;-0.111307;-0.451619
0.0351292;-0.103984;-0.451619
0.0363602;-0.096662;-0.451619
0.039309;-0.111307;-0.444297
0.0405772;-0.103984;-0.444297
0.0417699;-0.096662;-0.444297
0.0445045;-0.111307;-0.436975
0.0457382;-0.103984;-0.436975
0.0468592;-0.096662;-0.436975
0.0370342;-0.0924005;-0.451619
0.0381234;-0.0850781;-0.451619
0.0391122;-0.0777558;-0.451619
0.0424147;-0.0924005;-0.444297
0.0434495;-0.0850781;-0.444297
0.0444145;-0.0777558;-0.444297
0.0474753;-0.0924005;-0.436975
0.048484;-0.0850781;-0.436975
0.049383;-0.0777558;-0.436975
0.0474063;-0.111307;-0.432713
0.0486022;-0.103984;-0.432713
0.0496971;-0.096662;-0.432713
0.052139;-0.111307;-0.425391
0.0532579;-0.103984;-0.425391
0.0543215;-0.096662;-0.425391
0.056547;-0.111307;-0.418068
0.0576382;-0.103984;-0.418068
0.0586132;-0.096662;-0.418068
0.0502961;-0.0924005;-0.432713
0.051271;-0.0850781;-0.432713
0.0521479;-0.0777558;-0.432713
0.0548901;-0.0924005;-0.425391
0.0557934;-0.0850781;-0.425391
0.0566506;-0.0777558;-0.425391
0.0591517;-0.0924005;-0.418068
0.06004;-0.0850781;-0.418068
0.0608162;-0.0777558;-0.418068
0.052294;-0.149119;-0.413807
0.0537894;-0.141797;-0.413807
0.0551726;-0.134475;-0.413807
0.0566432;-0.149119;-0.406484
0.0580229;-0.141797;-0.406484
0.059359;-0.134475;-0.406484
0.0606729;-0.149119;-0.399162
0.062015;-0.141797;-0.399162
0.0632223;-0.134475;-0.399162
0.0559394;-0.130213;-0.413807
0.0572032;-0.122891;-0.413807
0.0583577;-0.115568;-0.413807
0.0600818;-0.130213;-0.406484
0.0612393;-0.122891;-0.406484
0.0623588;-0.115568;-0.406484
0.0638971;-0.130213;-0.399162
0.0650246;-0.122891;-0.399162
0.0660253;-0.115568;-0.399162
0.0629144;-0.149119;-0.3949
0.0641992;-0.141797;-0.3949
0.0653629;-0.134475;-0.3949
0.066536;-0.149119;-0.387578
0.067679;-0.141797;-0.387578
0.0688042;-0.134475;-0.387578
0.0698168;-0.149119;-0.380256
0.0709286;-0.141797;-0.380256
0.0718987;-0.134475;-0.380256
0.0660096;-0.130213;-0.3949
0.0670842;-0.122891;-0.3949
0.0680466;-0.115568;-0.3949
0.0694028;-0.130213;-0.387578
0.0703447;-0.122891;-0.387578
0.071279;-0.115568;-0.387578
0.0724441;-0.130213;-0.380256
0.0733652;-0.122891;-0.380256
0.0741552;-0.115568;-0.380256
0.0589948;-0.111307;-0.413807
0.0600439;-0.103984;-0.413807
0.0609906;-0.096662;-0.413807
0.0629578;-0.111307;-0.406484
0.0639085;-0.103984;-0.406484
0.0648314;-0.096662;-0.406484
0.0665835;-0.111307;-0.399162
0.0675162;-0.103984;-0.399162
0.0683295;-0.096662;-0.399162
0.0615112;-0.0924005;-0.413807
0.0623645;-0.0850781;-0.413807
0.063118;-0.0777558;-0.413807
0.0653192;-0.0924005;-0.406484
0.0660827;-0.0850781;-0.406484
0.0668251;-0.0777558;-0.406484
0.0687823;-0.0924005;-0.399162
0.0695389;-0.0850781;-0.399162
0.070182;-0.0777558;-0.399162
0.0685808;-0.111307;-0.3949
0.0694678;-0.103984;-0.3949
0.0702486;-0.096662;-0.3949
0.0717709;-0.111307;-0.387578
0.0725358;-0.103984;-0.387578
0.073301;-0.096662;-0.387578
0.0746003;-0.111307;-0.380256
0.0753557;-0.103984;-0.380256
0.0759888;-0.096662;-0.380256
0.070681;-0.0924005;-0.3949
0.0713987;-0.0850781;-0.3949
0.0720156;-0.0777558;-0.3949
0.0736979;-0.0924005;-0.387578
0.0743047;-0.0850781;-0.387578
0.0749188;-0.0777558;-0.387578
0.0763464;-0.0924005;-0.380256
0.0769563;-0.0850781;-0.380256
0.0774515;-0.0777558;-0.380256
0.0396456;-0.0734942;-0.451619
0.0404982;-0.0661719;-0.451619
0.0412483;-0.0588495;-0.451619
0.0449264;-0.0734942;-0.444297
0.0457316;-0.0661719;-0.444297
0.0464717;-0.0588495;-0.444297
0.0498723;-0.0734942;-0.436975
0.0506657;-0.0661719;-0.436975
0.0513503;-0.0588495;-0.436975
0.0416446;-0.054588;-0.451619
0.04227;-0.0472656;-0.451619
0.0427982;-0.0399433;-0.451619
0.0468521;-0.054588;-0.444297
0.0474339;-0.0472656;-0.444297
0.0479618;-0.0399433;-0.444297
0.051717;-0.054588;-0.436975
0.0523027;-0.0472656;-0.436975
0.0527798;-0.0399433;-0.436975
0.0526232;-0.0734942;-0.432713
0.0533898;-0.0661719;-0.432713
0.0540596;-0.0588495;-0.432713
0.057101;-0.0734942;-0.425391
0.057803;-0.0661719;-0.425391
0.0584665;-0.0588495;-0.425391
0.061242;-0.0734942;-0.418068
0.0619408;-0.0661719;-0.418068
0.0625309;-0.0588495;-0.418068
0.0544175;-0.054588;-0.432713
0.0549848;-0.0472656;-0.432713
0.0554521;-0.0399433;-0.432713
0.0588058;-0.054588;-0.425391
0.0593162;-0.0472656;-0.425391
0.0597903;-0.0399433;-0.425391
0.0628505;-0.054588;-0.418068
0.0633691;-0.0472656;-0.418068
0.0637801;-0.0399433;-0.418068
0.043069;-0.0356817;-0.451619
0.0434772;-0.0283594;-0.451619
0.0437829;-0.021037;-0.451619
0.0482211;-0.0356817;-0.444297
0.048592;-0.0283594;-0.444297
0.0489099;-0.021037;-0.444297
0.0530274;-0.0356817;-0.436975
0.0534112;-0.0283594;-0.436975
0.053687;-0.021037;-0.436975
0.0439245;-0.0167755;-0.451619
0.0441138;-0.00945312;-0.451619
0.0441998;-0.00213077;-0.451619
0.0490463;-0.0167755;-0.444297
0.0492058;-0.00945312;-0.444297
0.0493148;-0.00213077;-0.444297
0.0538182;-0.0167755;-0.436975
0.0540023;-0.00945312;-0.436975
0.0540781;-0.00213077;-0.436975
0.0556928;-0.0356817;-0.432713
0.0560629;-0.0283594;-0.432713
0.0563342;-0.021037;-0.432713
0.0600192;-0.0356817;-0.425391
0.0603409;-0.0283594;-0.425391
0.0606303;-0.021037;-0.425391
0.0639965;-0.0356817;-0.418068
0.0643393;-0.0283594;-0.418068
0.0645757;-0.021037;-0.418068
0.0564623;-0.0167755;-0.432713
0.0566393;-0.00945312;-0.432713
0.056716;-0.00213077;-0.432713
0.0607526;-0.0167755;-0.425391
0.0608903;-0.00945312;-0.425391
0.0609962;-0.00213077;-0.425391
0.0646911;-0.0167755;-0.418068
0.0648608;-0.00945312;-0.418068
0.0649246;-0.00213077;-0.418068
0.0635292;-0.0734942;-0.413807
0.0641995;-0.0661719;-0.413807
0.0647717;-0.0588495;-0.413807
0.06721;-0.0734942;-0.406484
0.0677993;-0.0661719;-0.406484
0.0683729;-0.0588495;-0.406484
0.0705385;-0.0734942;-0.399162
0.0711333;-0.0661719;-0.399162
0.0716189;-0.0588495;-0.399162
0.0650797;-0.054588;-0.413807
0.065576;-0.0472656;-0.413807
0.0659756;-0.0399433;-0.413807
0.0686611;-0.054588;-0.406484
0.069086;-0.0472656;-0.406484
0.0694995;-0.0399433;-0.406484
0.0718858;-0.054588;-0.399162
0.0723289;-0.0472656;-0.399162
0.0726657;-0.0399433;-0.399162
0.0723558;-0.0734942;-0.3949
0.0729192;-0.0661719;-0.3949
0.0733854;-0.0588495;-0.3949
0.0752305;-0.0734942;-0.387578
0.075695;-0.0661719;-0.387578
0.0761717;-0.0588495;-0.387578
0.0777316;-0.0734942;-0.380256
0.0782123;-0.0661719;-0.380256
0.078584;-0.0588495;-0.380256
0.0736401;-0.054588;-0.3949
0.0740597;-0.0472656;-0.3949
0.0743841;-0.0399433;-0.3949
0.0764056;-0.054588;-0.387578
0.0767389;-0.0472656;-0.387578
0.077087;-0.0399433;-0.387578
0.0787942;-0.054588;-0.380256
0.0791568;-0.0472656;-0.380256
0.0794145;-0.0399433;-0.380256
0.0661846;-0.0356817;-0.413807
0.0665125;-0.0283594;-0.413807
0.0667437;-0.021037;-0.413807
0.0696957;-0.0356817;-0.406484
0.069963;-0.0283594;-0.406484
0.0702203;-0.021037;-0.406484
0.0728473;-0.0356817;-0.399162
0.0731449;-0.0283594;-0.399162
0.073338;-0.021037;-0.399162
0.0668555;-0.0167755;-0.413807
0.067017;-0.00945312;-0.413807
0.0670817;-0.00213077;-0.413807
0.0703261;-0.0167755;-0.406484
0.0704383;-0.00945312;-0.406484
0.0705402;-0.00213077;-0.406484
0.0734362;-0.0167755;-0.399162
0.0735902;-0.00945312;-0.399162
0.0736407;-0.00213077;-0.399162
0.0745576;-0.0356817;-0.3949
0.0748392;-0.0283594;-0.3949
0.0750268;-0.021037;-0.3949
0.0772474;-0.0356817;-0.387578
0.0774559;-0.0283594;-0.387578
0.0776798;-0.021037;-0.387578
0.0795593;-0.0356817;-0.380256
0.0798101;-0.0283594;-0.380256
0.0799586;-0.021037;-0.380256
0.0751212;-0.0167755;-0.3949
0.0752669;-0.00945312;-0.3949
0.0753189;-0.00213077;-0.3949
0.0777688;-0.0167755;-0.387578
0.077855;-0.00945312;-0.387578
0.077955;-0.00213077;-0.387578
0.0800399;-0.0167755;-0.380256
0.0801805;-0.00945312;-0.380256
0.0802202;-0.00213077;-0.380256
0.0716254;-0.149119;-0.375994
0.0726725;-0.141797;-0.375994
0.0735927;-0.134475;-0.375994
0.0745031;-0.149119;-0.368672
0.0753771;-0.141797;-0.368672
0.0762651;-0.134475;-0.368672
0.0770094;-0.149119;-0.36135
0.077859;-0.141797;-0.36135
0.0785606;-0.134475;-0.36135
0.074107;-0.130213;-0.375994
0.0749702;-0.122891;-0.375994
0.0757166;-0.115568;-0.375994
0.0767254;-0.130213;-0.368672
0.0774274;-0.122891;-0.368672
0.0781536;-0.115568;-0.368672
0.0789599;-0.130213;-0.36135
0.079649;-0.122891;-0.36135
0.0802029;-0.115568;-0.36135
0.0783662;-0.149119;-0.357088
0.0791431;-0.141797;-0.357088
0.0797871;-0.134475;-0.357088
0.0804589;-0.149119;-0.349766
0.0810273;-0.141797;-0.349766
0.0816454;-0.134475;-0.349766
0.0821373;-0.149119;-0.342443
0.0826878;-0.141797;-0.342443
0.0830841;-0.134475;-0.342443
0.0801511;-0.130213;-0.357088
0.0807754;-0.122891;-0.357088
0.0812795;-0.115568;-0.357088
0.0819489;-0.130213;-0.349766
0.0823796;-0.122891;-0.349766
0.0828716;-0.115568;-0.349766
0.0833177;-0.130213;-0.342443
0.0837441;-0.122891;-0.342443
0.0840322;-0.115568;-0.342443
0.0761345;-0.111307;-0.375994
0.0768393;-0.103984;-0.375994
0.0774359;-0.096662;-0.375994
0.0785249;-0.111307;-0.368672
0.0790818;-0.103984;-0.368672
0.0796715;-0.096662;-0.368672
0.0805213;-0.111307;-0.36135
0.0810783;-0.103984;-0.36135
0.0815113;-0.096662;-0.36135
0.0777708;-0.0924005;-0.375994
0.0783385;-0.0850781;-0.375994
0.0788048;-0.0777558;-0.375994
0.0799677;-0.0924005;-0.368672
0.0804021;-0.0850781;-0.368672
0.0808757;-0.0777558;-0.368672
0.0817634;-0.0924005;-0.36135
0.0822119;-0.0850781;-0.36135
0.0825456;-0.0777558;-0.36135
0.0815676;-0.111307;-0.357088
0.0820689;-0.103984;-0.357088
0.0824608;-0.096662;-0.357088
0.0831079;-0.111307;-0.349766
0.083433;-0.103984;-0.349766
0.0838281;-0.096662;-0.349766
0.0842086;-0.111307;-0.342443
0.0845445;-0.103984;-0.342443
0.0847558;-0.096662;-0.342443
0.0826879;-0.0924005;-0.357088
0.0830905;-0.0850781;-0.357088
0.0833924;-0.0777558;-0.357088
0.0840131;-0.0924005;-0.349766
0.0842583;-0.0850781;-0.349766
0.0845796;-0.0777558;-0.349766
0.0848919;-0.0924005;-0.342443
0.0851644;-0.0850781;-0.342443
0.0853235;-0.0777558;-0.342443
0.0830071;-0.149119;-0.338182
0.0834749;-0.141797;-0.338182
0.0838047;-0.134475;-0.338182
0.0842474;-0.149119;-0.330859
0.0844653;-0.141797;-0.330859
0.0847749;-0.134475;-0.330859
0.0850153;-0.149119;-0.323537
0.0852211;-0.141797;-0.323537
0.0852676;-0.134475;-0.323537
0.0839982;-0.130213;-0.338182
0.084352;-0.122891;-0.338182
0.0845833;-0.115568;-0.338182
0.0848998;-0.130213;-0.330859
0.0850233;-0.122891;-0.330859
0.0852511;-0.115568;-0.330859
0.0853121;-0.130213;-0.323537
0.0854399;-0.122891;-0.323537
0.085428;-0.115568;-0.323537
0.0853445;-0.149119;-0.319275
0.0854559;-0.141797;-0.319275
0.0854248;-0.134475;-0.319275
0.0856306;-0.149119;-0.311953
0.085443;-0.141797;-0.311953
0.0853969;-0.134475;-0.311953
0.0853678;-0.149119;-0.304631
0.0851722;-0.141797;-0.304631
0.0848143;-0.134475;-0.304631
0.0854232;-0.130213;-0.319275
0.0854691;-0.122891;-0.319275
0.0853921;-0.115568;-0.319275
0.085317;-0.130213;-0.311953
0.0850897;-0.122891;-0.311953
0.0850186;-0.115568;-0.311953
0.084641;-0.130213;-0.304631
0.0844266;-0.122891;-0.304631
0.0840744;-0.115568;-0.304631
0.0847255;-0.111307;-0.338182
0.0850001;-0.103984;-0.338182
0.0851654;-0.096662;-0.338182
0.0853359;-0.111307;-0.330859
0.0854025;-0.103984;-0.330859
0.085583;-0.096662;-0.330859
0.0854451;-0.111307;-0.323537
0.0855348;-0.103984;-0.323537
0.0855017;-0.096662;-0.323537
0.0852742;-0.0924005;-0.338182
0.0854975;-0.0850781;-0.338182
0.0856223;-0.0777558;-0.338182
0.0856465;-0.0924005;-0.330859
0.0856863;-0.0850781;-0.330859
0.0858459;-0.0777558;-0.330859
0.0855115;-0.0924005;-0.323537
0.0855948;-0.0850781;-0.323537
0.0855689;-0.0777558;-0.323537
0.0853709;-0.111307;-0.319275
0.0853932;-0.103984;-0.319275
0.085309;-0.096662;-0.319275
0.0849334;-0.111307;-0.311953
0.084712;-0.103984;-0.311953
0.0846575;-0.096662;-0.311953
0.0839124;-0.111307;-0.304631
0.0837285;-0.103984;-0.304631
0.0834275;-0.096662;-0.304631
0.085289;-0.0924005;-0.319275
0.0853205;-0.0850781;-0.319275
0.0852586;-0.0777558;-0.319275
0.0845894;-0.0924005;-0.311953
0.0844097;-0.0850781;-0.311953
0.0844026;-0.0777558;-0.311953
0.0833012;-0.0924005;-0.304631
0.0831859;-0.0850781;-0.304631
0.0829698;-0.0777558;-0.304631
0.079067;-0.0734942;-0.375994
0.079514;-0.0661719;-0.375994
0.0798646;-0.0588495;-0.375994
0.0811076;-0.0734942;-0.368672
0.0814368;-0.0661719;-0.368672
0.0818092;-0.0588495;-0.368672
0.0827429;-0.0734942;-0.36135
0.0831007;-0.0661719;-0.36135
0.0833509;-0.0588495;-0.36135
0.0800617;-0.054588;-0.375994
0.0803994;-0.0472656;-0.375994
0.0806441;-0.0399433;-0.375994
0.0819849;-0.054588;-0.368672
0.0822207;-0.0472656;-0.368672
0.0825016;-0.0399433;-0.368672
0.0835014;-0.054588;-0.36135
0.0837806;-0.0472656;-0.36135
0.0839573;-0.0399433;-0.36135
0.0835703;-0.0734942;-0.357088
0.0838926;-0.0661719;-0.357088
0.0841206;-0.0588495;-0.357088
0.0847258;-0.0734942;-0.349766
0.0849104;-0.0661719;-0.349766
0.0851744;-0.0588495;-0.349766
0.0854323;-0.0734942;-0.342443
0.0856614;-0.0661719;-0.342443
0.0857856;-0.0588495;-0.342443
0.0842576;-0.054588;-0.357088
0.0845117;-0.0472656;-0.357088
0.0846759;-0.0399433;-0.357088
0.0852903;-0.054588;-0.349766
0.0854271;-0.0472656;-0.349766
0.0856435;-0.0399433;-0.349766
0.0858759;-0.054588;-0.342443
0.086074;-0.0472656;-0.342443
0.0861734;-0.0399433;-0.342443
0.0807808;-0.0356817;-0.375994
0.0810155;-0.0283594;-0.375994
0.0811591;-0.021037;-0.375994
0.0826257;-0.0356817;-0.368672
0.0827749;-0.0283594;-0.368672
0.0829682;-0.021037;-0.368672
0.0840658;-0.0356817;-0.36135
0.0842725;-0.0283594;-0.36135
0.0843799;-0.021037;-0.36135
0.081237;-0.0167755;-0.375994
0.0813701;-0.00945312;-0.375994
0.0814127;-0.00213077;-0.375994
0.0830423;-0.0167755;-0.368672
0.0831064;-0.00945312;-0.368672
0.0832112;-0.00213077;-0.368672
0.0844476;-0.0167755;-0.36135
0.0845822;-0.00945312;-0.36135
0.084619;-0.00213077;-0.36135
0.0847766;-0.0356817;-0.357088
0.0849684;-0.0283594;-0.357088
0.0850728;-0.021037;-0.357088
0.0857336;-0.0356817;-0.349766
0.0858286;-0.0283594;-0.349766
0.0860004;-0.021037;-0.349766
0.0862493;-0.0356817;-0.342443
0.0864216;-0.0283594;-0.342443
0.0864988;-0.021037;-0.342443
0.0851384;-0.0167755;-0.357088
0.0852679;-0.00945312;-0.357088
0.0853108;-0.00213077;-0.357088
0.0860654;-0.0167755;-0.349766
0.0861181;-0.00945312;-0.349766
0.086242;-0.00213077;-0.349766
0.0865606;-0.0167755;-0.342443
0.0867052;-0.00945312;-0.342443
0.0867559;-0.00213077;-0.342443
0.0857108;-0.0734942;-0.338182
0.0859033;-0.0661719;-0.338182
0.0860052;-0.0588495;-0.338182
0.085902;-0.0734942;-0.330859
0.0859368;-0.0661719;-0.330859
0.0860934;-0.0588495;-0.330859
0.085586;-0.0734942;-0.323537
0.0856854;-0.0661719;-0.323537
0.0856855;-0.0588495;-0.323537
0.0860823;-0.054588;-0.338182
0.0862566;-0.0472656;-0.338182
0.0863456;-0.0399433;-0.338182
0.0861512;-0.054588;-0.330859
0.0861938;-0.0472656;-0.330859
0.0863566;-0.0399433;-0.330859
0.0857192;-0.054588;-0.323537
0.0858469;-0.0472656;-0.323537
0.0858822;-0.0399433;-0.323537
0.0852552;-0.0734942;-0.319275
0.0853187;-0.0661719;-0.319275
0.0852984;-0.0588495;-0.319275
0.0843678;-0.0734942;-0.311953
0.0842543;-0.0661719;-0.311953
0.0843138;-0.0588495;-0.311953
0.0828963;-0.0734942;-0.304631
0.0828746;-0.0661719;-0.304631
0.0827638;-0.0588495;-0.304631
0.0853206;-0.054588;-0.319275
0.0854285;-0.0472656;-0.319275
0.0854584;-0.0399433;-0.319275
0.0843216;-0.054588;-0.311953
0.0842866;-0.0472656;-0.311953
0.08442;-0.0399433;-0.311953
0.0827524;-0.054588;-0.304631
0.0828356;-0.0472656;-0.304631
0.0828365;-0.0399433;-0.304631
0.0864154;-0.0356817;-0.338182
0.0865762;-0.0283594;-0.338182
0.0866544;-0.021037;-0.338182
0.0864199;-0.0356817;-0.330859
0.0864747;-0.0283594;-0.330859
0.0866441;-0.021037;-0.330859
0.0859357;-0.0356817;-0.323537
0.0860945;-0.0283594;-0.323537
0.0861643;-0.021037;-0.323537
0.0867168;-0.0167755;-0.338182
0.0868612;-0.00945312;-0.338182
0.0869236;-0.00213077;-0.338182
0.086712;-0.0167755;-0.330859
0.086775;-0.00945312;-0.330859
0.0869438;-0.00213077;-0.330859
0.0862356;-0.0167755;-0.323537
0.0864192;-0.00945312;-0.323537
0.0865142;-0.00213077;-0.323537
0.0855093;-0.0356817;-0.319275
0.0856635;-0.0283594;-0.319275
0.085742;-0.021037;-0.319275
0.0844725;-0.0356817;-0.311953
0.0845166;-0.0283594;-0.311953
0.0847195;-0.021037;-0.311953
0.0828881;-0.0356817;-0.304631
0.0830739;-0.0283594;-0.304631
0.0831796;-0.021037;-0.304631
0.0858187;-0.0167755;-0.319275
0.0860112;-0.00945312;-0.319275
0.0861275;-0.00213077;-0.319275
0.0848123;-0.0167755;-0.311953
0.0849252;-0.00945312;-0.311953
0.0851829;-0.00213077;-0.311953
0.083288;-0.0167755;-0.304631
0.0835616;-0.00945312;-0.304631
0.0837538;-0.00213077;-0.304631
0.0209857;-0.453844;-0.209736
0.0210409;-0.453803;-0.209736
0.0210962;-0.453762;-0.209736
0.0210914;-0.454169;-0.208965
0.021324;-0.453986;-0.208965
0.0215582;-0.453803;-0.208965
0.0212575;-0.454493;-0.208193
0.0216456;-0.454169;-0.208193
0.0220395;-0.453844;-0.208193
0.0213703;-0.455415;-0.205838
0.0222126;-0.454688;-0.205838
0.0230743;-0.453961;-0.205838
0.021376;-0.458239;-0.198516
0.0236759;-0.456279;-0.198516
0.0259653;-0.45432;-0.198516
0.0214614;-0.46103;-0.191193
0.0250458;-0.457852;-0.191193
0.0285782;-0.454675;-0.191193
0.0215832;-0.462574;-0.186932
0.0257222;-0.458722;-0.186932
0.0298117;-0.454871;-0.186932
0.0208767;-0.465092;-0.179609
0.026135;-0.460141;-0.179609
0.0311801;-0.455191;-0.179609
0.0200487;-0.467583;-0.172287
0.0260458;-0.461545;-0.172287
0.0319063;-0.455507;-0.172287
0.0171695;-0.47305;-0.161543
0.0173271;-0.472878;-0.161543
0.017486;-0.472706;-0.161543
0.0166124;-0.474398;-0.15705
0.0172929;-0.473638;-0.15705
0.017994;-0.472878;-0.15705
0.0160471;-0.475739;-0.152557
0.0171666;-0.474394;-0.152557
0.0183417;-0.473048;-0.152557
0.019487;-0.470525;-0.161543
0.0260173;-0.463203;-0.161543
0.0322468;-0.455881;-0.161543
0.0200894;-0.470525;-0.15705
0.0263525;-0.463203;-0.15705
0.0322521;-0.455881;-0.15705
0.0205061;-0.470525;-0.152557
0.0264993;-0.463203;-0.152557
0.032098;-0.455881;-0.152557
0.0198354;-0.468554;-0.169333
0.0259727;-0.462092;-0.169333
0.0320524;-0.45563;-0.169333
0.0196293;-0.469417;-0.166503
0.0259734;-0.462578;-0.166503
0.032165;-0.45574;-0.166503
0.0193628;-0.470276;-0.163673
0.0259108;-0.463063;-0.163673
0.0322118;-0.455849;-0.163673
0.0162984;-0.41677;-0.275952
0.0167071;-0.416407;-0.275952
0.0171164;-0.416043;-0.275952
0.0165872;-0.419612;-0.271035
0.0184005;-0.418008;-0.271035
0.0202108;-0.416404;-0.271035
0.0176613;-0.422425;-0.266118
0.0205263;-0.419593;-0.266118
0.0234675;-0.416762;-0.266118
0.0138115;-0.399377;-0.300369
0.0147046;-0.398353;-0.300369
0.0156608;-0.397329;-0.300369
0.0152445;-0.404113;-0.293047
0.018068;-0.401022;-0.293047
0.0207478;-0.397931;-0.293047
0.0163463;-0.408769;-0.285725
0.0213733;-0.403645;-0.285725
0.025983;-0.398522;-0.285725
0.017636;-0.3949;-0.300369
0.0237082;-0.387578;-0.300369
0.0302329;-0.380256;-0.300369
0.0233732;-0.3949;-0.293047
0.0297425;-0.387578;-0.293047
0.0359924;-0.380256;-0.293047
0.0293248;-0.3949;-0.285725
0.035859;-0.387578;-0.285725
0.041402;-0.380256;-0.285725
0.0194692;-0.413807;-0.275952
0.0267326;-0.406484;-0.275952
0.033333;-0.399162;-0.275952
0.0229995;-0.413807;-0.271035
0.0304117;-0.406484;-0.271035
0.037228;-0.399162;-0.271035
0.0265222;-0.413807;-0.266118
0.0338931;-0.406484;-0.266118
0.0410483;-0.399162;-0.266118
0.0174817;-0.410528;-0.282894
0.0228486;-0.404637;-0.282894
0.0280502;-0.398746;-0.282894
0.0179827;-0.411964;-0.280488
0.0241048;-0.405446;-0.280488
0.0298652;-0.398928;-0.280488
0.0183524;-0.413393;-0.278082
0.0252916;-0.406251;-0.278082
0.0316642;-0.399109;-0.278082
0.0326517;-0.3949;-0.281463
0.039007;-0.387578;-0.281463
0.0447173;-0.380256;-0.281463
0.0382382;-0.3949;-0.274141
0.0441208;-0.387578;-0.274141
0.0503357;-0.380256;-0.274141
0.0443514;-0.3949;-0.266818
0.0501284;-0.387578;-0.266818
0.0550574;-0.380256;-0.266818
0.0190302;-0.434901;-0.246663
0.0190636;-0.434876;-0.246663
0.019097;-0.434851;-0.246663
0.0191366;-0.435099;-0.246278
0.0192805;-0.434987;-0.246278
0.0194254;-0.434876;-0.246278
0.0192634;-0.435296;-0.245893
0.0195112;-0.435099;-0.245893
0.0197622;-0.434901;-0.245893
0.0215193;-0.432713;-0.246663
0.0296858;-0.425391;-0.246663
0.0376553;-0.418068;-0.246663
0.0218523;-0.432713;-0.246278
0.029962;-0.425391;-0.246278
0.0379353;-0.418068;-0.246278
0.0221899;-0.432713;-0.245893
0.030238;-0.425391;-0.245893
0.038214;-0.418068;-0.245893
0.0189591;-0.424323;-0.262669
0.0224491;-0.420663;-0.262669
0.0260464;-0.417003;-0.262669
0.0202139;-0.428019;-0.255731
0.0259228;-0.422746;-0.255731
0.0313164;-0.417472;-0.255731
0.0209866;-0.431663;-0.248793
0.0288096;-0.424799;-0.248793
0.0362241;-0.417935;-0.248793
0.0196999;-0.436382;-0.24365
0.0204861;-0.435711;-0.24365
0.0212949;-0.435039;-0.24365
0.0208883;-0.439885;-0.236328
0.0235018;-0.437685;-0.236328
0.0260645;-0.435484;-0.236328
0.0217423;-0.443341;-0.229006
0.0261114;-0.439632;-0.229006
0.0304691;-0.435923;-0.229006
0.0238707;-0.432713;-0.24365
0.0318871;-0.425391;-0.24365
0.0398797;-0.418068;-0.24365
0.0291804;-0.432713;-0.236328
0.037201;-0.425391;-0.236328
0.0449628;-0.418068;-0.236328
0.0342782;-0.432713;-0.229006
0.0423794;-0.425391;-0.229006
0.0494374;-0.418068;-0.229006
0.0293295;-0.413807;-0.262557
0.0365868;-0.406484;-0.262557
0.0437932;-0.399162;-0.262557
0.0353317;-0.413807;-0.255234
0.0424002;-0.406484;-0.255234
0.049192;-0.399162;-0.255234
0.0411545;-0.413807;-0.247912
0.0480961;-0.406484;-0.247912
0.0541879;-0.399162;-0.247912
0.0477185;-0.3949;-0.262557
0.0533857;-0.387578;-0.262557
0.0580263;-0.380256;-0.262557
0.0527208;-0.3949;-0.255234
0.0581761;-0.387578;-0.255234
0.063541;-0.380256;-0.255234
0.0576325;-0.3949;-0.247912
0.063374;-0.387578;-0.247912
0.0681886;-0.380256;-0.247912
0.0442896;-0.413807;-0.24365
0.0510389;-0.406484;-0.24365
0.0571048;-0.399162;-0.24365
0.0490922;-0.413807;-0.236328
0.0555914;-0.406484;-0.236328
0.061926;-0.399162;-0.236328
0.0534465;-0.413807;-0.229006
0.0602265;-0.406484;-0.229006
0.065973;-0.399162;-0.229006
0.0605396;-0.3949;-0.24365
0.066167;-0.387578;-0.24365
0.0708733;-0.380256;-0.24365
0.0652268;-0.3949;-0.236328
0.0703378;-0.387578;-0.236328
0.0754431;-0.380256;-0.236328
0.0691679;-0.3949;-0.229006
0.0745544;-0.387578;-0.229006
0.0790659;-0.380256;-0.229006
0.0339601;-0.375994;-0.300369
0.0393526;-0.368672;-0.300369
0.04381;-0.36135;-0.300369
0.0392332;-0.375994;-0.293047
0.044239;-0.368672;-0.293047
0.0493141;-0.36135;-0.293047
0.0445353;-0.375994;-0.285725
0.0498784;-0.368672;-0.285725
0.0543384;-0.36135;-0.285725
0.0464811;-0.357088;-0.300369
0.051343;-0.349766;-0.300369
0.0554027;-0.342443;-0.300369
0.0519936;-0.357088;-0.293047
0.0561429;-0.349766;-0.293047
0.0604135;-0.342443;-0.293047
0.056894;-0.357088;-0.285725
0.0613382;-0.349766;-0.285725
0.0650148;-0.342443;-0.285725
0.0478978;-0.375994;-0.281463
0.0530471;-0.368672;-0.281463
0.0573863;-0.36135;-0.281463
0.0534804;-0.375994;-0.274141
0.0579864;-0.368672;-0.274141
0.0627276;-0.36135;-0.274141
0.0580782;-0.375994;-0.266818
0.0633692;-0.368672;-0.266818
0.0674682;-0.36135;-0.266818
0.0598775;-0.357088;-0.281463
0.0641869;-0.349766;-0.281463
0.0677574;-0.342443;-0.281463
0.0651474;-0.357088;-0.274141
0.0687018;-0.349766;-0.274141
0.0725054;-0.342443;-0.274141
0.0697112;-0.357088;-0.266818
0.0736402;-0.349766;-0.266818
0.0767858;-0.342443;-0.266818
0.0575877;-0.338182;-0.300369
0.0612941;-0.330859;-0.300369
0.0645371;-0.323537;-0.300369
0.0625985;-0.338182;-0.293047
0.0658045;-0.330859;-0.293047
0.0691091;-0.323537;-0.293047
0.0670679;-0.338182;-0.285725
0.0705395;-0.330859;-0.285725
0.0733252;-0.323537;-0.285725
0.0663515;-0.319275;-0.300369
0.0693598;-0.311953;-0.300369
0.0718911;-0.304631;-0.300369
0.0708274;-0.319275;-0.293047
0.0733653;-0.311953;-0.293047
0.0759321;-0.304631;-0.293047
0.0748791;-0.319275;-0.285725
0.0775335;-0.311953;-0.285725
0.079605;-0.304631;-0.285725
0.0697513;-0.338182;-0.281463
0.0731174;-0.330859;-0.281463
0.0758164;-0.323537;-0.281463
0.0744467;-0.338182;-0.274141
0.0771956;-0.330859;-0.274141
0.0800494;-0.323537;-0.274141
0.0785558;-0.338182;-0.266818
0.0815587;-0.330859;-0.266818
0.083819;-0.323537;-0.266818
0.0772996;-0.319275;-0.281463
0.0798049;-0.311953;-0.281463
0.0817602;-0.304631;-0.281463
0.0814497;-0.319275;-0.274141
0.0833781;-0.311953;-0.274141
0.0853978;-0.304631;-0.274141
0.0850545;-0.319275;-0.266818
0.0871411;-0.311953;-0.266818
0.0885891;-0.304631;-0.266818
0.0609349;-0.375994;-0.262557
0.0662195;-0.368672;-0.262557
0.0702653;-0.36135;-0.262557
0.066303;-0.375994;-0.255234
0.070597;-0.368672;-0.255234
0.0750904;-0.36135;-0.255234
0.0708896;-0.375994;-0.247912
0.0754747;-0.368672;-0.247912
0.0792442;-0.36135;-0.247912
0.072467;-0.357088;-0.262557
0.0763122;-0.349766;-0.262557
0.0793324;-0.342443;-0.262557
0.0773104;-0.357088;-0.255234
0.0804091;-0.349766;-0.255234
0.0836891;-0.342443;-0.255234
0.0813383;-0.357088;-0.247912
0.0847963;-0.349766;-0.247912
0.0874241;-0.342443;-0.247912
0.0735476;-0.375994;-0.24365
0.078074;-0.368672;-0.24365
0.0816699;-0.36135;-0.24365
0.0780266;-0.375994;-0.236328
0.0818476;-0.368672;-0.236328
0.0857544;-0.36135;-0.236328
0.0815629;-0.375994;-0.229006
0.0856921;-0.368672;-0.229006
0.0889733;-0.36135;-0.229006
0.0836813;-0.357088;-0.24365
0.087072;-0.349766;-0.24365
0.0895773;-0.342443;-0.24365
0.0876777;-0.357088;-0.236328
0.090364;-0.349766;-0.236328
0.0931385;-0.342443;-0.236328
0.0907685;-0.357088;-0.229006
0.0937286;-0.349766;-0.229006
0.0958932;-0.342443;-0.229006
0.0810215;-0.338182;-0.262557
0.0838996;-0.330859;-0.262557
0.086036;-0.323537;-0.262557
0.0852978;-0.338182;-0.255234
0.0874819;-0.330859;-0.255234
0.0897887;-0.323537;-0.255234
0.088867;-0.338182;-0.247912
0.0912893;-0.330859;-0.247912
0.0929655;-0.323537;-0.247912
0.0871935;-0.319275;-0.262557
0.0891387;-0.311953;-0.262557
0.0904514;-0.304631;-0.262557
0.0908514;-0.319275;-0.255234
0.0921571;-0.311953;-0.255234
0.0935614;-0.304631;-0.255234
0.0938586;-0.319275;-0.247912
0.0953286;-0.311953;-0.247912
0.0961231;-0.304631;-0.247912
0.0909447;-0.338182;-0.24365
0.0932521;-0.330859;-0.24365
0.0947904;-0.323537;-0.24365
0.0944282;-0.338182;-0.236328
0.0960629;-0.330859;-0.236328
0.0977807;-0.323537;-0.236328
0.0970469;-0.338182;-0.229006
0.0989131;-0.330859;-0.229006
0.100036;-0.323537;-0.229006
0.0956006;-0.319275;-0.24365
0.0969333;-0.311953;-0.24365
0.0975825;-0.304631;-0.24365
0.0984895;-0.319275;-0.236328
0.0991784;-0.311953;-0.236328
0.0999386;-0.304631;-0.236328
0.100593;-0.319275;-0.229006
0.101451;-0.311953;-0.229006
0.101627;-0.304631;-0.229006
0.0236135;-0.451619;-0.209736
0.0321584;-0.444297;-0.209736
0.0406181;-0.436975;-0.209736
0.024058;-0.451619;-0.208965
0.0324657;-0.444297;-0.208965
0.0409401;-0.436975;-0.208965
0.0245067;-0.451619;-0.208193
0.0327625;-0.444297;-0.208193
0.0412509;-0.436975;-0.208193
0.0227799;-0.44517;-0.224969
0.0277888;-0.440663;-0.224969
0.0328882;-0.436155;-0.224969
0.0234416;-0.448006;-0.218418
0.0303067;-0.442261;-0.218418
0.0367069;-0.436516;-0.218418
0.0234048;-0.45081;-0.211867
0.0317912;-0.443841;-0.211867
0.0397849;-0.436872;-0.211867
0.0369669;-0.432713;-0.224744
0.0448639;-0.425391;-0.224744
0.0520252;-0.418068;-0.224744
0.0411674;-0.432713;-0.217422
0.0485248;-0.425391;-0.217422
0.0560477;-0.418068;-0.217422
0.0451691;-0.432713;-0.2101
0.05242;-0.425391;-0.2101
0.0587521;-0.418068;-0.2101
0.0257173;-0.451619;-0.205838
0.0339889;-0.444297;-0.205838
0.0423332;-0.436975;-0.205838
0.0290858;-0.451619;-0.198516
0.0372836;-0.444297;-0.198516
0.0450793;-0.436975;-0.198516
0.0319146;-0.451619;-0.191193
0.0395936;-0.444297;-0.191193
0.0468003;-0.436975;-0.191193
0.0470429;-0.432713;-0.205838
0.0541408;-0.425391;-0.205838
0.0601375;-0.418068;-0.205838
0.049242;-0.432713;-0.198516
0.0558695;-0.425391;-0.198516
0.0622277;-0.418068;-0.198516
0.0507972;-0.432713;-0.191193
0.0572548;-0.425391;-0.191193
0.06308;-0.418068;-0.191193
0.0560382;-0.413807;-0.224744
0.0625953;-0.406484;-0.224744
0.0682331;-0.399162;-0.224744
0.0599931;-0.413807;-0.217422
0.0658963;-0.406484;-0.217422
0.071768;-0.399162;-0.217422
0.0624774;-0.413807;-0.2101
0.0688743;-0.406484;-0.2101
0.0741623;-0.399162;-0.2101
0.0713753;-0.3949;-0.224744
0.0766259;-0.387578;-0.224744
0.081024;-0.380256;-0.224744
0.0747971;-0.3949;-0.217422
0.0793996;-0.387578;-0.217422
0.0840729;-0.380256;-0.217422
0.0770451;-0.3949;-0.2101
0.0819206;-0.387578;-0.2101
0.0860097;-0.380256;-0.2101
0.0637085;-0.413807;-0.205838
0.0700355;-0.406484;-0.205838
0.0752592;-0.399162;-0.205838
0.0656197;-0.413807;-0.198516
0.0711043;-0.406484;-0.198516
0.0765827;-0.399162;-0.198516
0.0663539;-0.413807;-0.191193
0.0718312;-0.406484;-0.191193
0.0767003;-0.399162;-0.191193
0.078106;-0.3949;-0.205838
0.0828941;-0.387578;-0.205838
0.0868585;-0.380256;-0.205838
0.0794027;-0.3949;-0.198516
0.0836031;-0.387578;-0.198516
0.087759;-0.380256;-0.198516
0.0793934;-0.3949;-0.191193
0.0837599;-0.387578;-0.191193
0.0874448;-0.380256;-0.191193
0.033188;-0.451619;-0.186932
0.04051;-0.444297;-0.186932
0.0474609;-0.436975;-0.186932
0.0346702;-0.451619;-0.179609
0.0415581;-0.444297;-0.179609
0.0481067;-0.436975;-0.179609
0.0355443;-0.451619;-0.172287
0.0419989;-0.444297;-0.172287
0.047998;-0.436975;-0.172287
0.0513536;-0.432713;-0.186932
0.0576362;-0.425391;-0.186932
0.0632757;-0.418068;-0.186932
0.0516761;-0.432713;-0.179609
0.0575096;-0.425391;-0.179609
0.0631318;-0.418068;-0.179609
0.0513611;-0.432713;-0.172287
0.0569259;-0.425391;-0.172287
0.0620094;-0.418068;-0.172287
0.0357341;-0.451619;-0.168025
0.041907;-0.444297;-0.168025
0.0477321;-0.436975;-0.168025
0.0356685;-0.451619;-0.160703
0.0413457;-0.444297;-0.160703
0.0468818;-0.436975;-0.160703
0.0352858;-0.451619;-0.153381
0.040515;-0.444297;-0.153381
0.0454214;-0.436975;-0.153381
0.0509801;-0.432713;-0.168025
0.0562679;-0.425391;-0.168025
0.0611019;-0.418068;-0.168025
0.0498801;-0.432713;-0.160703
0.054656;-0.425391;-0.160703
0.0592529;-0.418068;-0.160703
0.0481804;-0.432713;-0.153381
0.0527287;-0.425391;-0.153381
0.0569137;-0.418068;-0.153381
0.0664674;-0.413807;-0.186932
0.0718026;-0.406484;-0.186932
0.076453;-0.399162;-0.186932
0.0661302;-0.413807;-0.179609
0.0708932;-0.406484;-0.179609
0.0755244;-0.399162;-0.179609
0.0648355;-0.413807;-0.172287
0.0694845;-0.406484;-0.172287
0.0736569;-0.399162;-0.172287
0.079047;-0.3949;-0.186932
0.08333;-0.387578;-0.186932
0.0869159;-0.380256;-0.186932
0.0779687;-0.3949;-0.179609
0.0817739;-0.387578;-0.179609
0.0854588;-0.380256;-0.179609
0.0759666;-0.3949;-0.172287
0.0797519;-0.387578;-0.172287
0.0830776;-0.380256;-0.172287
0.0638138;-0.413807;-0.168025
0.0683031;-0.406484;-0.168025
0.072323;-0.399162;-0.168025
0.0617541;-0.413807;-0.160703
0.0658129;-0.406484;-0.160703
0.0697256;-0.399162;-0.160703
0.0592396;-0.413807;-0.153381
0.0630953;-0.406484;-0.153381
0.0666722;-0.399162;-0.153381
0.0745585;-0.3949;-0.168025
0.0782328;-0.387578;-0.168025
0.081451;-0.380256;-0.168025
0.0718299;-0.3949;-0.160703
0.0751793;-0.387578;-0.160703
0.0783653;-0.380256;-0.160703
0.0686571;-0.3949;-0.153381
0.0718992;-0.387578;-0.153381
0.0748798;-0.380256;-0.153381
0.0834812;-0.375994;-0.224744
0.0875428;-0.368672;-0.224744
0.0907089;-0.36135;-0.224744
0.0864526;-0.375994;-0.217422
0.0899029;-0.368672;-0.217422
0.0933492;-0.36135;-0.217422
0.0882696;-0.375994;-0.2101
0.0919799;-0.368672;-0.2101
0.0948977;-0.36135;-0.2101
0.0924446;-0.357088;-0.224744
0.0953232;-0.349766;-0.224744
0.0973694;-0.342443;-0.224744
0.0950127;-0.357088;-0.217422
0.0972893;-0.349766;-0.217422
0.0995813;-0.342443;-0.217422
0.0964631;-0.357088;-0.2101
0.0989921;-0.349766;-0.2101
0.100785;-0.342443;-0.2101
0.089056;-0.375994;-0.205838
0.0926915;-0.368672;-0.205838
0.0955196;-0.36135;-0.205838
0.089873;-0.375994;-0.198516
0.0929855;-0.368672;-0.198516
0.0960414;-0.36135;-0.198516
0.0894579;-0.375994;-0.191193
0.0927459;-0.368672;-0.191193
0.0953993;-0.36135;-0.191193
0.0970431;-0.357088;-0.205838
0.0995143;-0.349766;-0.205838
0.10123;-0.342443;-0.205838
0.0975187;-0.357088;-0.198516
0.0995396;-0.349766;-0.198516
0.101488;-0.342443;-0.198516
0.0968134;-0.357088;-0.191193
0.0990509;-0.349766;-0.191193
0.100677;-0.342443;-0.191193
0.0984588;-0.338182;-0.224744
0.100231;-0.330859;-0.224744
0.101236;-0.323537;-0.224744
0.100601;-0.338182;-0.217422
0.101797;-0.330859;-0.217422
0.103;-0.323537;-0.217422
0.101707;-0.338182;-0.2101
0.103134;-0.330859;-0.2101
0.103866;-0.323537;-0.2101
0.101723;-0.319275;-0.224744
0.102467;-0.311953;-0.224744
0.102517;-0.304631;-0.224744
0.103409;-0.319275;-0.217422
0.103599;-0.311953;-0.217422
0.103794;-0.304631;-0.217422
0.104177;-0.319275;-0.2101
0.104565;-0.311953;-0.2101
0.104307;-0.304631;-0.2101
0.102113;-0.338182;-0.205838
0.103487;-0.330859;-0.205838
0.104155;-0.323537;-0.205838
0.10234;-0.338182;-0.198516
0.10332;-0.330859;-0.198516
0.104217;-0.323537;-0.198516
0.101495;-0.338182;-0.191193
0.102714;-0.330859;-0.191193
0.103359;-0.323537;-0.191193
0.104431;-0.319275;-0.205838
0.104762;-0.311953;-0.205838
0.104446;-0.304631;-0.205838
0.104474;-0.319275;-0.198516
0.104463;-0.311953;-0.198516
0.104358;-0.304631;-0.198516
0.103608;-0.319275;-0.191193
0.103848;-0.311953;-0.191193
0.103558;-0.304631;-0.191193
0.0888812;-0.375994;-0.186932
0.092107;-0.368672;-0.186932
0.0946928;-0.36135;-0.186932
0.0873552;-0.375994;-0.179609
0.0902135;-0.368672;-0.179609
0.0929437;-0.36135;-0.179609
0.0848947;-0.375994;-0.172287
0.0878278;-0.368672;-0.172287
0.0903202;-0.36135;-0.172287
0.0960788;-0.357088;-0.186932
0.0982915;-0.349766;-0.186932
0.0998991;-0.342443;-0.186932
0.0943013;-0.357088;-0.179609
0.0962585;-0.349766;-0.179609
0.09807;-0.342443;-0.179609
0.0916546;-0.357088;-0.172287
0.0937636;-0.349766;-0.172287
0.0954667;-0.342443;-0.172287
0.0832204;-0.375994;-0.168025
0.086101;-0.368672;-0.168025
0.0885612;-0.36135;-0.168025
0.0800609;-0.375994;-0.160703
0.0827477;-0.368672;-0.160703
0.0852683;-0.36135;-0.160703
0.0765231;-0.375994;-0.153381
0.0791977;-0.368672;-0.153381
0.0816603;-0.36135;-0.153381
0.0898886;-0.357088;-0.168025
0.0920047;-0.349766;-0.168025
0.0937471;-0.342443;-0.168025
0.0865945;-0.357088;-0.160703
0.0886735;-0.349766;-0.160703
0.0905677;-0.342443;-0.160703
0.0830078;-0.357088;-0.153381
0.0851767;-0.349766;-0.153381
0.0871912;-0.342443;-0.153381
0.100714;-0.338182;-0.186932
0.101941;-0.330859;-0.186932
0.102608;-0.323537;-0.186932
0.0989072;-0.338182;-0.179609
0.099995;-0.330859;-0.179609
0.100915;-0.323537;-0.179609
0.0963422;-0.338182;-0.172287
0.0976586;-0.330859;-0.172287
0.0986126;-0.323537;-0.172287
0.102875;-0.319275;-0.186932
0.103153;-0.311953;-0.186932
0.102924;-0.304631;-0.186932
0.101251;-0.319275;-0.179609
0.101512;-0.311953;-0.179609
0.10158;-0.304631;-0.179609
0.0990525;-0.319275;-0.172287
0.0996166;-0.311953;-0.172287
0.0998737;-0.304631;-0.172287
0.094656;-0.338182;-0.168025
0.0960463;-0.330859;-0.168025
0.0971195;-0.323537;-0.168025
0.0915517;-0.338182;-0.160703
0.0930857;-0.330859;-0.160703
0.0944108;-0.323537;-0.160703
0.0882827;-0.338182;-0.153381
0.0900161;-0.330859;-0.153381
0.0916689;-0.323537;-0.153381
0.097638;-0.319275;-0.168025
0.0983495;-0.311953;-0.168025
0.0988118;-0.304631;-0.168025
0.0950899;-0.319275;-0.160703
0.0961518;-0.311953;-0.160703
0.0969752;-0.304631;-0.160703
0.0925546;-0.319275;-0.153381
0.0939362;-0.311953;-0.153381
0.0953257;-0.304631;-0.153381
0.0156517;-0.476693;-0.149119
0.0170435;-0.474931;-0.149119
0.0185103;-0.473169;-0.149119
0.0147941;-0.478622;-0.141797
0.0167243;-0.476018;-0.141797
0.0187238;-0.473414;-0.141797
0.0140217;-0.480536;-0.134475
0.0163938;-0.477096;-0.134475
0.0187874;-0.473657;-0.134475
0.020727;-0.470525;-0.149119
0.0265423;-0.463203;-0.149119
0.0318717;-0.455881;-0.149119
0.0209496;-0.470525;-0.141797
0.0262702;-0.463203;-0.141797
0.0311213;-0.455881;-0.141797
0.0208333;-0.470525;-0.134475
0.0254501;-0.463203;-0.134475
0.0300669;-0.455881;-0.134475
0.0135407;-0.481573;-0.130213
0.0160935;-0.477681;-0.130213
0.0186283;-0.473789;-0.130213
0.0125993;-0.483228;-0.122891
0.0154072;-0.478614;-0.122891
0.018116;-0.473999;-0.122891
0.0117383;-0.484871;-0.115568
0.0147493;-0.479539;-0.115568
0.0175942;-0.474208;-0.115568
0.0206265;-0.470525;-0.130213
0.0249788;-0.463203;-0.130213
0.029352;-0.455881;-0.130213
0.0201388;-0.470525;-0.122891
0.0242608;-0.463203;-0.122891
0.0280694;-0.455881;-0.122891
0.019484;-0.470525;-0.115568
0.023161;-0.463203;-0.115568
0.0267028;-0.455881;-0.115568
0.00793011;-0.491832;-0.0894368
0.00796098;-0.491714;-0.0894368
0.00799304;-0.491597;-0.0894368
0.00735088;-0.492756;-0.0834081
0.00750997;-0.492235;-0.0834081
0.00768941;-0.491714;-0.0834081
0.00667932;-0.493677;-0.0773793
0.00696181;-0.492754;-0.0773793
0.00729676;-0.491831;-0.0773793
0.0112253;-0.485752;-0.111307
0.0142822;-0.480036;-0.111307
0.017157;-0.47432;-0.111307
0.0103354;-0.487139;-0.103984
0.013387;-0.480817;-0.103984
0.0162604;-0.474496;-0.103984
0.0095333;-0.488517;-0.096662
0.012544;-0.481594;-0.096662
0.0154183;-0.474671;-0.096662
0.018976;-0.470525;-0.111307
0.0224342;-0.463203;-0.111307
0.02583;-0.455881;-0.111307
0.0180264;-0.470525;-0.103984
0.0212403;-0.463203;-0.103984
0.0242823;-0.455881;-0.103984
0.017074;-0.470525;-0.096662
0.0199429;-0.463203;-0.096662
0.0227551;-0.455881;-0.096662
0.00884506;-0.489432;-0.0894368
0.011694;-0.482109;-0.0894368
0.0144734;-0.474787;-0.0894368
0.00852191;-0.489432;-0.0834081
0.0111363;-0.482109;-0.0834081
0.0136723;-0.474787;-0.0834081
0.00814192;-0.489432;-0.0773793
0.010573;-0.482109;-0.0773793
0.0128414;-0.474787;-0.0773793
0.00926755;-0.488975;-0.0941548
0.0122499;-0.481852;-0.0941548
0.0151216;-0.474729;-0.0941548
0.00911914;-0.489174;-0.0928612
0.0120772;-0.481964;-0.0928612
0.0149392;-0.474754;-0.0928612
0.00897357;-0.489374;-0.0915676
0.0119079;-0.482077;-0.0915676
0.0147578;-0.47478;-0.0915676
0.0164721;-0.470525;-0.0924005
0.0191552;-0.463203;-0.0924005
0.0218365;-0.455881;-0.0924005
0.0153681;-0.470525;-0.0850781
0.0178347;-0.463203;-0.0850781
0.0202655;-0.455881;-0.0850781
0.0141939;-0.470525;-0.0777558
0.0164651;-0.463203;-0.0777558
0.018744;-0.455881;-0.0777558
0.00627471;-0.494198;-0.0734942
0.00661327;-0.493048;-0.0734942
0.00702011;-0.491897;-0.0734942
0.00561986;-0.495067;-0.0661719
0.00603672;-0.493537;-0.0661719
0.00653258;-0.492008;-0.0661719
0.00504448;-0.495933;-0.0588495
0.00550252;-0.494025;-0.0588495
0.00602788;-0.492118;-0.0588495
0.00466811;-0.496365;-0.054588
0.00512467;-0.494269;-0.054588
0.00562773;-0.492172;-0.054588
0.00399192;-0.496983;-0.0472656
0.00444389;-0.494617;-0.0472656
0.00489897;-0.492251;-0.0472656
0.00341188;-0.497599;-0.0399433
0.00386188;-0.494964;-0.0399433
0.00428177;-0.492329;-0.0399433
0.00787274;-0.489432;-0.0734942
0.0102031;-0.482109;-0.0734942
0.0122947;-0.474787;-0.0734942
0.00732313;-0.489432;-0.0661719
0.00938013;-0.482109;-0.0661719
0.011258;-0.474787;-0.0661719
0.00665014;-0.489432;-0.0588495
0.00831296;-0.482109;-0.0588495
0.0101437;-0.474787;-0.0588495
0.013487;-0.470525;-0.0734942
0.0156536;-0.463203;-0.0734942
0.0178374;-0.455881;-0.0734942
0.012346;-0.470525;-0.0661719
0.0143352;-0.463203;-0.0661719
0.0163347;-0.455881;-0.0661719
0.0112154;-0.470525;-0.0588495
0.0130154;-0.463203;-0.0588495
0.0149416;-0.455881;-0.0588495
0.00620594;-0.489432;-0.054588
0.00775801;-0.482109;-0.054588
0.00948226;-0.474787;-0.054588
0.0054865;-0.489432;-0.0472656
0.00699896;-0.482109;-0.0472656
0.00843361;-0.474787;-0.0472656
0.0047579;-0.489432;-0.0399433
0.00603569;-0.482109;-0.0399433
0.00739428;-0.474787;-0.0399433
0.010509;-0.470525;-0.054588
0.0122579;-0.463203;-0.054588
0.0141282;-0.455881;-0.054588
0.00932803;-0.470525;-0.0472656
0.0110438;-0.463203;-0.0472656
0.0127928;-0.455881;-0.0472656
0.00823468;-0.470525;-0.0399433
0.00981749;-0.463203;-0.0399433
0.0115899;-0.455881;-0.0399433
0.0030304;-0.497886;-0.0356817
0.00346821;-0.495126;-0.0356817
0.00386671;-0.492366;-0.0356817
0.00235611;-0.498255;-0.0283594
0.00275037;-0.495334;-0.0283594
0.00310212;-0.492413;-0.0283594
0.00177985;-0.498624;-0.021037
0.00211122;-0.495542;-0.021037
0.002416;-0.492459;-0.021037
0.00142104;-0.498767;-0.0167755
0.00170496;-0.495623;-0.0167755
0.00198355;-0.492478;-0.0167755
0.000784558;-0.49889;-0.00945312
0.000996931;-0.495692;-0.00945312
0.00126517;-0.492493;-0.00945312
0.000180776;-0.499013;-0.00213077
0.000436443;-0.495761;-0.00213077
0.000800815;-0.492509;-0.00213077
0.00428417;-0.489432;-0.0356817
0.00543766;-0.482109;-0.0356817
0.00675109;-0.474787;-0.0356817
0.00348428;-0.489432;-0.0283594
0.004541;-0.482109;-0.0283594
0.00570752;-0.474787;-0.0283594
0.00272981;-0.489432;-0.021037
0.00366179;-0.482109;-0.021037
0.00481144;-0.474787;-0.021037
0.00757849;-0.470525;-0.0356817
0.00913175;-0.463203;-0.0356817
0.0109029;-0.455881;-0.0356817
0.00651054;-0.470525;-0.0283594
0.00811565;-0.463203;-0.0283594
0.00983386;-0.455881;-0.0283594
0.0056029;-0.470525;-0.021037
0.00718343;-0.463203;-0.021037
0.00899242;-0.455881;-0.021037
0.0022776;-0.489432;-0.0167755
0.00318205;-0.482109;-0.0167755
0.00433223;-0.474787;-0.0167755
0.00158881;-0.489432;-0.00945312
0.00253801;-0.482109;-0.00945312
0.00367413;-0.474787;-0.00945312
0.00116581;-0.489432;-0.00213077
0.00216396;-0.482109;-0.00213077
0.00336932;-0.474787;-0.00213077
0.00512918;-0.470525;-0.0167755
0.00672782;-0.463203;-0.0167755
0.00856809;-0.455881;-0.0167755
0.0045039;-0.470525;-0.00945312
0.00619843;-0.463203;-0.00945312
0.00801967;-0.455881;-0.00945312
0.00421271;-0.470525;-0.00213077
0.00590779;-0.463203;-0.00213077
0.0078143;-0.455881;-0.00213077
0.0348421;-0.451619;-0.149119
0.0398221;-0.444297;-0.149119
0.0444347;-0.436975;-0.149119
0.0338002;-0.451619;-0.141797
0.0383426;-0.444297;-0.141797
0.0426408;-0.436975;-0.141797
0.0326209;-0.451619;-0.134475
0.0366915;-0.444297;-0.134475
0.040636;-0.436975;-0.134475
0.0470472;-0.432713;-0.149119
0.0514164;-0.425391;-0.149119
0.0554299;-0.418068;-0.149119
0.0450247;-0.432713;-0.141797
0.0489932;-0.425391;-0.141797
0.0527727;-0.418068;-0.141797
0.0428495;-0.432713;-0.134475
0.0464877;-0.425391;-0.134475
0.0499779;-0.418068;-0.134475
0.0317857;-0.451619;-0.130213
0.0356648;-0.444297;-0.130213
0.0394083;-0.436975;-0.130213
0.0302131;-0.451619;-0.122891
0.0338576;-0.444297;-0.122891
0.0372724;-0.436975;-0.122891
0.028672;-0.451619;-0.115568
0.031934;-0.444297;-0.115568
0.0351218;-0.436975;-0.115568
0.0415147;-0.432713;-0.130213
0.0449884;-0.425391;-0.130213
0.0483214;-0.418068;-0.130213
0.0391916;-0.432713;-0.122891
0.0424429;-0.425391;-0.122891
0.0455214;-0.418068;-0.122891
0.0369119;-0.432713;-0.115568
0.0398827;-0.425391;-0.115568
0.0428186;-0.418068;-0.115568
0.0576635;-0.413807;-0.149119
0.0613656;-0.406484;-0.149119
0.0647965;-0.399162;-0.149119
0.0548518;-0.413807;-0.141797
0.0582728;-0.406484;-0.141797
0.0615222;-0.399162;-0.141797
0.0519272;-0.413807;-0.134475
0.0551288;-0.406484;-0.134475
0.058206;-0.399162;-0.134475
0.0667099;-0.3949;-0.149119
0.069857;-0.387578;-0.149119
0.0727708;-0.380256;-0.149119
0.0633212;-0.3949;-0.141797
0.066311;-0.387578;-0.141797
0.0691394;-0.380256;-0.141797
0.05993;-0.3949;-0.134475
0.0627842;-0.387578;-0.134475
0.0655759;-0.380256;-0.134475
0.0501922;-0.413807;-0.130213
0.0532835;-0.406484;-0.130213
0.0562785;-0.399162;-0.130213
0.0472664;-0.413807;-0.122891
0.0502413;-0.406484;-0.122891
0.0530708;-0.399162;-0.122891
0.0444824;-0.413807;-0.115568
0.0472677;-0.406484;-0.115568
0.050077;-0.399162;-0.115568
0.0579639;-0.3949;-0.130213
0.060763;-0.387578;-0.130213
0.0635384;-0.380256;-0.130213
0.0546971;-0.3949;-0.122891
0.0575147;-0.387578;-0.122891
0.0602011;-0.380256;-0.122891
0.0516812;-0.3949;-0.115568
0.0543903;-0.387578;-0.115568
0.0572041;-0.380256;-0.115568
0.0277139;-0.451619;-0.111307
0.0307987;-0.444297;-0.111307
0.0338452;-0.436975;-0.111307
0.0260056;-0.451619;-0.103984
0.0289227;-0.444297;-0.103984
0.0316917;-0.436975;-0.103984
0.0243433;-0.451619;-0.096662
0.0270006;-0.444297;-0.096662
0.0296366;-0.436975;-0.096662
0.0355616;-0.432713;-0.111307
0.0384118;-0.425391;-0.111307
0.0412612;-0.418068;-0.111307
0.0332831;-0.432713;-0.103984
0.0360384;-0.425391;-0.103984
0.0386914;-0.418068;-0.103984
0.0311392;-0.432713;-0.096662
0.0337003;-0.425391;-0.096662
0.0363331;-0.418068;-0.096662
0.0233554;-0.451619;-0.0924005
0.0258874;-0.444297;-0.0924005
0.0284374;-0.436975;-0.0924005
0.021679;-0.451619;-0.0850781
0.0240932;-0.444297;-0.0850781
0.0264502;-0.436975;-0.0850781
0.0200554;-0.451619;-0.0777558
0.022299;-0.444297;-0.0777558
0.0246191;-0.436975;-0.0777558
0.0298971;-0.432713;-0.0924005
0.0323897;-0.425391;-0.0924005
0.034993;-0.418068;-0.0924005
0.0278511;-0.432713;-0.0850781
0.0303472;-0.425391;-0.0850781
0.0328212;-0.418068;-0.0850781
0.0259806;-0.432713;-0.0777558
0.0283629;-0.425391;-0.0777558
0.0309134;-0.418068;-0.0777558
0.0428828;-0.413807;-0.111307
0.0456028;-0.406484;-0.111307
0.0483857;-0.399162;-0.111307
0.0402491;-0.413807;-0.103984
0.0429914;-0.406484;-0.103984
0.0456472;-0.399162;-0.103984
0.0378587;-0.413807;-0.096662
0.0404757;-0.406484;-0.096662
0.0432396;-0.399162;-0.096662
0.049982;-0.3949;-0.111307
0.0526853;-0.387578;-0.111307
0.0555402;-0.380256;-0.111307
0.047239;-0.3949;-0.103984
0.050105;-0.387578;-0.103984
0.0528963;-0.380256;-0.103984
0.0448557;-0.3949;-0.096662
0.0476559;-0.387578;-0.096662
0.0506974;-0.380256;-0.096662
0.0365068;-0.413807;-0.0924005
0.0391081;-0.406484;-0.0924005
0.0418979;-0.399162;-0.0924005
0.0343262;-0.413807;-0.0850781
0.0370538;-0.406484;-0.0850781
0.0397635;-0.399162;-0.0850781
0.0324254;-0.413807;-0.0777558
0.035084;-0.406484;-0.0777558
0.037994;-0.399162;-0.0777558
0.0435336;-0.3949;-0.0924005
0.0463708;-0.387578;-0.0924005
0.0494934;-0.380256;-0.0924005
0.0414419;-0.3949;-0.0850781
0.0445376;-0.387578;-0.0850781
0.0476155;-0.380256;-0.0850781
0.0397281;-0.3949;-0.0777558
0.0427873;-0.387578;-0.0777558
0.0461814;-0.380256;-0.0777558
0.0743873;-0.375994;-0.149119
0.0770321;-0.368672;-0.149119
0.0795037;-0.36135;-0.149119
0.0707159;-0.375994;-0.141797
0.0733592;-0.368672;-0.141797
0.0758366;-0.36135;-0.141797
0.0671458;-0.375994;-0.134475
0.0697478;-0.368672;-0.134475
0.0723583;-0.36135;-0.134475
0.080868;-0.357088;-0.149119
0.0830833;-0.349766;-0.149119
0.0851978;-0.342443;-0.149119
0.0772383;-0.357088;-0.141797
0.079638;-0.349766;-0.141797
0.0818615;-0.342443;-0.141797
0.0738337;-0.357088;-0.134475
0.0762903;-0.349766;-0.134475
0.0788459;-0.342443;-0.134475
0.0651084;-0.375994;-0.130213
0.0677237;-0.368672;-0.130213
0.0703989;-0.36135;-0.130213
0.0617794;-0.375994;-0.122891
0.0645768;-0.368672;-0.122891
0.0672453;-0.36135;-0.122891
0.0588272;-0.375994;-0.115568
0.0615926;-0.368672;-0.115568
0.064557;-0.36135;-0.115568
0.0719211;-0.357088;-0.130213
0.0744693;-0.349766;-0.130213
0.0771777;-0.342443;-0.130213
0.0688524;-0.357088;-0.122891
0.0717716;-0.349766;-0.122891
0.0745563;-0.342443;-0.122891
0.0662817;-0.357088;-0.115568
0.0692412;-0.349766;-0.115568
0.072505;-0.342443;-0.115568
0.086359;-0.338182;-0.149119
0.0882276;-0.330859;-0.149119
0.0900826;-0.323537;-0.149119
0.0831504;-0.338182;-0.141797
0.0854222;-0.330859;-0.141797
0.0874998;-0.323537;-0.141797
0.0803004;-0.338182;-0.134475
0.0827344;-0.330859;-0.134475
0.085371;-0.323537;-0.134475
0.0910976;-0.319275;-0.149119
0.0927167;-0.311953;-0.149119
0.0944228;-0.304631;-0.149119
0.0887438;-0.319275;-0.141797
0.0910154;-0.311953;-0.141797
0.093069;-0.304631;-0.141797
0.0868829;-0.319275;-0.134475
0.0894273;-0.311953;-0.134475
0.0922884;-0.304631;-0.134475
0.0787302;-0.338182;-0.130213
0.0813431;-0.330859;-0.130213
0.0842277;-0.323537;-0.130213
0.0762746;-0.338182;-0.122891
0.0794657;-0.330859;-0.122891
0.0825089;-0.323537;-0.122891
0.0744163;-0.338182;-0.115568
0.0777129;-0.330859;-0.115568
0.0814238;-0.323537;-0.115568
0.0858928;-0.319275;-0.130213
0.0887101;-0.311953;-0.130213
0.0919172;-0.304631;-0.130213
0.0844233;-0.319275;-0.122891
0.0880357;-0.311953;-0.122891
0.0914797;-0.304631;-0.122891
0.0836054;-0.319275;-0.115568
0.0873787;-0.311953;-0.115568
0.0916766;-0.304631;-0.115568
0.0571938;-0.375994;-0.111307
0.060017;-0.368672;-0.111307
0.0630916;-0.36135;-0.111307
0.0546073;-0.375994;-0.103984
0.0577487;-0.368672;-0.103984
0.0608136;-0.36135;-0.103984
0.05249;-0.375994;-0.096662
0.0556123;-0.368672;-0.096662
0.0590712;-0.36135;-0.096662
0.0648857;-0.357088;-0.111307
0.0679683;-0.349766;-0.111307
0.0714104;-0.342443;-0.111307
0.0627249;-0.357088;-0.103984
0.0662857;-0.349766;-0.103984
0.0697601;-0.342443;-0.103984
0.0611173;-0.357088;-0.096662
0.0646896;-0.349766;-0.096662
0.0686955;-0.342443;-0.096662
0.0513358;-0.375994;-0.0924005
0.0545435;-0.368672;-0.0924005
0.0581316;-0.36135;-0.0924005
0.0495449;-0.375994;-0.0850781
0.0531364;-0.368672;-0.0850781
0.0566964;-0.36135;-0.0850781
0.0482047;-0.375994;-0.0777558
0.0517692;-0.368672;-0.0777558
0.055749;-0.36135;-0.0777558
0.0602536;-0.357088;-0.0924005
0.063953;-0.349766;-0.0924005
0.0681271;-0.342443;-0.0924005
0.0589413;-0.357088;-0.0850781
0.0631381;-0.349766;-0.0850781
0.0672831;-0.342443;-0.0850781
0.0581171;-0.357088;-0.0777558
0.0622778;-0.349766;-0.0777558
0.066931;-0.342443;-0.0777558
0.0734295;-0.338182;-0.111307
0.0769129;-0.330859;-0.111307
0.0808654;-0.323537;-0.111307
0.0719515;-0.338182;-0.103984
0.0760686;-0.330859;-0.103984
0.0800819;-0.323537;-0.103984
0.0710679;-0.338182;-0.096662
0.0752102;-0.330859;-0.096662
0.0798807;-0.323537;-0.096662
0.0831905;-0.319275;-0.111307
0.0872101;-0.311953;-0.111307
0.0918062;-0.304631;-0.111307
0.0826272;-0.319275;-0.103984
0.087426;-0.311953;-0.103984
0.092099;-0.304631;-0.103984
0.0826456;-0.319275;-0.096662
0.0874686;-0.311953;-0.096662
0.0929121;-0.304631;-0.096662
0.0705965;-0.338182;-0.0924005
0.0748996;-0.330859;-0.0924005
0.0797678;-0.323537;-0.0924005
0.0699016;-0.338182;-0.0850781
0.0748009;-0.330859;-0.0850781
0.0796251;-0.323537;-0.0850781
0.0696933;-0.338182;-0.0777558
0.0745325;-0.330859;-0.0777558
0.0799403;-0.323537;-0.0777558
0.0826459;-0.319275;-0.0924005
0.0876566;-0.311953;-0.0924005
0.09332;-0.304631;-0.0924005
0.0826706;-0.319275;-0.0850781
0.0883636;-0.311953;-0.0850781
0.0939598;-0.304631;-0.0850781
0.083144;-0.319275;-0.0777558
0.0887442;-0.311953;-0.0777558
0.0949902;-0.304631;-0.0777558
0.0190982;-0.451619;-0.0734942
0.0212778;-0.444297;-0.0734942
0.023564;-0.436975;-0.0734942
0.0175348;-0.451619;-0.0661719
0.0196764;-0.444297;-0.0661719
0.0218464;-0.436975;-0.0661719
0.0160873;-0.451619;-0.0588495
0.01811;-0.444297;-0.0588495
0.0203215;-0.436975;-0.0588495
0.0249111;-0.432713;-0.0734942
0.0272751;-0.425391;-0.0734942
0.0298381;-0.418068;-0.0734942
0.0231846;-0.432713;-0.0661719
0.0256328;-0.425391;-0.0661719
0.02812;-0.418068;-0.0661719
0.021658;-0.432713;-0.0588495
0.0240455;-0.425391;-0.0588495
0.0266848;-0.418068;-0.0588495
0.0152451;-0.451619;-0.054588
0.0172431;-0.444297;-0.054588
0.0194536;-0.436975;-0.054588
0.0138822;-0.451619;-0.0472656
0.0159267;-0.444297;-0.0472656
0.0180695;-0.436975;-0.0472656
0.0126735;-0.451619;-0.0399433
0.0146582;-0.444297;-0.0399433
0.0169139;-0.436975;-0.0399433
0.0207947;-0.432713;-0.054588
0.0232001;-0.425391;-0.054588
0.0258829;-0.418068;-0.054588
0.0194342;-0.432713;-0.0472656
0.0219863;-0.425391;-0.0472656
0.0246249;-0.418068;-0.0472656
0.0183046;-0.432713;-0.0399433
0.0208279;-0.425391;-0.0399433
0.0236581;-0.418068;-0.0399433
0.0313606;-0.413807;-0.0734942
0.0340436;-0.406484;-0.0734942
0.0370135;-0.399162;-0.0734942
0.0296746;-0.413807;-0.0661719
0.0325547;-0.406484;-0.0661719
0.0354739;-0.399162;-0.0661719
0.0282765;-0.413807;-0.0588495
0.0311207;-0.406484;-0.0588495
0.0342879;-0.399162;-0.0588495
0.0387841;-0.3949;-0.0734942
0.041905;-0.387578;-0.0734942
0.0453946;-0.380256;-0.0734942
0.0373127;-0.3949;-0.0661719
0.0407336;-0.387578;-0.0661719
0.0441743;-0.380256;-0.0661719
0.0361921;-0.3949;-0.0588495
0.0395763;-0.387578;-0.0588495
0.0433457;-0.380256;-0.0588495
0.027501;-0.413807;-0.054588
0.0303919;-0.406484;-0.054588
0.0336299;-0.399162;-0.054588
0.0262972;-0.413807;-0.0472656
0.0294165;-0.406484;-0.0472656
0.0326036;-0.399162;-0.0472656
0.0253755;-0.413807;-0.0399433
0.028459;-0.406484;-0.0399433
0.0318995;-0.399162;-0.0399433
0.0355738;-0.3949;-0.054588
0.0390228;-0.387578;-0.054588
0.0428789;-0.380256;-0.054588
0.0346182;-0.3949;-0.0472656
0.0383626;-0.387578;-0.0472656
0.0421428;-0.380256;-0.0472656
0.0339696;-0.3949;-0.0399433
0.0376511;-0.387578;-0.0399433
0.0417353;-0.380256;-0.0399433
0.0119899;-0.451619;-0.0356817
0.0139866;-0.444297;-0.0356817
0.0162749;-0.436975;-0.0356817
0.0109371;-0.451619;-0.0283594
0.0130458;-0.444297;-0.0283594
0.0153006;-0.436975;-0.0283594
0.0101132;-0.451619;-0.021037
0.0122035;-0.444297;-0.021037
0.0146033;-0.436975;-0.021037
0.0176861;-0.432713;-0.0356817
0.0202461;-0.425391;-0.0356817
0.0231283;-0.418068;-0.0356817
0.0167556;-0.432713;-0.0283594
0.0194872;-0.425391;-0.0283594
0.0223221;-0.418068;-0.0283594
0.0160879;-0.432713;-0.021037
0.0187867;-0.425391;-0.021037
0.0218089;-0.418068;-0.021037
0.00970486;-0.451619;-0.0167755
0.0118203;-0.444297;-0.0167755
0.0142557;-0.436975;-0.0167755
0.00918853;-0.451619;-0.00945312
0.011415;-0.444297;-0.00945312
0.0138001;-0.436975;-0.00945312
0.00898562;-0.451619;-0.00213077
0.0111668;-0.444297;-0.00213077
0.0136637;-0.436975;-0.00213077
0.0157596;-0.432713;-0.0167755
0.018488;-0.425391;-0.0167755
0.0215459;-0.418068;-0.0167755
0.0153378;-0.432713;-0.00945312
0.0182091;-0.425391;-0.00945312
0.0211809;-0.418068;-0.00945312
0.0152032;-0.432713;-0.00213077
0.0179938;-0.425391;-0.00213077
0.0211091;-0.418068;-0.00213077
0.0248744;-0.413807;-0.0356817
0.0280048;-0.406484;-0.0356817
0.0315058;-0.399162;-0.0356817
0.0241212;-0.413807;-0.0283594
0.0274696;-0.406484;-0.0283594
0.0308921;-0.399162;-0.0283594
0.0236392;-0.413807;-0.021037
0.0269212;-0.406484;-0.021037
0.0305686;-0.399162;-0.021037
0.0336083;-0.3949;-0.0356817
0.0373408;-0.387578;-0.0356817
0.0414878;-0.380256;-0.0356817
0.03305;-0.3949;-0.0283594
0.0370427;-0.387578;-0.0283594
0.0410731;-0.380256;-0.0283594
0.0327582;-0.3949;-0.021037
0.0366451;-0.387578;-0.021037
0.0409363;-0.380256;-0.021037
0.0233947;-0.413807;-0.0167755
0.0267054;-0.406484;-0.0167755
0.030387;-0.399162;-0.0167755
0.0230613;-0.413807;-0.00945312
0.0265474;-0.406484;-0.00945312
0.0301047;-0.399162;-0.00945312
0.0229907;-0.413807;-0.00213077
0.0263585;-0.406484;-0.00213077
0.030093;-0.399162;-0.00213077
0.0325944;-0.3949;-0.0167755
0.0365087;-0.387578;-0.0167755
0.0408322;-0.380256;-0.0167755
0.0323413;-0.3949;-0.00945312
0.0364658;-0.387578;-0.00945312
0.0406263;-0.380256;-0.00945312
0.0323311;-0.3949;-0.00213077
0.0362988;-0.387578;-0.00213077
0.0406712;-0.380256;-0.00213077
0.0474724;-0.375994;-0.0734942
0.0511261;-0.368672;-0.0734942
0.0552261;-0.36135;-0.0734942
0.0463441;-0.375994;-0.0661719
0.0503843;-0.368672;-0.0661719
0.0544189;-0.36135;-0.0661719
0.0455995;-0.375994;-0.0588495
0.0495822;-0.368672;-0.0588495
0.0540116;-0.36135;-0.0588495
0.0576615;-0.357088;-0.0734942
0.0619303;-0.349766;-0.0734942
0.0667188;-0.342443;-0.0734942
0.0569605;-0.357088;-0.0661719
0.061688;-0.349766;-0.0661719
0.0663819;-0.342443;-0.0661719
0.056648;-0.357088;-0.0588495
0.061284;-0.349766;-0.0588495
0.0664279;-0.342443;-0.0588495
0.04518;-0.375994;-0.054588
0.0492374;-0.368672;-0.054588
0.0537608;-0.36135;-0.054588
0.0445217;-0.375994;-0.0472656
0.0489296;-0.368672;-0.0472656
0.0533417;-0.36135;-0.0472656
0.0441745;-0.375994;-0.0399433
0.0484817;-0.368672;-0.0399433
0.0532411;-0.36135;-0.0399433
0.0564482;-0.357088;-0.054588
0.0611636;-0.349766;-0.054588
0.0664036;-0.342443;-0.054588
0.0561082;-0.357088;-0.0472656
0.0612213;-0.349766;-0.0472656
0.0663097;-0.342443;-0.0472656
0.0560697;-0.357088;-0.0399433
0.0610394;-0.349766;-0.0399433
0.066514;-0.342443;-0.0399433
0.0695562;-0.338182;-0.0734942
0.0745157;-0.330859;-0.0734942
0.080067;-0.323537;-0.0734942
0.0693324;-0.338182;-0.0661719
0.0748112;-0.330859;-0.0661719
0.0802318;-0.323537;-0.0661719
0.0694793;-0.338182;-0.0588495
0.0748257;-0.330859;-0.0588495
0.0807439;-0.323537;-0.0588495
0.0833506;-0.319275;-0.0734942
0.0890791;-0.311953;-0.0734942
0.0954731;-0.304631;-0.0734942
0.0836308;-0.319275;-0.0661719
0.089932;-0.311953;-0.0661719
0.0961563;-0.304631;-0.0661719
0.0842473;-0.319275;-0.0588495
0.0903722;-0.311953;-0.0588495
0.0971379;-0.304631;-0.0588495
0.069507;-0.338182;-0.054588
0.0749345;-0.330859;-0.054588
0.0809481;-0.323537;-0.054588
0.0694903;-0.338182;-0.0472656
0.0753578;-0.330859;-0.0472656
0.0811777;-0.323537;-0.0472656
0.0697574;-0.338182;-0.0399433
0.0754369;-0.330859;-0.0399433
0.0816793;-0.323537;-0.0399433
0.0845034;-0.319275;-0.054588
0.0907097;-0.311953;-0.054588
0.097569;-0.304631;-0.054588
0.0848068;-0.319275;-0.0472656
0.0914926;-0.311953;-0.0472656
0.0981161;-0.304631;-0.0472656
0.0853714;-0.319275;-0.0399433
0.0918244;-0.311953;-0.0399433
0.0989058;-0.304631;-0.0399433
0.0439603;-0.375994;-0.0356817
0.0483188;-0.368672;-0.0356817
0.0531404;-0.36135;-0.0356817
0.0435993;-0.375994;-0.0283594
0.048257;-0.368672;-0.0283594
0.0529212;-0.36135;-0.0283594
0.0434941;-0.375994;-0.021037
0.0480042;-0.368672;-0.021037
0.0529639;-0.36135;-0.021037
0.056002;-0.357088;-0.0356817
0.061022;-0.349766;-0.0356817
0.0665566;-0.342443;-0.0356817
0.0558332;-0.357088;-0.0283594
0.0611897;-0.349766;-0.0283594
0.0665255;-0.342443;-0.0283594
0.0559075;-0.357088;-0.021037
0.0610738;-0.349766;-0.021037
0.0667393;-0.342443;-0.021037
0.0434069;-0.375994;-0.0167755
0.0479427;-0.368672;-0.0167755
0.0529329;-0.36135;-0.0167755
0.0432272;-0.375994;-0.00945312
0.0480091;-0.368672;-0.00945312
0.0527974;-0.36135;-0.00945312
0.0432745;-0.375994;-0.00213077
0.0478606;-0.368672;-0.00213077
0.052896;-0.36135;-0.00213077
0.0558924;-0.357088;-0.0167755
0.0610828;-0.349766;-0.0167755
0.0667769;-0.342443;-0.0167755
0.05578;-0.357088;-0.00945312
0.0612527;-0.349766;-0.00945312
0.0667065;-0.342443;-0.00945312
0.0558821;-0.357088;-0.00213077
0.06112;-0.349766;-0.00213077
0.0668559;-0.342443;-0.00213077
0.0698319;-0.338182;-0.0356817
0.0755601;-0.330859;-0.0356817
0.0818598;-0.323537;-0.0356817
0.0698472;-0.338182;-0.0283594
0.075948;-0.330859;-0.0283594
0.0820078;-0.323537;-0.0283594
0.0700926;-0.338182;-0.021037
0.0759607;-0.330859;-0.021037
0.082384;-0.323537;-0.021037
0.0855825;-0.319275;-0.0356817
0.0920826;-0.311953;-0.0356817
0.0992183;-0.304631;-0.0356817
0.0857726;-0.319275;-0.0283594
0.0926809;-0.311953;-0.0283594
0.0995363;-0.304631;-0.0283594
0.0861806;-0.319275;-0.021037
0.0928141;-0.311953;-0.021037
0.100066;-0.304631;-0.021037
0.0701451;-0.338182;-0.0167755
0.076036;-0.330859;-0.0167755
0.0824859;-0.323537;-0.0167755
0.0700946;-0.338182;-0.00945312
0.076304;-0.330859;-0.00945312
0.0824757;-0.323537;-0.00945312
0.0702491;-0.338182;-0.00213077
0.0761847;-0.330859;-0.00213077
0.0826735;-0.323537;-0.00213077
0.0862966;-0.319275;-0.0167755
0.0929516;-0.311953;-0.0167755
0.100229;-0.304631;-0.0167755
0.0863029;-0.319275;-0.00945312
0.0933126;-0.311953;-0.00945312
0.100274;-0.304631;-0.00945312
0.0865075;-0.319275;-0.00213077
0.0932046;-0.311953;-0.00213077
0.100518;-0.304631;-0.00213077
0.0732755;-0.300369;-0.300369
0.0755715;-0.293047;-0.300369
0.0774623;-0.285725;-0.300369
0.0772203;-0.300369;-0.293047
0.0790687;-0.293047;-0.293047
0.0809493;-0.285725;-0.293047
0.0807438;-0.300369;-0.285725
0.0826577;-0.293047;-0.285725
0.0840569;-0.285725;-0.285725
0.0784958;-0.281463;-0.300369
0.0801964;-0.274141;-0.300369
0.0815236;-0.266818;-0.300369
0.0818659;-0.281463;-0.293047
0.083124;-0.274141;-0.293047
0.0844192;-0.266818;-0.293047
0.0848165;-0.281463;-0.285725
0.0860906;-0.274141;-0.285725
0.0869103;-0.266818;-0.285725
0.0828237;-0.300369;-0.281463
0.0845872;-0.293047;-0.281463
0.0858612;-0.285725;-0.281463
0.0863499;-0.300369;-0.274141
0.0875685;-0.293047;-0.274141
0.0888586;-0.285725;-0.274141
0.0893679;-0.300369;-0.266818
0.0906696;-0.293047;-0.266818
0.091403;-0.285725;-0.266818
0.0865389;-0.281463;-0.281463
0.0876528;-0.274141;-0.281463
0.0883351;-0.266818;-0.281463
0.0894082;-0.281463;-0.274141
0.0899902;-0.274141;-0.274141
0.09065;-0.266818;-0.274141
0.0917751;-0.281463;-0.266818
0.0923867;-0.274141;-0.266818
0.0924959;-0.266818;-0.266818
0.0822402;-0.262557;-0.300369
0.083418;-0.255234;-0.300369
0.0842614;-0.247912;-0.300369
0.0850119;-0.262557;-0.293047
0.0857501;-0.255234;-0.293047
0.0865438;-0.247912;-0.293047
0.0873444;-0.262557;-0.285725
0.0880697;-0.255234;-0.285725
0.0883919;-0.247912;-0.285725
0.0847111;-0.24365;-0.300369
0.08545;-0.236328;-0.300369
0.0858889;-0.229006;-0.300369
0.0868633;-0.24365;-0.293047
0.0871655;-0.236328;-0.293047
0.0875447;-0.229006;-0.293047
0.0885501;-0.24365;-0.285725
0.0888192;-0.236328;-0.285725
0.0887316;-0.229006;-0.285725
0.0886826;-0.262557;-0.281463
0.0892437;-0.255234;-0.281463
0.089421;-0.247912;-0.281463
0.0908561;-0.262557;-0.274141
0.0908927;-0.255234;-0.274141
0.0910217;-0.247912;-0.274141
0.0925187;-0.262557;-0.266818
0.0925452;-0.255234;-0.266818
0.0921266;-0.247912;-0.266818
0.0894894;-0.24365;-0.281463
0.0895912;-0.236328;-0.281463
0.0893541;-0.229006;-0.281463
0.09094;-0.24365;-0.274141
0.0905223;-0.236328;-0.274141
0.0902197;-0.229006;-0.274141
0.0918573;-0.24365;-0.266818
0.0914019;-0.236328;-0.266818
0.0905543;-0.229006;-0.266818
0.0911434;-0.300369;-0.262557
0.0922847;-0.293047;-0.262557
0.0928701;-0.285725;-0.262557
0.094132;-0.300369;-0.255234
0.0946585;-0.293047;-0.255234
0.0952748;-0.285725;-0.255234
0.0965134;-0.300369;-0.247912
0.0971327;-0.293047;-0.247912
0.097147;-0.285725;-0.247912
0.0931492;-0.281463;-0.262557
0.0935882;-0.274141;-0.262557
0.0935378;-0.266818;-0.262557
0.0954133;-0.281463;-0.255234
0.0952511;-0.274141;-0.255234
0.0951848;-0.266818;-0.255234
0.0970955;-0.281463;-0.247912
0.0969689;-0.274141;-0.247912
0.0963015;-0.266818;-0.247912
0.097883;-0.300369;-0.24365
0.0983436;-0.293047;-0.24365
0.0981994;-0.285725;-0.24365
0.100118;-0.300369;-0.236328
0.0999519;-0.293047;-0.236328
0.0998562;-0.285725;-0.236328
0.101644;-0.300369;-0.229006
0.101585;-0.293047;-0.229006
0.100907;-0.285725;-0.229006
0.09805;-0.281463;-0.24365
0.0977468;-0.274141;-0.24365
0.0969074;-0.266818;-0.24365
0.0995651;-0.281463;-0.236328
0.0986408;-0.274141;-0.236328
0.0977967;-0.266818;-0.236328
0.100439;-0.281463;-0.229006
0.0995655;-0.274141;-0.229006
0.0981324;-0.266818;-0.229006
0.0934614;-0.262557;-0.262557
0.0933053;-0.255234;-0.262557
0.0927173;-0.247912;-0.262557
0.0949512;-0.262557;-0.255234
0.0941988;-0.255234;-0.255234
0.0935592;-0.247912;-0.255234
0.0958682;-0.262557;-0.247912
0.0951044;-0.255234;-0.247912
0.0938599;-0.247912;-0.247912
0.092344;-0.24365;-0.262557
0.0916988;-0.236328;-0.262557
0.0906746;-0.229006;-0.262557
0.0930158;-0.24365;-0.255234
0.0917754;-0.236328;-0.255234
0.0906734;-0.229006;-0.255234
0.0931075;-0.24365;-0.247912
0.0918191;-0.236328;-0.247912
0.0901064;-0.229006;-0.247912
0.096368;-0.262557;-0.24365
0.0954118;-0.255234;-0.24365
0.0939817;-0.247912;-0.24365
0.0970959;-0.262557;-0.236328
0.0955156;-0.255234;-0.236328
0.094035;-0.247912;-0.236328
0.0972396;-0.262557;-0.229006
0.0956576;-0.255234;-0.229006
0.0935745;-0.247912;-0.229006
0.0931154;-0.24365;-0.24365
0.0916206;-0.236328;-0.24365
0.0897097;-0.229006;-0.24365
0.0929889;-0.24365;-0.236328
0.0908606;-0.236328;-0.236328
0.0888605;-0.229006;-0.236328
0.0923205;-0.24365;-0.229006
0.090143;-0.236328;-0.229006
0.087521;-0.229006;-0.229006
0.0861166;-0.224744;-0.300369
0.0864952;-0.217422;-0.300369
0.0866077;-0.2101;-0.300369
0.0876401;-0.224744;-0.293047
0.0875879;-0.217422;-0.293047
0.0876372;-0.2101;-0.293047
0.0886657;-0.224744;-0.285725
0.0885695;-0.217422;-0.285725
0.0881598;-0.2101;-0.285725
0.0866592;-0.205838;-0.300369
0.086756;-0.198516;-0.300369
0.0866192;-0.191193;-0.300369
0.0875574;-0.205838;-0.293047
0.0872332;-0.198516;-0.293047
0.0870362;-0.191193;-0.293047
0.0879213;-0.205838;-0.285725
0.0875501;-0.198516;-0.285725
0.0869064;-0.191193;-0.285725
0.0891967;-0.224744;-0.281463
0.0889331;-0.217422;-0.281463
0.0883728;-0.2101;-0.281463
0.0899074;-0.224744;-0.274141
0.0891305;-0.217422;-0.274141
0.0884961;-0.2101;-0.274141
0.0900519;-0.224744;-0.266818
0.0892197;-0.217422;-0.266818
0.0880454;-0.2101;-0.266818
0.0880432;-0.205838;-0.281463
0.0875077;-0.198516;-0.281463
0.0867163;-0.191193;-0.281463
0.0880107;-0.205838;-0.274141
0.0869717;-0.198516;-0.274141
0.0861062;-0.191193;-0.274141
0.0873704;-0.205838;-0.266818
0.0862683;-0.198516;-0.266818
0.0848724;-0.191193;-0.266818
0.086539;-0.186932;-0.300369
0.0864302;-0.179609;-0.300369
0.0861193;-0.172287;-0.300369
0.0868293;-0.186932;-0.293047
0.0863145;-0.179609;-0.293047
0.0859528;-0.172287;-0.293047
0.0865466;-0.186932;-0.285725
0.0859897;-0.179609;-0.285725
0.0851995;-0.172287;-0.285725
0.0859507;-0.168025;-0.300369
0.0857095;-0.160703;-0.300369
0.0852962;-0.153381;-0.300369
0.0856655;-0.168025;-0.293047
0.0850392;-0.160703;-0.293047
0.0845911;-0.153381;-0.293047
0.0847692;-0.168025;-0.285725
0.0841137;-0.160703;-0.285725
0.083262;-0.153381;-0.285725
0.0862681;-0.186932;-0.281463
0.0855539;-0.179609;-0.281463
0.0846232;-0.172287;-0.281463
0.0855058;-0.186932;-0.274141
0.0843036;-0.179609;-0.274141
0.0833078;-0.172287;-0.274141
0.0840871;-0.186932;-0.266818
0.0828242;-0.179609;-0.266818
0.0813149;-0.172287;-0.266818
0.0841099;-0.168025;-0.281463
0.0833084;-0.160703;-0.281463
0.0823283;-0.153381;-0.281463
0.0826508;-0.168025;-0.274141
0.0813847;-0.160703;-0.274141
0.0803585;-0.153381;-0.274141
0.0804827;-0.168025;-0.266818
0.0791697;-0.160703;-0.266818
0.0776568;-0.153381;-0.266818
0.0900648;-0.224744;-0.262557
0.0890387;-0.217422;-0.262557
0.0876838;-0.2101;-0.262557
0.0898842;-0.224744;-0.255234
0.0882634;-0.217422;-0.255234
0.0868137;-0.2101;-0.255234
0.0891002;-0.224744;-0.247912
0.0874038;-0.217422;-0.247912
0.0853379;-0.2101;-0.247912
0.0869001;-0.205838;-0.262557
0.0856037;-0.198516;-0.262557
0.0840275;-0.191193;-0.262557
0.0858451;-0.205838;-0.255234
0.083957;-0.198516;-0.255234
0.0822789;-0.191193;-0.255234
0.0841467;-0.205838;-0.247912
0.0821653;-0.198516;-0.247912
0.0798685;-0.191193;-0.247912
0.0885826;-0.224744;-0.24365
0.086668;-0.217422;-0.24365
0.0843931;-0.2101;-0.24365
0.0875367;-0.224744;-0.236328
0.0849751;-0.217422;-0.236328
0.0825788;-0.2101;-0.236328
0.0859725;-0.224744;-0.229006
0.0833192;-0.217422;-0.229006
0.0802766;-0.2101;-0.229006
0.0830752;-0.205838;-0.24365
0.0808665;-0.198516;-0.24365
0.0783528;-0.191193;-0.24365
0.0810493;-0.205838;-0.236328
0.0781778;-0.198516;-0.236328
0.0755179;-0.191193;-0.236328
0.078505;-0.205838;-0.229006
0.0755037;-0.198516;-0.229006
0.0721686;-0.191193;-0.229006
0.0831347;-0.186932;-0.262557
0.081682;-0.179609;-0.262557
0.0799981;-0.172287;-0.262557
0.0812006;-0.186932;-0.255234
0.0791649;-0.179609;-0.255234
0.0773835;-0.172287;-0.255234
0.0785657;-0.186932;-0.247912
0.07643;-0.179609;-0.247912
0.0740345;-0.172287;-0.247912
0.0790631;-0.168025;-0.262557
0.0775711;-0.160703;-0.262557
0.0758963;-0.153381;-0.262557
0.0762689;-0.168025;-0.255234
0.0742127;-0.160703;-0.255234
0.0724593;-0.153381;-0.255234
0.0726996;-0.168025;-0.247912
0.0705511;-0.160703;-0.247912
0.0682014;-0.153381;-0.247912
0.0769195;-0.186932;-0.24365
0.0745518;-0.179609;-0.24365
0.0719363;-0.172287;-0.24365
0.0738609;-0.186932;-0.236328
0.0708154;-0.179609;-0.236328
0.0680388;-0.172287;-0.236328
0.0702515;-0.186932;-0.229006
0.0670432;-0.179609;-0.229006
0.0635593;-0.172287;-0.229006
0.0704705;-0.168025;-0.24365
0.0680925;-0.160703;-0.24365
0.0655281;-0.153381;-0.24365
0.066342;-0.168025;-0.236328
0.0632777;-0.160703;-0.236328
0.0605534;-0.153381;-0.236328
0.0615854;-0.168025;-0.229006
0.0583334;-0.160703;-0.229006
0.0548728;-0.153381;-0.229006
0.102456;-0.300369;-0.224744
0.102264;-0.293047;-0.224744
0.101448;-0.285725;-0.224744
0.103642;-0.300369;-0.217422
0.102911;-0.293047;-0.217422
0.102185;-0.285725;-0.217422
0.104051;-0.300369;-0.2101
0.103475;-0.293047;-0.2101
0.102307;-0.285725;-0.2101
0.100895;-0.281463;-0.224744
0.099867;-0.274141;-0.224744
0.098281;-0.266818;-0.224744
0.101522;-0.281463;-0.217422
0.0999591;-0.274141;-0.217422
0.0984102;-0.266818;-0.217422
0.101531;-0.281463;-0.2101
0.100076;-0.274141;-0.2101
0.0980839;-0.266818;-0.2101
0.104154;-0.300369;-0.205838
0.103514;-0.293047;-0.205838
0.102287;-0.285725;-0.205838
0.104053;-0.300369;-0.198516
0.103114;-0.293047;-0.198516
0.102073;-0.285725;-0.198516
0.103266;-0.300369;-0.191193
0.10258;-0.293047;-0.191193
0.101413;-0.285725;-0.191193
0.101472;-0.281463;-0.205838
0.0999428;-0.274141;-0.205838
0.0978871;-0.266818;-0.205838
0.101246;-0.281463;-0.198516
0.099451;-0.274141;-0.198516
0.0975514;-0.266818;-0.198516
0.100618;-0.281463;-0.191193
0.0990708;-0.274141;-0.191193
0.0971038;-0.266818;-0.191193
0.097293;-0.262557;-0.224744
0.0955363;-0.255234;-0.224744
0.093283;-0.247912;-0.224744
0.0972932;-0.262557;-0.217422
0.0949941;-0.255234;-0.217422
0.0927261;-0.247912;-0.217422
0.0968412;-0.262557;-0.2101
0.0946016;-0.255234;-0.2101
0.0918826;-0.247912;-0.2101
0.0919228;-0.24365;-0.224744
0.0895495;-0.236328;-0.224744
0.0867384;-0.229006;-0.224744
0.0912154;-0.24365;-0.217422
0.088284;-0.236328;-0.217422
0.0854079;-0.229006;-0.217422
0.0902312;-0.24365;-0.2101
0.0873102;-0.236328;-0.2101
0.0839678;-0.229006;-0.2101
0.0966007;-0.262557;-0.205838
0.0942734;-0.255234;-0.205838
0.091482;-0.247912;-0.205838
0.0962496;-0.262557;-0.198516
0.0936854;-0.255234;-0.198516
0.0910196;-0.247912;-0.198516
0.0958507;-0.262557;-0.191193
0.0935269;-0.255234;-0.191193
0.0908536;-0.247912;-0.191193
0.0897805;-0.24365;-0.205838
0.0867571;-0.236328;-0.205838
0.0833325;-0.229006;-0.205838
0.0892988;-0.24365;-0.198516
0.0860652;-0.236328;-0.198516
0.0827387;-0.229006;-0.198516
0.0892008;-0.24365;-0.191193
0.0862053;-0.236328;-0.191193
0.082943;-0.229006;-0.191193
0.10267;-0.300369;-0.186932
0.102049;-0.293047;-0.186932
0.10098;-0.285725;-0.186932
0.101442;-0.300369;-0.179609
0.100928;-0.293047;-0.179609
0.100199;-0.285725;-0.179609
0.0999093;-0.300369;-0.172287
0.0997749;-0.293047;-0.172287
0.0994029;-0.285725;-0.172287
0.100241;-0.281463;-0.186932
0.0987868;-0.274141;-0.186932
0.0969527;-0.266818;-0.186932
0.0996223;-0.281463;-0.179609
0.098407;-0.274141;-0.179609
0.0969554;-0.266818;-0.179609
0.0990756;-0.281463;-0.172287
0.0983175;-0.274141;-0.172287
0.0974079;-0.266818;-0.172287
0.0989751;-0.300369;-0.168025
0.0990698;-0.293047;-0.168025
0.0989965;-0.285725;-0.168025
0.097394;-0.300369;-0.160703
0.0980716;-0.293047;-0.160703
0.0984791;-0.285725;-0.160703
0.0960632;-0.300369;-0.153381
0.0971921;-0.293047;-0.153381
0.0984317;-0.285725;-0.153381
0.0988507;-0.281463;-0.168025
0.0984119;-0.274141;-0.168025
0.0979021;-0.266818;-0.168025
0.0986931;-0.281463;-0.160703
0.0990937;-0.274141;-0.160703
0.0991924;-0.266818;-0.160703
0.0990875;-0.281463;-0.153381
0.100078;-0.274141;-0.153381
0.101294;-0.266818;-0.153381
0.0957749;-0.262557;-0.186932
0.0935727;-0.255234;-0.186932
0.091071;-0.247912;-0.186932
0.0959899;-0.262557;-0.179609
0.0941704;-0.255234;-0.179609
0.0921006;-0.247912;-0.179609
0.0967744;-0.262557;-0.172287
0.095496;-0.255234;-0.172287
0.0941726;-0.247912;-0.172287
0.0895156;-0.24365;-0.186932
0.0866776;-0.236328;-0.186932
0.0836356;-0.229006;-0.186932
0.0908145;-0.24365;-0.179609
0.0885238;-0.236328;-0.179609
0.0859779;-0.229006;-0.179609
0.0933097;-0.24365;-0.172287
0.0916518;-0.236328;-0.172287
0.0900784;-0.229006;-0.172287
0.0975085;-0.262557;-0.168025
0.0966479;-0.255234;-0.168025
0.0958315;-0.247912;-0.168025
0.09927;-0.262557;-0.160703
0.099522;-0.255234;-0.160703
0.0994419;-0.247912;-0.160703
0.101942;-0.262557;-0.153381
0.10292;-0.255234;-0.153381
0.104244;-0.247912;-0.153381
0.0952702;-0.24365;-0.168025
0.094134;-0.236328;-0.168025
0.0931756;-0.229006;-0.168025
0.0994641;-0.24365;-0.160703
0.0997144;-0.236328;-0.160703
0.099604;-0.229006;-0.160703
0.104957;-0.24365;-0.153381
0.106049;-0.236328;-0.153381
0.107601;-0.229006;-0.153381
0.0850719;-0.224744;-0.224744
0.0822008;-0.217422;-0.224744
0.0789483;-0.2101;-0.224744
0.0835681;-0.224744;-0.217422
0.0801141;-0.217422;-0.217422
0.0767471;-0.2101;-0.217422
0.0819696;-0.224744;-0.2101
0.0784776;-0.217422;-0.2101
0.0746214;-0.2101;-0.2101
0.0770458;-0.205838;-0.224744
0.0738032;-0.198516;-0.224744
0.0702351;-0.191193;-0.224744
0.0746461;-0.205838;-0.217422
0.0707854;-0.198516;-0.217422
0.0670512;-0.191193;-0.217422
0.0723419;-0.205838;-0.2101
0.0683937;-0.198516;-0.2101
0.0641375;-0.191193;-0.2101
0.0812775;-0.224744;-0.205838
0.077668;-0.217422;-0.205838
0.0737202;-0.2101;-0.205838
0.0806629;-0.224744;-0.198516
0.0768745;-0.217422;-0.198516
0.0730067;-0.2101;-0.198516
0.0809626;-0.224744;-0.191193
0.0774252;-0.217422;-0.191193
0.0737197;-0.2101;-0.191193
0.0713771;-0.205838;-0.205838
0.0672967;-0.198516;-0.205838
0.0629405;-0.191193;-0.205838
0.070648;-0.205838;-0.198516
0.0664345;-0.198516;-0.198516
0.0621581;-0.191193;-0.198516
0.0715011;-0.205838;-0.191193
0.0675835;-0.198516;-0.191193
0.0636189;-0.191193;-0.191193
0.068173;-0.186932;-0.224744
0.0646974;-0.179609;-0.224744
0.0609542;-0.172287;-0.224744
0.0647613;-0.186932;-0.217422
0.0606172;-0.179609;-0.217422
0.0566498;-0.172287;-0.217422
0.0616438;-0.186932;-0.2101
0.0573573;-0.179609;-0.2101
0.0528165;-0.172287;-0.2101
0.0588192;-0.168025;-0.224744
0.0552716;-0.160703;-0.224744
0.0515227;-0.153381;-0.224744
0.05425;-0.168025;-0.217422
0.0499602;-0.160703;-0.217422
0.0459156;-0.153381;-0.217422
0.0501767;-0.168025;-0.2101
0.0456718;-0.160703;-0.2101
0.0409631;-0.153381;-0.2101
0.0603769;-0.186932;-0.205838
0.0559432;-0.179609;-0.205838
0.0512948;-0.172287;-0.205838
0.0595974;-0.186932;-0.198516
0.0551062;-0.179609;-0.198516
0.0505716;-0.172287;-0.198516
0.0612758;-0.186932;-0.191193
0.057186;-0.179609;-0.191193
0.0532065;-0.172287;-0.191193
0.0485784;-0.168025;-0.205838
0.0439076;-0.160703;-0.205838
0.0390813;-0.153381;-0.205838
0.0479026;-0.168025;-0.198516
0.0433123;-0.160703;-0.198516
0.0387063;-0.153381;-0.198516
0.0508934;-0.168025;-0.191193
0.0469213;-0.160703;-0.191193
0.0432818;-0.153381;-0.191193
0.0817817;-0.224744;-0.186932
0.0784529;-0.217422;-0.186932
0.0750359;-0.2101;-0.186932
0.0844637;-0.224744;-0.179609
0.0818802;-0.217422;-0.179609
0.0790489;-0.2101;-0.179609
0.0890875;-0.224744;-0.172287
0.0872349;-0.217422;-0.172287
0.0856189;-0.2101;-0.172287
0.0729862;-0.205838;-0.186932
0.0693555;-0.198516;-0.186932
0.0657808;-0.191193;-0.186932
0.0774297;-0.205838;-0.179609
0.0747874;-0.198516;-0.179609
0.0719203;-0.191193;-0.179609
0.0846264;-0.205838;-0.172287
0.0828071;-0.198516;-0.172287
0.0813917;-0.191193;-0.172287
0.0925472;-0.224744;-0.168025
0.0913175;-0.217422;-0.168025
0.0904131;-0.2101;-0.168025
0.0996598;-0.224744;-0.160703
0.100062;-0.217422;-0.160703
0.100074;-0.2101;-0.160703
0.108448;-0.224744;-0.153381
0.109761;-0.217422;-0.153381
0.111631;-0.2101;-0.153381
0.089835;-0.205838;-0.168025
0.0887197;-0.198516;-0.168025
0.0880784;-0.191193;-0.168025
0.10025;-0.205838;-0.160703
0.100942;-0.198516;-0.160703
0.10121;-0.191193;-0.160703
0.112656;-0.205838;-0.153381
0.114255;-0.198516;-0.153381
0.116478;-0.191193;-0.153381
0.0636713;-0.186932;-0.186932
0.0599896;-0.179609;-0.186932
0.0565499;-0.172287;-0.186932
0.0703546;-0.186932;-0.179609
0.0679483;-0.179609;-0.179609
0.0653564;-0.172287;-0.179609
0.0805424;-0.186932;-0.172287
0.0790102;-0.179609;-0.172287
0.0780449;-0.172287;-0.172287
0.0545649;-0.168025;-0.186932
0.0511772;-0.160703;-0.186932
0.0482729;-0.153381;-0.186932
0.064036;-0.168025;-0.179609
0.0622059;-0.160703;-0.179609
0.0602372;-0.153381;-0.179609
0.0774805;-0.168025;-0.172287
0.0764722;-0.160703;-0.172287
0.0761574;-0.153381;-0.172287
0.0876715;-0.186932;-0.168025
0.0868775;-0.179609;-0.168025
0.0866853;-0.172287;-0.168025
0.101574;-0.186932;-0.160703
0.102647;-0.179609;-0.160703
0.103254;-0.172287;-0.160703
0.117691;-0.186932;-0.153381
0.119582;-0.179609;-0.153381
0.12212;-0.172287;-0.153381
0.0865509;-0.168025;-0.168025
0.0862397;-0.160703;-0.168025
0.086612;-0.153381;-0.168025
0.103837;-0.168025;-0.160703
0.105311;-0.160703;-0.160703
0.106266;-0.153381;-0.160703
0.12349;-0.168025;-0.153381
0.125606;-0.160703;-0.153381
0.128351;-0.153381;-0.153381
0.0850798;-0.149119;-0.300369
0.0847748;-0.141797;-0.300369
0.0843252;-0.134475;-0.300369
0.0842681;-0.149119;-0.293047
0.0836052;-0.141797;-0.293047
0.0831431;-0.134475;-0.293047
0.0828101;-0.149119;-0.285725
0.0821387;-0.141797;-0.285725
0.0813057;-0.134475;-0.285725
0.0840983;-0.130213;-0.300369
0.0837908;-0.122891;-0.300369
0.0833633;-0.115568;-0.300369
0.0828253;-0.130213;-0.293047
0.0821938;-0.122891;-0.293047
0.0817817;-0.115568;-0.293047
0.0808775;-0.130213;-0.285725
0.0802656;-0.122891;-0.285725
0.0795232;-0.115568;-0.285725
0.0818016;-0.149119;-0.281463
0.0810006;-0.141797;-0.281463
0.0800565;-0.134475;-0.281463
0.0797024;-0.149119;-0.274141
0.0784699;-0.141797;-0.274141
0.077509;-0.134475;-0.274141
0.0768419;-0.149119;-0.266818
0.0755886;-0.141797;-0.266818
0.0741808;-0.134475;-0.266818
0.0795648;-0.130213;-0.281463
0.0788448;-0.122891;-0.281463
0.0780139;-0.115568;-0.281463
0.0769084;-0.130213;-0.274141
0.0758011;-0.122891;-0.274141
0.0749925;-0.115568;-0.274141
0.0734453;-0.130213;-0.266818
0.0723566;-0.122891;-0.266818
0.0711554;-0.115568;-0.266818
0.0831581;-0.111307;-0.300369
0.0829001;-0.103984;-0.300369
0.0825428;-0.096662;-0.300369
0.0815046;-0.111307;-0.293047
0.0809624;-0.103984;-0.293047
0.0806527;-0.096662;-0.293047
0.0791584;-0.111307;-0.285725
0.07867;-0.103984;-0.285725
0.0780774;-0.096662;-0.285725
0.0823848;-0.0924005;-0.300369
0.0822161;-0.0850781;-0.300369
0.0819643;-0.0777558;-0.300369
0.0804445;-0.0924005;-0.293047
0.080036;-0.0850781;-0.293047
0.0798661;-0.0777558;-0.293047
0.0778074;-0.0924005;-0.285725
0.0774908;-0.0850781;-0.285725
0.0770903;-0.0777558;-0.285725
0.0775997;-0.111307;-0.281463
0.0770293;-0.103984;-0.281463
0.0763751;-0.096662;-0.281463
0.074496;-0.111307;-0.274141
0.0735937;-0.103984;-0.274141
0.0730091;-0.096662;-0.274141
0.070556;-0.111307;-0.266818
0.0697238;-0.103984;-0.266818
0.0688151;-0.096662;-0.266818
0.0760721;-0.0924005;-0.281463
0.0757031;-0.0850781;-0.281463
0.0752706;-0.0777558;-0.281463
0.0726553;-0.0924005;-0.274141
0.0720183;-0.0850781;-0.274141
0.0717072;-0.0777558;-0.274141
0.0683973;-0.0924005;-0.266818
0.0678906;-0.0850781;-0.266818
0.0673337;-0.0777558;-0.266818
0.0749876;-0.149119;-0.262557
0.0735742;-0.141797;-0.262557
0.0720258;-0.134475;-0.262557
0.0713855;-0.149119;-0.255234
0.0694422;-0.141797;-0.255234
0.0678522;-0.134475;-0.255234
0.0669211;-0.149119;-0.247912
0.0649133;-0.141797;-0.247912
0.0627667;-0.134475;-0.247912
0.0712111;-0.130213;-0.262557
0.0699908;-0.122891;-0.262557
0.0686807;-0.115568;-0.262557
0.0668982;-0.130213;-0.255234
0.0652036;-0.122891;-0.255234
0.0639097;-0.115568;-0.255234
0.0616343;-0.130213;-0.247912
0.0599298;-0.122891;-0.247912
0.0581506;-0.115568;-0.247912
0.0641224;-0.149119;-0.24365
0.0618998;-0.141797;-0.24365
0.0595585;-0.134475;-0.24365
0.0589194;-0.149119;-0.236328
0.0560208;-0.141797;-0.236328
0.0535503;-0.134475;-0.236328
0.0529505;-0.149119;-0.229006
0.0498591;-0.141797;-0.229006
0.046645;-0.134475;-0.229006
0.0583163;-0.130213;-0.24365
0.0564316;-0.122891;-0.24365
0.0545007;-0.115568;-0.24365
0.0521024;-0.130213;-0.236328
0.0495935;-0.122891;-0.236328
0.0476154;-0.115568;-0.236328
0.0449182;-0.130213;-0.229006
0.0422616;-0.122891;-0.229006
0.0396017;-0.115568;-0.229006
0.0680225;-0.111307;-0.262557
0.0670972;-0.103984;-0.262557
0.0661207;-0.096662;-0.262557
0.0631511;-0.111307;-0.255234
0.0618319;-0.103984;-0.255234
0.0609497;-0.096662;-0.255234
0.0572609;-0.111307;-0.247912
0.0560179;-0.103984;-0.247912
0.054759;-0.096662;-0.247912
0.0656696;-0.0924005;-0.262557
0.0651162;-0.0850781;-0.262557
0.0645391;-0.0777558;-0.262557
0.0604494;-0.0924005;-0.255234
0.0596045;-0.0850781;-0.255234
0.0592116;-0.0777558;-0.255234
0.0541944;-0.0924005;-0.247912
0.0535378;-0.0850781;-0.247912
0.0529064;-0.0777558;-0.247912
0.0535318;-0.111307;-0.24365
0.0521705;-0.103984;-0.24365
0.0508317;-0.096662;-0.24365
0.0464981;-0.111307;-0.236328
0.0446359;-0.103984;-0.236328
0.0434029;-0.096662;-0.236328
0.0382673;-0.111307;-0.229006
0.0364105;-0.103984;-0.229006
0.0347002;-0.096662;-0.229006
0.0502348;-0.0924005;-0.24365
0.0495483;-0.0850781;-0.24365
0.0489314;-0.0777558;-0.24365
0.04276;-0.0924005;-0.236328
0.0417792;-0.0850781;-0.236328
0.0414757;-0.0777558;-0.236328
0.0339918;-0.0924005;-0.229006
0.0333133;-0.0850781;-0.229006
0.0328893;-0.0777558;-0.229006
0.0818714;-0.0734942;-0.300369
0.0818178;-0.0661719;-0.300369
0.0816921;-0.0588495;-0.300369
0.079746;-0.0734942;-0.293047
0.0794994;-0.0661719;-0.293047
0.0794897;-0.0588495;-0.293047
0.0769358;-0.0734942;-0.285725
0.07682;-0.0661719;-0.285725
0.0766333;-0.0588495;-0.285725
0.0816734;-0.054588;-0.300369
0.0817457;-0.0472656;-0.300369
0.0817516;-0.0399433;-0.300369
0.0794665;-0.054588;-0.293047
0.079392;-0.0472656;-0.293047
0.0795449;-0.0399433;-0.293047
0.0766028;-0.054588;-0.285725
0.0766954;-0.0472656;-0.285725
0.0767228;-0.0399433;-0.285725
0.0751007;-0.0734942;-0.281463
0.0749631;-0.0661719;-0.281463
0.0747745;-0.0588495;-0.281463
0.0715205;-0.0734942;-0.274141
0.0711833;-0.0661719;-0.274141
0.0711664;-0.0588495;-0.274141
0.0671253;-0.0734942;-0.266818
0.0669801;-0.0661719;-0.266818
0.0667984;-0.0588495;-0.266818
0.0747459;-0.054588;-0.281463
0.074846;-0.0472656;-0.281463
0.0748991;-0.0399433;-0.281463
0.0711543;-0.054588;-0.274141
0.0711212;-0.0472656;-0.274141
0.0713897;-0.0399433;-0.274141
0.0668056;-0.054588;-0.266818
0.0670192;-0.0472656;-0.266818
0.0671975;-0.0399433;-0.266818
0.0818074;-0.0356817;-0.300369
0.0820014;-0.0283594;-0.300369
0.08213;-0.021037;-0.300369
0.0796173;-0.0356817;-0.293047
0.0797078;-0.0283594;-0.293047
0.080009;-0.021037;-0.293047
0.0768125;-0.0356817;-0.285725
0.0771003;-0.0283594;-0.285725
0.077322;-0.021037;-0.285725
0.0822525;-0.0167755;-0.300369
0.0825509;-0.00945312;-0.300369
0.0827807;-0.00213077;-0.300369
0.0801662;-0.0167755;-0.293047
0.0803991;-0.00945312;-0.293047
0.0808205;-0.00213077;-0.293047
0.077517;-0.0167755;-0.285725
0.0779693;-0.00945312;-0.285725
0.0783497;-0.00213077;-0.285725
0.0750062;-0.0356817;-0.281463
0.0753268;-0.0283594;-0.281463
0.0755973;-0.021037;-0.281463
0.0715422;-0.0356817;-0.274141
0.0717887;-0.0283594;-0.274141
0.0723068;-0.021037;-0.274141
0.0674041;-0.0356817;-0.266818
0.0679379;-0.0283594;-0.266818
0.0684268;-0.021037;-0.266818
0.0758222;-0.0167755;-0.281463
0.0763271;-0.00945312;-0.281463
0.0767736;-0.00213077;-0.281463
0.0725995;-0.0167755;-0.274141
0.0730779;-0.00945312;-0.274141
0.0737907;-0.00213077;-0.274141
0.068799;-0.0167755;-0.266818
0.0695875;-0.00945312;-0.266818
0.0703155;-0.00213077;-0.266818
0.0643259;-0.0734942;-0.262557
0.0641828;-0.0661719;-0.262557
0.064029;-0.0588495;-0.262557
0.0590067;-0.0734942;-0.255234
0.0586851;-0.0661719;-0.255234
0.0588021;-0.0588495;-0.255234
0.052715;-0.0734942;-0.247912
0.0526994;-0.0661719;-0.247912
0.0527205;-0.0588495;-0.247912
0.0640585;-0.054588;-0.262557
0.0643191;-0.0472656;-0.262557
0.0645667;-0.0399433;-0.262557
0.0588946;-0.054588;-0.255234
0.0590821;-0.0472656;-0.255234
0.0596669;-0.0399433;-0.255234
0.0528984;-0.054588;-0.247912
0.0534856;-0.0472656;-0.247912
0.054092;-0.0399433;-0.247912
0.0487643;-0.0734942;-0.24365
0.0488157;-0.0661719;-0.24365
0.048945;-0.0588495;-0.24365
0.0413922;-0.0734942;-0.236328
0.0413924;-0.0661719;-0.236328
0.0420241;-0.0588495;-0.236328
0.0329525;-0.0734942;-0.229006
0.0335803;-0.0661719;-0.229006
0.03443;-0.0588495;-0.229006
0.0491979;-0.054588;-0.24365
0.04993;-0.0472656;-0.24365
0.0507107;-0.0399433;-0.24365
0.0424692;-0.054588;-0.236328
0.0433416;-0.0472656;-0.236328
0.044721;-0.0399433;-0.236328
0.035174;-0.054588;-0.229006
0.03683;-0.0472656;-0.229006
0.0385811;-0.0399433;-0.229006
0.0648178;-0.0356817;-0.262557
0.065433;-0.0283594;-0.262557
0.0660212;-0.021037;-0.262557
0.0600232;-0.0356817;-0.255234
0.0606482;-0.0283594;-0.255234
0.0616104;-0.021037;-0.255234
0.0545844;-0.0356817;-0.247912
0.0556592;-0.0283594;-0.247912
0.056718;-0.021037;-0.247912
0.0664529;-0.0167755;-0.262557
0.0673447;-0.00945312;-0.262557
0.0681887;-0.00213077;-0.262557
0.0621725;-0.0167755;-0.255234
0.0631278;-0.00945312;-0.255234
0.0643534;-0.00213077;-0.255234
0.0574406;-0.0167755;-0.247912
0.0588516;-0.00945312;-0.247912
0.0602081;-0.00213077;-0.247912
0.0513097;-0.0356817;-0.24365
0.0525708;-0.0283594;-0.24365
0.0538325;-0.021037;-0.24365
0.0455647;-0.0356817;-0.236328
0.0470594;-0.0283594;-0.236328
0.0489173;-0.021037;-0.236328
0.0397578;-0.0356817;-0.229006
0.0420036;-0.0283594;-0.229006
0.0442312;-0.021037;-0.229006
0.0546716;-0.0167755;-0.24365
0.0562766;-0.00945312;-0.24365
0.0578343;-0.00213077;-0.24365
0.0500026;-0.0167755;-0.236328
0.0518551;-0.00945312;-0.236328
0.0539486;-0.00213077;-0.236328
0.0456118;-0.0167755;-0.229006
0.0480982;-0.00945312;-0.229006
0.0504968;-0.00213077;-0.229006
0.0494228;-0.149119;-0.224744
0.0460097;-0.141797;-0.224744
0.0424847;-0.134475;-0.224744
0.0435015;-0.149119;-0.217422
0.0392406;-0.141797;-0.217422
0.0353342;-0.134475;-0.217422
0.0382469;-0.149119;-0.2101
0.03365;-0.141797;-0.2101
0.0288994;-0.134475;-0.2101
0.0405718;-0.130213;-0.224744
0.037593;-0.122891;-0.224744
0.0346422;-0.115568;-0.224744
0.0330481;-0.130213;-0.217422
0.0291018;-0.122891;-0.217422
0.0257292;-0.115568;-0.217422
0.0261872;-0.130213;-0.2101
0.0216631;-0.122891;-0.2101
0.0170651;-0.115568;-0.2101
0.0362778;-0.149119;-0.205838
0.0314814;-0.141797;-0.205838
0.0265867;-0.134475;-0.205838
0.0360539;-0.149119;-0.198516
0.0316262;-0.141797;-0.198516
0.0272536;-0.134475;-0.198516
0.0412302;-0.149119;-0.191193
0.0378253;-0.141797;-0.191193
0.0350829;-0.134475;-0.191193
0.0237585;-0.130213;-0.205838
0.0189407;-0.122891;-0.205838
0.0140841;-0.115568;-0.205838
0.0248509;-0.130213;-0.198516
0.0211525;-0.122891;-0.198516
0.0178108;-0.115568;-0.198516
0.0336566;-0.130213;-0.191193
0.0315145;-0.122891;-0.191193
0.0304269;-0.115568;-0.191193
0.033151;-0.111307;-0.224744
0.0310654;-0.103984;-0.224744
0.0292146;-0.096662;-0.224744
0.0238592;-0.111307;-0.217422
0.0208659;-0.103984;-0.217422
0.0189313;-0.096662;-0.217422
0.0145183;-0.111307;-0.2101
0.0105517;-0.103984;-0.2101
0.00716781;-0.096662;-0.2101
0.0284721;-0.0924005;-0.224744
0.0278321;-0.0850781;-0.224744
0.0275842;-0.0777558;-0.224744
0.0181283;-0.0924005;-0.217422
0.0173953;-0.0850781;-0.217422
0.0181085;-0.0777558;-0.217422
0.0061632;-0.0924005;-0.2101
0.00708544;-0.0850781;-0.2101
0.00998476;-0.0777558;-0.2101
0.0112939;-0.111307;-0.205838
0.00656536;-0.103984;-0.205838
0.00207433;-0.096662;-0.205838
0.0163358;-0.111307;-0.198516
0.0150131;-0.103984;-0.198516
0.0147845;-0.096662;-0.198516
0.0300601;-0.111307;-0.191193
0.029856;-0.103984;-0.191193
0.030808;-0.096662;-0.191193
0.00152951;-0.0924005;-0.205838
0.00568358;-0.0850781;-0.205838
0.0102373;-0.0777558;-0.205838
0.0154541;-0.0924005;-0.198516
0.0177671;-0.0850781;-0.198516
0.0204866;-0.0777558;-0.198516
0.0315735;-0.0924005;-0.191193
0.0331598;-0.0850781;-0.191193
0.0355793;-0.0777558;-0.191193
0.0466645;-0.149119;-0.186932
0.0440383;-0.141797;-0.186932
0.0421795;-0.134475;-0.186932
0.0593619;-0.149119;-0.179609
0.0584286;-0.141797;-0.179609
0.0573841;-0.134475;-0.179609
0.0759817;-0.149119;-0.172287
0.0756533;-0.141797;-0.172287
0.0760764;-0.134475;-0.172287
0.0412519;-0.130213;-0.186932
0.0399097;-0.122891;-0.186932
0.0395471;-0.115568;-0.186932
0.0571003;-0.130213;-0.179609
0.0572406;-0.122891;-0.179609
0.0572445;-0.115568;-0.179609
0.0763208;-0.130213;-0.172287
0.0766953;-0.122891;-0.172287
0.0777995;-0.115568;-0.172287
0.0868039;-0.149119;-0.168025
0.0870475;-0.141797;-0.168025
0.087993;-0.134475;-0.168025
0.107054;-0.149119;-0.160703
0.108869;-0.141797;-0.160703
0.110107;-0.134475;-0.160703
0.129809;-0.149119;-0.153381
0.132022;-0.141797;-0.153381
0.134811;-0.134475;-0.153381
0.0885018;-0.130213;-0.168025
0.0892626;-0.122891;-0.168025
0.0906838;-0.115568;-0.168025
0.111043;-0.130213;-0.160703
0.113071;-0.122891;-0.160703
0.11447;-0.115568;-0.160703
0.13626;-0.130213;-0.153381
0.138405;-0.122891;-0.153381
0.141053;-0.115568;-0.153381
0.0395164;-0.111307;-0.186932
0.039726;-0.103984;-0.186932
0.0408846;-0.096662;-0.186932
0.0575712;-0.111307;-0.179609
0.0587181;-0.103984;-0.179609
0.0596514;-0.096662;-0.179609
0.0784135;-0.111307;-0.172287
0.0793805;-0.103984;-0.172287
0.0809936;-0.096662;-0.172287
0.0416788;-0.0924005;-0.186932
0.0431851;-0.0850781;-0.186932
0.0454094;-0.0777558;-0.186932
0.0604714;-0.0924005;-0.179609
0.062355;-0.0850781;-0.179609
0.0639366;-0.0777558;-0.179609
0.0818699;-0.0924005;-0.172287
0.0832379;-0.0850781;-0.172287
0.0851396;-0.0777558;-0.172287
0.0914429;-0.111307;-0.168025
0.0925944;-0.103984;-0.168025
0.0943241;-0.096662;-0.168025
0.115472;-0.111307;-0.160703
0.117552;-0.103984;-0.160703
0.118966;-0.096662;-0.160703
0.142388;-0.111307;-0.153381
0.144297;-0.103984;-0.153381
0.146629;-0.096662;-0.153381
0.0952344;-0.0924005;-0.168025
0.0966064;-0.0850781;-0.168025
0.098458;-0.0777558;-0.168025
0.119943;-0.0924005;-0.160703
0.121917;-0.0850781;-0.160703
0.123207;-0.0777558;-0.160703
0.147758;-0.0924005;-0.153381
0.149287;-0.0850781;-0.153381
0.151167;-0.0777558;-0.153381
0.0278057;-0.0734942;-0.224744
0.0287778;-0.0661719;-0.224744
0.0300531;-0.0588495;-0.224744
0.0188843;-0.0734942;-0.217422
0.0207048;-0.0661719;-0.217422
0.0233477;-0.0588495;-0.217422
0.0121354;-0.0734942;-0.2101
0.0160993;-0.0661719;-0.2101
0.0200922;-0.0588495;-0.2101
0.0310576;-0.054588;-0.224744
0.0331555;-0.0472656;-0.224744
0.0353572;-0.0399433;-0.224744
0.0249964;-0.054588;-0.217422
0.0279422;-0.0472656;-0.217422
0.0311958;-0.0399433;-0.217422
0.022431;-0.054588;-0.2101
0.026424;-0.0472656;-0.2101
0.0303244;-0.0399433;-0.2101
0.0128311;-0.0734942;-0.205838
0.0171863;-0.0661719;-0.205838
0.0215176;-0.0588495;-0.205838
0.0224004;-0.0734942;-0.198516
0.0260679;-0.0661719;-0.198516
0.0295937;-0.0588495;-0.198516
0.0370527;-0.0734942;-0.191193
0.0396323;-0.0661719;-0.191193
0.0426976;-0.0588495;-0.191193
0.02397;-0.054588;-0.205838
0.0280687;-0.0472656;-0.205838
0.0321064;-0.0399433;-0.205838
0.031747;-0.054588;-0.198516
0.0355645;-0.0472656;-0.198516
0.0391312;-0.0399433;-0.198516
0.0444498;-0.054588;-0.191193
0.0473798;-0.0472656;-0.191193
0.0505761;-0.0399433;-0.191193
0.036778;-0.0356817;-0.224744
0.0394037;-0.0283594;-0.224744
0.0419981;-0.021037;-0.224744
0.0330829;-0.0356817;-0.217422
0.0362933;-0.0283594;-0.217422
0.0396005;-0.021037;-0.217422
0.0325572;-0.0356817;-0.2101
0.0363184;-0.0283594;-0.2101
0.0399641;-0.021037;-0.2101
0.0435683;-0.0167755;-0.224744
0.04634;-0.00945312;-0.224744
0.0490124;-0.00213077;-0.224744
0.0414803;-0.0167755;-0.217422
0.0446283;-0.00945312;-0.217422
0.0477804;-0.00213077;-0.217422
0.0420327;-0.0167755;-0.2101
0.0454938;-0.00945312;-0.2101
0.0488282;-0.00213077;-0.2101
0.0343842;-0.0356817;-0.205838
0.0381772;-0.0283594;-0.205838
0.0418855;-0.021037;-0.205838
0.0412311;-0.0356817;-0.198516
0.0448623;-0.0283594;-0.198516
0.0482295;-0.021037;-0.198516
0.05236;-0.0356817;-0.191193
0.0552881;-0.0283594;-0.191193
0.0583538;-0.021037;-0.191193
0.0439693;-0.0167755;-0.205838
0.0474264;-0.00945312;-0.205838
0.0507816;-0.00213077;-0.205838
0.0501792;-0.0167755;-0.198516
0.0535065;-0.00945312;-0.198516
0.0565784;-0.00213077;-0.198516
0.0600442;-0.0167755;-0.191193
0.0627901;-0.00945312;-0.191193
0.0655955;-0.00213077;-0.191193
0.0467309;-0.0734942;-0.186932
0.0490022;-0.0661719;-0.186932
0.0517455;-0.0588495;-0.186932
0.0650661;-0.0734942;-0.179609
0.0673565;-0.0661719;-0.179609
0.0692803;-0.0588495;-0.179609
0.0861531;-0.0734942;-0.172287
0.0877148;-0.0661719;-0.172287
0.0896968;-0.0588495;-0.172287
0.0533008;-0.054588;-0.186932
0.0558802;-0.0472656;-0.186932
0.0587504;-0.0399433;-0.186932
0.0705453;-0.054588;-0.179609
0.0729604;-0.0472656;-0.179609
0.0749777;-0.0399433;-0.179609
0.090735;-0.054588;-0.172287
0.0923112;-0.0472656;-0.172287
0.0942086;-0.0399433;-0.172287
0.0994158;-0.0734942;-0.168025
0.100839;-0.0661719;-0.168025
0.102646;-0.0588495;-0.168025
0.12408;-0.0734942;-0.160703
0.125816;-0.0661719;-0.160703
0.126873;-0.0588495;-0.160703
0.152023;-0.0734942;-0.153381
0.153077;-0.0661719;-0.153381
0.154422;-0.0588495;-0.153381
0.103562;-0.054588;-0.168025
0.104897;-0.0472656;-0.168025
0.10653;-0.0399433;-0.168025
0.127582;-0.054588;-0.160703
0.128988;-0.0472656;-0.160703
0.12974;-0.0399433;-0.160703
0.154968;-0.054588;-0.153381
0.155501;-0.0472656;-0.153381
0.156282;-0.0399433;-0.153381
0.0603422;-0.0356817;-0.186932
0.0629357;-0.0283594;-0.186932
0.065699;-0.021037;-0.186932
0.0762463;-0.0356817;-0.179609
0.0785852;-0.0283594;-0.179609
0.0805221;-0.021037;-0.179609
0.0951851;-0.0356817;-0.172287
0.0966426;-0.0283594;-0.172287
0.0983406;-0.021037;-0.172287
0.0672115;-0.0167755;-0.186932
0.0696481;-0.00945312;-0.186932
0.0721747;-0.00213077;-0.186932
0.0817064;-0.0167755;-0.179609
0.0838408;-0.00945312;-0.179609
0.0855871;-0.00213077;-0.179609
0.0991973;-0.0167755;-0.172287
0.100448;-0.00945312;-0.172287
0.101877;-0.00213077;-0.172287
0.107339;-0.0356817;-0.168025
0.108484;-0.0283594;-0.168025
0.109861;-0.021037;-0.168025
0.130251;-0.0356817;-0.160703
0.131276;-0.0283594;-0.160703
0.131688;-0.021037;-0.160703
0.156511;-0.0356817;-0.153381
0.156526;-0.0283594;-0.153381
0.156758;-0.021037;-0.153381
0.110519;-0.0167755;-0.168025
0.111413;-0.00945312;-0.168025
0.112485;-0.00213077;-0.168025
0.131984;-0.0167755;-0.160703
0.132613;-0.00945312;-0.160703
0.13268;-0.00213077;-0.160703
0.156685;-0.0167755;-0.153381
0.156219;-0.00945312;-0.153381
0.155948;-0.00213077;-0.153381
0.0953566;-0.300369;-0.149119
0.0968378;-0.293047;-0.149119
0.0985179;-0.285725;-0.149119
0.0943431;-0.300369;-0.141797
0.0967503;-0.293047;-0.141797
0.0989097;-0.285725;-0.141797
0.0939398;-0.300369;-0.134475
0.0967325;-0.293047;-0.134475
0.0999592;-0.285725;-0.134475
0.0994422;-0.281463;-0.149119
0.100909;-0.274141;-0.149119
0.102692;-0.266818;-0.149119
0.100291;-0.281463;-0.141797
0.102969;-0.274141;-0.141797
0.105362;-0.266818;-0.141797
0.10183;-0.281463;-0.134475
0.105002;-0.274141;-0.134475
0.108721;-0.266818;-0.134475
0.0937786;-0.300369;-0.130213
0.096941;-0.293047;-0.130213
0.100611;-0.285725;-0.130213
0.093673;-0.300369;-0.122891
0.0978477;-0.293047;-0.122891
0.101827;-0.285725;-0.122891
0.0942074;-0.300369;-0.115568
0.0985883;-0.293047;-0.115568
0.1036;-0.285725;-0.115568
0.102747;-0.281463;-0.130213
0.106385;-0.274141;-0.130213
0.11064;-0.266818;-0.130213
0.104374;-0.281463;-0.122891
0.109235;-0.274141;-0.122891
0.113866;-0.266818;-0.122891
0.106551;-0.281463;-0.115568
0.111657;-0.274141;-0.115568
0.117493;-0.266818;-0.115568
0.103681;-0.262557;-0.149119
0.105258;-0.255234;-0.149119
0.107268;-0.247912;-0.149119
0.106924;-0.262557;-0.141797
0.109992;-0.255234;-0.141797
0.112728;-0.247912;-0.141797
0.110879;-0.262557;-0.134475
0.11454;-0.255234;-0.134475
0.118848;-0.247912;-0.134475
0.10839;-0.24365;-0.149119
0.110191;-0.236328;-0.149119
0.112529;-0.229006;-0.149119
0.114528;-0.24365;-0.141797
0.118073;-0.236328;-0.141797
0.121225;-0.229006;-0.141797
0.121343;-0.24365;-0.134475
0.125566;-0.236328;-0.134475
0.130509;-0.229006;-0.134475
0.113117;-0.262557;-0.130213
0.117337;-0.255234;-0.130213
0.122266;-0.247912;-0.130213
0.11683;-0.262557;-0.122891
0.122476;-0.255234;-0.122891
0.127848;-0.247912;-0.122891
0.120925;-0.262557;-0.115568
0.126857;-0.255234;-0.115568
0.133606;-0.247912;-0.115568
0.125131;-0.24365;-0.130213
0.13;-0.236328;-0.130213
0.135647;-0.229006;-0.130213
0.131275;-0.24365;-0.122891
0.137769;-0.236328;-0.122891
0.143935;-0.229006;-0.122891
0.137568;-0.24365;-0.115568
0.144403;-0.236328;-0.115568
0.15213;-0.229006;-0.115568
0.0945126;-0.300369;-0.111307
0.0991947;-0.293047;-0.111307
0.104555;-0.285725;-0.111307
0.0950668;-0.300369;-0.103984
0.100662;-0.293047;-0.103984
0.106109;-0.285725;-0.103984
0.0961318;-0.300369;-0.096662
0.101742;-0.293047;-0.096662
0.108063;-0.285725;-0.096662
0.107711;-0.281463;-0.111307
0.11317;-0.274141;-0.111307
0.119402;-0.266818;-0.111307
0.109563;-0.281463;-0.103984
0.116063;-0.274141;-0.103984
0.122392;-0.266818;-0.103984
0.111799;-0.281463;-0.096662
0.118304;-0.274141;-0.096662
0.125611;-0.266818;-0.096662
0.0966658;-0.300369;-0.0924005
0.102486;-0.293047;-0.0924005
0.109046;-0.285725;-0.0924005
0.0974863;-0.300369;-0.0850781
0.104067;-0.293047;-0.0850781
0.110534;-0.285725;-0.0850781
0.0986859;-0.300369;-0.0777558
0.105138;-0.293047;-0.0777558
0.112317;-0.285725;-0.0777558
0.11292;-0.281463;-0.0924005
0.119657;-0.274141;-0.0924005
0.127222;-0.266818;-0.0924005
0.114601;-0.281463;-0.0850781
0.122174;-0.274141;-0.0850781
0.129626;-0.266818;-0.0850781
0.116564;-0.281463;-0.0777558
0.123975;-0.274141;-0.0777558
0.132203;-0.266818;-0.0777558
0.123069;-0.262557;-0.111307
0.129408;-0.255234;-0.111307
0.136605;-0.247912;-0.111307
0.126395;-0.262557;-0.103984
0.133905;-0.255234;-0.103984
0.141222;-0.247912;-0.103984
0.129928;-0.262557;-0.096662
0.137441;-0.255234;-0.096662
0.14585;-0.247912;-0.096662
0.140835;-0.24365;-0.111307
0.14814;-0.236328;-0.111307
0.156379;-0.229006;-0.111307
0.145835;-0.24365;-0.103984
0.154457;-0.236328;-0.103984
0.162866;-0.229006;-0.103984
0.150817;-0.24365;-0.096662
0.159463;-0.236328;-0.096662
0.169102;-0.229006;-0.096662
0.13169;-0.262557;-0.0924005
0.139462;-0.255234;-0.0924005
0.148156;-0.247912;-0.0924005
0.134301;-0.262557;-0.0850781
0.142992;-0.255234;-0.0850781
0.151564;-0.247912;-0.0850781
0.137073;-0.262557;-0.0777558
0.145576;-0.255234;-0.0777558
0.154999;-0.247912;-0.0777558
0.153292;-0.24365;-0.0924005
0.162235;-0.236328;-0.0924005
0.1722;-0.229006;-0.0924005
0.156932;-0.24365;-0.0850781
0.166894;-0.236328;-0.0850781
0.176751;-0.229006;-0.0850781
0.160583;-0.24365;-0.0777558
0.170346;-0.236328;-0.0777558
0.181148;-0.229006;-0.0777558
0.113837;-0.224744;-0.149119
0.115941;-0.217422;-0.149119
0.118659;-0.2101;-0.149119
0.123295;-0.224744;-0.141797
0.127348;-0.217422;-0.141797
0.13093;-0.2101;-0.141797
0.13336;-0.224744;-0.134475
0.13816;-0.217422;-0.134475
0.143723;-0.2101;-0.134475
0.120175;-0.205838;-0.149119
0.122608;-0.198516;-0.149119
0.125695;-0.191193;-0.149119
0.133263;-0.205838;-0.141797
0.137783;-0.198516;-0.141797
0.141735;-0.191193;-0.141797
0.146907;-0.205838;-0.134475
0.152226;-0.198516;-0.134475
0.158307;-0.191193;-0.134475
0.138916;-0.224744;-0.130213
0.144447;-0.217422;-0.130213
0.150792;-0.2101;-0.130213
0.147845;-0.224744;-0.122891
0.155203;-0.217422;-0.122891
0.162161;-0.2101;-0.122891
0.156654;-0.224744;-0.115568
0.164437;-0.217422;-0.115568
0.173165;-0.2101;-0.115568
0.15444;-0.205838;-0.130213
0.160573;-0.198516;-0.130213
0.167513;-0.191193;-0.130213
0.16654;-0.205838;-0.122891
0.174711;-0.198516;-0.122891
0.182385;-0.191193;-0.122891
0.178257;-0.205838;-0.115568
0.18698;-0.198516;-0.115568
0.196671;-0.191193;-0.115568
0.127401;-0.186932;-0.149119
0.130117;-0.179609;-0.149119
0.133484;-0.172287;-0.149119
0.144278;-0.186932;-0.141797
0.149139;-0.179609;-0.141797
0.153318;-0.172287;-0.141797
0.161752;-0.186932;-0.134475
0.167442;-0.179609;-0.134475
0.173845;-0.172287;-0.134475
0.135319;-0.168025;-0.149119
0.138199;-0.160703;-0.149119
0.141687;-0.153381;-0.149119
0.155969;-0.168025;-0.141797
0.160963;-0.160703;-0.141797
0.165148;-0.153381;-0.141797
0.177421;-0.168025;-0.134475
0.183234;-0.160703;-0.134475
0.189665;-0.153381;-0.134475
0.171467;-0.186932;-0.130213
0.178046;-0.179609;-0.130213
0.185377;-0.172287;-0.130213
0.187169;-0.186932;-0.122891
0.196008;-0.179609;-0.122891
0.204213;-0.172287;-0.122891
0.202293;-0.186932;-0.115568
0.211863;-0.179609;-0.115568
0.222373;-0.172287;-0.115568
0.1895;-0.168025;-0.130213
0.19626;-0.160703;-0.130213
0.203662;-0.153381;-0.130213
0.20927;-0.168025;-0.122891
0.218502;-0.160703;-0.122891
0.226914;-0.153381;-0.122891
0.228418;-0.168025;-0.115568
0.238606;-0.160703;-0.115568
0.249633;-0.153381;-0.115568
0.161213;-0.224744;-0.111307
0.169547;-0.217422;-0.111307
0.178875;-0.2101;-0.111307
0.168147;-0.224744;-0.103984
0.177978;-0.217422;-0.103984
0.187572;-0.2101;-0.103984
0.174796;-0.224744;-0.096662
0.184707;-0.217422;-0.096662
0.195713;-0.2101;-0.096662
0.184334;-0.205838;-0.111307
0.193719;-0.198516;-0.111307
0.20413;-0.191193;-0.111307
0.19357;-0.205838;-0.103984
0.204685;-0.198516;-0.103984
0.215525;-0.191193;-0.103984
0.202213;-0.205838;-0.096662
0.213526;-0.198516;-0.096662
0.226028;-0.191193;-0.096662
0.178092;-0.224744;-0.0924005
0.188359;-0.217422;-0.0924005
0.199755;-0.2101;-0.0924005
0.182913;-0.224744;-0.0850781
0.194333;-0.217422;-0.0850781
0.205674;-0.2101;-0.0850781
0.187561;-0.224744;-0.0777558
0.198797;-0.217422;-0.0777558
0.211214;-0.2101;-0.0777558
0.206499;-0.205838;-0.0924005
0.218259;-0.198516;-0.0924005
0.231259;-0.191193;-0.0924005
0.212753;-0.205838;-0.0850781
0.225853;-0.198516;-0.0850781
0.238912;-0.191193;-0.0850781
0.218602;-0.205838;-0.0777558
0.231578;-0.198516;-0.0777558
0.245903;-0.191193;-0.0777558
0.210197;-0.186932;-0.111307
0.220576;-0.179609;-0.111307
0.23197;-0.172287;-0.111307
0.222266;-0.186932;-0.103984
0.234689;-0.179609;-0.103984
0.246763;-0.172287;-0.103984
0.233407;-0.186932;-0.096662
0.246232;-0.179609;-0.096662
0.260323;-0.172287;-0.096662
0.238562;-0.168025;-0.111307
0.249748;-0.160703;-0.111307
0.261861;-0.153381;-0.111307
0.25422;-0.168025;-0.103984
0.26786;-0.160703;-0.103984
0.281008;-0.153381;-0.103984
0.268618;-0.168025;-0.096662
0.282989;-0.160703;-0.096662
0.298647;-0.153381;-0.096662
0.238952;-0.186932;-0.0924005
0.252368;-0.179609;-0.0924005
0.267125;-0.172287;-0.0924005
0.247051;-0.186932;-0.0850781
0.262086;-0.179609;-0.0850781
0.277117;-0.172287;-0.0850781
0.254448;-0.186932;-0.0777558
0.269493;-0.179609;-0.0777558
0.286082;-0.172287;-0.0777558
0.275848;-0.168025;-0.0924005
0.291032;-0.160703;-0.0924005
0.307616;-0.153381;-0.0924005
0.286464;-0.168025;-0.0850781
0.303688;-0.160703;-0.0850781
0.320922;-0.153381;-0.0850781
0.295999;-0.168025;-0.0777558
0.313494;-0.160703;-0.0777558
0.332745;-0.153381;-0.0777558
0.0992519;-0.300369;-0.0734942
0.105839;-0.293047;-0.0734942
0.11317;-0.285725;-0.0734942
0.100051;-0.300369;-0.0661719
0.10726;-0.293047;-0.0661719
0.114383;-0.285725;-0.0661719
0.101139;-0.300369;-0.0588495
0.108128;-0.293047;-0.0588495
0.115836;-0.285725;-0.0588495
0.117502;-0.281463;-0.0734942
0.125056;-0.274141;-0.0734942
0.133441;-0.266818;-0.0734942
0.118833;-0.281463;-0.0661719
0.127059;-0.274141;-0.0661719
0.135202;-0.266818;-0.0661719
0.120395;-0.281463;-0.0588495
0.12836;-0.274141;-0.0588495
0.137133;-0.266818;-0.0588495
0.101622;-0.300369;-0.054588
0.108693;-0.293047;-0.054588
0.116492;-0.285725;-0.054588
0.102239;-0.300369;-0.0472656
0.109828;-0.293047;-0.0472656
0.11735;-0.285725;-0.0472656
0.103092;-0.300369;-0.0399433
0.110404;-0.293047;-0.0399433
0.11842;-0.285725;-0.0399433
0.121102;-0.281463;-0.054588
0.12915;-0.274141;-0.054588
0.138014;-0.266818;-0.054588
0.122027;-0.281463;-0.0472656
0.130633;-0.274141;-0.0472656
0.139182;-0.266818;-0.0472656
0.123161;-0.281463;-0.0399433
0.131446;-0.274141;-0.0399433
0.140526;-0.266818;-0.0399433
0.138401;-0.262557;-0.0734942
0.147058;-0.255234;-0.0734942
0.156649;-0.247912;-0.0734942
0.140282;-0.262557;-0.0661719
0.149669;-0.255234;-0.0661719
0.15899;-0.247912;-0.0661719
0.142328;-0.262557;-0.0588495
0.151415;-0.255234;-0.0588495
0.161418;-0.247912;-0.0588495
0.162332;-0.24365;-0.0734942
0.172267;-0.236328;-0.0734942
0.183258;-0.229006;-0.0734942
0.164801;-0.24365;-0.0661719
0.175535;-0.236328;-0.0661719
0.186241;-0.229006;-0.0661719
0.167354;-0.24365;-0.0588495
0.177758;-0.236328;-0.0588495
0.189211;-0.229006;-0.0588495
0.143262;-0.262557;-0.054588
0.152435;-0.255234;-0.054588
0.162532;-0.247912;-0.054588
0.144494;-0.262557;-0.0472656
0.154269;-0.255234;-0.0472656
0.164014;-0.247912;-0.0472656
0.145904;-0.262557;-0.0399433
0.155317;-0.255234;-0.0399433
0.165635;-0.247912;-0.0399433
0.168523;-0.24365;-0.054588
0.179021;-0.236328;-0.054588
0.190576;-0.229006;-0.054588
0.17007;-0.24365;-0.0472656
0.181222;-0.236328;-0.0472656
0.192393;-0.229006;-0.0472656
0.171761;-0.24365;-0.0399433
0.182511;-0.236328;-0.0399433
0.194305;-0.229006;-0.0399433
0.103434;-0.300369;-0.0356817
0.110791;-0.293047;-0.0356817
0.118859;-0.285725;-0.0356817
0.103789;-0.300369;-0.0283594
0.111591;-0.293047;-0.0283594
0.119339;-0.285725;-0.0283594
0.104352;-0.300369;-0.021037
0.111837;-0.293047;-0.021037
0.120016;-0.285725;-0.021037
0.123628;-0.281463;-0.0356817
0.131959;-0.274141;-0.0356817
0.141088;-0.266818;-0.0356817
0.124142;-0.281463;-0.0283594
0.132953;-0.274141;-0.0283594
0.141722;-0.266818;-0.0283594
0.124852;-0.281463;-0.021037
0.133305;-0.274141;-0.021037
0.142541;-0.266818;-0.021037
0.104528;-0.300369;-0.0167755
0.112033;-0.293047;-0.0167755
0.120235;-0.285725;-0.0167755
0.104586;-0.300369;-0.00945312
0.112483;-0.293047;-0.00945312
0.120331;-0.285725;-0.00945312
0.104839;-0.300369;-0.00213077
0.112384;-0.293047;-0.00213077
0.12062;-0.285725;-0.00213077
0.125084;-0.281463;-0.0167755
0.133556;-0.274141;-0.0167755
0.142815;-0.266818;-0.0167755
0.12519;-0.281463;-0.00945312
0.134091;-0.274141;-0.00945312
0.142958;-0.266818;-0.00945312
0.125489;-0.281463;-0.00213077
0.133999;-0.274141;-0.00213077
0.14329;-0.266818;-0.00213077
0.146494;-0.262557;-0.0356817
0.155953;-0.255234;-0.0356817
0.16632;-0.247912;-0.0356817
0.147159;-0.262557;-0.0283594
0.157138;-0.255234;-0.0283594
0.167105;-0.247912;-0.0283594
0.148012;-0.262557;-0.021037
0.157591;-0.255234;-0.021037
0.168063;-0.247912;-0.021037
0.172474;-0.24365;-0.0356817
0.183272;-0.236328;-0.0356817
0.195117;-0.229006;-0.0356817
0.173288;-0.24365;-0.0283594
0.18465;-0.236328;-0.0283594
0.196057;-0.229006;-0.0283594
0.174283;-0.24365;-0.021037
0.185202;-0.236328;-0.021037
0.197157;-0.229006;-0.021037
0.148298;-0.262557;-0.0167755
0.157895;-0.255234;-0.0167755
0.168389;-0.247912;-0.0167755
0.148448;-0.262557;-0.00945312
0.158513;-0.255234;-0.00945312
0.168577;-0.247912;-0.00945312
0.148792;-0.262557;-0.00213077
0.158426;-0.255234;-0.00213077
0.168951;-0.247912;-0.00213077
0.174621;-0.24365;-0.0167755
0.185559;-0.236328;-0.0167755
0.197535;-0.229006;-0.0167755
0.174812;-0.24365;-0.00945312
0.18626;-0.236328;-0.00945312
0.197765;-0.229006;-0.00945312
0.175202;-0.24365;-0.00213077
0.186176;-0.236328;-0.00213077
0.198184;-0.229006;-0.00213077
0.189785;-0.224744;-0.0734942
0.201226;-0.217422;-0.0734942
0.213868;-0.2101;-0.0734942
0.192914;-0.224744;-0.0661719
0.205245;-0.217422;-0.0661719
0.21761;-0.2101;-0.0661719
0.196027;-0.224744;-0.0588495
0.208011;-0.217422;-0.0588495
0.221211;-0.2101;-0.0588495
0.221397;-0.205838;-0.0734942
0.234634;-0.198516;-0.0734942
0.249252;-0.191193;-0.0734942
0.22532;-0.205838;-0.0661719
0.239577;-0.198516;-0.0661719
0.253963;-0.191193;-0.0661719
0.229095;-0.205838;-0.0588495
0.24301;-0.198516;-0.0588495
0.258359;-0.191193;-0.0588495
0.197453;-0.224744;-0.054588
0.209545;-0.217422;-0.054588
0.222864;-0.2101;-0.054588
0.199341;-0.224744;-0.0472656
0.212152;-0.217422;-0.0472656
0.225065;-0.2101;-0.0472656
0.201331;-0.224744;-0.0399433
0.213705;-0.217422;-0.0399433
0.227303;-0.2101;-0.0399433
0.230822;-0.205838;-0.054588
0.244875;-0.198516;-0.054588
0.260377;-0.191193;-0.054588
0.233109;-0.205838;-0.0472656
0.247967;-0.198516;-0.0472656
0.26306;-0.191193;-0.0472656
0.23544;-0.205838;-0.0399433
0.249836;-0.198516;-0.0399433
0.265698;-0.191193;-0.0399433
0.257985;-0.186932;-0.0734942
0.273388;-0.179609;-0.0734942
0.290389;-0.172287;-0.0734942
0.262942;-0.186932;-0.0661719
0.279561;-0.179609;-0.0661719
0.296447;-0.172287;-0.0661719
0.267568;-0.186932;-0.0588495
0.283896;-0.179609;-0.0588495
0.301943;-0.172287;-0.0588495
0.300575;-0.168025;-0.0734942
0.318596;-0.160703;-0.0734942
0.338467;-0.153381;-0.0734942
0.306999;-0.168025;-0.0661719
0.32655;-0.160703;-0.0661719
0.346555;-0.153381;-0.0661719
0.312824;-0.168025;-0.0588495
0.332222;-0.160703;-0.0588495
0.353712;-0.153381;-0.0588495
0.269684;-0.186932;-0.054588
0.286202;-0.179609;-0.054588
0.304466;-0.172287;-0.054588
0.272483;-0.186932;-0.0472656
0.289935;-0.179609;-0.0472656
0.307823;-0.172287;-0.0472656
0.275242;-0.186932;-0.0399433
0.292226;-0.179609;-0.0399433
0.311011;-0.172287;-0.0399433
0.315493;-0.168025;-0.054588
0.335178;-0.160703;-0.054588
0.357012;-0.153381;-0.054588
0.319028;-0.168025;-0.0472656
0.339852;-0.160703;-0.0472656
0.36142;-0.153381;-0.0472656
0.322388;-0.168025;-0.0399433
0.34278;-0.160703;-0.0399433
0.36545;-0.153381;-0.0399433
0.202173;-0.224744;-0.0356817
0.2146;-0.217422;-0.0356817
0.228255;-0.2101;-0.0356817
0.203142;-0.224744;-0.0283594
0.216184;-0.217422;-0.0283594
0.229366;-0.2101;-0.0283594
0.204282;-0.224744;-0.021037
0.216839;-0.217422;-0.021037
0.230619;-0.2101;-0.021037
0.236427;-0.205838;-0.0356817
0.250888;-0.198516;-0.0356817
0.266822;-0.191193;-0.0356817
0.237569;-0.205838;-0.0283594
0.25271;-0.198516;-0.0283594
0.26814;-0.191193;-0.0283594
0.23887;-0.205838;-0.021037
0.253485;-0.198516;-0.021037
0.269575;-0.191193;-0.021037
0.204673;-0.224744;-0.0167755
0.217251;-0.217422;-0.0167755
0.231053;-0.2101;-0.0167755
0.204905;-0.224744;-0.00945312
0.218039;-0.217422;-0.00945312
0.231328;-0.2101;-0.00945312
0.205341;-0.224744;-0.00213077
0.217957;-0.217422;-0.00213077
0.231794;-0.2101;-0.00213077
0.239318;-0.205838;-0.0167755
0.253958;-0.198516;-0.0167755
0.270076;-0.191193;-0.0167755
0.239595;-0.205838;-0.00945312
0.254844;-0.198516;-0.00945312
0.270404;-0.191193;-0.00945312
0.240081;-0.205838;-0.00213077
0.254764;-0.198516;-0.00213077
0.270924;-0.191193;-0.00213077
0.276412;-0.186932;-0.0356817
0.293485;-0.179609;-0.0356817
0.312372;-0.172287;-0.0356817
0.277772;-0.186932;-0.0283594
0.295613;-0.179609;-0.0283594
0.313977;-0.172287;-0.0283594
0.279268;-0.186932;-0.021037
0.296545;-0.179609;-0.021037
0.315656;-0.172287;-0.021037
0.323817;-0.168025;-0.0356817
0.344346;-0.160703;-0.0356817
0.36718;-0.153381;-0.0356817
0.325491;-0.168025;-0.0283594
0.346918;-0.160703;-0.0283594
0.369245;-0.153381;-0.0283594
0.327254;-0.168025;-0.021037
0.348094;-0.160703;-0.021037
0.371295;-0.153381;-0.021037
0.279786;-0.186932;-0.0167755
0.297097;-0.179609;-0.0167755
0.316246;-0.172287;-0.0167755
0.280117;-0.186932;-0.00945312
0.298104;-0.179609;-0.00945312
0.316651;-0.172287;-0.00945312
0.280663;-0.186932;-0.00213077
0.29803;-0.179609;-0.00213077
0.31724;-0.172287;-0.00213077
0.327871;-0.168025;-0.0167755
0.348762;-0.160703;-0.0167755
0.372027;-0.153381;-0.0167755
0.328283;-0.168025;-0.00945312
0.349939;-0.160703;-0.00945312
0.37256;-0.153381;-0.00945312
0.328906;-0.168025;-0.00213077
0.349883;-0.160703;-0.00213077
0.373248;-0.153381;-0.00213077
0.143553;-0.149119;-0.149119
0.14642;-0.141797;-0.149119
0.149823;-0.134475;-0.149119
0.167762;-0.149119;-0.141797
0.172613;-0.141797;-0.141797
0.17653;-0.134475;-0.141797
0.193186;-0.149119;-0.134475
0.198783;-0.141797;-0.134475
0.204861;-0.134475;-0.134475
0.151598;-0.130213;-0.149119
0.154248;-0.122891;-0.149119
0.157346;-0.115568;-0.149119
0.178938;-0.130213;-0.141797
0.183341;-0.122891;-0.141797
0.186701;-0.115568;-0.141797
0.2081;-0.130213;-0.134475
0.213084;-0.122891;-0.134475
0.218393;-0.115568;-0.134475
0.20775;-0.149119;-0.130213
0.214312;-0.141797;-0.130213
0.221357;-0.134475;-0.130213
0.232023;-0.149119;-0.122891
0.241214;-0.141797;-0.122891
0.249345;-0.134475;-0.122891
0.255892;-0.149119;-0.115568
0.266273;-0.141797;-0.115568
0.277299;-0.134475;-0.115568
0.225146;-0.130213;-0.130213
0.231045;-0.122891;-0.130213
0.237237;-0.115568;-0.130213
0.254194;-0.130213;-0.122891
0.262753;-0.122891;-0.122891
0.269979;-0.115568;-0.122891
0.283426;-0.130213;-0.115568
0.293341;-0.122891;-0.115568
0.303604;-0.115568;-0.115568
0.158908;-0.111307;-0.149119
0.161145;-0.103984;-0.149119
0.163742;-0.096662;-0.149119
0.188734;-0.111307;-0.141797
0.192404;-0.103984;-0.141797
0.194958;-0.096662;-0.141797
0.221111;-0.111307;-0.134475
0.225091;-0.103984;-0.134475
0.229249;-0.096662;-0.134475
0.16499;-0.0924005;-0.149119
0.166658;-0.0850781;-0.149119
0.168615;-0.0777558;-0.149119
0.19648;-0.0924005;-0.141797
0.1992;-0.0850781;-0.141797
0.200781;-0.0777558;-0.141797
0.231244;-0.0924005;-0.134475
0.233911;-0.0850781;-0.134475
0.23665;-0.0777558;-0.134475
0.240441;-0.111307;-0.130213
0.245192;-0.103984;-0.130213
0.250054;-0.096662;-0.130213
0.274182;-0.111307;-0.122891
0.281423;-0.103984;-0.122891
0.287071;-0.096662;-0.122891
0.309123;-0.111307;-0.115568
0.317699;-0.103984;-0.115568
0.326265;-0.096662;-0.115568
0.252413;-0.0924005;-0.130213
0.255615;-0.0850781;-0.130213
0.258793;-0.0777558;-0.130213
0.290242;-0.0924005;-0.122891
0.295523;-0.0850781;-0.122891
0.299029;-0.0777558;-0.122891
0.330622;-0.0924005;-0.115568
0.336924;-0.0850781;-0.115568
0.342883;-0.0777558;-0.115568
0.268789;-0.149119;-0.111307
0.280385;-0.141797;-0.111307
0.292714;-0.134475;-0.111307
0.289051;-0.149119;-0.103984
0.303604;-0.141797;-0.103984
0.317411;-0.134475;-0.103984
0.307814;-0.149119;-0.096662
0.323581;-0.141797;-0.096662
0.340544;-0.134475;-0.096662
0.299634;-0.130213;-0.111307
0.310961;-0.122891;-0.111307
0.322699;-0.115568;-0.111307
0.325735;-0.130213;-0.103984
0.340554;-0.122891;-0.103984
0.354211;-0.115568;-0.103984
0.350365;-0.130213;-0.096662
0.367022;-0.122891;-0.096662
0.384586;-0.115568;-0.096662
0.317382;-0.149119;-0.0924005
0.334291;-0.141797;-0.0924005
0.352561;-0.134475;-0.0924005
0.331599;-0.149119;-0.0850781
0.351183;-0.141797;-0.0850781
0.370713;-0.134475;-0.0850781
0.344265;-0.149119;-0.0777558
0.364594;-0.141797;-0.0777558
0.386871;-0.134475;-0.0777558
0.363225;-0.130213;-0.0924005
0.381481;-0.122891;-0.0924005
0.400853;-0.115568;-0.0924005
0.382728;-0.130213;-0.0850781
0.40458;-0.122891;-0.0850781
0.426122;-0.115568;-0.0850781
0.400178;-0.130213;-0.0777558
0.423585;-0.122891;-0.0777558
0.449002;-0.115568;-0.0777558
0.32909;-0.111307;-0.111307
0.339171;-0.103984;-0.111307
0.349239;-0.096662;-0.111307
0.362262;-0.111307;-0.103984
0.376243;-0.103984;-0.103984
0.388477;-0.096662;-0.103984
0.394546;-0.111307;-0.096662
0.411008;-0.103984;-0.096662
0.427805;-0.096662;-0.096662
0.354446;-0.0924005;-0.111307
0.362134;-0.0850781;-0.111307
0.369382;-0.0777558;-0.111307
0.395433;-0.0924005;-0.103984
0.407049;-0.0850781;-0.103984
0.416256;-0.0777558;-0.103984
0.436976;-0.0924005;-0.096662
0.451433;-0.0850781;-0.096662
0.465385;-0.0777558;-0.096662
0.411962;-0.111307;-0.0924005
0.430563;-0.103984;-0.0924005
0.449706;-0.096662;-0.0924005
0.4392;-0.111307;-0.0850781
0.462607;-0.103984;-0.0850781
0.485069;-0.096662;-0.0850781
0.464071;-0.111307;-0.0777558
0.490297;-0.103984;-0.0777558
0.51824;-0.096662;-0.0777558
0.460322;-0.0924005;-0.0924005
0.47736;-0.0850781;-0.0924005
0.493987;-0.0777558;-0.0924005
0.498369;-0.0924005;-0.0850781
0.52147;-0.0850781;-0.0850781
0.542421;-0.0777558;-0.0850781
0.534495;-0.0924005;-0.0777558
0.562071;-0.0850781;-0.0777558
0.590335;-0.0777558;-0.0777558
0.16948;-0.0734942;-0.149119
0.170491;-0.0661719;-0.149119
0.171736;-0.0588495;-0.149119
0.20171;-0.0734942;-0.141797
0.203368;-0.0661719;-0.141797
0.203919;-0.0588495;-0.141797
0.237797;-0.0734942;-0.134475
0.238992;-0.0661719;-0.134475
0.240213;-0.0588495;-0.134475
0.172193;-0.054588;-0.149119
0.172521;-0.0472656;-0.149119
0.173052;-0.0399433;-0.149119
0.204237;-0.054588;-0.141797
0.204831;-0.0472656;-0.141797
0.204394;-0.0399433;-0.141797
0.240487;-0.054588;-0.134475
0.240223;-0.0472656;-0.134475
0.239992;-0.0399433;-0.134475
0.260137;-0.0734942;-0.130213
0.261566;-0.0661719;-0.130213
0.262913;-0.0588495;-0.130213
0.300876;-0.0734942;-0.122891
0.303768;-0.0661719;-0.122891
0.304843;-0.0588495;-0.122891
0.34559;-0.0734942;-0.115568
0.348878;-0.0661719;-0.115568
0.351628;-0.0588495;-0.115568
0.2632;-0.054588;-0.130213
0.262856;-0.0472656;-0.130213
0.262445;-0.0399433;-0.130213
0.305251;-0.054588;-0.122891
0.30566;-0.0472656;-0.122891
0.30436;-0.0399433;-0.122891
0.352423;-0.054588;-0.115568
0.352416;-0.0472656;-0.115568
0.351872;-0.0399433;-0.115568
0.17311;-0.0356817;-0.149119
0.172789;-0.0283594;-0.149119
0.172655;-0.021037;-0.149119
0.204141;-0.0356817;-0.141797
0.20376;-0.0283594;-0.141797
0.202453;-0.021037;-0.141797
0.239461;-0.0356817;-0.134475
0.237897;-0.0283594;-0.134475
0.236409;-0.021037;-0.134475
0.172349;-0.0167755;-0.149119
0.171452;-0.00945312;-0.149119
0.170733;-0.00213077;-0.149119
0.201706;-0.0167755;-0.141797
0.200495;-0.00945312;-0.141797
0.198476;-0.00213077;-0.141797
0.235202;-0.0167755;-0.134475
0.232583;-0.00945312;-0.134475
0.230096;-0.00213077;-0.134475
0.261755;-0.0356817;-0.130213
0.259834;-0.0283594;-0.130213
0.257913;-0.021037;-0.130213
0.30342;-0.0356817;-0.122891
0.301586;-0.0283594;-0.122891
0.298261;-0.021037;-0.122891
0.350808;-0.0356817;-0.115568
0.347761;-0.0283594;-0.115568
0.344346;-0.021037;-0.115568
0.256413;-0.0167755;-0.130213
0.253229;-0.00945312;-0.130213
0.250133;-0.00213077;-0.130213
0.296211;-0.0167755;-0.122891
0.292591;-0.00945312;-0.122891
0.287747;-0.00213077;-0.122891
0.341742;-0.0167755;-0.115568
0.336303;-0.00945312;-0.115568
0.330742;-0.00213077;-0.115568
0.372765;-0.0734942;-0.111307
0.377058;-0.0661719;-0.111307
0.380625;-0.0588495;-0.111307
0.421166;-0.0734942;-0.103984
0.428802;-0.0661719;-0.103984
0.43352;-0.0588495;-0.103984
0.47247;-0.0734942;-0.096662
0.482609;-0.0661719;-0.096662
0.491379;-0.0588495;-0.096662
0.381782;-0.054588;-0.111307
0.382192;-0.0472656;-0.111307
0.381839;-0.0399433;-0.111307
0.435626;-0.054588;-0.103984
0.438198;-0.0472656;-0.103984
0.437736;-0.0399433;-0.103984
0.495084;-0.054588;-0.096662
0.498918;-0.0472656;-0.096662
0.500921;-0.0399433;-0.096662
0.502627;-0.0734942;-0.0924005
0.515358;-0.0661719;-0.0924005
0.52656;-0.0588495;-0.0924005
0.554245;-0.0734942;-0.0850781
0.573642;-0.0661719;-0.0850781
0.589193;-0.0588495;-0.0850781
0.606091;-0.0734942;-0.0777558
0.631363;-0.0661719;-0.0777558
0.655276;-0.0588495;-0.0777558
0.531542;-0.054588;-0.0924005
0.537249;-0.0472656;-0.0924005
0.540694;-0.0399433;-0.0924005
0.597108;-0.054588;-0.0850781
0.608505;-0.0472656;-0.0850781
0.614595;-0.0399433;-0.0850781
0.667378;-0.054588;-0.0777558
0.684338;-0.0472656;-0.0777558
0.697462;-0.0399433;-0.0777558
0.380764;-0.0356817;-0.111307
0.377502;-0.0283594;-0.111307
0.373675;-0.021037;-0.111307
0.436819;-0.0356817;-0.103984
0.43428;-0.0283594;-0.103984
0.429042;-0.021037;-0.103984
0.500587;-0.0356817;-0.096662
0.497509;-0.0283594;-0.096662
0.492796;-0.021037;-0.096662
0.370733;-0.0167755;-0.111307
0.364566;-0.00945312;-0.111307
0.35815;-0.00213077;-0.111307
0.425509;-0.0167755;-0.103984
0.418811;-0.00945312;-0.103984
0.410023;-0.00213077;-0.103984
0.488771;-0.0167755;-0.096662
0.479874;-0.00945312;-0.096662
0.47002;-0.00213077;-0.096662
0.540949;-0.0356817;-0.0924005
0.538426;-0.0283594;-0.0924005
0.53375;-0.021037;-0.0924005
0.616483;-0.0356817;-0.0850781
0.616939;-0.0283594;-0.0850781
0.611897;-0.021037;-0.0850781
0.702228;-0.0356817;-0.0777558
0.705171;-0.0283594;-0.0777558
0.703177;-0.021037;-0.0777558
0.529494;-0.0167755;-0.0924005
0.519804;-0.00945312;-0.0924005
0.50878;-0.00213077;-0.0924005
0.607429;-0.0167755;-0.0850781
0.597519;-0.00945312;-0.0850781
0.58334;-0.00213077;-0.0850781
0.699022;-0.0167755;-0.0777558
0.687136;-0.00945312;-0.0777558
0.671599;-0.00213077;-0.0777558
0.3504;-0.149119;-0.0734942
0.371549;-0.141797;-0.0734942
0.394807;-0.134475;-0.0734942
0.359068;-0.149119;-0.0661719
0.382274;-0.141797;-0.0661719
0.406159;-0.134475;-0.0661719
0.366741;-0.149119;-0.0588495
0.390096;-0.141797;-0.0588495
0.416035;-0.134475;-0.0588495
0.408777;-0.130213;-0.0734942
0.433507;-0.122891;-0.0734942
0.460525;-0.115568;-0.0734942
0.421101;-0.130213;-0.0661719
0.448793;-0.122891;-0.0661719
0.477377;-0.115568;-0.0661719
0.431843;-0.130213;-0.0588495
0.460319;-0.122891;-0.0588495
0.491987;-0.115568;-0.0588495
0.370275;-0.149119;-0.054588
0.394107;-0.141797;-0.054588
0.420634;-0.134475;-0.054588
0.374985;-0.149119;-0.0472656
0.400306;-0.141797;-0.0472656
0.426842;-0.134475;-0.0472656
0.37929;-0.149119;-0.0399433
0.404309;-0.141797;-0.0399433
0.432311;-0.134475;-0.0399433
0.436853;-0.130213;-0.054588
0.466179;-0.122891;-0.054588
0.498926;-0.115568;-0.054588
0.443613;-0.130213;-0.0472656
0.47508;-0.122891;-0.0472656
0.50847;-0.115568;-0.0472656
0.449568;-0.130213;-0.0399433
0.481076;-0.122891;-0.0399433
0.516638;-0.115568;-0.0399433
0.476678;-0.111307;-0.0734942
0.505061;-0.103984;-0.0734942
0.535598;-0.096662;-0.0734942
0.495209;-0.111307;-0.0661719
0.528108;-0.103984;-0.0661719
0.561899;-0.096662;-0.0661719
0.511355;-0.111307;-0.0588495
0.546324;-0.103984;-0.0588495
0.585103;-0.096662;-0.0588495
0.553585;-0.0924005;-0.0734942
0.584547;-0.0850781;-0.0734942
0.616755;-0.0777558;-0.0734942
0.582775;-0.0924005;-0.0661719
0.620768;-0.0850781;-0.0661719
0.658916;-0.0777558;-0.0661719
0.608781;-0.0924005;-0.0588495
0.651323;-0.0850781;-0.0588495
0.697831;-0.0777558;-0.0588495
0.519057;-0.111307;-0.054588
0.555632;-0.103984;-0.054588
0.596487;-0.096662;-0.054588
0.529687;-0.111307;-0.0472656
0.569694;-0.103984;-0.0472656
0.612644;-0.096662;-0.0472656
0.538792;-0.111307;-0.0399433
0.579699;-0.103984;-0.0399433
0.626316;-0.096662;-0.0399433
0.621649;-0.0924005;-0.054588
0.667328;-0.0850781;-0.054588
0.717912;-0.0777558;-0.054588
0.640045;-0.0924005;-0.0472656
0.691857;-0.0850781;-0.0472656
0.747813;-0.0777558;-0.0472656
0.655689;-0.0924005;-0.0399433
0.710544;-0.0850781;-0.0399433
0.773597;-0.0777558;-0.0399433
0.381134;-0.149119;-0.0356817
0.406389;-0.141797;-0.0356817
0.434686;-0.134475;-0.0356817
0.383324;-0.149119;-0.0283594
0.409691;-0.141797;-0.0283594
0.437576;-0.134475;-0.0283594
0.385506;-0.149119;-0.021037
0.411299;-0.141797;-0.021037
0.440271;-0.134475;-0.021037
0.452153;-0.130213;-0.0356817
0.48411;-0.122891;-0.0356817
0.520256;-0.115568;-0.0356817
0.455296;-0.130213;-0.0283594
0.488759;-0.122891;-0.0283594
0.524789;-0.115568;-0.0283594
0.458223;-0.130213;-0.021037
0.491219;-0.122891;-0.021037
0.528738;-0.115568;-0.021037
0.386282;-0.149119;-0.0167755
0.412166;-0.141797;-0.0167755
0.441254;-0.134475;-0.0167755
0.38684;-0.149119;-0.00945312
0.413614;-0.141797;-0.00945312
0.442037;-0.134475;-0.00945312
0.387574;-0.149119;-0.00213077
0.413608;-0.141797;-0.00213077
0.442885;-0.134475;-0.00213077
0.459291;-0.130213;-0.0167755
0.492469;-0.122891;-0.0167755
0.53023;-0.115568;-0.0167755
0.460138;-0.130213;-0.00945312
0.494414;-0.122891;-0.00945312
0.531545;-0.115568;-0.00945312
0.461059;-0.130213;-0.00213077
0.494535;-0.122891;-0.00213077
0.532693;-0.115568;-0.00213077
0.542837;-0.111307;-0.0356817
0.584677;-0.103984;-0.0356817
0.63256;-0.096662;-0.0356817
0.547918;-0.111307;-0.0283594
0.592081;-0.103984;-0.0283594
0.64068;-0.096662;-0.0283594
0.55233;-0.111307;-0.021037
0.596399;-0.103984;-0.021037
0.647363;-0.096662;-0.021037
0.662881;-0.0924005;-0.0356817
0.71986;-0.0850781;-0.0356817
0.785909;-0.0777558;-0.0356817
0.672292;-0.0924005;-0.0283594
0.733527;-0.0850781;-0.0283594
0.802691;-0.0777558;-0.0283594
0.680021;-0.0924005;-0.021037
0.742327;-0.0850781;-0.021037
0.816107;-0.0777558;-0.021037
0.554001;-0.111307;-0.0167755
0.598472;-0.103984;-0.0167755
0.649996;-0.096662;-0.0167755
0.555484;-0.111307;-0.00945312
0.601444;-0.103984;-0.00945312
0.652564;-0.096662;-0.00945312
0.556761;-0.111307;-0.00213077
0.601894;-0.103984;-0.00213077
0.654352;-0.096662;-0.00213077
0.683085;-0.0924005;-0.0167755
0.74639;-0.0850781;-0.0167755
0.821651;-0.0777558;-0.0167755
0.686106;-0.0924005;-0.00945312
0.751802;-0.0850781;-0.00945312
0.827544;-0.0777558;-0.00945312
0.688162;-0.0924005;-0.00213077
0.753149;-0.0850781;-0.00213077
0.83093;-0.0777558;-0.00213077
0.635051;-0.0734942;-0.0734942
0.665054;-0.0661719;-0.0734942
0.694077;-0.0588495;-0.0734942
0.681881;-0.0734942;-0.0661719
0.722259;-0.0661719;-0.0661719
0.760308;-0.0588495;-0.0661719
0.725804;-0.0734942;-0.0588495
0.774892;-0.0661719;-0.0588495
0.826275;-0.0588495;-0.0588495
0.709223;-0.054588;-0.0734942
0.731315;-0.0472656;-0.0734942
0.749202;-0.0399433;-0.0734942
0.7818;-0.054588;-0.0661719
0.816562;-0.0472656;-0.0661719
0.844162;-0.0399433;-0.0661719
0.855692;-0.054588;-0.0588495
0.903765;-0.0472656;-0.0588495
0.948386;-0.0399433;-0.0588495
0.748781;-0.0734942;-0.054588
0.803911;-0.0661719;-0.054588
0.862914;-0.0588495;-0.054588
0.783436;-0.0734942;-0.0472656
0.85034;-0.0661719;-0.0472656
0.921603;-0.0588495;-0.0472656
0.813683;-0.0734942;-0.0399433
0.88903;-0.0661719;-0.0399433
0.975523;-0.0588495;-0.0399433
0.897534;-0.054588;-0.054588
0.955813;-0.0472656;-0.054588
1.01198;-0.0399433;-0.054588
0.965919;-0.054588;-0.0472656
1.04602;-0.0472656;-0.0472656
1.12497;-0.0399433;-0.0472656
1.03025;-0.054588;-0.0399433
1.13145;-0.0472656;-0.0399433
1.24248;-0.0399433;-0.0399433
0.756382;-0.0356817;-0.0734942
0.762613;-0.0283594;-0.0734942
0.762679;-0.021037;-0.0734942
0.857225;-0.0356817;-0.0661719
0.873485;-0.0283594;-0.0661719
0.878143;-0.021037;-0.0661719
0.970429;-0.0356817;-0.0588495
0.999141;-0.0283594;-0.0588495
1.01605;-0.021037;-0.0588495
0.759061;-0.0167755;-0.0734942
0.746964;-0.00945312;-0.0734942
0.730005;-0.00213077;-0.0734942
0.87646;-0.0167755;-0.0661719
0.866414;-0.00945312;-0.0661719
0.845733;-0.00213077;-0.0661719
1.01859;-0.0167755;-0.0588495
1.01012;-0.00945312;-0.0588495
0.988787;-0.00213077;-0.0588495
1.041;-0.0356817;-0.054588
1.08125;-0.0283594;-0.054588
1.10788;-0.021037;-0.054588
1.16969;-0.0356817;-0.0472656
1.23978;-0.0283594;-0.0472656
1.29024;-0.021037;-0.0472656
1.30854;-0.0356817;-0.0399433
1.41818;-0.0283594;-0.0399433
1.51404;-0.021037;-0.0399433
1.11454;-0.0167755;-0.054588
1.10974;-0.00945312;-0.054588
1.08772;-0.00213077;-0.054588
1.30877;-0.0167755;-0.0472656
1.31834;-0.00945312;-0.0472656
1.29513;-0.00213077;-0.0472656
1.55521;-0.0167755;-0.0399433
1.58967;-0.00945312;-0.0399433
1.57474;-0.00213077;-0.0399433
0.828297;-0.0734942;-0.0356817
0.908935;-0.0661719;-0.0356817
1.00313;-0.0588495;-0.0356817
0.848429;-0.0734942;-0.0283594
0.938582;-0.0661719;-0.0283594
1.04333;-0.0588495;-0.0283594
0.864579;-0.0734942;-0.021037
0.959676;-0.0661719;-0.021037
1.07606;-0.0588495;-0.021037
1.06386;-0.054588;-0.0356817
1.17899;-0.0472656;-0.0356817
1.31002;-0.0399433;-0.0356817
1.11377;-0.054588;-0.0283594
1.25456;-0.0472656;-0.0283594
1.42043;-0.0399433;-0.0283594
1.15505;-0.054588;-0.021037
1.31562;-0.0472656;-0.021037
1.52019;-0.0399433;-0.021037
0.871314;-0.0734942;-0.0167755
0.96933;-0.0661719;-0.0167755
1.0904;-0.0588495;-0.0167755
0.878559;-0.0734942;-0.00945312
0.981602;-0.0661719;-0.00945312
1.1068;-0.0588495;-0.00945312
0.882642;-0.0734942;-0.00213077
0.985731;-0.0661719;-0.00213077
1.11513;-0.0588495;-0.00213077
1.17342;-0.054588;-0.0167755
1.34471;-0.0472656;-0.0167755
1.56858;-0.0399433;-0.0167755
1.19475;-0.054588;-0.00945312
1.38176;-0.0472656;-0.00945312
1.62926;-0.0399433;-0.00945312
1.20547;-0.054588;-0.00213077
1.39686;-0.0472656;-0.00213077
1.65913;-0.0399433;-0.00213077
1.39112;-0.0356817;-0.0356817
1.53269;-0.0283594;-0.0356817
1.66607;-0.021037;-0.0356817
1.53123;-0.0356817;-0.0283594
1.74519;-0.0283594;-0.0283594
1.97078;-0.021037;-0.0283594
1.66364;-0.0356817;-0.021037
1.9618;-0.0283594;-0.021037
2.33534;-0.021037;-0.021037
1.72875;-0.0167755;-0.0356817
1.79177;-0.00945312;-0.0356817
1.7863;-0.00213077;-0.0356817
2.0954;-0.0167755;-0.0283594
2.25648;-0.00945312;-0.0283594
2.2887;-0.00213077;-0.0283594
2.57647;-0.0167755;-0.021037
2.95872;-0.00945312;-0.021037
3.12763;-0.00213077;-0.021037
1.73029;-0.0356817;-0.0167755
2.08251;-0.0283594;-0.0167755
2.5646;-0.021037;-0.0167755
1.8166;-0.0356817;-0.00945312
2.25549;-0.0283594;-0.00945312
2.93526;-0.021037;-0.00945312
1.85974;-0.0356817;-0.00213077
2.34135;-0.0283594;-0.00213077
3.15628;-0.021037;-0.00213077
2.91106;-0.0167755;-0.0167755
3.55527;-0.00945312;-0.0167755
3.93735;-0.00213077;-0.0167755
3.52587;-0.0167755;-0.00945312
5.09873;-0.00945312;-0.00945312
6.92055;-0.00213077;-0.00945312
3.94936;-0.0167755;-0.00213077
6.89492;-0.00945312;-0.00213077
22.239;-0.00213077;-0.00213077
0.00289424;0.00213077;-0.499013
0.00620743;0.00213077;-0.495761
0.00944844;0.00213077;-0.492509
0.00295515;0.00945312;-0.49889
0.00621332;0.00945312;-0.495692
0.00940502;0.00945312;-0.492493
0.00287019;0.0167755;-0.498767
0.00607498;0.0167755;-0.495623
0.00921751;0.0167755;-0.492478
0.00285657;0.021037;-0.498624
0.00599772;0.021037;-0.495542
0.0090797;0.021037;-0.492459
0.00289805;0.0283594;-0.498255
0.00587573;0.0283594;-0.495334
0.00880057;0.0283594;-0.492413
0.00278432;0.0356817;-0.497886
0.00560285;0.0356817;-0.495126
0.00837316;0.0356817;-0.492366
0.00275245;0.0399433;-0.497599
0.00544624;0.0399433;-0.494964
0.0080951;0.0399433;-0.492329
0.00276581;0.0472656;-0.496983
0.00518754;0.0472656;-0.494617
0.00756911;0.0472656;-0.492251
0.00262533;0.054588;-0.496365
0.00477324;0.054588;-0.494269
0.006883;0.054588;-0.492172
0.00258061;0.0588495;-0.495933
0.00453408;0.0588495;-0.494025
0.00645175;0.0588495;-0.492118
0.00257521;0.0661719;-0.495067
0.00414083;0.0661719;-0.493537
0.00567874;0.0661719;-0.492008
0.00242319;0.0734942;-0.494198
0.00360461;0.0734942;-0.493048
0.00476746;0.0734942;-0.491897
0.0124537;0.00213077;-0.489432
0.0123885;0.00945312;-0.489432
0.0122041;0.0167755;-0.489432
0.0193361;0.00213077;-0.482109
0.0192635;0.00945312;-0.482109
0.0191104;0.0167755;-0.482109
0.0258483;0.00213077;-0.474787
0.0258018;0.00945312;-0.474787
0.0256388;0.0167755;-0.474787
0.0120517;0.021037;-0.489432
0.0117198;0.0283594;-0.489432
0.0112663;0.0356817;-0.489432
0.0189663;0.021037;-0.482109
0.0186313;0.0283594;-0.482109
0.0182148;0.0356817;-0.482109
0.0255026;0.021037;-0.474787
0.025204;0.0283594;-0.474787
0.024785;0.0356817;-0.474787
0.029487;0.00213077;-0.470525
0.0294421;0.00945312;-0.470525
0.0292858;0.0167755;-0.470525
0.0354655;0.00213077;-0.463203
0.0354064;0.00945312;-0.463203
0.0352802;0.0167755;-0.463203
0.0410851;0.00213077;-0.455881
0.0410555;0.00945312;-0.455881
0.0409131;0.0167755;-0.455881
0.0291538;0.021037;-0.470525
0.0288624;0.0283594;-0.470525
0.0284552;0.0356817;-0.470525
0.0351548;0.021037;-0.463203
0.0348566;0.0283594;-0.463203
0.0344893;0.0356817;-0.463203
0.0407938;0.021037;-0.455881
0.0405347;0.0283594;-0.455881
0.040162;0.0356817;-0.455881
0.010956;0.0399433;-0.489432
0.010347;0.0472656;-0.489432
0.00960857;0.054588;-0.489432
0.0179148;0.0399433;-0.482109
0.0173115;0.0472656;-0.482109
0.0166322;0.054588;-0.482109
0.0244974;0.0399433;-0.474787
0.0239411;0.0472656;-0.474787
0.0232713;0.054588;-0.474787
0.00913039;0.0588495;-0.489432
0.00824048;0.0661719;-0.489432
0.00723097;0.0734942;-0.489432
0.0161779;0.0588495;-0.482109
0.0152936;0.0661719;-0.482109
0.0143179;0.0734942;-0.482109
0.0228324;0.0588495;-0.474787
0.0220041;0.0661719;-0.474787
0.0210652;0.0734942;-0.474787
0.0281759;0.0399433;-0.470525
0.0276332;0.0472656;-0.470525
0.0269761;0.054588;-0.470525
0.0342236;0.0399433;-0.463203
0.0336825;0.0472656;-0.463203
0.0330682;0.054588;-0.463203
0.0399075;0.0399433;-0.455881
0.0394133;0.0472656;-0.455881
0.0388037;0.054588;-0.455881
0.0265475;0.0588495;-0.470525
0.0257434;0.0661719;-0.470525
0.0248301;0.0734942;-0.470525
0.0326603;0.0588495;-0.463203
0.0318718;0.0661719;-0.463203
0.0309971;0.0734942;-0.463203
0.0384085;0.0588495;-0.455881
0.0376693;0.0661719;-0.455881
0.0368156;0.0734942;-0.455881
0.00235178;0.0773793;-0.493677
0.00330174;0.0773793;-0.492754
0.00423877;0.0773793;-0.491831
0.00230018;0.0834081;-0.492756
0.00284008;0.0834081;-0.492235
0.00337555;0.0834081;-0.491714
0.00218554;0.0894368;-0.491832
0.00230945;0.0894368;-0.491714
0.00243312;0.0894368;-0.491597
0.00664795;0.0773793;-0.489432
0.0137615;0.0773793;-0.482109
0.0205219;0.0773793;-0.474787
0.00568335;0.0834081;-0.489432
0.0128358;0.0834081;-0.482109
0.0196213;0.0834081;-0.474787
0.0046345;0.0894368;-0.489432
0.011826;0.0894368;-0.482109
0.0186436;0.0894368;-0.474787
0.00430136;0.0915676;-0.489374
0.0114796;0.0915676;-0.482077
0.0182855;0.0915676;-0.47478
0.00425956;0.0928612;-0.489174
0.0113526;0.0928612;-0.481964
0.018082;0.0928612;-0.474754
0.00421392;0.0941548;-0.488975
0.0112217;0.0941548;-0.481852
0.0178747;0.0941548;-0.474729
0.00420133;0.096662;-0.488517
0.0110053;0.096662;-0.481594
0.0174808;0.096662;-0.474671
0.0041157;0.103984;-0.487139
0.0103176;0.103984;-0.480817
0.0162564;0.103984;-0.474496
0.00389414;0.111307;-0.485752
0.00950678;0.111307;-0.480036
0.0149017;0.111307;-0.47432
0.0242432;0.0777558;-0.470525
0.0231512;0.0850781;-0.470525
0.0219552;0.0924005;-0.470525
0.0304376;0.0777558;-0.463203
0.0293904;0.0850781;-0.463203
0.0282466;0.0924005;-0.463203
0.0362766;0.0777558;-0.455881
0.0352852;0.0850781;-0.455881
0.0341784;0.0924005;-0.455881
0.0212122;0.096662;-0.470525
0.0198517;0.103984;-0.470525
0.01837;0.111307;-0.470525
0.027528;0.096662;-0.463203
0.0262094;0.103984;-0.463203
0.024792;0.111307;-0.463203
0.0334899;0.096662;-0.455881
0.0322341;0.103984;-0.455881
0.030857;0.111307;-0.455881
0.0038002;0.115568;-0.484871
0.0090328;0.115568;-0.479539
0.0140757;0.115568;-0.474208
0.00368867;0.122891;-0.483228
0.00821339;0.122891;-0.478614
0.0125952;0.122891;-0.473999
0.00344056;0.130213;-0.481573
0.0072646;0.130213;-0.477681
0.0109771;0.130213;-0.473789
0.00333208;0.134475;-0.480536
0.00670949;0.134475;-0.477096
0.00999571;0.134475;-0.473657
0.00319537;0.141797;-0.478622
0.00574945;0.141797;-0.476018
0.0082476;0.141797;-0.473414
0.0029293;0.149119;-0.476693
0.00466033;0.149119;-0.474931
0.00636171;0.149119;-0.473169
0.0174558;0.115568;-0.470525
0.0158008;0.122891;-0.470525
0.0140206;0.130213;-0.470525
0.0239097;0.115568;-0.463203
0.0223026;0.122891;-0.463203
0.020597;0.130213;-0.463203
0.0300075;0.115568;-0.455881
0.0284717;0.122891;-0.455881
0.0268125;0.130213;-0.455881
0.0129293;0.134475;-0.470525
0.0109651;0.141797;-0.470525
0.00887383;0.149119;-0.470525
0.0195419;0.134475;-0.463203
0.0176251;0.141797;-0.463203
0.0156042;0.149119;-0.463203
0.0257943;0.134475;-0.455881
0.0239617;0.141797;-0.455881
0.0220052;0.149119;-0.455881
0.00281213;0.152557;-0.475739
0.00413322;0.152557;-0.474394
0.00543598;0.152557;-0.473048
0.00271711;0.15705;-0.474398
0.00346238;0.15705;-0.473638
0.00420182;0.15705;-0.472878
0.00258313;0.161543;-0.47305
0.00275226;0.161543;-0.472878
0.00292109;0.161543;-0.472706
0.00784781;0.152557;-0.470525
0.0146163;0.152557;-0.463203
0.021042;0.152557;-0.455881
0.00646718;0.15705;-0.470525
0.0132813;0.15705;-0.463203
0.019743;0.15705;-0.455881
0.00503622;0.161543;-0.470525
0.0118969;0.161543;-0.463203
0.0183982;0.161543;-0.455881
0.00458005;0.163673;-0.470276
0.0113511;0.163673;-0.463063
0.0177715;0.163673;-0.455849
0.00446651;0.166503;-0.469417
0.010882;0.166503;-0.462578
0.0169809;0.166503;-0.45574
0.00433689;0.169333;-0.468554
0.0103961;0.169333;-0.462092
0.0161721;0.169333;-0.45563
0.0042598;0.172287;-0.467583
0.00990825;0.172287;-0.461545
0.0153175;0.172287;-0.455507
0.00403854;0.179609;-0.465092
0.00865998;0.179609;-0.460141
0.0131289;0.179609;-0.455191
0.00370661;0.186932;-0.462574
0.00731403;0.186932;-0.458722
0.0108235;0.186932;-0.454871
0.00354388;0.191193;-0.46103
0.00652059;0.191193;-0.457852
0.00942907;0.191193;-0.454675
0.00331453;0.198516;-0.458239
0.00514205;0.198516;-0.456279
0.00693825;0.198516;-0.45432
0.00298361;0.205838;-0.455415
0.00364859;0.205838;-0.454688
0.00430706;0.205838;-0.453961
0.00284595;0.208193;-0.454493
0.00313877;0.208193;-0.454169
0.0034301;0.208193;-0.453844
0.00281777;0.208965;-0.454169
0.00298179;0.208965;-0.453986
0.00314533;0.208965;-0.453803
0.00278517;0.209736;-0.453844
0.00282191;0.209736;-0.453803
0.00285863;0.209736;-0.453762
0.0442141;0.00213077;-0.451619
0.0441845;0.00945312;-0.451619
0.0440485;0.0167755;-0.451619
0.0493297;0.00213077;-0.444297
0.0492784;0.00945312;-0.444297
0.0491758;0.0167755;-0.444297
0.0540929;0.00213077;-0.436975
0.0540764;0.00945312;-0.436975
0.0539508;0.0167755;-0.436975
0.043933;0.021037;-0.451619
0.0436799;0.0283594;-0.451619
0.043319;0.0356817;-0.451619
0.0490671;0.021037;-0.444297
0.0488019;0.0283594;-0.444297
0.0484828;0.0356817;-0.444297
0.0538476;0.021037;-0.436975
0.0536267;0.0283594;-0.436975
0.0532955;0.0356817;-0.436975
0.056731;0.00213077;-0.432713
0.0567135;0.00945312;-0.432713
0.0565945;0.0167755;-0.432713
0.0610116;0.00213077;-0.425391
0.0609648;0.00945312;-0.425391
0.0608848;0.0167755;-0.425391
0.0649393;0.00213077;-0.418068
0.064935;0.00945312;-0.418068
0.0648243;0.0167755;-0.418068
0.0564949;0.021037;-0.432713
0.0562791;0.0283594;-0.432713
0.0559601;0.0356817;-0.432713
0.0607921;0.021037;-0.425391
0.0605575;0.0283594;-0.425391
0.0602863;0.0356817;-0.425391
0.0647366;0.021037;-0.418068
0.0645539;0.0283594;-0.418068
0.0642641;0.0356817;-0.418068
0.0430715;0.0399433;-0.451619
0.042589;0.0472656;-0.451619
0.0419961;0.054588;-0.451619
0.0482482;0.0399433;-0.444297
0.0477639;0.0472656;-0.444297
0.0472192;0.054588;-0.444297
0.0530711;0.0399433;-0.436975
0.052639;0.0472656;-0.436975
0.0520957;0.054588;-0.436975
0.0416096;0.0588495;-0.451619
0.040886;0.0661719;-0.451619
0.0400576;0.0734942;-0.451619
0.0468528;0.0588495;-0.444297
0.0461422;0.0661719;-0.444297
0.0453659;0.0734942;-0.444297
0.0517461;0.0588495;-0.436975
0.051095;0.0661719;-0.436975
0.0503312;0.0734942;-0.436975
0.0557423;0.0399433;-0.432713
0.0553212;0.0472656;-0.432713
0.0547966;0.054588;-0.432713
0.0600817;0.0399433;-0.425391
0.0596537;0.0472656;-0.425391
0.0591839;0.054588;-0.425391
0.0640705;0.0399433;-0.418068
0.0637025;0.0472656;-0.418068
0.0632261;0.054588;-0.418068
0.0544572;0.0588495;-0.432713
0.0538223;0.0661719;-0.432713
0.053082;0.0734942;-0.432713
0.0588634;0.0588495;-0.425391
0.0582335;0.0661719;-0.425391
0.0575533;0.0734942;-0.425391
0.0629215;0.0588495;-0.418068
0.0623581;0.0661719;-0.418068
0.0616841;0.0734942;-0.418068
0.0670965;0.00213077;-0.413807
0.0670907;0.00945312;-0.413807
0.0669871;0.0167755;-0.413807
0.0705559;0.00213077;-0.406484
0.0705124;0.00945312;-0.406484
0.0704562;0.0167755;-0.406484
0.0736555;0.00213077;-0.399162
0.0736645;0.00945312;-0.399162
0.0735699;0.0167755;-0.399162
0.066903;0.021037;-0.413807
0.0667253;0.0283594;-0.413807
0.0664486;0.0356817;-0.413807
0.0703796;0.021037;-0.406484
0.0701764;0.0283594;-0.406484
0.069956;0.0356817;-0.406484
0.073499;0.021037;-0.399162
0.0733578;0.0283594;-0.399162
0.0731122;0.0356817;-0.399162
0.0753339;0.00213077;-0.3949
0.0753419;0.00945312;-0.3949
0.0752555;0.0167755;-0.3949
0.0779721;0.00213077;-0.387578
0.0779343;0.00945312;-0.387578
0.0779065;0.0167755;-0.387578
0.0802372;0.00213077;-0.380256
0.0802649;0.00945312;-0.380256
0.0801918;0.0167755;-0.380256
0.0751888;0.021037;-0.3949
0.0750535;0.0283594;-0.3949
0.0748225;0.0356817;-0.3949
0.0778491;0.021037;-0.387578
0.0776818;0.0283594;-0.387578
0.0775185;0.0356817;-0.387578
0.0801414;0.021037;-0.380256
0.0800494;0.0283594;-0.380256
0.0798555;0.0356817;-0.380256
0.0662621;0.0399433;-0.413807
0.0659051;0.0472656;-0.413807
0.0654475;0.054588;-0.413807
0.0697835;0.0399433;-0.406484
0.0694134;0.0472656;-0.406484
0.0690195;0.054588;-0.406484
0.0729514;0.0399433;-0.399162
0.0726516;0.0472656;-0.399162
0.0722457;0.054588;-0.399162
0.0651531;0.0588495;-0.413807
0.0646062;0.0661719;-0.413807
0.0639569;0.0734942;-0.413807
0.0687451;0.0588495;-0.406484
0.0681978;0.0661719;-0.406484
0.0676188;0.0734942;-0.406484
0.0719889;0.0588495;-0.399162
0.0715191;0.0661719;-0.399162
0.070941;0.0734942;-0.399162
0.0746696;0.0399433;-0.3949
0.0743821;0.0472656;-0.3949
0.073997;0.054588;-0.3949
0.0773816;0.0399433;-0.387578
0.0770757;0.0472656;-0.387578
0.0767662;0.054588;-0.387578
0.0797324;0.0399433;-0.380256
0.0795102;0.0472656;-0.380256
0.0791842;0.054588;-0.380256
0.0737517;0.0588495;-0.3949
0.0733001;0.0661719;-0.3949
0.0727483;0.0734942;-0.3949
0.0765431;0.0588495;-0.387578
0.0760863;0.0661719;-0.387578
0.0756166;0.0734942;-0.387578
0.0789809;0.0588495;-0.380256
0.0786148;0.0661719;-0.380256
0.0781422;0.0734942;-0.380256
0.0395313;0.0777558;-0.451619
0.0385594;0.0850781;-0.451619
0.0374833;0.0924005;-0.451619
0.0448648;0.0777558;-0.444297
0.0439205;0.0850781;-0.444297
0.0429008;0.0924005;-0.444297
0.0498506;0.0777558;-0.436975
0.0489692;0.0850781;-0.436975
0.0479727;0.0924005;-0.436975
0.0368123;0.096662;-0.451619
0.0355828;0.103984;-0.451619
0.0342378;0.111307;-0.451619
0.0422562;0.096662;-0.444297
0.0410619;0.103984;-0.444297
0.0397828;0.111307;-0.444297
0.0473532;0.096662;-0.436975
0.0462271;0.103984;-0.436975
0.044983;0.111307;-0.436975
0.0526138;0.0777558;-0.432713
0.0517521;0.0850781;-0.432713
0.0507838;0.0924005;-0.432713
0.0571091;0.0777558;-0.425391
0.056265;0.0850781;-0.425391
0.0553624;0.0924005;-0.425391
0.0612616;0.0777558;-0.418068
0.0604903;0.0850781;-0.418068
0.0596061;0.0924005;-0.418068
0.0501802;0.096662;-0.432713
0.0490795;0.103984;-0.432713
0.0478688;0.111307;-0.432713
0.0547875;0.096662;-0.425391
0.0537163;0.103984;-0.425391
0.0525779;0.111307;-0.425391
0.0590582;0.096662;-0.418068
0.0580651;0.103984;-0.418068
0.0569564;0.111307;-0.418068
0.0334074;0.115568;-0.451619
0.031903;0.122891;-0.451619
0.030278;0.130213;-0.451619
0.0389843;0.115568;-0.444297
0.0375228;0.122891;-0.444297
0.0359701;0.130213;-0.444297
0.0442164;0.115568;-0.436975
0.0428306;0.122891;-0.436975
0.0413229;0.130213;-0.436975
0.0292822;0.134475;-0.451619
0.0274903;0.141797;-0.451619
0.0255746;0.149119;-0.451619
0.0350115;0.134475;-0.444297
0.0332701;0.141797;-0.444297
0.0314262;0.149119;-0.444297
0.0403984;0.134475;-0.436975
0.0387358;0.141797;-0.436975
0.036951;0.149119;-0.436975
0.0471215;0.115568;-0.432713
0.0457675;0.122891;-0.432713
0.044297;0.130213;-0.432713
0.0518643;0.115568;-0.425391
0.0505501;0.122891;-0.425391
0.0491574;0.130213;-0.425391
0.0562738;0.115568;-0.418068
0.0550423;0.122891;-0.418068
0.0536918;0.130213;-0.418068
0.043394;0.134475;-0.432713
0.0417683;0.141797;-0.432713
0.0400262;0.149119;-0.432713
0.048294;0.134475;-0.425391
0.0467202;0.141797;-0.425391
0.0450575;0.149119;-0.425391
0.0528647;0.134475;-0.418068
0.0513774;0.141797;-0.418068
0.0497678;0.149119;-0.418068
0.0635482;0.0777558;-0.413807
0.0627988;0.0850781;-0.413807
0.0619447;0.0924005;-0.413807
0.0672356;0.0777558;-0.406484
0.0664985;0.0850781;-0.406484
0.0657202;0.0924005;-0.406484
0.0705807;0.0777558;-0.399162
0.0699268;0.0850781;-0.399162
0.0691618;0.0924005;-0.399162
0.0614135;0.096662;-0.413807
0.0604473;0.103984;-0.413807
0.0593727;0.111307;-0.413807
0.0652194;0.096662;-0.406484
0.0642772;0.103984;-0.406484
0.0632832;0.111307;-0.406484
0.068689;0.096662;-0.399162
0.0678348;0.103984;-0.399162
0.0668662;0.111307;-0.399162
0.0724027;0.0777558;-0.3949
0.0717724;0.0850781;-0.3949
0.0710389;0.0924005;-0.3949
0.0752987;0.0777558;-0.387578
0.0746762;0.0850781;-0.387578
0.07403;0.0924005;-0.387578
0.0778498;0.0777558;-0.380256
0.0773235;0.0850781;-0.380256
0.0766873;0.0924005;-0.380256
0.0705837;0.096662;-0.3949
0.0697582;0.103984;-0.3949
0.068826;0.111307;-0.3949
0.0736077;0.096662;-0.387578
0.0728022;0.103984;-0.387578
0.0719615;0.111307;-0.387578
0.0762955;0.096662;-0.380256
0.0755905;0.103984;-0.380256
0.0747718;0.111307;-0.380256
0.0587094;0.115568;-0.413807
0.0575097;0.122891;-0.413807
0.0561982;0.130213;-0.413807
0.0626551;0.115568;-0.406484
0.0614907;0.122891;-0.406484
0.0602636;0.130213;-0.406484
0.0662709;0.115568;-0.399162
0.0651985;0.122891;-0.399162
0.0640082;0.130213;-0.399162
0.055393;0.134475;-0.413807
0.0539418;0.141797;-0.413807
0.0523748;0.149119;-0.413807
0.0594982;0.134475;-0.406484
0.0580933;0.141797;-0.406484
0.0566124;0.149119;-0.406484
0.0632793;0.134475;-0.399162
0.061969;0.141797;-0.399162
0.0605367;0.149119;-0.399162
0.068251;0.115568;-0.3949
0.0672119;0.122891;-0.3949
0.0660621;0.130213;-0.3949
0.071424;0.115568;-0.387578
0.0704165;0.122891;-0.387578
0.0693611;0.130213;-0.387578
0.0742693;0.115568;-0.380256
0.0733654;0.122891;-0.380256
0.0723436;0.130213;-0.380256
0.0653558;0.134475;-0.3949
0.0640829;0.141797;-0.3949
0.0626953;0.149119;-0.3949
0.0686965;0.134475;-0.387578
0.0674665;0.141797;-0.387578
0.0661753;0.149119;-0.387578
0.0717179;0.134475;-0.380256
0.0705936;0.141797;-0.380256
0.0693469;0.149119;-0.380256
0.081431;0.00213077;-0.375994
0.0814592;0.00945312;-0.375994
0.0813965;0.0167755;-0.375994
0.0832341;0.00213077;-0.368672
0.0832095;0.00945312;-0.368672
0.0832201;0.0167755;-0.368672
0.0846441;0.00213077;-0.36135
0.0847018;0.00945312;-0.36135
0.0846618;0.0167755;-0.36135
0.0813517;0.021037;-0.375994
0.0812678;0.0283594;-0.375994
0.0810913;0.0356817;-0.375994
0.0831876;0.021037;-0.368672
0.0830666;0.0283594;-0.368672
0.0829729;0.0356817;-0.368672
0.0846396;0.021037;-0.36135
0.084611;0.0283594;-0.36135
0.0844831;0.0356817;-0.36135
0.085339;0.00213077;-0.357088
0.0854008;0.00945312;-0.357088
0.0853751;0.0167755;-0.357088
0.0862792;0.00213077;-0.349766
0.0862832;0.00945312;-0.349766
0.0863503;0.0167755;-0.349766
0.0868;0.00213077;-0.342443
0.0869084;0.00945312;-0.342443
0.0869225;0.0167755;-0.342443
0.0853609;0.021037;-0.357088
0.0853446;0.0283594;-0.357088
0.0852387;0.0356817;-0.357088
0.0863536;0.021037;-0.349766
0.0862974;0.0283594;-0.349766
0.086294;0.0356817;-0.349766
0.0869416;0.021037;-0.342443
0.0870002;0.0283594;-0.342443
0.0869621;0.0356817;-0.342443
0.0809778;0.0399433;-0.375994
0.0807706;0.0472656;-0.375994
0.0804683;0.054588;-0.375994
0.0828788;0.0399433;-0.368672
0.0826494;0.0472656;-0.368672
0.0824379;0.054588;-0.368672
0.0844065;0.0399433;-0.36135
0.0842779;0.0472656;-0.36135
0.0840475;0.054588;-0.36135
0.0802783;0.0588495;-0.375994
0.0799333;0.0661719;-0.375994
0.0794903;0.0734942;-0.375994
0.0822737;0.0588495;-0.368672
0.0819208;0.0661719;-0.368672
0.0815747;0.0734942;-0.368672
0.0839073;0.0588495;-0.36135
0.0836617;0.0661719;-0.36135
0.083311;0.0734942;-0.36135
0.0851744;0.0399433;-0.357088
0.0850653;0.0472656;-0.357088
0.0848636;0.054588;-0.357088
0.0862548;0.0399433;-0.349766
0.0861224;0.0472656;-0.349766
0.0860307;0.054588;-0.349766
0.0869466;0.0399433;-0.342443
0.086937;0.0472656;-0.342443
0.0868273;0.054588;-0.342443
0.0847394;0.0588495;-0.357088
0.0845198;0.0661719;-0.357088
0.0842035;0.0734942;-0.357088
0.0859381;0.0588495;-0.349766
0.0857102;0.0661719;-0.349766
0.0855094;0.0734942;-0.349766
0.086765;0.0588495;-0.342443
0.0866655;0.0661719;-0.342443
0.0864615;0.0734942;-0.342443
0.0869742;0.00213077;-0.338182
0.0870929;0.00945312;-0.338182
0.087128;0.0167755;-0.338182
0.0870108;0.00213077;-0.330859
0.0870707;0.00945312;-0.330859
0.0872246;0.0167755;-0.330859
0.0865964;0.00213077;-0.323537
0.0867904;0.00945312;-0.323537
0.086894;0.0167755;-0.323537
0.0871591;0.021037;-0.338182
0.087237;0.0283594;-0.338182
0.0872281;0.0356817;-0.338182
0.0872815;0.021037;-0.330859
0.087321;0.0283594;-0.330859
0.0874405;0.0356817;-0.330859
0.086976;0.021037;-0.323537
0.0871599;0.0283594;-0.323537
0.0872496;0.0356817;-0.323537
0.086222;0.00213077;-0.319275
0.0864368;0.00945312;-0.319275
0.0865722;0.0167755;-0.319275
0.0853061;0.00213077;-0.311953
0.0854682;0.00945312;-0.311953
0.0857578;0.0167755;-0.311953
0.0839063;0.00213077;-0.304631
0.0842432;0.00945312;-0.304631
0.0844943;0.0167755;-0.304631
0.0866726;0.021037;-0.319275
0.0868868;0.0283594;-0.319275
0.0870168;0.0356817;-0.319275
0.085897;0.021037;-0.311953
0.0860816;0.0283594;-0.311953
0.0863742;0.0356817;-0.311953
0.0846735;0.021037;-0.304631
0.085042;0.0283594;-0.304631
0.0853183;0.0356817;-0.304631
0.087229;0.0399433;-0.338182
0.0872463;0.0472656;-0.338182
0.0871726;0.054588;-0.338182
0.0874751;0.0399433;-0.330859
0.0874722;0.0472656;-0.330859
0.0875334;0.054588;-0.330859
0.0873175;0.0399433;-0.323537
0.0874658;0.0472656;-0.323537
0.0875148;0.054588;-0.323537
0.0871305;0.0588495;-0.338182
0.0870642;0.0661719;-0.338182
0.0869017;0.0734942;-0.338182
0.0875314;0.0588495;-0.330859
0.0874605;0.0661719;-0.330859
0.087437;0.0734942;-0.330859
0.0875524;0.0588495;-0.323537
0.0876366;0.0661719;-0.323537
0.0876156;0.0734942;-0.323537
0.0871077;0.0399433;-0.319275
0.0872939;0.0472656;-0.319275
0.0873898;0.054588;-0.319275
0.0865118;0.0399433;-0.311953
0.0866875;0.0472656;-0.311953
0.0869505;0.054588;-0.311953
0.0855037;0.0399433;-0.304631
0.0858676;0.0472656;-0.304631
0.0861317;0.054588;-0.304631
0.087454;0.0588495;-0.319275
0.0875818;0.0661719;-0.319275
0.0876124;0.0734942;-0.319275
0.0870669;0.0588495;-0.311953
0.0871996;0.0661719;-0.311953
0.0873983;0.0734942;-0.311953
0.0863013;0.0588495;-0.304631
0.0866224;0.0661719;-0.304631
0.0868356;0.0734942;-0.304631
0.0792144;0.0777558;-0.375994
0.0787148;0.0850781;-0.375994
0.0781133;0.0924005;-0.375994
0.0813303;0.0777558;-0.368672
0.080836;0.0850781;-0.368672
0.0803361;0.0924005;-0.368672
0.0830962;0.0777558;-0.36135
0.0827141;0.0850781;-0.36135
0.0822227;0.0924005;-0.36135
0.077741;0.096662;-0.375994
0.0770675;0.103984;-0.375994
0.0762881;0.111307;-0.375994
0.0800002;0.096662;-0.368672
0.0793443;0.103984;-0.368672
0.0786698;0.111307;-0.368672
0.0819212;0.096662;-0.36135
0.081381;0.103984;-0.36135
0.0807268;0.111307;-0.36135
0.084008;0.0777558;-0.357088
0.0836572;0.0850781;-0.357088
0.0832051;0.0924005;-0.357088
0.085351;0.0777558;-0.349766
0.0850055;0.0850781;-0.349766
0.0846727;0.0924005;-0.349766
0.0863387;0.0777558;-0.342443
0.0861253;0.0850781;-0.342443
0.0858022;0.0924005;-0.342443
0.0829256;0.096662;-0.357088
0.0824212;0.103984;-0.357088
0.0818106;0.111307;-0.357088
0.0844348;0.096662;-0.349766
0.0839478;0.103984;-0.349766
0.0834585;0.111307;-0.349766
0.0856044;0.096662;-0.342443
0.0852514;0.103984;-0.342443
0.0847831;0.111307;-0.342443
0.0758074;0.115568;-0.375994
0.0749393;0.122891;-0.375994
0.0739607;0.130213;-0.375994
0.0782299;0.115568;-0.368672
0.0773908;0.122891;-0.368672
0.0765193;0.130213;-0.368672
0.0803254;0.115568;-0.36135
0.0796041;0.122891;-0.36135
0.078764;0.130213;-0.36135
0.0733592;0.134475;-0.375994
0.0722744;0.141797;-0.375994
0.0710746;0.149119;-0.375994
0.0759623;0.134475;-0.368672
0.0749172;0.141797;-0.368672
0.0738254;0.149119;-0.368672
0.0782489;0.134475;-0.36135
0.0773226;0.141797;-0.36135
0.0762722;0.149119;-0.36135
0.0814335;0.115568;-0.357088
0.0807518;0.122891;-0.357088
0.0799586;0.130213;-0.357088
0.0831267;0.115568;-0.349766
0.0824733;0.122891;-0.349766
0.0818022;0.130213;-0.349766
0.0844949;0.115568;-0.342443
0.0839758;0.122891;-0.342443
0.0833357;0.130213;-0.342443
0.0794697;0.134475;-0.357088
0.0785861;0.141797;-0.357088
0.0775858;0.149119;-0.357088
0.0813617;0.134475;-0.349766
0.0805162;0.141797;-0.349766
0.0796376;0.149119;-0.349766
0.0829415;0.134475;-0.342443
0.0822297;0.141797;-0.342443
0.081391;0.149119;-0.342443
0.0868023;0.0777558;-0.338182
0.086627;0.0850781;-0.338182
0.0863498;0.0924005;-0.338182
0.0873826;0.0777558;-0.330859
0.0872161;0.0850781;-0.330859
0.0870797;0.0924005;-0.330859
0.0876056;0.0777558;-0.323537
0.0875955;0.0850781;-0.323537
0.0874738;0.0924005;-0.323537
0.0861776;0.096662;-0.338182
0.0858666;0.103984;-0.338182
0.0854477;0.111307;-0.338182
0.0869562;0.096662;-0.330859
0.0866654;0.103984;-0.330859
0.0863871;0.111307;-0.330859
0.0873982;0.096662;-0.323537
0.087263;0.103984;-0.323537
0.0870094;0.111307;-0.323537
0.0876314;0.0777558;-0.319275
0.0876688;0.0850781;-0.319275
0.0876019;0.0924005;-0.319275
0.0874733;0.0777558;-0.311953
0.0875278;0.0850781;-0.311953
0.0876274;0.0924005;-0.311953
0.0869669;0.0777558;-0.304631
0.0872069;0.0850781;-0.304631
0.087331;0.0924005;-0.304631
0.087557;0.096662;-0.319275
0.0874718;0.103984;-0.319275
0.0872752;0.111307;-0.319275
0.0876405;0.096662;-0.311953
0.087582;0.103984;-0.311953
0.0875483;0.111307;-0.311953
0.0874021;0.096662;-0.304631
0.0875239;0.103984;-0.304631
0.087522;0.111307;-0.304631
0.0851869;0.115568;-0.338182
0.0847127;0.122891;-0.338182
0.0841246;0.130213;-0.338182
0.0861778;0.115568;-0.330859
0.0857335;0.122891;-0.330859
0.0852847;0.130213;-0.330859
0.0868503;0.115568;-0.323537
0.0865594;0.122891;-0.323537
0.0861435;0.130213;-0.323537
0.0837593;0.134475;-0.338182
0.0830946;0.141797;-0.338182
0.0823098;0.149119;-0.338182
0.0849727;0.134475;-0.330859
0.0843461;0.141797;-0.330859
0.0836984;0.149119;-0.330859
0.0858832;0.134475;-0.323537
0.0854069;0.141797;-0.323537
0.0847989;0.149119;-0.323537
0.0871477;0.115568;-0.319275
0.0869084;0.122891;-0.319275
0.0865506;0.130213;-0.319275
0.0874799;0.115568;-0.311953
0.0872746;0.122891;-0.311953
0.087075;0.130213;-0.311953
0.0875119;0.115568;-0.304631
0.0874805;0.122891;-0.304631
0.0873179;0.130213;-0.304631
0.0863225;0.134475;-0.319275
0.0858984;0.141797;-0.319275
0.0853492;0.149119;-0.319275
0.0869061;0.134475;-0.311953
0.086522;0.141797;-0.311953
0.0861256;0.149119;-0.311953
0.087207;0.134475;-0.304631
0.0869898;0.141797;-0.304631
0.0866344;0.149119;-0.304631
0.0243987;0.153381;-0.451619
0.0222829;0.160703;-0.451619
0.0200467;0.168025;-0.451619
0.0302987;0.153381;-0.444297
0.0282628;0.160703;-0.444297
0.0261056;0.168025;-0.444297
0.0358616;0.153381;-0.436975
0.033907;0.160703;-0.436975
0.031826;0.168025;-0.436975
0.0186892;0.172287;-0.451619
0.0162635;0.179609;-0.451619
0.0137114;0.186932;-0.451619
0.0247927;0.172287;-0.444297
0.022443;0.179609;-0.444297
0.0199681;0.186932;-0.444297
0.0305597;0.172287;-0.436975
0.0282927;0.179609;-0.436975
0.025895;0.186932;-0.436975
0.0389599;0.153381;-0.432713
0.0370438;0.160703;-0.432713
0.0350103;0.168025;-0.432713
0.0440359;0.153381;-0.425391
0.0421851;0.160703;-0.425391
0.0402304;0.168025;-0.425391
0.0487852;0.153381;-0.418068
0.0470218;0.160703;-0.418068
0.0451313;0.168025;-0.418068
0.0337714;0.172287;-0.432713
0.0315479;0.179609;-0.432713
0.029197;0.186932;-0.432713
0.0390364;0.172287;-0.425391
0.0368857;0.179609;-0.425391
0.0346167;0.186932;-0.425391
0.0439795;0.172287;-0.418068
0.0419177;0.179609;-0.418068
0.0397276;0.186932;-0.418068
0.0121573;0.191193;-0.451619
0.00937097;0.198516;-0.451619
0.00645218;0.205838;-0.451619
0.0184552;0.191193;-0.444297
0.0157499;0.198516;-0.444297
0.0129396;0.205838;-0.444297
0.024435;0.191193;-0.436975
0.0218228;0.198516;-0.436975
0.0190814;0.205838;-0.436975
0.00548485;0.208193;-0.451619
0.0120116;0.208193;-0.444297
0.0181704;0.208193;-0.436975
0.00516625;0.208965;-0.451619
0.0117021;0.208965;-0.444297
0.0178668;0.208965;-0.436975
0.00484581;0.209736;-0.451619
0.0113909;0.209736;-0.444297
0.0175619;0.209736;-0.436975
0.00469677;0.211867;-0.45081
0.010919;0.211867;-0.443841
0.0167976;0.211867;-0.436872
0.00444224;0.218418;-0.448006
0.0095499;0.218418;-0.442261
0.0144233;0.218418;-0.436516
0.00409341;0.224969;-0.44517
0.00809928;0.224969;-0.440663
0.0119687;0.224969;-0.436155
0.0277687;0.191193;-0.432713
0.0252096;0.198516;-0.432713
0.0225102;0.205838;-0.432713
0.0332371;0.191193;-0.425391
0.0307648;0.198516;-0.425391
0.0281636;0.205838;-0.425391
0.0383968;0.191193;-0.418068
0.0360192;0.198516;-0.418068
0.0335121;0.205838;-0.418068
0.0208752;0.2101;-0.432713
0.0179679;0.217422;-0.432713
0.0149291;0.224744;-0.432713
0.026597;0.2101;-0.425391
0.0237896;0.217422;-0.425391
0.0208049;0.224744;-0.425391
0.0319883;0.2101;-0.418068
0.0292614;0.217422;-0.418068
0.0263995;0.224744;-0.418068
0.0514157;0.153381;-0.413807
0.0496915;0.160703;-0.413807
0.0478478;0.168025;-0.413807
0.0556972;0.153381;-0.406484
0.0540311;0.160703;-0.406484
0.0522756;0.168025;-0.406484
0.059662;0.153381;-0.399162
0.0580928;0.160703;-0.399162
0.0563978;0.168025;-0.399162
0.0467226;0.172287;-0.413807
0.044705;0.179609;-0.413807
0.0425668;0.186932;-0.413807
0.0511987;0.172287;-0.406484
0.0492519;0.179609;-0.406484
0.047203;0.186932;-0.406484
0.0553653;0.172287;-0.399162
0.0535166;0.179609;-0.399162
0.0515383;0.186932;-0.399162
0.0618456;0.153381;-0.3949
0.0603176;0.160703;-0.3949
0.0586711;0.168025;-0.3949
0.0653713;0.153381;-0.387578
0.0638972;0.160703;-0.387578
0.062348;0.168025;-0.387578
0.0685852;0.153381;-0.380256
0.0672181;0.160703;-0.380256
0.0657238;0.168025;-0.380256
0.0576657;0.172287;-0.3949
0.0558611;0.179609;-0.3949
0.053934;0.186932;-0.3949
0.0613916;0.172287;-0.387578
0.0596512;0.179609;-0.387578
0.0578208;0.186932;-0.387578
0.0648127;0.172287;-0.380256
0.0631795;0.179609;-0.380256
0.0614143;0.186932;-0.380256
0.0412663;0.191193;-0.413807
0.0389376;0.198516;-0.413807
0.0364816;0.205838;-0.413807
0.0459543;0.191193;-0.406484
0.0437051;0.198516;-0.406484
0.041333;0.205838;-0.406484
0.0503355;0.191193;-0.399162
0.0481828;0.198516;-0.399162
0.045895;0.205838;-0.399162
0.0349837;0.2101;-0.413807
0.0323064;0.217422;-0.413807
0.0295147;0.224744;-0.413807
0.0398934;0.2101;-0.406484
0.0373173;0.217422;-0.406484
0.034607;0.224744;-0.406484
0.0445069;0.2101;-0.399162
0.0420281;0.217422;-0.399162
0.0394105;0.224744;-0.399162
0.0527593;0.191193;-0.3949
0.0506538;0.198516;-0.3949
0.0484227;0.205838;-0.3949
0.0566984;0.191193;-0.387578
0.0546684;0.198516;-0.387578
0.0525337;0.205838;-0.387578
0.0603402;0.191193;-0.380256
0.0584175;0.198516;-0.380256
0.0563576;0.205838;-0.380256
0.0470651;0.2101;-0.3949
0.0446353;0.217422;-0.3949
0.0420772;0.224744;-0.3949
0.0512316;0.2101;-0.387578
0.0488885;0.217422;-0.387578
0.0464266;0.224744;-0.387578
0.0551069;0.2101;-0.380256
0.0528707;0.217422;-0.380256
0.050491;0.224744;-0.380256
0.00389497;0.229006;-0.443341
0.00719166;0.229006;-0.439632
0.0104068;0.229006;-0.435923
0.00359313;0.236328;-0.439885
0.0055462;0.236328;-0.437685
0.00746582;0.236328;-0.435484
0.00322632;0.24365;-0.436382
0.00380347;0.24365;-0.435711
0.0043749;0.24365;-0.435039
0.00306307;0.245893;-0.435296
0.00322881;0.245893;-0.435099
0.00339395;0.245893;-0.434901
0.00304437;0.246278;-0.435099
0.00313721;0.246278;-0.434987
0.00322987;0.246278;-0.434876
0.00302321;0.246663;-0.434901
0.00304401;0.246663;-0.434876
0.00306479;0.246663;-0.434851
0.0131026;0.229006;-0.432713
0.00984043;0.236328;-0.432713
0.00640043;0.24365;-0.432713
0.0190209;0.229006;-0.425391
0.0158796;0.236328;-0.425391
0.0125591;0.24365;-0.425391
0.0246679;0.229006;-0.418068
0.0215842;0.236328;-0.418068
0.0183645;0.24365;-0.418068
0.00531153;0.245893;-0.432713
0.0115053;0.245893;-0.425391
0.0173501;0.245893;-0.418068
0.0051263;0.246278;-0.432713
0.0113226;0.246278;-0.425391
0.0171744;0.246278;-0.418068
0.00494036;0.246663;-0.432713
0.0111395;0.246663;-0.425391
0.0169983;0.246663;-0.418068
0.00481012;0.248793;-0.431663
0.0106067;0.248793;-0.424799
0.0161198;0.248793;-0.417935
0.00446348;0.255731;-0.428019
0.00892073;0.255731;-0.422746
0.0132017;0.255731;-0.417472
0.00408768;0.262669;-0.424323
0.00717979;0.262669;-0.420663
0.0101531;0.262669;-0.417003
0.00391727;0.266118;-0.422425
0.00628948;0.266118;-0.419593
0.00857787;0.266118;-0.416762
0.00366199;0.271035;-0.419612
0.00499008;0.271035;-0.418008
0.00628953;0.271035;-0.416404
0.00338328;0.275952;-0.41677
0.00368495;0.275952;-0.416407
0.00398523;0.275952;-0.416043
0.0278171;0.229006;-0.413807
0.024776;0.236328;-0.413807
0.021613;0.24365;-0.413807
0.0329669;0.229006;-0.406484
0.0300435;0.236328;-0.406484
0.0269802;0.24365;-0.406484
0.0378272;0.229006;-0.399162
0.0350028;0.236328;-0.399162
0.0320292;0.24365;-0.399162
0.0197027;0.247912;-0.413807
0.0162933;0.255234;-0.413807
0.0127414;0.262557;-0.413807
0.0251083;0.247912;-0.406484
0.021775;0.255234;-0.406484
0.0183496;0.262557;-0.406484
0.0302319;0.247912;-0.399162
0.0270287;0.255234;-0.399162
0.0236667;0.262557;-0.399162
0.0405262;0.229006;-0.3949
0.0377511;0.236328;-0.3949
0.0348343;0.24365;-0.3949
0.04493;0.229006;-0.387578
0.0422474;0.236328;-0.387578
0.039435;0.24365;-0.387578
0.0490483;0.229006;-0.380256
0.0464741;0.236328;-0.380256
0.0437539;0.24365;-0.380256
0.0330791;0.247912;-0.3949
0.0299456;0.255234;-0.3949
0.0266333;0.262557;-0.3949
0.0377309;0.247912;-0.387578
0.0346877;0.255234;-0.387578
0.0315068;0.262557;-0.387578
0.042108;0.247912;-0.380256
0.0391779;0.255234;-0.380256
0.0361025;0.262557;-0.380256
0.0109541;0.266118;-0.413807
0.0166425;0.266118;-0.406484
0.0219652;0.266118;-0.399162
0.00842433;0.271035;-0.413807
0.0142003;0.271035;-0.406484
0.0195536;0.271035;-0.399162
0.00583982;0.275952;-0.413807
0.0116584;0.275952;-0.406484
0.0170909;0.275952;-0.399162
0.0050409;0.278082;-0.413393
0.0107052;0.278082;-0.406251
0.0160455;0.278082;-0.399109
0.00489478;0.280488;-0.411964
0.0100257;0.280488;-0.405446
0.0149448;0.280488;-0.398928
0.00471371;0.282894;-0.410528
0.00933141;0.282894;-0.404637
0.0138383;0.282894;-0.398746
0.00450064;0.285725;-0.408769
0.0085242;0.285725;-0.403645
0.0125172;0.285725;-0.398522
0.00406828;0.293047;-0.404113
0.00655151;0.293047;-0.401022
0.00900569;0.293047;-0.397931
0.00375314;0.300369;-0.399377
0.00452163;0.300369;-0.398353
0.00527425;0.300369;-0.397329
0.0246209;0.266818;-0.3949
0.0210636;0.274141;-0.3949
0.0173904;0.281463;-0.3949
0.0296;0.266818;-0.387578
0.0261744;0.274141;-0.387578
0.02252;0.281463;-0.387578
0.0342319;0.266818;-0.380256
0.0308865;0.274141;-0.380256
0.0273992;0.281463;-0.380256
0.0152133;0.285725;-0.3949
0.011315;0.293047;-0.3949
0.00715367;0.300369;-0.3949
0.0203631;0.285725;-0.387578
0.0166088;0.293047;-0.387578
0.0126252;0.300369;-0.387578
0.0253053;0.285725;-0.380256
0.0215934;0.293047;-0.380256
0.0177261;0.300369;-0.380256
0.0703389;0.153381;-0.375994
0.0690145;0.160703;-0.375994
0.0675703;0.168025;-0.375994
0.0731376;0.153381;-0.368672
0.0718629;0.160703;-0.368672
0.070527;0.168025;-0.368672
0.0756293;0.153381;-0.36135
0.0744737;0.160703;-0.36135
0.0731885;0.168025;-0.36135
0.0666871;0.172287;-0.375994
0.0650994;0.179609;-0.375994
0.0633875;0.186932;-0.375994
0.0696945;0.172287;-0.368672
0.0681663;0.179609;-0.368672
0.0665622;0.186932;-0.368672
0.0724036;0.172287;-0.36135
0.070994;0.179609;-0.36135
0.0694494;0.186932;-0.36135
0.0769707;0.153381;-0.357088
0.0758604;0.160703;-0.357088
0.0746279;0.168025;-0.357088
0.0790734;0.153381;-0.349766
0.07801;0.160703;-0.349766
0.0768984;0.168025;-0.349766
0.0808753;0.153381;-0.342443
0.0799443;0.160703;-0.342443
0.0788803;0.168025;-0.342443
0.0738721;0.172287;-0.357088
0.07251;0.179609;-0.357088
0.0710204;0.186932;-0.357088
0.0761955;0.172287;-0.349766
0.0748886;0.179609;-0.349766
0.0735185;0.186932;-0.349766
0.0782278;0.172287;-0.342443
0.0770516;0.179609;-0.342443
0.0757362;0.186932;-0.342443
0.0623428;0.191193;-0.375994
0.060468;0.198516;-0.375994
0.0584643;0.205838;-0.375994
0.0655709;0.191193;-0.368672
0.0637649;0.198516;-0.368672
0.0618683;0.205838;-0.368672
0.0685081;0.191193;-0.36135
0.0668199;0.198516;-0.36135
0.064991;0.205838;-0.36135
0.0572444;0.2101;-0.375994
0.0550582;0.217422;-0.375994
0.0527369;0.224744;-0.375994
0.0607038;0.2101;-0.368672
0.0585952;0.217422;-0.368672
0.0563817;0.224744;-0.368672
0.0638788;0.2101;-0.36135
0.0618877;0.217422;-0.36135
0.0597502;0.224744;-0.36135
0.0701093;0.191193;-0.357088
0.0684705;0.198516;-0.357088
0.0666989;0.205838;-0.357088
0.0726622;0.191193;-0.349766
0.0710864;0.198516;-0.349766
0.069433;0.205838;-0.349766
0.074932;0.191193;-0.342443
0.0734851;0.198516;-0.342443
0.071893;0.205838;-0.342443
0.0656182;0.2101;-0.357088
0.0636784;0.217422;-0.357088
0.0616004;0.224744;-0.357088
0.0684088;0.2101;-0.349766
0.0665394;0.217422;-0.349766
0.0645784;0.224744;-0.349766
0.0709223;0.2101;-0.342443
0.0691803;0.217422;-0.342443
0.0672869;0.224744;-0.342443
0.081824;0.153381;-0.338182
0.0809417;0.160703;-0.338182
0.0799334;0.168025;-0.338182
0.0832673;0.153381;-0.330859
0.0824304;0.160703;-0.330859
0.0815563;0.168025;-0.330859
0.0844206;0.153381;-0.323537
0.0837302;0.160703;-0.323537
0.0829017;0.168025;-0.323537
0.0793116;0.172287;-0.338182
0.0781854;0.179609;-0.338182
0.0769271;0.186932;-0.338182
0.0809902;0.172287;-0.330859
0.0799157;0.179609;-0.330859
0.078789;0.186932;-0.330859
0.0823891;0.172287;-0.323537
0.0814575;0.179609;-0.323537
0.0803813;0.186932;-0.323537
0.0850033;0.153381;-0.319275
0.0843655;0.160703;-0.319275
0.0835959;0.168025;-0.319275
0.0858386;0.153381;-0.311953
0.0852455;0.160703;-0.311953
0.0846235;0.168025;-0.311953
0.0864047;0.153381;-0.304631
0.0859715;0.160703;-0.304631
0.0853936;0.168025;-0.304631
0.0831158;0.172287;-0.319275
0.0822368;0.179609;-0.319275
0.0812198;0.186932;-0.319275
0.0842018;0.172287;-0.311953
0.0833715;0.179609;-0.311953
0.0824971;0.186932;-0.311953
0.0850282;0.172287;-0.304631
0.0843514;0.179609;-0.304631
0.0835235;0.186932;-0.304631
0.0761543;0.191193;-0.338182
0.0747585;0.198516;-0.338182
0.0732248;0.205838;-0.338182
0.0780726;0.191193;-0.330859
0.0767344;0.198516;-0.330859
0.0753297;0.205838;-0.330859
0.079719;0.191193;-0.323537
0.0785203;0.198516;-0.323537
0.0771706;0.205838;-0.323537
0.0722863;0.2101;-0.338182
0.0705963;0.217422;-0.338182
0.0687627;0.224744;-0.338182
0.0744483;0.2101;-0.330859
0.0728212;0.217422;-0.330859
0.0711144;0.224744;-0.330859
0.076344;0.2101;-0.323537
0.0748537;0.217422;-0.323537
0.0732058;0.224744;-0.323537
0.08059;0.191193;-0.319275
0.0794439;0.198516;-0.319275
0.0781536;0.205838;-0.319275
0.0819252;0.191193;-0.311953
0.0808313;0.198516;-0.311953
0.0796796;0.205838;-0.311953
0.0830073;0.191193;-0.304631
0.0820615;0.198516;-0.304631
0.0809583;0.205838;-0.304631
0.0773595;0.2101;-0.319275
0.0759219;0.217422;-0.319275
0.0743339;0.224744;-0.319275
0.0789429;0.2101;-0.311953
0.0775606;0.217422;-0.311953
0.0761082;0.224744;-0.311953
0.0802769;0.2101;-0.304631
0.0790387;0.217422;-0.304631
0.0776365;0.224744;-0.304631
0.0513272;0.229006;-0.375994
0.0488069;0.236328;-0.375994
0.0461474;0.24365;-0.375994
0.0550299;0.229006;-0.368672
0.0525959;0.236328;-0.368672
0.050045;0.24365;-0.368672
0.0584532;0.229006;-0.36135
0.0561364;0.236328;-0.36135
0.0536693;0.24365;-0.36135
0.0445385;0.247912;-0.375994
0.0416669;0.255234;-0.375994
0.0386439;0.262557;-0.375994
0.0484967;0.247912;-0.368672
0.0457139;0.255234;-0.368672
0.0427861;0.262557;-0.368672
0.0521747;0.247912;-0.36135
0.0495051;0.255234;-0.36135
0.0466765;0.262557;-0.36135
0.0603362;0.229006;-0.357088
0.0580725;0.236328;-0.357088
0.0556658;0.24365;-0.357088
0.0633725;0.229006;-0.349766
0.0611856;0.236328;-0.349766
0.0588931;0.24365;-0.349766
0.0661359;0.229006;-0.342443
0.0640747;0.236328;-0.342443
0.0618554;0.24365;-0.342443
0.0542038;0.247912;-0.357088
0.0515891;0.255234;-0.357088
0.048828;0.262557;-0.357088
0.0574913;0.247912;-0.349766
0.0549618;0.255234;-0.349766
0.0523114;0.262557;-0.349766
0.0605098;0.247912;-0.342443
0.0581048;0.255234;-0.342443
0.0555345;0.262557;-0.342443
0.0367963;0.266818;-0.375994
0.0335073;0.274141;-0.375994
0.0301167;0.281463;-0.375994
0.0410155;0.266818;-0.368672
0.0378597;0.274141;-0.368672
0.0345532;0.281463;-0.368672
0.0449668;0.266818;-0.36135
0.0419235;0.274141;-0.36135
0.0387192;0.281463;-0.36135
0.028067;0.285725;-0.375994
0.0243891;0.293047;-0.375994
0.0205636;0.300369;-0.375994
0.0325629;0.285725;-0.368672
0.0290102;0.293047;-0.368672
0.0252696;0.300369;-0.368672
0.0367867;0.285725;-0.36135
0.0333403;0.293047;-0.36135
0.02971;0.300369;-0.36135
0.047152;0.266818;-0.357088
0.0441602;0.274141;-0.357088
0.0410241;0.281463;-0.357088
0.0506985;0.266818;-0.349766
0.0478029;0.274141;-0.349766
0.0447742;0.281463;-0.349766
0.0539806;0.266818;-0.342443
0.0512095;0.274141;-0.342443
0.0482636;0.281463;-0.342443
0.0391252;0.285725;-0.357088
0.0357324;0.293047;-0.357088
0.0321832;0.300369;-0.357088
0.0429351;0.285725;-0.349766
0.0396469;0.293047;-0.349766
0.0362235;0.300369;-0.349766
0.0464872;0.285725;-0.342443
0.0433289;0.293047;-0.342443
0.0399902;0.300369;-0.342443
0.0676443;0.229006;-0.338182
0.065636;0.236328;-0.338182
0.0634783;0.24365;-0.338182
0.070054;0.229006;-0.330859
0.0681137;0.236328;-0.330859
0.066081;0.24365;-0.330859
0.072201;0.229006;-0.323537
0.0703956;0.236328;-0.323537
0.0684255;0.24365;-0.323537
0.0621657;0.247912;-0.338182
0.0598145;0.255234;-0.338182
0.0573088;0.262557;-0.338182
0.0648276;0.247912;-0.330859
0.0625502;0.255234;-0.330859
0.0601692;0.262557;-0.330859
0.0672289;0.247912;-0.323537
0.0650861;0.255234;-0.323537
0.0627705;0.262557;-0.323537
0.0733617;0.229006;-0.319275
0.0716091;0.236328;-0.319275
0.0697;0.24365;-0.319275
0.0751932;0.229006;-0.311953
0.0734991;0.236328;-0.311953
0.071724;0.24365;-0.311953
0.0767768;0.229006;-0.304631
0.0752242;0.236328;-0.304631
0.0735007;0.24365;-0.304631
0.0685364;0.247912;-0.319275
0.0664466;0.255234;-0.319275
0.0641934;0.262557;-0.319275
0.0706176;0.247912;-0.311953
0.0685891;0.255234;-0.311953
0.0664705;0.262557;-0.311953
0.0724503;0.247912;-0.304631
0.0705628;0.255234;-0.304631
0.0684968;0.262557;-0.304631
0.0557889;0.266818;-0.338182
0.0530717;0.274141;-0.338182
0.0501934;0.281463;-0.338182
0.0587091;0.266818;-0.330859
0.0560709;0.274141;-0.330859
0.0533202;0.281463;-0.330859
0.061369;0.266818;-0.323537
0.0588671;0.274141;-0.323537
0.0561839;0.281463;-0.323537
0.0484532;0.285725;-0.338182
0.0453509;0.293047;-0.338182
0.0420803;0.300369;-0.338182
0.0516409;0.285725;-0.330859
0.0486213;0.293047;-0.330859
0.0454835;0.300369;-0.330859
0.0545663;0.285725;-0.323537
0.0516867;0.293047;-0.323537
0.0486138;0.300369;-0.323537
0.0628255;0.266818;-0.319275
0.0603775;0.274141;-0.319275
0.0577587;0.281463;-0.319275
0.0651603;0.266818;-0.311953
0.0627761;0.274141;-0.311953
0.060295;0.281463;-0.311953
0.0672441;0.266818;-0.304631
0.0650028;0.274141;-0.304631
0.0625736;0.281463;-0.304631
0.0561754;0.285725;-0.319275
0.0533498;0.293047;-0.319275
0.0503426;0.300369;-0.319275
0.0587691;0.285725;-0.311953
0.0560074;0.293047;-0.311953
0.0531444;0.300369;-0.311953
0.0611069;0.285725;-0.304631
0.0584929;0.293047;-0.304631
0.0556817;0.300369;-0.304631
0.0035327;0.302657;-0.397876
0.00379104;0.302657;-0.397507
0.00404667;0.302657;-0.397139
0.00348444;0.303197;-0.397508
0.00362646;0.303197;-0.3973
0.00376757;0.303197;-0.397092
0.00342205;0.303736;-0.397139
0.00345321;0.303736;-0.397092
0.00348432;0.303736;-0.397045
0.00580205;0.302657;-0.3949
0.0113318;0.302657;-0.387578
0.0164835;0.302657;-0.380256
0.00548843;0.303197;-0.3949
0.0110199;0.303197;-0.387578
0.0161838;0.303197;-0.380256
0.00517241;0.303736;-0.3949
0.010707;0.303736;-0.387578
0.0158834;0.303736;-0.380256
0.00497388;0.305867;-0.393522
0.0100335;0.305867;-0.386801
0.0148105;0.305867;-0.380081
0.0045232;0.31265;-0.388734
0.00802778;0.31265;-0.384103
0.0113644;0.31265;-0.379472
0.0041539;0.319433;-0.383862
0.00601964;0.319433;-0.381358
0.00779795;0.319433;-0.378854
0.00402305;0.322045;-0.381947
0.00522861;0.322045;-0.380279
0.00638722;0.322045;-0.37861
0.00389697;0.324241;-0.380285
0.00454874;0.324241;-0.379342
0.00518425;0.324241;-0.378399
0.00367296;0.326437;-0.378613
0.00381266;0.326437;-0.3784
0.00395145;0.326437;-0.378187
0.0182667;0.304631;-0.375994
0.0141805;0.311953;-0.375994
0.00991129;0.319275;-0.375994
0.0230286;0.304631;-0.368672
0.0190745;0.311953;-0.368672
0.0149361;0.319275;-0.368672
0.0275421;0.304631;-0.36135
0.0237119;0.311953;-0.36135
0.0196748;0.319275;-0.36135
0.00824921;0.322045;-0.375994
0.0133209;0.322045;-0.368672
0.0180941;0.322045;-0.36135
0.00691086;0.324241;-0.375994
0.0120189;0.324241;-0.368672
0.0168252;0.324241;-0.36135
0.00554985;0.326437;-0.375994
0.0107005;0.326437;-0.368672
0.0155411;0.326437;-0.36135
0.00505832;0.328568;-0.374827
0.00985658;0.328568;-0.368014
0.0143759;0.328568;-0.361201
0.00472895;0.333694;-0.370779
0.00826202;0.333694;-0.365733
0.011619;0.333694;-0.360687
0.00437899;0.338821;-0.366675
0.00662698;0.338821;-0.36342
0.00878638;0.338821;-0.360166
0.0300557;0.304631;-0.357088
0.0262752;0.311953;-0.357088
0.0223025;0.319275;-0.357088
0.0341545;0.304631;-0.349766
0.0304578;0.311953;-0.349766
0.0266043;0.319275;-0.349766
0.0379844;0.304631;-0.342443
0.0344203;0.311953;-0.342443
0.0306549;0.319275;-0.342443
0.0198985;0.323537;-0.357088
0.0156297;0.330859;-0.357088
0.0111933;0.338182;-0.357088
0.0242779;0.323537;-0.349766
0.0201363;0.330859;-0.349766
0.0158309;0.338182;-0.349766
0.0284036;0.323537;-0.342443
0.0244265;0.330859;-0.342443
0.0202334;0.338182;-0.342443
0.00421026;0.341149;-0.364771
0.00586816;0.341149;-0.362348
0.00747286;0.341149;-0.359924
0.00400217;0.344023;-0.36236
0.00492829;0.344023;-0.360989
0.00583664;0.344023;-0.359618
0.00377944;0.346897;-0.359929
0.00398618;0.346897;-0.359619
0.00419199;0.346897;-0.359309
0.0150353;0.342443;-0.346897
0.0105082;0.349766;-0.346897
0.00575014;0.357088;-0.346897
0.0167689;0.342443;-0.344023
0.0122693;0.349766;-0.344023
0.00755304;0.357088;-0.344023
0.0184603;0.342443;-0.341149
0.0139822;0.349766;-0.341149
0.00931997;0.357088;-0.341149
0.00870121;0.341297;-0.357924
0.00655937;0.344679;-0.357924
0.00439219;0.348062;-0.357924
0.0112988;0.341801;-0.353476
0.00810841;0.346918;-0.353476
0.00482271;0.352034;-0.353476
0.0138095;0.342299;-0.349027
0.00957658;0.349128;-0.349027
0.00514397;0.355956;-0.349027
0.00425996;0.359309;-0.346897
0.00404821;0.359619;-0.346897
0.00383666;0.359929;-0.346897
0.0058715;0.359618;-0.344023
0.00495194;0.360989;-0.344023
0.00403412;0.36236;-0.344023
0.00746208;0.359924;-0.341149
0.00586127;0.362348;-0.341149
0.00426204;0.364771;-0.341149
0.0401101;0.304631;-0.338182
0.0366037;0.311953;-0.338182
0.0329132;0.319275;-0.338182
0.0435724;0.304631;-0.330859
0.0401443;0.311953;-0.330859
0.0365948;0.319275;-0.330859
0.0467655;0.304631;-0.323537
0.0434844;0.311953;-0.323537
0.0400011;0.319275;-0.323537
0.030701;0.323537;-0.338182
0.0267829;0.330859;-0.338182
0.0226656;0.338182;-0.338182
0.0344446;0.323537;-0.330859
0.0305941;0.330859;-0.330859
0.026601;0.338182;-0.330859
0.0379142;0.323537;-0.323537
0.0342136;0.330859;-0.323537
0.0302866;0.338182;-0.323537
0.0485302;0.304631;-0.319275
0.0453069;0.311953;-0.319275
0.0418931;0.319275;-0.319275
0.0513923;0.304631;-0.311953
0.0482352;0.311953;-0.311953
0.0449732;0.319275;-0.311953
0.0539925;0.304631;-0.304631
0.0509905;0.311953;-0.304631
0.0477741;0.319275;-0.304631
0.039841;0.323537;-0.319275
0.0361971;0.330859;-0.319275
0.0323487;0.338182;-0.319275
0.0429797;0.323537;-0.311953
0.0393979;0.330859;-0.311953
0.0357167;0.338182;-0.311953
0.045845;0.323537;-0.304631
0.0424323;0.330859;-0.304631
0.0388014;0.338182;-0.304631
0.0201678;0.342443;-0.338182
0.015728;0.349766;-0.338182
0.0111256;0.357088;-0.338182
0.02419;0.342443;-0.330859
0.0198902;0.349766;-0.330859
0.0154318;0.357088;-0.330859
0.0279393;0.342443;-0.323537
0.0238219;0.349766;-0.323537
0.0195074;0.357088;-0.323537
0.0152745;0.36135;-0.326437
0.0105718;0.368672;-0.326437
0.00571467;0.375994;-0.326437
0.0165002;0.36135;-0.324241
0.0118158;0.368672;-0.324241
0.00694835;0.375994;-0.324241
0.0177055;0.36135;-0.322045
0.0130401;0.368672;-0.322045
0.00816222;0.375994;-0.322045
0.00874401;0.360166;-0.338821
0.0066119;0.36342;-0.338821
0.00447843;0.366675;-0.338821
0.0115036;0.360687;-0.333694
0.00823371;0.365733;-0.333694
0.00493335;0.370779;-0.333694
0.0141599;0.361201;-0.328568
0.00977468;0.368014;-0.328568
0.00527956;0.374827;-0.328568
0.0300414;0.342443;-0.319275
0.0259829;0.349766;-0.319275
0.0217496;0.357088;-0.319275
0.0334909;0.342443;-0.311953
0.0294931;0.349766;-0.311953
0.0253447;0.357088;-0.311953
0.0366457;0.342443;-0.304631
0.0328138;0.349766;-0.304631
0.0286751;0.357088;-0.304631
0.0191606;0.36135;-0.319275
0.0145112;0.368672;-0.319275
0.00970376;0.375994;-0.319275
0.0228174;0.36135;-0.311953
0.0183109;0.368672;-0.311953
0.0136954;0.375994;-0.311953
0.0262489;0.36135;-0.304631
0.0220492;0.368672;-0.304631
0.0175373;0.375994;-0.304631
0.0042231;0.378187;-0.326437
0.00405488;0.3784;-0.326437
0.00388749;0.378613;-0.326437
0.00528765;0.378399;-0.324241
0.0045764;0.379342;-0.324241
0.00387989;0.380285;-0.324241
0.00634306;0.37861;-0.322045
0.00513813;0.380279;-0.322045
0.00398145;0.381947;-0.322045
0.0152088;0.380256;-0.303736
0.0103346;0.387578;-0.303736
0.00541551;0.3949;-0.303736
0.0154702;0.380256;-0.303197
0.0105872;0.387578;-0.303197
0.00570405;0.3949;-0.303197
0.0157297;0.380256;-0.302657
0.0108377;0.387578;-0.302657
0.00599504;0.3949;-0.302657
0.00767522;0.378854;-0.319433
0.00596887;0.381358;-0.319433
0.00433378;0.383862;-0.319433
0.0111011;0.379472;-0.31265
0.0081257;0.384103;-0.31265
0.00509149;0.388734;-0.31265
0.0142712;0.380081;-0.305867
0.00983881;0.386801;-0.305867
0.00525684;0.393522;-0.305867
0.00396332;0.397045;-0.303736
0.00392323;0.397092;-0.303736
0.00388322;0.397139;-0.303736
0.00423262;0.397092;-0.303197
0.00406184;0.3973;-0.303197
0.00389258;0.397508;-0.303197
0.00450983;0.397139;-0.302657
0.00421917;0.397507;-0.302657
0.00393331;0.397876;-0.302657
0.0829554;0.00213077;-0.300369
0.0833303;0.00945312;-0.300369
0.0836306;0.0167755;-0.300369
0.0810442;0.00213077;-0.293047
0.0813852;0.00945312;-0.293047
0.0818888;0.0167755;-0.293047
0.0786266;0.00213077;-0.285725
0.0792003;0.00945312;-0.285725
0.0796928;0.0167755;-0.285725
0.0838383;0.021037;-0.300369
0.0842545;0.0283594;-0.300369
0.0845882;0.0356817;-0.300369
0.0821557;0.021037;-0.293047
0.0825629;0.0283594;-0.293047
0.0831051;0.0356817;-0.293047
0.0800234;0.021037;-0.285725
0.0806682;0.0283594;-0.285725
0.0812209;0.0356817;-0.285725
0.0770894;0.00213077;-0.281463
0.0777294;0.00945312;-0.281463
0.0782992;0.0167755;-0.281463
0.0741895;0.00213077;-0.274141
0.0748377;0.00945312;-0.274141
0.0756801;0.0167755;-0.274141
0.0708088;0.00213077;-0.266818
0.0717731;0.00945312;-0.266818
0.0726586;0.0167755;-0.266818
0.0786742;0.021037;-0.281463
0.0793933;0.0283594;-0.281463
0.0800291;0.0356817;-0.281463
0.0761459;0.021037;-0.274141
0.0768961;0.0283594;-0.274141
0.0778005;0.0356817;-0.274141
0.0732254;0.021037;-0.266818
0.0742842;0.0283594;-0.266818
0.0752464;0.0356817;-0.266818
0.0848064;0.0399433;-0.300369
0.0852245;0.0472656;-0.300369
0.0855513;0.054588;-0.300369
0.083389;0.0399433;-0.293047
0.0838167;0.0472656;-0.293047
0.0843514;0.054588;-0.293047
0.0815746;0.0399433;-0.285725
0.0822378;0.0472656;-0.285725
0.0827978;0.054588;-0.285725
0.0857563;0.0588495;-0.300369
0.0861355;0.0661719;-0.300369
0.0864143;0.0734942;-0.300369
0.0846256;0.0588495;-0.293047
0.0850275;0.0661719;-0.293047
0.0855094;0.0734942;-0.293047
0.0831441;0.0588495;-0.285725
0.0837744;0.0661719;-0.285725
0.0842907;0.0734942;-0.285725
0.0804298;0.0399433;-0.281463
0.0811705;0.0472656;-0.281463
0.0818152;0.054588;-0.281463
0.0782943;0.0399433;-0.274141
0.0790795;0.0472656;-0.274141
0.0799813;0.054588;-0.274141
0.0758407;0.0399433;-0.266818
0.076918;0.0472656;-0.266818
0.0778829;0.054588;-0.266818
0.0822088;0.0588495;-0.281463
0.0829164;0.0661719;-0.281463
0.083516;0.0734942;-0.281463
0.0804663;0.0588495;-0.274141
0.0812244;0.0661719;-0.274141
0.0820656;0.0734942;-0.274141
0.0784637;0.0588495;-0.266818
0.0794925;0.0661719;-0.266818
0.0803958;0.0734942;-0.266818
0.0687492;0.00213077;-0.262557
0.0698264;0.00945312;-0.262557
0.0708336;0.0167755;-0.262557
0.0650535;0.00213077;-0.255234
0.0662217;0.00945312;-0.255234
0.0675958;0.0167755;-0.255234
0.0610714;0.00213077;-0.247912
0.0626698;0.00945312;-0.247912
0.0641804;0.0167755;-0.247912
0.0714691;0.021037;-0.262557
0.0726411;0.0283594;-0.262557
0.0737226;0.0356817;-0.262557
0.0683684;0.021037;-0.255234
0.0696394;0.0283594;-0.255234
0.0710599;0.0356817;-0.255234
0.0651054;0.021037;-0.247912
0.0667648;0.0283594;-0.247912
0.0683109;0.0356817;-0.247912
0.0588092;0.00213077;-0.24365
0.0605879;0.00945312;-0.24365
0.0622811;0.0167755;-0.24365
0.0551431;0.00213077;-0.236328
0.0571422;0.00945312;-0.236328
0.0592911;0.0167755;-0.236328
0.0519291;0.00213077;-0.229006
0.054435;0.00945312;-0.229006
0.0568152;0.0167755;-0.229006
0.0633053;0.021037;-0.24365
0.0651218;0.0283594;-0.24365
0.0668256;0.0356817;-0.24365
0.0604996;0.021037;-0.236328
0.0624956;0.0283594;-0.236328
0.0645765;0.0356817;-0.236328
0.0582069;0.021037;-0.229006
0.0606001;0.0283594;-0.229006
0.0628473;0.0356817;-0.229006
0.0743831;0.0399433;-0.262557
0.0755678;0.0472656;-0.262557
0.0766446;0.054588;-0.262557
0.0718479;0.0399433;-0.255234
0.0731278;0.0472656;-0.255234
0.0745099;0.054588;-0.255234
0.0692343;0.0399433;-0.247912
0.0708554;0.0472656;-0.247912
0.0723449;0.054588;-0.247912
0.0772868;0.0588495;-0.262557
0.078414;0.0661719;-0.262557
0.0794193;0.0734942;-0.262557
0.0752666;0.0588495;-0.255234
0.0764789;0.0661719;-0.255234
0.0777549;0.0734942;-0.255234
0.0732181;0.0588495;-0.247912
0.0747257;0.0661719;-0.247912
0.0760891;0.0734942;-0.247912
0.0678333;0.0399433;-0.24365
0.0695863;0.0472656;-0.24365
0.071208;0.054588;-0.24365
0.0657337;0.0399433;-0.236328
0.0676247;0.0472656;-0.236328
0.0695549;0.054588;-0.236328
0.0641428;0.0399433;-0.229006
0.0663434;0.0472656;-0.229006
0.0683873;0.054588;-0.229006
0.0721512;0.0588495;-0.24365
0.0737672;0.0661719;-0.24365
0.0752397;0.0734942;-0.24365
0.0706171;0.0588495;-0.236328
0.0723343;0.0661719;-0.236328
0.0740581;0.0734942;-0.236328
0.0695523;0.0588495;-0.229006
0.0715109;0.0661719;-0.229006
0.0733075;0.0734942;-0.229006
0.0865822;0.0777558;-0.300369
0.0868821;0.0850781;-0.300369
0.0870726;0.0924005;-0.300369
0.0857476;0.0777558;-0.293047
0.086079;0.0850781;-0.293047
0.0864651;0.0924005;-0.293047
0.0846008;0.0777558;-0.285725
0.0851501;0.0850781;-0.285725
0.0855757;0.0924005;-0.285725
0.0871806;0.096662;-0.300369
0.0873625;0.103984;-0.300369
0.0874267;0.111307;-0.300369
0.0866426;0.096662;-0.293047
0.0868617;0.103984;-0.293047
0.0871122;0.111307;-0.293047
0.0858231;0.096662;-0.285725
0.0862479;0.103984;-0.285725
0.0865404;0.111307;-0.285725
0.0838721;0.0777558;-0.281463
0.0844962;0.0850781;-0.281463
0.0850017;0.0924005;-0.281463
0.0825087;0.0777558;-0.274141
0.0831847;0.0850781;-0.274141
0.0839141;0.0924005;-0.274141
0.0809277;0.0777558;-0.266818
0.0818511;0.0850781;-0.266818
0.0826384;0.0924005;-0.266818
0.0852931;0.096662;-0.281463
0.0857887;0.103984;-0.281463
0.0861567;0.111307;-0.281463
0.0842867;0.096662;-0.274141
0.0848329;0.103984;-0.274141
0.085407;0.111307;-0.274141
0.083092;0.096662;-0.266818
0.0838626;0.103984;-0.266818
0.0844887;0.111307;-0.266818
0.0874531;0.115568;-0.300369
0.087481;0.122891;-0.300369
0.0873834;0.130213;-0.300369
0.0872063;0.115568;-0.293047
0.0872749;0.122891;-0.293047
0.0873538;0.130213;-0.293047
0.0867014;0.115568;-0.285725
0.0869629;0.122891;-0.285725
0.0870845;0.130213;-0.285725
0.0873083;0.134475;-0.300369
0.0871489;0.141797;-0.300369
0.0868569;0.149119;-0.300369
0.087344;0.134475;-0.293047
0.0872274;0.141797;-0.293047
0.0871023;0.149119;-0.293047
0.0871383;0.134475;-0.285725
0.0872024;0.141797;-0.285725
0.0871197;0.149119;-0.285725
0.0863592;0.115568;-0.281463
0.0866871;0.122891;-0.281463
0.0868796;0.130213;-0.281463
0.0856846;0.115568;-0.274141
0.0860603;0.122891;-0.274141
0.0864419;0.130213;-0.274141
0.0848394;0.115568;-0.266818
0.0854183;0.122891;-0.266818
0.0858459;0.130213;-0.266818
0.0869721;0.134475;-0.281463
0.0870982;0.141797;-0.281463
0.087082;0.149119;-0.281463
0.0866036;0.134475;-0.274141
0.0867741;0.141797;-0.274141
0.0869321;0.149119;-0.274141
0.0860735;0.134475;-0.266818
0.0864285;0.141797;-0.266818
0.0866267;0.149119;-0.266818
0.0800067;0.0777558;-0.262557
0.0810184;0.0850781;-0.262557
0.0818971;0.0924005;-0.262557
0.0784431;0.0777558;-0.255234
0.0795273;0.0850781;-0.255234
0.0806443;0.0924005;-0.255234
0.0768758;0.0777558;-0.247912
0.078214;0.0850781;-0.247912
0.0793993;0.0924005;-0.247912
0.0824;0.096662;-0.262557
0.0832489;0.103984;-0.262557
0.0839563;0.111307;-0.262557
0.0812349;0.096662;-0.255234
0.0821436;0.103984;-0.255234
0.0830604;0.111307;-0.255234
0.0800723;0.096662;-0.247912
0.0811994;0.103984;-0.247912
0.0821678;0.111307;-0.247912
0.0760836;0.0777558;-0.24365
0.0775097;0.0850781;-0.24365
0.0787842;0.0924005;-0.24365
0.0749958;0.0777558;-0.236328
0.0764924;0.0850781;-0.236328
0.0779723;0.0924005;-0.236328
0.0743205;0.0777558;-0.229006
0.0760062;0.0850781;-0.229006
0.0775273;0.0924005;-0.229006
0.0795036;0.096662;-0.24365
0.0807016;0.103984;-0.24365
0.0817428;0.111307;-0.24365
0.0787652;0.096662;-0.236328
0.0800092;0.103984;-0.236328
0.0812195;0.111307;-0.236328
0.0783749;0.096662;-0.229006
0.0797683;0.103984;-0.229006
0.0809962;0.111307;-0.229006
0.0843506;0.115568;-0.262557
0.0849984;0.122891;-0.262557
0.0854981;0.130213;-0.262557
0.0835305;0.115568;-0.255234
0.0842267;0.122891;-0.255234
0.0849112;0.130213;-0.255234
0.0827069;0.115568;-0.247912
0.0835918;0.122891;-0.247912
0.084314;0.130213;-0.247912
0.0857644;0.134475;-0.262557
0.0861803;0.141797;-0.262557
0.0864427;0.149119;-0.262557
0.0852432;0.134475;-0.255234
0.0856977;0.141797;-0.255234
0.0861247;0.149119;-0.255234
0.084704;0.134475;-0.247912
0.0853233;0.141797;-0.247912
0.0857771;0.149119;-0.247912
0.0823196;0.115568;-0.24365
0.0832617;0.122891;-0.24365
0.0840437;0.130213;-0.24365
0.0818539;0.115568;-0.236328
0.082823;0.122891;-0.236328
0.0837462;0.130213;-0.236328
0.0816697;0.115568;-0.229006
0.0827588;0.122891;-0.229006
0.0836824;0.130213;-0.229006
0.0844646;0.134475;-0.24365
0.0851304;0.141797;-0.24365
0.0856339;0.149119;-0.24365
0.0842124;0.134475;-0.236328
0.0848912;0.141797;-0.236328
0.0855152;0.149119;-0.236328
0.0841765;0.134475;-0.229006
0.0849541;0.141797;-0.229006
0.0855665;0.149119;-0.229006
0.0505833;0.00213077;-0.224744
0.0532944;0.00945312;-0.224744
0.0558733;0.0167755;-0.224744
0.0495557;0.00213077;-0.217422
0.0525038;0.00945312;-0.217422
0.0554096;0.0167755;-0.217422
0.0507086;0.00213077;-0.2101
0.0538381;0.00945312;-0.2101
0.0568336;0.0167755;-0.2101
0.0573644;0.021037;-0.224744
0.0599025;0.0283594;-0.224744
0.0622923;0.0356817;-0.224744
0.0570352;0.021037;-0.217422
0.0597168;0.0283594;-0.217422
0.0623305;0.0356817;-0.217422
0.0585136;0.021037;-0.2101
0.0612951;0.0283594;-0.2101
0.0639376;0.0356817;-0.2101
0.0526592;0.00213077;-0.205838
0.0557615;0.00945312;-0.205838
0.0587499;0.0167755;-0.205838
0.0583379;0.00213077;-0.198516
0.0613121;0.00945312;-0.198516
0.0640455;0.0167755;-0.198516
0.0671292;0.00213077;-0.191193
0.0696014;0.00945312;-0.191193
0.072083;0.0167755;-0.191193
0.0604143;0.021037;-0.205838
0.0631521;0.0283594;-0.205838
0.0657674;0.0356817;-0.205838
0.0655971;0.021037;-0.198516
0.068198;0.0283594;-0.198516
0.0705747;0.0356817;-0.198516
0.0734291;0.021037;-0.191193
0.0755826;0.0283594;-0.191193
0.0777126;0.0356817;-0.191193
0.063658;0.0399433;-0.224744
0.0659592;0.0472656;-0.224744
0.0681042;0.054588;-0.224744
0.0637831;0.0399433;-0.217422
0.0661629;0.0472656;-0.217422
0.0684606;0.054588;-0.217422
0.0654111;0.0399433;-0.2101
0.0678373;0.0472656;-0.2101
0.0701213;0.054588;-0.2101
0.0693181;0.0588495;-0.224744
0.0713449;0.0661719;-0.224744
0.0732117;0.0734942;-0.224744
0.0697279;0.0588495;-0.217422
0.0717872;0.0661719;-0.217422
0.0737566;0.0734942;-0.217422
0.0713864;0.0588495;-0.2101
0.0734559;0.0661719;-0.2101
0.0753816;0.0734942;-0.2101
0.0672162;0.0399433;-0.205838
0.0695866;0.0472656;-0.205838
0.0718289;0.054588;-0.205838
0.071912;0.0399433;-0.198516
0.0741346;0.0472656;-0.198516
0.0761502;0.054588;-0.198516
0.078858;0.0399433;-0.191193
0.0806744;0.0472656;-0.191193
0.0824451;0.054588;-0.191193
0.0730629;0.0588495;-0.205838
0.0750683;0.0661719;-0.205838
0.0769423;0.0734942;-0.205838
0.0772733;0.0588495;-0.198516
0.0791215;0.0661719;-0.198516
0.0807798;0.0734942;-0.198516
0.0833869;0.0588495;-0.191193
0.0848633;0.0661719;-0.191193
0.0862789;0.0734942;-0.191193
0.0735438;0.00213077;-0.186932
0.0757289;0.00945312;-0.186932
0.0779508;0.0167755;-0.186932
0.0866339;0.00213077;-0.179609
0.0884897;0.00945312;-0.179609
0.0899818;0.0167755;-0.179609
0.102579;0.00213077;-0.172287
0.103572;0.00945312;-0.172287
0.104696;0.0167755;-0.172287
0.0791431;0.021037;-0.186932
0.0810281;0.0283594;-0.186932
0.0829138;0.0356817;-0.186932
0.0908623;0.021037;-0.179609
0.0924026;0.0283594;-0.179609
0.0936092;0.0356817;-0.179609
0.105228;0.021037;-0.172287
0.105941;0.0283594;-0.172287
0.10675;0.0356817;-0.172287
0.112972;0.00213077;-0.168025
0.113584;0.00945312;-0.168025
0.114332;0.0167755;-0.168025
0.132764;0.00213077;-0.160703
0.133007;0.00945312;-0.160703
0.132745;0.0167755;-0.160703
0.155605;0.00213077;-0.153381
0.154714;0.00945312;-0.153381
0.154005;0.0167755;-0.153381
0.114641;0.021037;-0.168025
0.114963;0.0283594;-0.168025
0.115392;0.0356817;-0.168025
0.13263;0.021037;-0.160703
0.132515;0.0283594;-0.160703
0.131952;0.0356817;-0.160703
0.153429;0.021037;-0.153381
0.152179;0.0283594;-0.153381
0.1511;0.0356817;-0.153381
0.0839145;0.0399433;-0.186932
0.0854785;0.0472656;-0.186932
0.0870185;0.054588;-0.186932
0.0943109;0.0399433;-0.179609
0.0955234;0.0472656;-0.179609
0.0964344;0.054588;-0.179609
0.107107;0.0399433;-0.172287
0.107537;0.0472656;-0.172287
0.108036;0.054588;-0.172287
0.087824;0.0588495;-0.186932
0.089063;0.0661719;-0.186932
0.0902611;0.0734942;-0.186932
0.0969554;0.0588495;-0.179609
0.0978432;0.0661719;-0.179609
0.0984616;0.0734942;-0.179609
0.108223;0.0588495;-0.172287
0.10838;0.0661719;-0.172287
0.108585;0.0734942;-0.172287
0.115525;0.0399433;-0.168025
0.115567;0.0472656;-0.168025
0.115691;0.054588;-0.168025
0.131656;0.0399433;-0.160703
0.13122;0.0472656;-0.160703
0.130392;0.054588;-0.160703
0.150331;0.0399433;-0.153381
0.148789;0.0472656;-0.153381
0.147408;0.054588;-0.153381
0.115659;0.0588495;-0.168025
0.115438;0.0661719;-0.168025
0.115281;0.0734942;-0.168025
0.129937;0.0588495;-0.160703
0.129221;0.0661719;-0.160703
0.128164;0.0734942;-0.160703
0.146485;0.0588495;-0.153381
0.144713;0.0661719;-0.153381
0.143092;0.0734942;-0.153381
0.0742579;0.0777558;-0.224744
0.0759882;0.0850781;-0.224744
0.0775569;0.0924005;-0.224744
0.0748323;0.0777558;-0.217422
0.0765619;0.0850781;-0.217422
0.078198;0.0924005;-0.217422
0.0764394;0.0777558;-0.2101
0.0781553;0.0850781;-0.2101
0.0797266;0.0924005;-0.2101
0.078426;0.096662;-0.224744
0.0798468;0.103984;-0.224744
0.0811059;0.111307;-0.224744
0.0790799;0.096662;-0.217422
0.0804766;0.103984;-0.217422
0.0817788;0.111307;-0.217422
0.0805801;0.096662;-0.2101
0.081948;0.103984;-0.2101
0.0831717;0.111307;-0.2101
0.0779647;0.0777558;-0.205838
0.0796113;0.0850781;-0.205838
0.0811249;0.0924005;-0.205838
0.0816926;0.0777558;-0.198516
0.0831758;0.0850781;-0.198516
0.0844857;0.0924005;-0.198516
0.0870202;0.0777558;-0.191193
0.0881626;0.0850781;-0.191193
0.089234;0.0924005;-0.191193
0.0819405;0.096662;-0.205838
0.083237;0.103984;-0.205838
0.0843999;0.111307;-0.205838
0.0851946;0.096662;-0.198516
0.0863252;0.103984;-0.198516
0.0872983;0.111307;-0.198516
0.0897813;0.096662;-0.191193
0.0906011;0.103984;-0.191193
0.0913427;0.111307;-0.191193
0.0817926;0.115568;-0.224744
0.0828969;0.122891;-0.224744
0.0838401;0.130213;-0.224744
0.0824668;0.115568;-0.217422
0.083531;0.122891;-0.217422
0.0845015;0.130213;-0.217422
0.083825;0.115568;-0.2101
0.0848526;0.122891;-0.2101
0.0857365;0.130213;-0.2101
0.0843418;0.134475;-0.224744
0.0851263;0.141797;-0.224744
0.0857505;0.149119;-0.224744
0.084997;0.134475;-0.217422
0.0857314;0.141797;-0.217422
0.086374;0.149119;-0.217422
0.0861943;0.134475;-0.2101
0.0868899;0.141797;-0.2101
0.0874426;0.149119;-0.2101
0.0850146;0.115568;-0.205838
0.0859712;0.122891;-0.205838
0.0867941;0.130213;-0.205838
0.0878107;0.115568;-0.198516
0.0886027;0.122891;-0.198516
0.0892517;0.130213;-0.198516
0.0917043;0.115568;-0.191193
0.0922152;0.122891;-0.191193
0.0926428;0.130213;-0.191193
0.0872142;0.134475;-0.205838
0.0878414;0.141797;-0.205838
0.0883353;0.149119;-0.205838
0.0895755;0.134475;-0.198516
0.0900429;0.141797;-0.198516
0.0903809;0.149119;-0.198516
0.0928276;0.134475;-0.191193
0.093044;0.141797;-0.191193
0.0931734;0.149119;-0.191193
0.0908743;0.0777558;-0.186932
0.0917944;0.0850781;-0.186932
0.0926618;0.0924005;-0.186932
0.0988066;0.0777558;-0.179609
0.0993818;0.0850781;-0.179609
0.0997187;0.0924005;-0.179609
0.108611;0.0777558;-0.172287
0.108509;0.0850781;-0.172287
0.108441;0.0924005;-0.172287
0.0930895;0.096662;-0.186932
0.0937025;0.103984;-0.186932
0.0942544;0.111307;-0.186932
0.0998958;0.096662;-0.179609
0.100176;0.103984;-0.179609
0.100246;0.111307;-0.179609
0.108318;0.096662;-0.172287
0.107978;0.103984;-0.172287
0.107658;0.111307;-0.172287
0.115097;0.0777558;-0.168025
0.114634;0.0850781;-0.168025
0.114223;0.0924005;-0.168025
0.127573;0.0777558;-0.160703
0.126615;0.0850781;-0.160703
0.125365;0.0924005;-0.160703
0.142048;0.0777558;-0.153381
0.140099;0.0850781;-0.153381
0.138292;0.0924005;-0.153381
0.113901;0.096662;-0.168025
0.113222;0.103984;-0.168025
0.112582;0.111307;-0.168025
0.124659;0.096662;-0.160703
0.123497;0.103984;-0.160703
0.122086;0.111307;-0.160703
0.137156;0.096662;-0.153381
0.135077;0.103984;-0.153381
0.133129;0.111307;-0.153381
0.0945052;0.115568;-0.186932
0.0948255;0.122891;-0.186932
0.0950787;0.130213;-0.186932
0.100265;0.115568;-0.179609
0.100268;0.122891;-0.179609
0.100088;0.130213;-0.179609
0.107399;0.115568;-0.172287
0.106841;0.122891;-0.172287
0.106292;0.130213;-0.172287
0.0951619;0.134475;-0.186932
0.0952047;0.141797;-0.186932
0.0951755;0.149119;-0.186932
0.0999602;0.134475;-0.179609
0.0997056;0.141797;-0.179609
0.0992917;0.149119;-0.179609
0.105908;0.134475;-0.172287
0.105151;0.141797;-0.172287
0.104393;0.149119;-0.172287
0.112138;0.115568;-0.168025
0.111265;0.122891;-0.168025
0.110421;0.130213;-0.168025
0.121283;0.115568;-0.160703
0.11995;0.122891;-0.160703
0.118405;0.130213;-0.160703
0.131926;0.115568;-0.153381
0.129754;0.122891;-0.153381
0.127703;0.130213;-0.153381
0.109868;0.134475;-0.168025
0.108823;0.141797;-0.168025
0.107797;0.149119;-0.168025
0.117522;0.134475;-0.160703
0.116045;0.141797;-0.160703
0.11439;0.149119;-0.160703
0.126451;0.134475;-0.153381
0.124217;0.141797;-0.153381
0.12209;0.149119;-0.153381
0.086662;0.153381;-0.300369
0.086285;0.160703;-0.300369
0.0857689;0.168025;-0.300369
0.0869701;0.153381;-0.293047
0.0866373;0.160703;-0.293047
0.0862792;0.168025;-0.293047
0.0870479;0.153381;-0.285725
0.0868845;0.160703;-0.285725
0.0865683;0.168025;-0.285725
0.0854374;0.172287;-0.300369
0.0848154;0.179609;-0.300369
0.0840478;0.186932;-0.300369
0.086008;0.172287;-0.293047
0.085431;0.179609;-0.293047
0.084814;0.186932;-0.293047
0.0863547;0.172287;-0.285725
0.0859374;0.179609;-0.285725
0.0853616;0.186932;-0.285725
0.0870464;0.153381;-0.281463
0.086941;0.160703;-0.281463
0.0866873;0.168025;-0.281463
0.0869602;0.153381;-0.274141
0.0868961;0.160703;-0.274141
0.0868037;0.168025;-0.274141
0.0867146;0.153381;-0.266818
0.0868191;0.160703;-0.266818
0.0867622;0.168025;-0.266818
0.0865077;0.172287;-0.281463
0.086145;0.179609;-0.281463
0.0856285;0.186932;-0.281463
0.0866831;0.172287;-0.274141
0.0863592;0.179609;-0.274141
0.0859936;0.186932;-0.274141
0.0866965;0.172287;-0.266818
0.0865283;0.179609;-0.266818
0.0861945;0.186932;-0.266818
0.0835646;0.191193;-0.300369
0.0826722;0.198516;-0.300369
0.0816283;0.205838;-0.300369
0.0843889;0.191193;-0.293047
0.0835425;0.198516;-0.293047
0.0826432;0.205838;-0.293047
0.0849919;0.191193;-0.285725
0.0842974;0.198516;-0.285725
0.0834388;0.205838;-0.285725
0.0809794;0.2101;-0.300369
0.0797935;0.217422;-0.300369
0.0784501;0.224744;-0.300369
0.0820506;0.2101;-0.293047
0.0809117;0.217422;-0.293047
0.0797088;0.224744;-0.293047
0.0829001;0.2101;-0.285725
0.0819075;0.217422;-0.285725
0.080745;0.224744;-0.285725
0.085291;0.191193;-0.281463
0.0846483;0.198516;-0.281463
0.0838466;0.205838;-0.281463
0.0857115;0.191193;-0.274141
0.0851057;0.198516;-0.274141
0.0844473;0.205838;-0.274141
0.0859635;0.191193;-0.266818
0.0855038;0.198516;-0.266818
0.0848744;0.205838;-0.266818
0.0833389;0.2101;-0.281463
0.0823962;0.217422;-0.281463
0.081289;0.224744;-0.281463
0.0839921;0.2101;-0.274141
0.0830851;0.217422;-0.274141
0.0821163;0.224744;-0.274141
0.0844679;0.2101;-0.266818
0.0837004;0.217422;-0.266818
0.0827589;0.224744;-0.266818
0.0865651;0.153381;-0.262557
0.0867238;0.160703;-0.262557
0.0867248;0.168025;-0.262557
0.0863046;0.153381;-0.255234
0.0864943;0.160703;-0.255234
0.0866438;0.168025;-0.255234
0.0860065;0.153381;-0.247912
0.0863423;0.160703;-0.247912
0.0865105;0.168025;-0.247912
0.0866902;0.172287;-0.262557
0.0865712;0.179609;-0.262557
0.0862904;0.186932;-0.262557
0.0866604;0.172287;-0.255234
0.0865665;0.179609;-0.255234
0.0864223;0.186932;-0.255234
0.0865702;0.172287;-0.247912
0.0866086;0.179609;-0.247912
0.0864774;0.186932;-0.247912
0.0858889;0.153381;-0.24365
0.0862635;0.160703;-0.24365
0.0864739;0.168025;-0.24365
0.0858066;0.153381;-0.236328
0.0861841;0.160703;-0.236328
0.0865003;0.168025;-0.236328
0.0858782;0.153381;-0.229006
0.08634;0.160703;-0.229006
0.086637;0.168025;-0.229006
0.0865555;0.172287;-0.24365
0.0866272;0.179609;-0.24365
0.0865332;0.186932;-0.24365
0.0866121;0.172287;-0.236328
0.0866804;0.179609;-0.236328
0.0866826;0.186932;-0.236328
0.0867643;0.172287;-0.229006
0.0869079;0.179609;-0.229006
0.086887;0.186932;-0.229006
0.086088;0.191193;-0.262557
0.0856737;0.198516;-0.262557
0.085094;0.205838;-0.262557
0.0862662;0.191193;-0.255234
0.0858733;0.198516;-0.255234
0.085422;0.205838;-0.255234
0.0863603;0.191193;-0.247912
0.08609;0.198516;-0.247912
0.0856483;0.205838;-0.247912
0.0847143;0.2101;-0.262557
0.0839898;0.217422;-0.262557
0.0830959;0.224744;-0.262557
0.0850855;0.2101;-0.255234
0.0843801;0.217422;-0.255234
0.0836101;0.224744;-0.255234
0.0853483;0.2101;-0.247912
0.08476;0.217422;-0.247912
0.0839978;0.224744;-0.247912
0.0864355;0.191193;-0.24365
0.0861951;0.198516;-0.24365
0.0857874;0.205838;-0.24365
0.0866112;0.191193;-0.236328
0.086364;0.198516;-0.236328
0.0860475;0.205838;-0.236328
0.0868289;0.191193;-0.229006
0.0866527;0.198516;-0.229006
0.0863119;0.205838;-0.229006
0.0855055;0.2101;-0.24365
0.0849454;0.217422;-0.24365
0.084216;0.224744;-0.24365
0.08579;0.2101;-0.236328
0.0852221;0.217422;-0.236328
0.0845827;0.224744;-0.236328
0.0860674;0.2101;-0.229006
0.0855704;0.217422;-0.229006
0.0849079;0.224744;-0.229006
0.0776225;0.229006;-0.300369
0.0761218;0.236328;-0.300369
0.0744571;0.24365;-0.300369
0.0789365;0.229006;-0.293047
0.0774837;0.236328;-0.293047
0.0759577;0.24365;-0.293047
0.0800258;0.229006;-0.285725
0.078716;0.236328;-0.285725
0.0772302;0.24365;-0.285725
0.0734387;0.247912;-0.300369
0.0716031;0.255234;-0.300369
0.0695967;0.262557;-0.300369
0.074994;0.247912;-0.293047
0.0732073;0.255234;-0.293047
0.0713404;0.262557;-0.293047
0.0763197;0.247912;-0.285725
0.0746753;0.255234;-0.285725
0.072848;0.262557;-0.285725
0.0806;0.229006;-0.281463
0.0793389;0.236328;-0.281463
0.0779078;0.24365;-0.281463
0.0814779;0.229006;-0.274141
0.0802522;0.236328;-0.274141
0.0789574;0.24365;-0.274141
0.0821679;0.229006;-0.266818
0.0810781;0.236328;-0.266818
0.0798096;0.24365;-0.266818
0.0770273;0.247912;-0.281463
0.0754313;0.255234;-0.281463
0.0736588;0.262557;-0.281463
0.0781265;0.247912;-0.274141
0.0765657;0.255234;-0.274141
0.0749306;0.262557;-0.274141
0.079026;0.247912;-0.266818
0.0776006;0.255234;-0.266818
0.0759909;0.262557;-0.266818
0.0683764;0.266818;-0.300369
0.0661872;0.274141;-0.300369
0.0638188;0.281463;-0.300369
0.0701744;0.266818;-0.293047
0.0680347;0.274141;-0.293047
0.0658096;0.281463;-0.293047
0.0717362;0.266818;-0.285725
0.0697409;0.274141;-0.285725
0.0675544;0.281463;-0.285725
0.0623853;0.285725;-0.300369
0.059825;0.293047;-0.300369
0.0570771;0.300369;-0.300369
0.064431;0.285725;-0.293047
0.0619203;0.293047;-0.293047
0.0593225;0.300369;-0.293047
0.0662322;0.285725;-0.285725
0.0638709;0.293047;-0.285725
0.0613085;0.300369;-0.285725
0.0725772;0.266818;-0.281463
0.0706309;0.274141;-0.281463
0.0685003;0.281463;-0.281463
0.0738983;0.266818;-0.274141
0.0719871;0.274141;-0.274141
0.0699983;0.281463;-0.274141
0.0750071;0.266818;-0.266818
0.0732338;0.274141;-0.266818
0.0712695;0.281463;-0.266818
0.0672088;0.285725;-0.281463
0.0648977;0.293047;-0.281463
0.0623924;0.300369;-0.281463
0.0687564;0.285725;-0.274141
0.0664793;0.293047;-0.274141
0.0641239;0.300369;-0.274141
0.0700781;0.285725;-0.266818
0.0679449;0.293047;-0.266818
0.065612;0.300369;-0.266818
0.0825309;0.229006;-0.262557
0.0814828;0.236328;-0.262557
0.0802611;0.24365;-0.262557
0.0830863;0.229006;-0.255234
0.0820565;0.236328;-0.255234
0.0809575;0.24365;-0.255234
0.0835097;0.229006;-0.247912
0.082595;0.236328;-0.247912
0.0815034;0.24365;-0.247912
0.0795032;0.247912;-0.262557
0.0781196;0.255234;-0.262557
0.0765569;0.262557;-0.262557
0.0802402;0.247912;-0.255234
0.0788749;0.255234;-0.255234
0.0774373;0.262557;-0.255234
0.0808224;0.247912;-0.247912
0.0795734;0.255234;-0.247912
0.0781438;0.262557;-0.247912
0.0837456;0.229006;-0.24365
0.0828591;0.236328;-0.24365
0.0818004;0.24365;-0.24365
0.0841364;0.229006;-0.236328
0.083243;0.236328;-0.236328
0.0822768;0.24365;-0.236328
0.0844761;0.229006;-0.229006
0.0836567;0.236328;-0.229006
0.0826702;0.24365;-0.229006
0.0811376;0.247912;-0.24365
0.0799181;0.255234;-0.24365
0.0785227;0.262557;-0.24365
0.0816391;0.247912;-0.236328
0.080415;0.255234;-0.236328
0.0791177;0.262557;-0.236328
0.08205;0.247912;-0.229006
0.0809061;0.255234;-0.229006
0.0795927;0.262557;-0.229006
0.0755992;0.266818;-0.262557
0.0738687;0.274141;-0.262557
0.0719525;0.281463;-0.262557
0.0765205;0.266818;-0.255234
0.0748087;0.274141;-0.255234
0.0730233;0.281463;-0.255234
0.0772651;0.266818;-0.247912
0.0756742;0.274141;-0.247912
0.0738976;0.281463;-0.247912
0.0707881;0.285725;-0.262557
0.0686997;0.293047;-0.262557
0.0664168;0.300369;-0.262557
0.0719009;0.285725;-0.255234
0.0698316;0.293047;-0.255234
0.067689;0.300369;-0.255234
0.0728164;0.285725;-0.247912
0.0708755;0.293047;-0.247912
0.0687424;0.300369;-0.247912
0.0776633;0.266818;-0.24365
0.0761045;0.274141;-0.24365
0.0743644;0.281463;-0.24365
0.0782857;0.266818;-0.236328
0.0767252;0.274141;-0.236328
0.075092;0.281463;-0.236328
0.0787822;0.266818;-0.229006
0.0773109;0.274141;-0.229006
0.0756663;0.281463;-0.229006
0.0733042;0.285725;-0.24365
0.071399;0.293047;-0.24365
0.0693055;0.300369;-0.24365
0.0740624;0.285725;-0.236328
0.0721588;0.293047;-0.236328
0.0701842;0.300369;-0.236328
0.0746633;0.285725;-0.229006
0.0728604;0.293047;-0.229006
0.0708793;0.300369;-0.229006
0.0860661;0.153381;-0.224744
0.08653;0.160703;-0.224744
0.0868342;0.168025;-0.224744
0.0866793;0.153381;-0.217422
0.0870877;0.160703;-0.217422
0.0874068;0.168025;-0.217422
0.08771;0.153381;-0.2101
0.0880821;0.160703;-0.2101
0.0883119;0.168025;-0.2101
0.0869635;0.172287;-0.224744
0.0871068;0.179609;-0.224744
0.0870911;0.186932;-0.224744
0.0875243;0.172287;-0.217422
0.0876109;0.179609;-0.217422
0.0876109;0.186932;-0.217422
0.0883936;0.172287;-0.2101
0.0884501;0.179609;-0.2101
0.0883646;0.186932;-0.2101
0.0885669;0.153381;-0.205838
0.0888751;0.160703;-0.205838
0.0890503;0.168025;-0.205838
0.0905237;0.153381;-0.198516
0.0906801;0.160703;-0.198516
0.0907192;0.168025;-0.198516
0.0931898;0.153381;-0.191193
0.0931258;0.160703;-0.191193
0.0929714;0.168025;-0.191193
0.0890992;0.172287;-0.205838
0.089098;0.179609;-0.205838
0.0889637;0.186932;-0.205838
0.0906882;0.172287;-0.198516
0.0905457;0.179609;-0.198516
0.0902967;0.186932;-0.198516
0.0928276;0.172287;-0.191193
0.0924956;0.179609;-0.191193
0.0920704;0.186932;-0.191193
0.0870342;0.191193;-0.224744
0.0868578;0.198516;-0.224744
0.0865222;0.205838;-0.224744
0.0875431;0.191193;-0.217422
0.0873117;0.198516;-0.217422
0.0869965;0.205838;-0.217422
0.088265;0.191193;-0.2101
0.0880128;0.198516;-0.2101
0.0876185;0.205838;-0.2101
0.0862796;0.2101;-0.224744
0.085784;0.217422;-0.224744
0.0851284;0.224744;-0.224744
0.0867454;0.2101;-0.217422
0.086199;0.217422;-0.217422
0.0855717;0.224744;-0.217422
0.087341;0.2101;-0.2101
0.0867858;0.217422;-0.2101
0.0860878;0.224744;-0.2101
0.0888352;0.191193;-0.205838
0.0885328;0.198516;-0.205838
0.0880968;0.205838;-0.205838
0.0900981;0.191193;-0.198516
0.0896671;0.198516;-0.198516
0.0891391;0.205838;-0.198516
0.0917731;0.191193;-0.191193
0.0911838;0.198516;-0.191193
0.0904984;0.205838;-0.191193
0.087795;0.2101;-0.205838
0.0871982;0.217422;-0.205838
0.0864666;0.224744;-0.205838
0.0887779;0.2101;-0.198516
0.0880669;0.217422;-0.198516
0.087267;0.224744;-0.198516
0.0900532;0.2101;-0.191193
0.0892151;0.217422;-0.191193
0.0882774;0.224744;-0.191193
0.0951002;0.153381;-0.186932
0.09488;0.160703;-0.186932
0.0945837;0.168025;-0.186932
0.0990256;0.153381;-0.179609
0.0985307;0.160703;-0.179609
0.0978974;0.168025;-0.179609
0.103896;0.153381;-0.172287
0.102957;0.160703;-0.172287
0.102008;0.168025;-0.172287
0.0943583;0.172287;-0.186932
0.093888;0.179609;-0.186932
0.0933381;0.186932;-0.186932
0.0975023;0.172287;-0.179609
0.0967822;0.179609;-0.179609
0.095942;0.186932;-0.179609
0.101407;0.172287;-0.172287
0.100299;0.179609;-0.172287
0.0991749;0.186932;-0.172287
0.107146;0.153381;-0.168025
0.105947;0.160703;-0.168025
0.104758;0.168025;-0.168025
0.113441;0.153381;-0.160703
0.111843;0.160703;-0.160703
0.110096;0.168025;-0.160703
0.120805;0.153381;-0.153381
0.118531;0.160703;-0.153381
0.116352;0.168025;-0.153381
0.104019;0.172287;-0.168025
0.10268;0.179609;-0.168025
0.101343;0.186932;-0.168025
0.10909;0.172287;-0.160703
0.107389;0.179609;-0.160703
0.105564;0.186932;-0.160703
0.115045;0.172287;-0.153381
0.112747;0.179609;-0.153381
0.110531;0.186932;-0.153381
0.0929695;0.191193;-0.186932
0.0922601;0.198516;-0.186932
0.0914673;0.205838;-0.186932
0.095425;0.191193;-0.179609
0.0944922;0.198516;-0.179609
0.093455;0.205838;-0.179609
0.098477;0.191193;-0.172287
0.0972119;0.198516;-0.172287
0.0959225;0.205838;-0.172287
0.0909612;0.2101;-0.186932
0.0900213;0.217422;-0.186932
0.0889938;0.224744;-0.186932
0.0928217;0.2101;-0.179609
0.0916856;0.217422;-0.179609
0.0904582;0.224744;-0.179609
0.0951333;0.2101;-0.172287
0.0937187;0.217422;-0.172287
0.0922717;0.224744;-0.172287
0.100524;0.191193;-0.168025
0.0990571;0.198516;-0.168025
0.0975826;0.205838;-0.168025
0.10451;0.191193;-0.160703
0.102718;0.198516;-0.160703
0.100823;0.205838;-0.160703
0.109211;0.191193;-0.153381
0.106899;0.198516;-0.153381
0.104658;0.205838;-0.153381
0.0966888;0.2101;-0.168025
0.0951005;0.217422;-0.168025
0.0934958;0.224744;-0.168025
0.0997256;0.2101;-0.160703
0.0978518;0.217422;-0.160703
0.0958926;0.224744;-0.160703
0.103328;0.2101;-0.153381
0.101009;0.217422;-0.153381
0.0987456;0.224744;-0.153381
0.0847;0.229006;-0.224744
0.0838852;0.236328;-0.224744
0.0829089;0.24365;-0.224744
0.0851387;0.229006;-0.217422
0.0842792;0.236328;-0.217422
0.0833416;0.24365;-0.217422
0.0856351;0.229006;-0.2101
0.0847809;0.236328;-0.2101
0.0837824;0.24365;-0.2101
0.0822942;0.247912;-0.224744
0.0811594;0.255234;-0.224744
0.0798603;0.262557;-0.224744
0.0827274;0.247912;-0.217422
0.0815554;0.255234;-0.217422
0.0803079;0.262557;-0.217422
0.0831561;0.247912;-0.2101
0.0820052;0.255234;-0.2101
0.0807075;0.262557;-0.2101
0.0859947;0.229006;-0.205838
0.0851083;0.236328;-0.205838
0.0840852;0.24365;-0.205838
0.086747;0.229006;-0.198516
0.0857618;0.236328;-0.198516
0.0846948;0.24365;-0.198516
0.0876884;0.229006;-0.191193
0.0866074;0.236328;-0.191193
0.085423;0.24365;-0.191193
0.0834453;0.247912;-0.205838
0.0822722;0.255234;-0.205838
0.0809595;0.262557;-0.205838
0.0840186;0.247912;-0.198516
0.0827628;0.255234;-0.198516
0.0814312;0.262557;-0.198516
0.0846927;0.247912;-0.191193
0.0833721;0.255234;-0.191193
0.0819435;0.262557;-0.191193
0.0790583;0.266818;-0.224744
0.0776015;0.274141;-0.224744
0.0759764;0.281463;-0.224744
0.0795123;0.266818;-0.217422
0.0780264;0.274141;-0.217422
0.076468;0.281463;-0.217422
0.0799082;0.266818;-0.2101
0.0784609;0.274141;-0.2101
0.0768634;0.281463;-0.2101
0.0749851;0.285725;-0.224744
0.073203;0.293047;-0.224744
0.071247;0.300369;-0.224744
0.0754896;0.285725;-0.217422
0.0736871;0.293047;-0.217422
0.0718146;0.300369;-0.217422
0.0758903;0.285725;-0.2101
0.0741451;0.293047;-0.2101
0.072245;0.300369;-0.2101
0.0801523;0.266818;-0.205838
0.0786933;0.274141;-0.205838
0.0770906;0.281463;-0.205838
0.0805996;0.266818;-0.198516
0.0790743;0.274141;-0.198516
0.0774782;0.281463;-0.198516
0.0810729;0.266818;-0.191193
0.0795134;0.274141;-0.191193
0.0778406;0.281463;-0.191193
0.0761157;0.285725;-0.205838
0.0743694;0.293047;-0.205838
0.0724741;0.300369;-0.205838
0.0764909;0.285725;-0.198516
0.0746946;0.293047;-0.198516
0.0728316;0.300369;-0.198516
0.0768291;0.285725;-0.191193
0.0750286;0.293047;-0.191193
0.0731088;0.300369;-0.191193
0.0883543;0.229006;-0.186932
0.0871896;0.236328;-0.186932
0.0859327;0.24365;-0.186932
0.0897125;0.229006;-0.179609
0.0883793;0.236328;-0.179609
0.0869657;0.24365;-0.179609
0.0913946;0.229006;-0.172287
0.0898348;0.236328;-0.172287
0.088234;0.24365;-0.172287
0.0851622;0.247912;-0.186932
0.0837759;0.255234;-0.186932
0.082292;0.262557;-0.186932
0.0861095;0.247912;-0.179609
0.0845821;0.255234;-0.179609
0.0829832;0.262557;-0.179609
0.0872705;0.247912;-0.172287
0.0855661;0.255234;-0.172287
0.0838121;0.262557;-0.172287
0.0925303;0.229006;-0.168025
0.0908243;0.236328;-0.168025
0.0890927;0.24365;-0.168025
0.0947536;0.229006;-0.160703
0.0928013;0.236328;-0.160703
0.0907781;0.24365;-0.160703
0.0974076;0.229006;-0.153381
0.0950815;0.236328;-0.153381
0.0927976;0.24365;-0.153381
0.0880562;0.247912;-0.168025
0.0862325;0.255234;-0.168025
0.0843734;0.262557;-0.168025
0.0895978;0.247912;-0.160703
0.0875665;0.255234;-0.160703
0.0854758;0.262557;-0.160703
0.0914508;0.247912;-0.153381
0.0891137;0.255234;-0.153381
0.0868047;0.262557;-0.153381
0.0813913;0.266818;-0.186932
0.0797836;0.274141;-0.186932
0.0780721;0.281463;-0.186932
0.0820168;0.266818;-0.179609
0.0802948;0.274141;-0.179609
0.0785086;0.281463;-0.179609
0.0827614;0.266818;-0.172287
0.08091;0.274141;-0.172287
0.0789996;0.281463;-0.172287
0.0770403;0.285725;-0.186932
0.0752088;0.293047;-0.186932
0.0732663;0.300369;-0.186932
0.0774303;0.285725;-0.179609
0.0755105;0.293047;-0.179609
0.0735318;0.300369;-0.179609
0.0778593;0.285725;-0.172287
0.075855;0.293047;-0.172287
0.0737821;0.300369;-0.172287
0.0832649;0.266818;-0.168025
0.0813198;0.274141;-0.168025
0.0793291;0.281463;-0.168025
0.0842518;0.266818;-0.160703
0.0821371;0.274141;-0.160703
0.0799716;0.281463;-0.160703
0.0854454;0.266818;-0.153381
0.0830895;0.274141;-0.153381
0.080747;0.281463;-0.153381
0.0781453;0.285725;-0.168025
0.0760721;0.293047;-0.168025
0.0739421;0.300369;-0.168025
0.0786994;0.285725;-0.160703
0.0764929;0.293047;-0.160703
0.074242;0.300369;-0.160703
0.0793693;0.285725;-0.153381
0.0769827;0.293047;-0.153381
0.0745943;0.300369;-0.153381
0.170116;0.00213077;-0.149119
0.168733;0.00945312;-0.149119
0.167526;0.0167755;-0.149119
0.19733;0.00213077;-0.141797
0.195455;0.00945312;-0.141797
0.19289;0.0167755;-0.141797
0.228369;0.00213077;-0.134475
0.224963;0.00945312;-0.134475
0.221745;0.0167755;-0.134475
0.166653;0.021037;-0.149119
0.16488;0.0283594;-0.149119
0.163283;0.0356817;-0.149119
0.19144;0.021037;-0.141797
0.189064;0.0283594;-0.141797
0.186107;0.0356817;-0.141797
0.21965;0.021037;-0.134475
0.215708;0.0283594;-0.134475
0.211996;0.0356817;-0.134475
0.248024;0.00213077;-0.130213
0.243925;0.00945312;-0.130213
0.239996;0.0167755;-0.130213
0.284891;0.00213077;-0.122891
0.28001;0.00945312;-0.122891
0.274168;0.0167755;-0.122891
0.327045;0.00213077;-0.115568
0.32;0.00945312;-0.115568
0.313068;0.0167755;-0.115568
0.237473;0.021037;-0.130213
0.232779;0.0283594;-0.130213
0.228318;0.0356817;-0.130213
0.270798;0.021037;-0.122891
0.265137;0.0283594;-0.122891
0.25874;0.0356817;-0.122891
0.308717;0.021037;-0.115568
0.30078;0.0283594;-0.115568
0.293135;0.0356817;-0.115568
0.162208;0.0399433;-0.149119
0.160136;0.0472656;-0.149119
0.158235;0.054588;-0.149119
0.184441;0.0399433;-0.141797
0.181707;0.0472656;-0.141797
0.178488;0.054588;-0.141797
0.209664;0.0399433;-0.134475
0.205395;0.0472656;-0.134475
0.201384;0.054588;-0.134475
0.157009;0.0588495;-0.149119
0.154715;0.0661719;-0.149119
0.152589;0.0734942;-0.149119
0.176678;0.0588495;-0.141797
0.173704;0.0661719;-0.141797
0.17033;0.0734942;-0.141797
0.198918;0.0588495;-0.134475
0.194485;0.0661719;-0.134475
0.190322;0.0734942;-0.134475
0.225545;0.0399433;-0.130213
0.220517;0.0472656;-0.130213
0.215762;0.054588;-0.130213
0.255097;0.0399433;-0.122891
0.249038;0.0472656;-0.122891
0.24242;0.054588;-0.122891
0.288482;0.0399433;-0.115568
0.2802;0.0472656;-0.115568
0.272321;0.054588;-0.115568
0.212866;0.0588495;-0.130213
0.2077;0.0661719;-0.130213
0.202829;0.0734942;-0.130213
0.238681;0.0588495;-0.122891
0.232498;0.0661719;-0.122891
0.225891;0.0734942;-0.122891
0.267612;0.0588495;-0.115568
0.259357;0.0661719;-0.115568
0.251558;0.0734942;-0.115568
0.353895;0.00213077;-0.111307
0.345805;0.00945312;-0.111307
0.337778;0.0167755;-0.111307
0.404663;0.00213077;-0.103984
0.395231;0.00945312;-0.103984
0.384347;0.0167755;-0.103984
0.463397;0.00213077;-0.096662
0.450745;0.00945312;-0.096662
0.437893;0.0167755;-0.096662
0.332762;0.021037;-0.111307
0.323653;0.0283594;-0.111307
0.314839;0.0356817;-0.111307
0.377986;0.021037;-0.103984
0.367166;0.0283594;-0.103984
0.355411;0.0356817;-0.103984
0.429911;0.021037;-0.096662
0.415533;0.0283594;-0.096662
0.401521;0.0356817;-0.096662
0.501311;0.00213077;-0.0924005
0.486986;0.00945312;-0.0924005
0.472305;0.0167755;-0.0924005
0.574188;0.00213077;-0.0850781
0.557415;0.00945312;-0.0850781
0.538091;0.0167755;-0.0850781
0.660482;0.00213077;-0.0777558
0.638527;0.00945312;-0.0777558
0.615281;0.0167755;-0.0777558
0.463194;0.021037;-0.0924005
0.446818;0.0283594;-0.0924005
0.430818;0.0356817;-0.0924005
0.526627;0.021037;-0.0850781
0.506933;0.0283594;-0.0850781
0.48605;0.0356817;-0.0850781
0.600818;0.021037;-0.0777558
0.574923;0.0283594;-0.0777558
0.549543;0.0356817;-0.0777558
0.309502;0.0399433;-0.111307
0.300052;0.0472656;-0.111307
0.29104;0.054588;-0.111307
0.348695;0.0399433;-0.103984
0.337482;0.0472656;-0.103984
0.325691;0.054588;-0.103984
0.393142;0.0399433;-0.096662
0.378495;0.0472656;-0.096662
0.364532;0.054588;-0.096662
0.285682;0.0588495;-0.111307
0.276336;0.0661719;-0.111307
0.267496;0.0734942;-0.111307
0.319041;0.0588495;-0.103984
0.308051;0.0661719;-0.103984
0.296711;0.0734942;-0.103984
0.35635;0.0588495;-0.096662
0.342275;0.0661719;-0.096662
0.329014;0.0734942;-0.096662
0.421287;0.0399433;-0.0924005
0.404693;0.0472656;-0.0924005
0.388877;0.054588;-0.0924005
0.47413;0.0399433;-0.0850781
0.454268;0.0472656;-0.0850781
0.434016;0.054588;-0.0850781
0.534607;0.0399433;-0.0777558
0.50896;0.0472656;-0.0777558
0.484696;0.054588;-0.0777558
0.379651;0.0588495;-0.0924005
0.363854;0.0661719;-0.0924005
0.348987;0.0734942;-0.0924005
0.422674;0.0588495;-0.0850781
0.404055;0.0661719;-0.0850781
0.385427;0.0734942;-0.0850781
0.470768;0.0588495;-0.0777558
0.447299;0.0661719;-0.0777558
0.425443;0.0734942;-0.0777558
0.151253;0.0777558;-0.149119
0.148805;0.0850781;-0.149119
0.146518;0.0924005;-0.149119
0.168433;0.0777558;-0.141797
0.165314;0.0850781;-0.141797
0.161865;0.0924005;-0.141797
0.1878;0.0777558;-0.134475
0.183322;0.0850781;-0.134475
0.179115;0.0924005;-0.134475
0.145106;0.096662;-0.149119
0.142557;0.103984;-0.149119
0.14016;0.111307;-0.149119
0.159926;0.096662;-0.141797
0.156733;0.103984;-0.141797
0.153269;0.111307;-0.141797
0.176593;0.096662;-0.134475
0.172154;0.103984;-0.134475
0.16798;0.111307;-0.134475
0.1999;0.0777558;-0.130213
0.194735;0.0850781;-0.130213
0.18987;0.0924005;-0.130213
0.222175;0.0777558;-0.122891
0.216052;0.0850781;-0.122891
0.209604;0.0924005;-0.122891
0.246949;0.0777558;-0.115568
0.238946;0.0850781;-0.115568
0.231414;0.0924005;-0.115568
0.186972;0.096662;-0.130213
0.181902;0.103984;-0.130213
0.177126;0.111307;-0.130213
0.205988;0.096662;-0.122891
0.200038;0.103984;-0.122891
0.193839;0.111307;-0.122891
0.226995;0.096662;-0.115568
0.21937;0.103984;-0.115568
0.212205;0.111307;-0.115568
0.1387;0.115568;-0.149119
0.136093;0.122891;-0.149119
0.133628;0.130213;-0.149119
0.151321;0.115568;-0.141797
0.148108;0.122891;-0.141797
0.144673;0.130213;-0.141797
0.165496;0.115568;-0.134475
0.161154;0.122891;-0.134475
0.157063;0.130213;-0.134475
0.13214;0.134475;-0.149119
0.129508;0.141797;-0.149119
0.127004;0.149119;-0.149119
0.14274;0.134475;-0.141797
0.139545;0.141797;-0.141797
0.136171;0.149119;-0.141797
0.154644;0.134475;-0.134475
0.150435;0.141797;-0.134475
0.146462;0.149119;-0.134475
0.1743;0.115568;-0.130213
0.169385;0.122891;-0.130213
0.164752;0.130213;-0.130213
0.190367;0.115568;-0.122891
0.184657;0.122891;-0.122891
0.178756;0.130213;-0.122891
0.208022;0.115568;-0.115568
0.200833;0.122891;-0.115568
0.194081;0.130213;-0.115568
0.162024;0.134475;-0.130213
0.1573;0.141797;-0.130213
0.152841;0.149119;-0.130213
0.175452;0.134475;-0.122891
0.170018;0.141797;-0.122891
0.164436;0.149119;-0.122891
0.190153;0.134475;-0.115568
0.18342;0.141797;-0.115568
0.177095;0.149119;-0.115568
0.262299;0.0777558;-0.111307
0.253316;0.0850781;-0.111307
0.244856;0.0924005;-0.111307
0.29036;0.0777558;-0.103984
0.279922;0.0850781;-0.103984
0.269271;0.0924005;-0.103984
0.321327;0.0777558;-0.096662
0.308219;0.0850781;-0.096662
0.29594;0.0924005;-0.096662
0.239917;0.096662;-0.111307
0.231428;0.103984;-0.111307
0.223451;0.111307;-0.111307
0.263329;0.096662;-0.103984
0.253588;0.103984;-0.103984
0.243716;0.111307;-0.103984
0.288864;0.096662;-0.096662
0.276852;0.103984;-0.096662
0.265628;0.111307;-0.096662
0.34041;0.0777558;-0.0924005
0.325848;0.0850781;-0.0924005
0.312228;0.0924005;-0.0924005
0.375089;0.0777558;-0.0850781
0.358234;0.0850781;-0.0850781
0.341517;0.0924005;-0.0850781
0.413033;0.0777558;-0.0777558
0.392283;0.0850781;-0.0777558
0.373079;0.0924005;-0.0777558
0.304412;0.096662;-0.0924005
0.291198;0.103984;-0.0924005
0.278868;0.111307;-0.0924005
0.332274;0.096662;-0.0850781
0.317244;0.103984;-0.0850781
0.302388;0.111307;-0.0850781
0.362216;0.096662;-0.0777558
0.344097;0.103984;-0.0777558
0.327351;0.111307;-0.0777558
0.218814;0.115568;-0.111307
0.210874;0.122891;-0.111307
0.203417;0.130213;-0.111307
0.238217;0.115568;-0.103984
0.229214;0.122891;-0.103984
0.220127;0.130213;-0.103984
0.259178;0.115568;-0.096662
0.248254;0.122891;-0.096662
0.238052;0.130213;-0.096662
0.199093;0.134475;-0.111307
0.19171;0.141797;-0.111307
0.184775;0.149119;-0.111307
0.215068;0.134475;-0.103984
0.206786;0.141797;-0.103984
0.198451;0.149119;-0.103984
0.232198;0.134475;-0.096662
0.222293;0.141797;-0.096662
0.213038;0.149119;-0.096662
0.271811;0.115568;-0.0924005
0.2599;0.122891;-0.0924005
0.24879;0.130213;-0.0924005
0.294182;0.115568;-0.0850781
0.280844;0.122891;-0.0850781
0.267671;0.130213;-0.0850781
0.317883;0.115568;-0.0777558
0.302088;0.122891;-0.0777558
0.287477;0.130213;-0.0777558
0.242436;0.134475;-0.0924005
0.231718;0.141797;-0.0924005
0.221715;0.149119;-0.0924005
0.260391;0.134475;-0.0850781
0.24855;0.141797;-0.0850781
0.23685;0.149119;-0.0850781
0.279207;0.134475;-0.0777558
0.265394;0.141797;-0.0777558
0.252591;0.149119;-0.0777558
0.717554;0.00213077;-0.0734942
0.692641;0.00945312;-0.0734942
0.665931;0.0167755;-0.0734942
0.830582;0.00213077;-0.0661719
0.800659;0.00945312;-0.0661719
0.765221;0.0167755;-0.0661719
0.970367;0.00213077;-0.0588495
0.930703;0.00945312;-0.0588495
0.885921;0.0167755;-0.0588495
0.64929;0.021037;-0.0734942
0.619534;0.0283594;-0.0734942
0.590359;0.0356817;-0.0734942
0.743789;0.021037;-0.0661719
0.706695;0.0283594;-0.0661719
0.668294;0.0356817;-0.0661719
0.857819;0.021037;-0.0588495
0.807888;0.0283594;-0.0588495
0.759287;0.0356817;-0.0588495
1.06702;0.00213077;-0.054588
1.02095;0.00945312;-0.054588
0.967941;0.0167755;-0.054588
1.26959;0.00213077;-0.0472656
1.21029;0.00945312;-0.0472656
1.13564;0.0167755;-0.0472656
1.54287;0.00213077;-0.0399433
1.45759;0.00945312;-0.0399433
1.35193;0.0167755;-0.0399433
0.934626;0.021037;-0.054588
0.875663;0.0283594;-0.054588
0.818568;0.0356817;-0.054588
1.08977;0.021037;-0.0472656
1.011;0.0283594;-0.0472656
0.933079;0.0356817;-0.0472656
1.28595;0.021037;-0.0399433
1.17272;0.0283594;-0.0399433
1.06768;0.0356817;-0.0399433
0.573264;0.0399433;-0.0734942
0.54406;0.0472656;-0.0734942
0.516516;0.054588;-0.0734942
0.646564;0.0399433;-0.0661719
0.61076;0.0472656;-0.0661719
0.575539;0.054588;-0.0661719
0.73137;0.0399433;-0.0588495
0.684721;0.0472656;-0.0588495
0.641607;0.054588;-0.0588495
0.500797;0.0588495;-0.0734942
0.474459;0.0661719;-0.0734942
0.450023;0.0734942;-0.0734942
0.556127;0.0588495;-0.0661719
0.524749;0.0661719;-0.0661719
0.494448;0.0734942;-0.0661719
0.617578;0.0588495;-0.0588495
0.578222;0.0661719;-0.0588495
0.542446;0.0734942;-0.0588495
0.786051;0.0399433;-0.054588
0.732201;0.0472656;-0.054588
0.682862;0.054588;-0.054588
0.890287;0.0399433;-0.0472656
0.821998;0.0472656;-0.0472656
0.758447;0.054588;-0.0472656
1.01052;0.0399433;-0.0399433
0.919957;0.0472656;-0.0399433
0.840692;0.054588;-0.0399433
0.655607;0.0588495;-0.054588
0.611337;0.0661719;-0.054588
0.571395;0.0734942;-0.054588
0.724544;0.0588495;-0.0472656
0.671347;0.0661719;-0.0472656
0.622332;0.0734942;-0.0472656
0.798579;0.0588495;-0.0399433
0.732505;0.0661719;-0.0399433
0.674882;0.0734942;-0.0399433
1.74964;0.00213077;-0.0356817
1.64264;0.00945312;-0.0356817
1.5073;0.0167755;-0.0356817
2.24074;0.00213077;-0.0283594
2.07128;0.00945312;-0.0283594
1.84558;0.0167755;-0.0283594
3.0614;0.00213077;-0.021037
2.72938;0.00945312;-0.021037
2.3144;0.0167755;-0.021037
1.42365;0.021037;-0.0356817
1.28277;0.0283594;-0.0356817
1.15511;0.0356817;-0.0356817
1.71307;0.021037;-0.0283594
1.50321;0.0283594;-0.0283594
1.32014;0.0356817;-0.0283594
2.08885;0.021037;-0.021037
1.75801;0.0283594;-0.021037
1.4998;0.0356817;-0.021037
3.85383;0.00213077;-0.0167755
3.3004;0.00945312;-0.0167755
2.66253;0.0167755;-0.0167755
6.77687;0.00213077;-0.00945312
4.84771;0.00945312;-0.00945312
3.36684;0.0167755;-0.00945312
21.987;0.00213077;-0.00213077
6.84095;0.00945312;-0.00213077
3.91582;0.0167755;-0.00213077
2.34695;0.021037;-0.0167755
1.91672;0.0283594;-0.0167755
1.60268;0.0356817;-0.0167755
2.81278;0.021037;-0.00945312
2.17098;0.0283594;-0.00945312
1.75296;0.0356817;-0.00945312
3.12647;0.021037;-0.00213077
2.31465;0.0283594;-0.00213077
1.83431;0.0356817;-0.00213077
1.08705;0.0399433;-0.0356817
0.981147;0.0472656;-0.0356817
0.890157;0.054588;-0.0356817
1.22784;0.0399433;-0.0283594
1.09113;0.0472656;-0.0283594
0.975271;0.054588;-0.0283594
1.37575;0.0399433;-0.021037
1.19799;0.0472656;-0.021037
1.05707;0.054588;-0.021037
0.842496;0.0588495;-0.0356817
0.768611;0.0661719;-0.0356817
0.704926;0.0734942;-0.0356817
0.916908;0.0588495;-0.0283594
0.829595;0.0661719;-0.0283594
0.753862;0.0734942;-0.0283594
0.987221;0.0588495;-0.021037
0.883605;0.0661719;-0.021037
0.798038;0.0734942;-0.021037
1.45761;0.0399433;-0.0167755
1.25533;0.0472656;-0.0167755
1.09893;0.054588;-0.0167755
1.57322;0.0399433;-0.00945312
1.33477;0.0472656;-0.00945312
1.15397;0.054588;-0.00945312
1.63422;0.0399433;-0.00213077
1.37268;0.0472656;-0.00213077
1.1816;0.054588;-0.00213077
1.02263;0.0588495;-0.0167755
0.91078;0.0661719;-0.0167755
0.819445;0.0734942;-0.0167755
1.06852;0.0588495;-0.00945312
0.946607;0.0661719;-0.00945312
0.846284;0.0734942;-0.00945312
1.09146;0.0588495;-0.00213077
0.962479;0.0661719;-0.00213077
0.859527;0.0734942;-0.00213077
0.436225;0.0777558;-0.0734942
0.413275;0.0850781;-0.0734942
0.392107;0.0924005;-0.0734942
0.477902;0.0777558;-0.0661719
0.451321;0.0850781;-0.0661719
0.425767;0.0924005;-0.0661719
0.522666;0.0777558;-0.0588495
0.490405;0.0850781;-0.0588495
0.461154;0.0924005;-0.0588495
0.380191;0.096662;-0.0734942
0.360406;0.103984;-0.0734942
0.342171;0.111307;-0.0734942
0.411839;0.096662;-0.0661719
0.389474;0.103984;-0.0661719
0.367943;0.111307;-0.0661719
0.444974;0.096662;-0.0588495
0.418531;0.103984;-0.0588495
0.394491;0.111307;-0.0588495
0.549473;0.0777558;-0.054588
0.513955;0.0850781;-0.054588
0.481936;0.0924005;-0.054588
0.596265;0.0777558;-0.0472656
0.555352;0.0850781;-0.0472656
0.517441;0.0924005;-0.0472656
0.644143;0.0777558;-0.0399433
0.595564;0.0850781;-0.0399433
0.5528;0.0924005;-0.0399433
0.464325;0.096662;-0.054588
0.435692;0.103984;-0.054588
0.409771;0.111307;-0.054588
0.497185;0.096662;-0.0472656
0.465225;0.103984;-0.0472656
0.43532;0.111307;-0.0472656
0.529752;0.096662;-0.0399433
0.492946;0.103984;-0.0399433
0.460178;0.111307;-0.0399433
0.331904;0.115568;-0.0734942
0.314841;0.122891;-0.0734942
0.299092;0.130213;-0.0734942
0.356191;0.115568;-0.0661719
0.337286;0.122891;-0.0661719
0.319019;0.130213;-0.0661719
0.381144;0.115568;-0.0588495
0.359244;0.122891;-0.0588495
0.339245;0.130213;-0.0588495
0.290209;0.134475;-0.0734942
0.275418;0.141797;-0.0734942
0.261733;0.149119;-0.0734942
0.309022;0.134475;-0.0661719
0.292898;0.141797;-0.0661719
0.277251;0.149119;-0.0661719
0.328091;0.134475;-0.0588495
0.309707;0.141797;-0.0588495
0.29284;0.149119;-0.0588495
0.395443;0.115568;-0.054588
0.372026;0.122891;-0.054588
0.350709;0.130213;-0.054588
0.419238;0.115568;-0.0472656
0.393706;0.122891;-0.0472656
0.369574;0.130213;-0.0472656
0.442332;0.115568;-0.0399433
0.413545;0.122891;-0.0399433
0.387651;0.130213;-0.0399433
0.338861;0.134475;-0.054588
0.319393;0.141797;-0.054588
0.301573;0.149119;-0.054588
0.356515;0.134475;-0.0472656
0.335659;0.141797;-0.0472656
0.315769;0.149119;-0.0472656
0.373417;0.134475;-0.0399433
0.350256;0.141797;-0.0399433
0.329241;0.149119;-0.0399433
0.671262;0.0777558;-0.0356817
0.618476;0.0850781;-0.0356817
0.57235;0.0924005;-0.0356817
0.715009;0.0777558;-0.0283594
0.655826;0.0850781;-0.0283594
0.603127;0.0924005;-0.0283594
0.754187;0.0777558;-0.021037
0.687152;0.0850781;-0.021037
0.630004;0.0924005;-0.021037
0.547641;0.096662;-0.0356817
0.50839;0.103984;-0.0356817
0.473612;0.111307;-0.0356817
0.575615;0.096662;-0.0283594
0.533044;0.103984;-0.0283594
0.494286;0.111307;-0.0283594
0.599964;0.096662;-0.021037
0.552997;0.103984;-0.021037
0.512017;0.111307;-0.021037
0.772998;0.0777558;-0.0167755
0.702435;0.0850781;-0.0167755
0.642631;0.0924005;-0.0167755
0.796381;0.0777558;-0.00945312
0.722195;0.0850781;-0.00945312
0.658037;0.0924005;-0.00945312
0.807958;0.0777558;-0.00213077
0.730531;0.0850781;-0.00213077
0.665652;0.0924005;-0.00213077
0.611333;0.096662;-0.0167755
0.562579;0.103984;-0.0167755
0.520184;0.111307;-0.0167755
0.625114;0.096662;-0.00945312
0.574879;0.103984;-0.00945312
0.529966;0.111307;-0.00945312
0.631975;0.096662;-0.00213077
0.579866;0.103984;-0.00213077
0.534849;0.111307;-0.00213077
0.454751;0.115568;-0.0356817
0.424439;0.122891;-0.0356817
0.397262;0.130213;-0.0356817
0.473766;0.115568;-0.0283594
0.441614;0.122891;-0.0283594
0.411817;0.130213;-0.0283594
0.490065;0.115568;-0.021037
0.455161;0.122891;-0.021037
0.424181;0.130213;-0.021037
0.382367;0.134475;-0.0356817
0.358199;0.141797;-0.0356817
0.336317;0.149119;-0.0356817
0.395866;0.134475;-0.0283594
0.370627;0.141797;-0.0283594
0.346906;0.149119;-0.0283594
0.407348;0.134475;-0.021037
0.380236;0.141797;-0.021037
0.355861;0.149119;-0.021037
0.497538;0.115568;-0.0167755
0.461614;0.122891;-0.0167755
0.429798;0.130213;-0.0167755
0.506436;0.115568;-0.00945312
0.469889;0.122891;-0.00945312
0.43643;0.130213;-0.00945312
0.510921;0.115568;-0.00213077
0.473126;0.122891;-0.00213077
0.439787;0.130213;-0.00213077
0.412542;0.134475;-0.0167755
0.384797;0.141797;-0.0167755
0.359887;0.149119;-0.0167755
0.418641;0.134475;-0.00945312
0.390658;0.141797;-0.00945312
0.364583;0.149119;-0.00945312
0.421766;0.134475;-0.00213077
0.392873;0.141797;-0.00213077
0.367002;0.149119;-0.00213077
0.125505;0.153381;-0.149119
0.122871;0.160703;-0.149119
0.120353;0.168025;-0.149119
0.134269;0.153381;-0.141797
0.131121;0.160703;-0.141797
0.127827;0.168025;-0.141797
0.144123;0.153381;-0.134475
0.14007;0.160703;-0.134475
0.136236;0.168025;-0.134475
0.118855;0.172287;-0.149119
0.116235;0.179609;-0.149119
0.113718;0.186932;-0.149119
0.125968;0.172287;-0.141797
0.122883;0.179609;-0.141797
0.119683;0.186932;-0.141797
0.133986;0.172287;-0.134475
0.130102;0.179609;-0.134475
0.126418;0.186932;-0.134475
0.150227;0.153381;-0.130213
0.145715;0.160703;-0.130213
0.141449;0.168025;-0.130213
0.161311;0.153381;-0.122891
0.156168;0.160703;-0.122891
0.150913;0.168025;-0.122891
0.173423;0.153381;-0.115568
0.167145;0.160703;-0.115568
0.16124;0.168025;-0.115568
0.138955;0.172287;-0.130213
0.134664;0.179609;-0.130213
0.130598;0.186932;-0.130213
0.147969;0.172287;-0.122891
0.14312;0.179609;-0.122891
0.138187;0.186932;-0.122891
0.157819;0.172287;-0.115568
0.15198;0.179609;-0.115568
0.146481;0.186932;-0.115568
0.112227;0.191193;-0.149119
0.109632;0.198516;-0.149119
0.107126;0.205838;-0.149119
0.117873;0.191193;-0.141797
0.114862;0.198516;-0.141797
0.11176;0.205838;-0.141797
0.124263;0.191193;-0.134475
0.120552;0.198516;-0.134475
0.117022;0.205838;-0.134475
0.105648;0.2101;-0.149119
0.103081;0.217422;-0.149119
0.100591;0.224744;-0.149119
0.110002;0.2101;-0.141797
0.10707;0.217422;-0.141797
0.104067;0.224744;-0.141797
0.114962;0.2101;-0.134475
0.111423;0.217422;-0.134475
0.108044;0.224744;-0.134475
0.128228;0.191193;-0.130213
0.124159;0.198516;-0.130213
0.120294;0.205838;-0.130213
0.135422;0.191193;-0.122891
0.130863;0.198516;-0.122891
0.126243;0.205838;-0.122891
0.143301;0.191193;-0.115568
0.13788;0.198516;-0.115568
0.132768;0.205838;-0.115568
0.118046;0.2101;-0.130213
0.114195;0.217422;-0.130213
0.110526;0.224744;-0.130213
0.12365;0.2101;-0.122891
0.11937;0.217422;-0.122891
0.115049;0.224744;-0.122891
0.129815;0.2101;-0.115568
0.124789;0.217422;-0.115568
0.120041;0.224744;-0.115568
0.180762;0.153381;-0.111307
0.17392;0.160703;-0.111307
0.167488;0.168025;-0.111307
0.193809;0.153381;-0.103984
0.186208;0.160703;-0.103984
0.178573;0.168025;-0.103984
0.20773;0.153381;-0.096662
0.198754;0.160703;-0.096662
0.190357;0.168025;-0.096662
0.163772;0.172287;-0.111307
0.157446;0.179609;-0.111307
0.151493;0.186932;-0.111307
0.17432;0.172287;-0.103984
0.16735;0.179609;-0.103984
0.160361;0.186932;-0.103984
0.185543;0.172287;-0.096662
0.177403;0.179609;-0.096662
0.169779;0.186932;-0.096662
0.215995;0.153381;-0.0924005
0.206346;0.160703;-0.0924005
0.197329;0.168025;-0.0924005
0.230377;0.153381;-0.0850781
0.219837;0.160703;-0.0850781
0.209413;0.168025;-0.0850781
0.245334;0.153381;-0.0777558
0.233191;0.160703;-0.0777558
0.221911;0.168025;-0.0777558
0.192172;0.172287;-0.0924005
0.183472;0.179609;-0.0924005
0.17533;0.186932;-0.0924005
0.203639;0.172287;-0.0850781
0.194225;0.179609;-0.0850781
0.184906;0.186932;-0.0850781
0.215507;0.172287;-0.0777558
0.204774;0.179609;-0.0777558
0.194782;0.186932;-0.0777558
0.148057;0.191193;-0.111307
0.142215;0.198516;-0.111307
0.13671;0.205838;-0.111307
0.156465;0.191193;-0.103984
0.150075;0.198516;-0.103984
0.143679;0.205838;-0.103984
0.165409;0.191193;-0.096662
0.15802;0.198516;-0.096662
0.151092;0.205838;-0.096662
0.133537;0.2101;-0.111307
0.128147;0.217422;-0.111307
0.123062;0.224744;-0.111307
0.140111;0.2101;-0.103984
0.134254;0.217422;-0.103984
0.128402;0.224744;-0.103984
0.147121;0.2101;-0.096662
0.140408;0.217422;-0.096662
0.134108;0.224744;-0.096662
0.170673;0.191193;-0.0924005
0.162814;0.198516;-0.0924005
0.15545;0.205838;-0.0924005
0.179738;0.191193;-0.0850781
0.171301;0.198516;-0.0850781
0.162944;0.205838;-0.0850781
0.1891;0.191193;-0.0777558
0.179566;0.198516;-0.0777558
0.170672;0.205838;-0.0777558
0.151237;0.2101;-0.0924005
0.144128;0.217422;-0.0924005
0.137459;0.224744;-0.0924005
0.158305;0.2101;-0.0850781
0.150722;0.217422;-0.0850781
0.143211;0.224744;-0.0850781
0.165609;0.2101;-0.0777558
0.157105;0.217422;-0.0777558
0.14916;0.224744;-0.0777558
0.0991252;0.229006;-0.149119
0.0965877;0.236328;-0.149119
0.0941112;0.24365;-0.149119
0.102361;0.229006;-0.141797
0.0995055;0.236328;-0.141797
0.0965969;0.24365;-0.141797
0.106077;0.229006;-0.134475
0.102703;0.236328;-0.134475
0.0994703;0.24365;-0.134475
0.0926568;0.247912;-0.149119
0.0901431;0.255234;-0.149119
0.0876751;0.262557;-0.149119
0.0949394;0.247912;-0.141797
0.0921551;0.255234;-0.141797
0.0893309;0.262557;-0.141797
0.0975904;0.247912;-0.134475
0.0943712;0.255234;-0.134475
0.0912726;0.262557;-0.134475
0.108396;0.229006;-0.130213
0.104753;0.236328;-0.130213
0.101272;0.24365;-0.130213
0.112621;0.229006;-0.122891
0.108607;0.236328;-0.122891
0.104567;0.24365;-0.122891
0.117302;0.229006;-0.115568
0.112646;0.236328;-0.115568
0.10824;0.24365;-0.115568
0.0992534;0.247912;-0.130213
0.0958054;0.255234;-0.130213
0.0924983;0.262557;-0.130213
0.102294;0.247912;-0.122891
0.0985284;0.255234;-0.122891
0.0947504;0.262557;-0.122891
0.105701;0.247912;-0.115568
0.101389;0.255234;-0.115568
0.0972999;0.262557;-0.115568
0.0862277;0.266818;-0.149119
0.0837283;0.274141;-0.149119
0.081259;0.281463;-0.149119
0.0877161;0.266818;-0.141797
0.0849924;0.274141;-0.141797
0.082239;0.281463;-0.141797
0.0894726;0.266818;-0.134475
0.0863929;0.274141;-0.134475
0.0834133;0.281463;-0.134475
0.0798119;0.285725;-0.149119
0.0773136;0.293047;-0.149119
0.0748291;0.300369;-0.149119
0.0806585;0.285725;-0.141797
0.0779805;0.293047;-0.141797
0.0752803;0.300369;-0.141797
0.0816834;0.285725;-0.134475
0.0787242;0.293047;-0.134475
0.0758441;0.300369;-0.134475
0.0905822;0.266818;-0.130213
0.0873123;0.274141;-0.130213
0.0841618;0.281463;-0.130213
0.092621;0.266818;-0.122891
0.0890848;0.274141;-0.122891
0.0855465;0.281463;-0.122891
0.0949457;0.266818;-0.115568
0.0909521;0.274141;-0.115568
0.0871538;0.281463;-0.115568
0.0823374;0.285725;-0.130213
0.0792249;0.293047;-0.130213
0.0762097;0.300369;-0.130213
0.0835474;0.285725;-0.122891
0.0802175;0.293047;-0.122891
0.0768934;0.300369;-0.122891
0.0849689;0.285725;-0.115568
0.0812652;0.293047;-0.115568
0.0777299;0.300369;-0.115568
0.120133;0.229006;-0.111307
0.115164;0.236328;-0.111307
0.110468;0.24365;-0.111307
0.125134;0.229006;-0.103984
0.119768;0.236328;-0.103984
0.114414;0.24365;-0.103984
0.130497;0.229006;-0.096662
0.124398;0.236328;-0.096662
0.118666;0.24365;-0.096662
0.107767;0.247912;-0.111307
0.103188;0.255234;-0.111307
0.0988536;0.262557;-0.111307
0.111424;0.247912;-0.103984
0.106507;0.255234;-0.103984
0.101613;0.262557;-0.103984
0.115383;0.247912;-0.096662
0.109841;0.255234;-0.096662
0.104627;0.262557;-0.096662
0.133644;0.229006;-0.0924005
0.127208;0.236328;-0.0924005
0.121164;0.24365;-0.0924005
0.139037;0.229006;-0.0850781
0.132209;0.236328;-0.0850781
0.125448;0.24365;-0.0850781
0.144633;0.229006;-0.0777558
0.137025;0.236328;-0.0777558
0.129909;0.24365;-0.0777558
0.117708;0.247912;-0.0924005
0.111879;0.255234;-0.0924005
0.106401;0.262557;-0.0924005
0.121688;0.247912;-0.0850781
0.115534;0.255234;-0.0850781
0.109445;0.262557;-0.0850781
0.125853;0.247912;-0.0777558
0.119036;0.255234;-0.0777558
0.112654;0.262557;-0.0777558
0.0963623;0.266818;-0.111307
0.0921435;0.274141;-0.111307
0.0881403;0.281463;-0.111307
0.0988765;0.266818;-0.103984
0.0943733;0.274141;-0.103984
0.0899001;0.281463;-0.103984
0.101643;0.266818;-0.096662
0.0966095;0.274141;-0.096662
0.0918683;0.281463;-0.096662
0.0858415;0.285725;-0.111307
0.0819517;0.293047;-0.111307
0.0782498;0.300369;-0.111307
0.087397;0.285725;-0.103984
0.0832718;0.293047;-0.103984
0.0791837;0.300369;-0.103984
0.0891578;0.285725;-0.096662
0.0845897;0.293047;-0.096662
0.0802806;0.300369;-0.096662
0.10327;0.266818;-0.0924005
0.0979946;0.274141;-0.0924005
0.0930317;0.281463;-0.0924005
0.106058;0.266818;-0.0850781
0.100511;0.274141;-0.0850781
0.0950297;0.281463;-0.0850781
0.109017;0.266818;-0.0777558
0.102906;0.274141;-0.0777558
0.0971815;0.281463;-0.0777558
0.0901974;0.285725;-0.0924005
0.0854262;0.293047;-0.0924005
0.0809332;0.300369;-0.0924005
0.0919793;0.285725;-0.0850781
0.086983;0.293047;-0.0850781
0.0820557;0.300369;-0.0850781
0.0939218;0.285725;-0.0777558
0.0884483;0.293047;-0.0777558
0.0833191;0.300369;-0.0777558
0.253998;0.153381;-0.0734942
0.241089;0.160703;-0.0734942
0.229114;0.168025;-0.0734942
0.268663;0.153381;-0.0661719
0.254774;0.160703;-0.0661719
0.24124;0.168025;-0.0661719
0.283391;0.153381;-0.0588495
0.267752;0.160703;-0.0588495
0.25334;0.168025;-0.0588495
0.222331;0.172287;-0.0734942
0.210989;0.179609;-0.0734942
0.20044;0.186932;-0.0734942
0.233791;0.172287;-0.0661719
0.221714;0.179609;-0.0661719
0.209904;0.186932;-0.0661719
0.245235;0.172287;-0.0588495
0.23177;0.179609;-0.0588495
0.219314;0.186932;-0.0588495
0.291617;0.153381;-0.054588
0.275179;0.160703;-0.054588
0.260056;0.168025;-0.054588
0.304945;0.153381;-0.0472656
0.287571;0.160703;-0.0472656
0.270872;0.168025;-0.0472656
0.317598;0.153381;-0.0399433
0.298517;0.160703;-0.0399433
0.281079;0.168025;-0.0399433
0.25157;0.172287;-0.054588
0.2375;0.179609;-0.054588
0.2245;0.186932;-0.054588
0.261742;0.172287;-0.0472656
0.247024;0.179609;-0.0472656
0.23279;0.186932;-0.0472656
0.271356;0.172287;-0.0399433
0.255327;0.179609;-0.0399433
0.240593;0.186932;-0.0399433
0.194454;0.191193;-0.0734942
0.184427;0.198516;-0.0734942
0.175081;0.205838;-0.0734942
0.203389;0.191193;-0.0661719
0.192801;0.198516;-0.0661719
0.182418;0.205838;-0.0661719
0.212286;0.191193;-0.0588495
0.200576;0.198516;-0.0588495
0.189708;0.205838;-0.0588495
0.16977;0.2101;-0.0734942
0.160861;0.217422;-0.0734942
0.152543;0.224744;-0.0734942
0.176678;0.2101;-0.0661719
0.167335;0.217422;-0.0661719
0.158153;0.224744;-0.0661719
0.183561;0.2101;-0.0588495
0.173293;0.217422;-0.0588495
0.163741;0.224744;-0.0588495
0.217179;0.191193;-0.054588
0.204998;0.198516;-0.054588
0.193704;0.205838;-0.054588
0.224976;0.191193;-0.0472656
0.212337;0.198516;-0.0472656
0.200051;0.205838;-0.0472656
0.232336;0.191193;-0.0399433
0.21866;0.198516;-0.0399433
0.20603;0.205838;-0.0399433
0.187325;0.2101;-0.054588
0.176683;0.217422;-0.054588
0.16679;0.224744;-0.054588
0.193287;0.2101;-0.0472656
0.182314;0.217422;-0.0472656
0.171607;0.224744;-0.0472656
0.198924;0.2101;-0.0399433
0.187111;0.217422;-0.0399433
0.176163;0.224744;-0.0399433
0.324222;0.153381;-0.0356817
0.30444;0.160703;-0.0356817
0.286389;0.168025;-0.0356817
0.334097;0.153381;-0.0283594
0.313673;0.160703;-0.0283594
0.294261;0.168025;-0.0283594
0.342471;0.153381;-0.021037
0.320691;0.160703;-0.021037
0.300916;0.168025;-0.021037
0.276343;0.172287;-0.0356817
0.259807;0.179609;-0.0356817
0.244623;0.186932;-0.0356817
0.283709;0.172287;-0.0283594
0.266781;0.179609;-0.0283594
0.25055;0.186932;-0.0283594
0.28996;0.172287;-0.021037
0.272001;0.179609;-0.021037
0.255571;0.186932;-0.021037
0.346221;0.153381;-0.0167755
0.32402;0.160703;-0.0167755
0.303881;0.168025;-0.0167755
0.35057;0.153381;-0.00945312
0.328318;0.160703;-0.00945312
0.307302;0.168025;-0.00945312
0.352842;0.153381;-0.00213077
0.329885;0.160703;-0.00213077
0.309099;0.168025;-0.00213077
0.292735;0.172287;-0.0167755
0.274481;0.179609;-0.0167755
0.257792;0.186932;-0.0167755
0.295916;0.172287;-0.00945312
0.277705;0.179609;-0.00945312
0.260326;0.186932;-0.00945312
0.297615;0.172287;-0.00213077
0.278835;0.179609;-0.00213077
0.261689;0.186932;-0.00213077
0.236126;0.191193;-0.0356817
0.222069;0.198516;-0.0356817
0.209099;0.205838;-0.0356817
0.241679;0.191193;-0.0283594
0.227382;0.198516;-0.0283594
0.213579;0.205838;-0.0283594
0.246408;0.191193;-0.021037
0.231299;0.198516;-0.021037
0.217395;0.205838;-0.021037
0.201808;0.2101;-0.0356817
0.189702;0.217422;-0.0356817
0.178488;0.224744;-0.0356817
0.206003;0.2101;-0.0283594
0.193751;0.217422;-0.0283594
0.181859;0.224744;-0.0283594
0.209601;0.2101;-0.021037
0.19669;0.217422;-0.021037
0.184756;0.224744;-0.021037
0.248492;0.191193;-0.0167755
0.233167;0.198516;-0.0167755
0.219071;0.205838;-0.0167755
0.250852;0.191193;-0.00945312
0.235616;0.198516;-0.00945312
0.220961;0.205838;-0.00945312
0.252146;0.191193;-0.00213077
0.236438;0.198516;-0.00213077
0.222005;0.205838;-0.00213077
0.211174;0.2101;-0.0167755
0.198099;0.217422;-0.0167755
0.186018;0.224744;-0.0167755
0.212933;0.2101;-0.00945312
0.199969;0.217422;-0.00945312
0.187423;0.224744;-0.00945312
0.213928;0.2101;-0.00213077
0.200564;0.217422;-0.00213077
0.188226;0.224744;-0.00213077
0.147811;0.229006;-0.0734942
0.139868;0.236328;-0.0734942
0.132442;0.24365;-0.0734942
0.153069;0.229006;-0.0661719
0.144783;0.236328;-0.0661719
0.136629;0.24365;-0.0661719
0.158327;0.229006;-0.0588495
0.149269;0.236328;-0.0588495
0.140826;0.24365;-0.0588495
0.128215;0.247912;-0.0734942
0.121116;0.255234;-0.0734942
0.114475;0.262557;-0.0734942
0.13211;0.247912;-0.0661719
0.124736;0.255234;-0.0661719
0.117478;0.262557;-0.0661719
0.136035;0.247912;-0.0588495
0.128011;0.255234;-0.0588495
0.120522;0.262557;-0.0588495
0.161189;0.229006;-0.054588
0.151828;0.236328;-0.054588
0.143108;0.24365;-0.054588
0.165698;0.229006;-0.0472656
0.156094;0.236328;-0.0472656
0.146696;0.24365;-0.0472656
0.169984;0.229006;-0.0399433
0.159685;0.236328;-0.0399433
0.150115;0.24365;-0.0399433
0.138164;0.247912;-0.054588
0.12989;0.255234;-0.054588
0.122173;0.262557;-0.054588
0.1415;0.247912;-0.0472656
0.133044;0.255234;-0.0472656
0.124755;0.262557;-0.0472656
0.144702;0.247912;-0.0399433
0.135663;0.255234;-0.0399433
0.127248;0.262557;-0.0399433
0.110694;0.266818;-0.0734942
0.104346;0.274141;-0.0734942
0.098403;0.281463;-0.0734942
0.113451;0.266818;-0.0661719
0.10688;0.274141;-0.0661719
0.100413;0.281463;-0.0661719
0.11627;0.266818;-0.0588495
0.109146;0.274141;-0.0588495
0.102494;0.281463;-0.0588495
0.0950218;0.285725;-0.0734942
0.0893484;0.293047;-0.0734942
0.0840368;0.300369;-0.0734942
0.0968251;0.285725;-0.0661719
0.0909689;0.293047;-0.0661719
0.0852126;0.300369;-0.0661719
0.0987167;0.285725;-0.0588495
0.0923896;0.293047;-0.0588495
0.0864818;0.300369;-0.0588495
0.117794;0.266818;-0.054588
0.110461;0.274141;-0.054588
0.103618;0.281463;-0.054588
0.120167;0.266818;-0.0472656
0.112695;0.274141;-0.0472656
0.105366;0.281463;-0.0472656
0.122482;0.266818;-0.0399433
0.114515;0.274141;-0.0399433
0.107092;0.281463;-0.0399433
0.0997344;0.285725;-0.054588
0.0932321;0.293047;-0.054588
0.0871638;0.300369;-0.054588
0.101307;0.285725;-0.0472656
0.0946955;0.293047;-0.0472656
0.0882119;0.300369;-0.0472656
0.102885;0.285725;-0.0399433
0.0958505;0.293047;-0.0399433
0.0892947;0.300369;-0.0399433
0.172164;0.229006;-0.0356817
0.161633;0.236328;-0.0356817
0.15185;0.24365;-0.0356817
0.175312;0.229006;-0.0283594
0.164695;0.236328;-0.0283594
0.154348;0.24365;-0.0283594
0.17804;0.229006;-0.021037
0.166876;0.236328;-0.021037
0.156523;0.24365;-0.021037
0.146321;0.247912;-0.0356817
0.137093;0.255234;-0.0356817
0.128506;0.262557;-0.0356817
0.148639;0.247912;-0.0283594
0.139364;0.255234;-0.0283594
0.130301;0.262557;-0.0283594
0.150681;0.247912;-0.021037
0.140944;0.255234;-0.021037
0.131895;0.262557;-0.021037
0.179223;0.229006;-0.0167755
0.167931;0.236328;-0.0167755
0.157463;0.24365;-0.0167755
0.180525;0.229006;-0.00945312
0.169353;0.236328;-0.00945312
0.158491;0.24365;-0.00945312
0.181291;0.229006;-0.00213077
0.169776;0.236328;-0.00213077
0.159106;0.24365;-0.00213077
0.151557;0.247912;-0.0167755
0.141719;0.255234;-0.0167755
0.132577;0.262557;-0.0167755
0.152503;0.247912;-0.00945312
0.142785;0.255234;-0.00945312
0.133305;0.262557;-0.00945312
0.15309;0.247912;-0.00213077
0.143073;0.255234;-0.00213077
0.133768;0.262557;-0.00213077
0.123645;0.266818;-0.0356817
0.115523;0.274141;-0.0356817
0.107957;0.281463;-0.0356817
0.125293;0.266818;-0.0283594
0.117147;0.274141;-0.0283594
0.109174;0.281463;-0.0283594
0.126779;0.266818;-0.021037
0.118239;0.274141;-0.021037
0.110291;0.281463;-0.021037
0.103671;0.285725;-0.0356817
0.0965056;0.293047;-0.0356817
0.0898303;0.300369;-0.0356817
0.104765;0.285725;-0.0283594
0.0975909;0.293047;-0.0283594
0.0905665;0.300369;-0.0283594
0.105794;0.285725;-0.021037
0.0982799;0.293047;-0.021037
0.091285;0.300369;-0.021037
0.127409;0.266818;-0.0167755
0.118786;0.274141;-0.0167755
0.110762;0.281463;-0.0167755
0.12807;0.266818;-0.00945312
0.119563;0.274141;-0.00945312
0.111247;0.281463;-0.00945312
0.128512;0.266818;-0.00213077
0.119742;0.274141;-0.00213077
0.111585;0.281463;-0.00213077
0.106222;0.285725;-0.0167755
0.0986385;0.293047;-0.0167755
0.0915798;0.300369;-0.0167755
0.10665;0.285725;-0.00945312
0.0991753;0.293047;-0.00945312
0.0918623;0.300369;-0.00945312
0.106971;0.285725;-0.00213077
0.0992665;0.293047;-0.00213077
0.0920965;0.300369;-0.00213077
0.0554215;0.304631;-0.300369
0.0524732;0.311953;-0.300369
0.0493217;0.319275;-0.300369
0.0577214;0.304631;-0.293047
0.0548194;0.311953;-0.293047
0.0518293;0.319275;-0.293047
0.059766;0.304631;-0.285725
0.0570223;0.311953;-0.285725
0.0540646;0.319275;-0.285725
0.047428;0.323537;-0.300369
0.0440745;0.330859;-0.300369
0.0405177;0.338182;-0.300369
0.0499941;0.323537;-0.293047
0.046688;0.330859;-0.293047
0.0433058;0.338182;-0.293047
0.0522944;0.323537;-0.285725
0.0491596;0.330859;-0.285725
0.0457921;0.338182;-0.285725
0.0608817;0.304631;-0.281463
0.0581904;0.311953;-0.281463
0.0552937;0.319275;-0.281463
0.0626634;0.304631;-0.274141
0.0600049;0.311953;-0.274141
0.0572715;0.319275;-0.274141
0.0642055;0.304631;-0.266818
0.0617006;0.311953;-0.266818
0.0589857;0.319275;-0.266818
0.0535569;0.323537;-0.281463
0.0504748;0.330859;-0.281463
0.0471677;0.338182;-0.281463
0.0555854;0.323537;-0.274141
0.0525294;0.330859;-0.274141
0.0494034;0.338182;-0.274141
0.0573576;0.323537;-0.266818
0.0544688;0.330859;-0.266818
0.0513523;0.338182;-0.266818
0.0383911;0.342443;-0.300369
0.0346057;0.349766;-0.300369
0.0305606;0.357088;-0.300369
0.0412286;0.342443;-0.293047
0.0374766;0.349766;-0.293047
0.0336516;0.357088;-0.293047
0.0437816;0.342443;-0.285725
0.0402252;0.349766;-0.285725
0.0364091;0.357088;-0.285725
0.028179;0.36135;-0.300369
0.0240385;0.368672;-0.300369
0.0196328;0.375994;-0.300369
0.0313165;0.36135;-0.293047
0.02714;0.368672;-0.293047
0.0229229;0.375994;-0.293047
0.0341507;0.36135;-0.285725
0.0301975;0.368672;-0.285725
0.025968;0.375994;-0.285725
0.0451908;0.342443;-0.281463
0.0416934;0.349766;-0.281463
0.0379503;0.357088;-0.281463
0.0474754;0.342443;-0.274141
0.0439973;0.349766;-0.274141
0.04048;0.357088;-0.274141
0.04949;0.342443;-0.266818
0.0462044;0.349766;-0.266818
0.0426843;0.357088;-0.266818
0.0357336;0.36135;-0.281463
0.0318526;0.368672;-0.281463
0.0277126;0.375994;-0.281463
0.0383222;0.36135;-0.274141
0.0344392;0.368672;-0.274141
0.0305381;0.375994;-0.274141
0.0406036;0.36135;-0.266818
0.036925;0.368672;-0.266818
0.0329337;0.375994;-0.266818
0.0650389;0.304631;-0.262557
0.0625818;0.311953;-0.262557
0.059919;0.319275;-0.262557
0.0663549;0.304631;-0.255234
0.0639163;0.311953;-0.255234
0.0614076;0.319275;-0.255234
0.0674535;0.304631;-0.247912
0.0651544;0.311953;-0.247912
0.0626546;0.319275;-0.247912
0.0583212;0.323537;-0.262557
0.0554836;0.330859;-0.262557
0.052422;0.338182;-0.262557
0.0598549;0.323537;-0.255234
0.0570327;0.330859;-0.255234
0.0541464;0.338182;-0.255234
0.0611518;0.323537;-0.247912
0.058484;0.330859;-0.247912
0.0556063;0.338182;-0.247912
0.06804;0.304631;-0.24365
0.0657809;0.311953;-0.24365
0.063324;0.319275;-0.24365
0.0689529;0.304631;-0.236328
0.0666984;0.311953;-0.236328
0.0643754;0.319275;-0.236328
0.0696805;0.304631;-0.229006
0.0675405;0.311953;-0.229006
0.0652162;0.319275;-0.229006
0.0618477;0.323537;-0.24365
0.0592262;0.330859;-0.24365
0.056395;0.338182;-0.24365
0.0629379;0.323537;-0.236328
0.0603235;0.330859;-0.236328
0.0576445;0.338182;-0.236328
0.0638176;0.323537;-0.229006
0.0613335;0.330859;-0.229006
0.0586583;0.338182;-0.229006
0.0505947;0.342443;-0.262557
0.0473689;0.349766;-0.262557
0.0439029;0.357088;-0.262557
0.0523686;0.342443;-0.255234
0.0491547;0.349766;-0.255234
0.0458895;0.357088;-0.255234
0.0538851;0.342443;-0.247912
0.0508426;0.349766;-0.247912
0.0475785;0.357088;-0.247912
0.0418549;0.36135;-0.262557
0.0382266;0.368672;-0.262557
0.0342673;0.375994;-0.262557
0.043878;0.36135;-0.255234
0.0402311;0.368672;-0.255234
0.0365327;0.375994;-0.255234
0.0456227;0.36135;-0.247912
0.0421737;0.368672;-0.247912
0.0385119;0.375994;-0.247912
0.0547035;0.342443;-0.24365
0.0517127;0.349766;-0.24365
0.048494;0.357088;-0.24365
0.055996;0.342443;-0.236328
0.0530113;0.349766;-0.236328
0.0499636;0.357088;-0.236328
0.0570545;0.342443;-0.229006
0.0542169;0.349766;-0.229006
0.0511815;0.357088;-0.229006
0.0465743;0.36135;-0.24365
0.0431967;0.368672;-0.24365
0.0395885;0.375994;-0.24365
0.0480985;0.36135;-0.236328
0.0447351;0.368672;-0.236328
0.0413066;0.375994;-0.236328
0.0493675;0.36135;-0.229006
0.0461668;0.368672;-0.229006
0.0427606;0.375994;-0.229006
0.0168694;0.380256;-0.300369
0.0119844;0.387578;-0.300369
0.00714973;0.3949;-0.300369
0.0203238;0.380256;-0.293047
0.0155845;0.387578;-0.293047
0.0107634;0.3949;-0.293047
0.0234663;0.380256;-0.285725
0.0190546;0.387578;-0.285725
0.0142941;0.3949;-0.285725
0.00553362;0.397329;-0.300369
0.00479398;0.398353;-0.300369
0.00407526;0.399377;-0.300369
0.00878106;0.397931;-0.293047
0.00679589;0.401022;-0.293047
0.00473789;0.404113;-0.293047
0.0119206;0.398522;-0.285725
0.00859724;0.403645;-0.285725
0.00503198;0.408769;-0.285725
0.0252299;0.380256;-0.281463
0.0208509;0.387578;-0.281463
0.0162297;0.3949;-0.281463
0.0280877;0.380256;-0.274141
0.0236429;0.387578;-0.274141
0.0192956;0.3949;-0.274141
0.0305555;0.380256;-0.266818
0.0264676;0.387578;-0.266818
0.0222073;0.3949;-0.266818
0.0159009;0.399162;-0.275952
0.0110705;0.406484;-0.275952
0.00612212;0.413807;-0.275952
0.017927;0.399162;-0.271035
0.0131252;0.406484;-0.271035
0.00825988;0.413807;-0.271035
0.0198236;0.399162;-0.266118
0.0150811;0.406484;-0.266118
0.0102842;0.413807;-0.266118
0.0130853;0.398746;-0.282894
0.00923395;0.404637;-0.282894
0.00521635;0.410528;-0.282894
0.0140674;0.398928;-0.280488
0.00978028;0.405446;-0.280488
0.00533487;0.411964;-0.280488
0.0150167;0.399109;-0.278082
0.0103045;0.406251;-0.278082
0.00544707;0.413393;-0.278082
0.00458321;0.416043;-0.275952
0.00432106;0.416407;-0.275952
0.0040595;0.41677;-0.275952
0.00649397;0.416404;-0.271035
0.00533743;0.418008;-0.271035
0.0041893;0.419612;-0.271035
0.00830407;0.416762;-0.266118
0.00634954;0.419593;-0.266118
0.00442264;0.422425;-0.266118
0.0319519;0.380256;-0.262557
0.0279915;0.387578;-0.262557
0.0237541;0.3949;-0.262557
0.0343073;0.380256;-0.255234
0.0303044;0.387578;-0.255234
0.0261655;0.3949;-0.255234
0.036335;0.380256;-0.247912
0.0325053;0.387578;-0.247912
0.028443;0.3949;-0.247912
0.021139;0.399162;-0.262557
0.0164943;0.406484;-0.262557
0.0117315;0.413807;-0.262557
0.023691;0.399162;-0.255234
0.0192634;0.406484;-0.255234
0.0146031;0.413807;-0.255234
0.0260127;0.399162;-0.247912
0.0217378;0.406484;-0.247912
0.0172498;0.413807;-0.247912
0.0374389;0.380256;-0.24365
0.0336726;0.387578;-0.24365
0.0296912;0.3949;-0.24365
0.039222;0.380256;-0.236328
0.0354713;0.387578;-0.236328
0.0316314;0.3949;-0.236328
0.040728;0.380256;-0.229006
0.0371444;0.387578;-0.229006
0.0333432;0.3949;-0.229006
0.0272815;0.399162;-0.24365
0.0230438;0.406484;-0.24365
0.0186832;0.413807;-0.24365
0.0293029;0.399162;-0.236328
0.0251527;0.406484;-0.236328
0.0209309;0.413807;-0.236328
0.0310881;0.399162;-0.229006
0.0271247;0.406484;-0.229006
0.0229169;0.413807;-0.229006
0.0149886;0.418068;-0.246663
0.0102281;0.425391;-0.246663
0.00532772;0.432713;-0.246663
0.0151225;0.418068;-0.246278
0.0103638;0.425391;-0.246278
0.00547847;0.432713;-0.246278
0.0152557;0.418068;-0.245893
0.0104989;0.425391;-0.245893
0.00562945;0.432713;-0.245893
0.00956588;0.417003;-0.262669
0.00713135;0.420663;-0.262669
0.00471607;0.424323;-0.262669
0.0120352;0.417472;-0.255731
0.008605;0.422746;-0.255731
0.00507061;0.428019;-0.255731
0.0143212;0.417935;-0.248793
0.00985814;0.424799;-0.248793
0.00522172;0.431663;-0.248793
0.0038699;0.434851;-0.246663
0.00385069;0.434876;-0.246663
0.00383149;0.434901;-0.246663
0.00400869;0.434876;-0.246278
0.00392452;0.434987;-0.246278
0.00384059;0.435099;-0.246278
0.00414857;0.434901;-0.245893
0.00400104;0.435099;-0.245893
0.00385425;0.435296;-0.245893
0.0160234;0.418068;-0.24365
0.0112764;0.425391;-0.24365
0.00645594;0.432713;-0.24365
0.0183579;0.418068;-0.236328
0.0137358;0.425391;-0.236328
0.00903717;0.432713;-0.236328
0.020432;0.418068;-0.229006
0.0160831;0.425391;-0.229006
0.0114582;0.432713;-0.229006
0.00489909;0.435039;-0.24365
0.00441976;0.435711;-0.24365
0.0039456;0.436382;-0.24365
0.00723626;0.435484;-0.236328
0.00578561;0.437685;-0.236328
0.00431849;0.439885;-0.236328
0.0093721;0.435923;-0.229006
0.00697496;0.439632;-0.229006
0.0045274;0.443341;-0.229006
0.0700638;0.304631;-0.224744
0.0679517;0.311953;-0.224744
0.0656584;0.319275;-0.224744
0.0706514;0.304631;-0.217422
0.0685273;0.311953;-0.217422
0.0663361;0.319275;-0.217422
0.0710962;0.304631;-0.2101
0.0690491;0.311953;-0.2101
0.0668416;0.319275;-0.2101
0.0642795;0.323537;-0.224744
0.0618312;0.330859;-0.224744
0.0591927;0.338182;-0.224744
0.0649847;0.323537;-0.217422
0.0625326;0.330859;-0.217422
0.0600155;0.338182;-0.217422
0.0655141;0.323537;-0.2101
0.0631591;0.330859;-0.2101
0.0606373;0.338182;-0.2101
0.0713297;0.304631;-0.205838
0.0692926;0.311953;-0.205838
0.0670998;0.319275;-0.205838
0.0716868;0.304631;-0.198516
0.0696155;0.311953;-0.198516
0.0674807;0.319275;-0.198516
0.0719541;0.304631;-0.191193
0.069908;0.311953;-0.191193
0.0677357;0.319275;-0.191193
0.0657827;0.323537;-0.205838
0.0634489;0.330859;-0.205838
0.0609514;0.338182;-0.205838
0.066175;0.323537;-0.198516
0.0638222;0.330859;-0.198516
0.0614081;0.338182;-0.198516
0.0664341;0.323537;-0.191193
0.0641349;0.330859;-0.191193
0.061702;0.338182;-0.191193
0.0576129;0.342443;-0.224744
0.0548199;0.349766;-0.224744
0.0518278;0.357088;-0.224744
0.0584715;0.342443;-0.217422
0.0556826;0.349766;-0.217422
0.0528304;0.357088;-0.217422
0.0591264;0.342443;-0.2101
0.0564551;0.349766;-0.2101
0.0536102;0.357088;-0.2101
0.0500414;0.36135;-0.224744
0.0468928;0.368672;-0.224744
0.0435372;0.375994;-0.224744
0.051089;0.36135;-0.217422
0.0479541;0.368672;-0.217422
0.0447529;0.375994;-0.217422
0.0519106;0.36135;-0.2101
0.0489123;0.368672;-0.2101
0.0457306;0.375994;-0.2101
0.0594571;0.342443;-0.205838
0.0568182;0.349766;-0.205838
0.0540075;0.357088;-0.205838
0.0599369;0.342443;-0.198516
0.0572941;0.349766;-0.198516
0.054591;0.357088;-0.198516
0.0602485;0.342443;-0.191193
0.0576866;0.349766;-0.191193
0.0549826;0.357088;-0.191193
0.0523299;0.36135;-0.205838
0.0493742;0.368672;-0.205838
0.0462373;0.375994;-0.205838
0.0529478;0.36135;-0.198516
0.0500027;0.368672;-0.198516
0.0469979;0.375994;-0.198516
0.0533699;0.36135;-0.191193
0.0505321;0.368672;-0.191193
0.0475441;0.375994;-0.191193
0.0721009;0.304631;-0.186932
0.0700403;0.311953;-0.186932
0.0678607;0.319275;-0.186932
0.0723382;0.304631;-0.179609
0.0702143;0.311953;-0.179609
0.0680352;0.319275;-0.179609
0.0725477;0.304631;-0.172287
0.0703818;0.311953;-0.172287
0.068137;0.319275;-0.172287
0.0665575;0.323537;-0.186932
0.0642599;0.330859;-0.186932
0.0618344;0.338182;-0.186932
0.0667214;0.323537;-0.179609
0.0643841;0.330859;-0.179609
0.0619939;0.338182;-0.179609
0.0668023;0.323537;-0.172287
0.0644631;0.330859;-0.172287
0.0620341;0.338182;-0.172287
0.0726779;0.304631;-0.168025
0.0704664;0.311953;-0.168025
0.0681866;0.319275;-0.168025
0.0729151;0.304631;-0.160703
0.0706049;0.311953;-0.160703
0.0682546;0.319275;-0.160703
0.0731902;0.304631;-0.153381
0.0707574;0.311953;-0.153381
0.0683074;0.319275;-0.153381
0.0668349;0.323537;-0.168025
0.0644721;0.330859;-0.168025
0.0620287;0.338182;-0.168025
0.0668645;0.323537;-0.160703
0.0644357;0.330859;-0.160703
0.0619688;0.338182;-0.160703
0.0668666;0.323537;-0.153381
0.0643687;0.330859;-0.153381
0.0618378;0.338182;-0.153381
0.0603878;0.342443;-0.186932
0.0578426;0.349766;-0.186932
0.0551597;0.357088;-0.186932
0.0605533;0.342443;-0.179609
0.0579907;0.349766;-0.179609
0.0553759;0.357088;-0.179609
0.0605914;0.342443;-0.172287
0.0580642;0.349766;-0.172287
0.0554362;0.357088;-0.172287
0.0535625;0.36135;-0.186932
0.0507565;0.368672;-0.186932
0.0478026;0.375994;-0.186932
0.0538004;0.36135;-0.179609
0.0509986;0.368672;-0.179609
0.0481435;0.375994;-0.179609
0.0538761;0.36135;-0.172287
0.0511439;0.368672;-0.172287
0.0482998;0.375994;-0.172287
0.0605811;0.342443;-0.168025
0.0580511;0.349766;-0.168025
0.0554276;0.357088;-0.168025
0.0605053;0.342443;-0.160703
0.05794;0.349766;-0.160703
0.0553364;0.357088;-0.160703
0.0603485;0.342443;-0.153381
0.0577635;0.349766;-0.153381
0.0551297;0.357088;-0.153381
0.0538737;0.36135;-0.168025
0.0511579;0.368672;-0.168025
0.0483356;0.375994;-0.168025
0.0537877;0.36135;-0.160703
0.0510651;0.368672;-0.160703
0.0483021;0.375994;-0.160703
0.0535779;0.36135;-0.153381
0.0508807;0.368672;-0.153381
0.0481194;0.375994;-0.153381
0.0415332;0.380256;-0.224744
0.0380078;0.387578;-0.224744
0.0342799;0.3949;-0.224744
0.0428025;0.380256;-0.217422
0.0393069;0.387578;-0.217422
0.035755;0.3949;-0.217422
0.0438335;0.380256;-0.2101
0.0404966;0.387578;-0.2101
0.0369721;0.3949;-0.2101
0.0320627;0.399162;-0.224744
0.0281599;0.406484;-0.224744
0.0240339;0.413807;-0.224744
0.0336003;0.399162;-0.217422
0.0297447;0.406484;-0.217422
0.0258297;0.413807;-0.217422
0.0348826;0.399162;-0.2101
0.0312015;0.406484;-0.2101
0.0272866;0.413807;-0.2101
0.0443696;0.380256;-0.205838
0.041087;0.387578;-0.205838
0.0376153;0.3949;-0.205838
0.0451766;0.380256;-0.198516
0.0419206;0.387578;-0.198516
0.0386048;0.3949;-0.198516
0.045766;0.380256;-0.191193
0.0426411;0.387578;-0.191193
0.0393541;0.3949;-0.191193
0.0355566;0.399162;-0.205838
0.0319275;0.406484;-0.205838
0.0280613;0.413807;-0.205838
0.0365908;0.399162;-0.198516
0.0329846;0.406484;-0.198516
0.0293197;0.413807;-0.198516
0.0373932;0.399162;-0.191193
0.0339486;0.406484;-0.191193
0.0303449;0.413807;-0.191193
0.0215836;0.418068;-0.224744
0.0172855;0.425391;-0.224744
0.0127565;0.432713;-0.224744
0.0234261;0.418068;-0.217422
0.0191168;0.425391;-0.217422
0.0148041;0.432713;-0.217422
0.0249584;0.418068;-0.2101
0.0209198;0.425391;-0.2101
0.0167124;0.432713;-0.2101
0.0142319;0.436975;-0.209736
0.00968394;0.444297;-0.209736
0.00507338;0.451619;-0.209736
0.0144166;0.436975;-0.208965
0.00987758;0.444297;-0.208965
0.00529532;0.451619;-0.208965
0.0145983;0.436975;-0.208193
0.0100685;0.444297;-0.208193
0.005516;0.451619;-0.208193
0.0104938;0.436155;-0.224969
0.00761098;0.440663;-0.224969
0.00468804;0.44517;-0.224969
0.0122358;0.436516;-0.218418
0.00861494;0.442261;-0.218418
0.00488827;0.448006;-0.218418
0.0137704;0.436872;-0.211867
0.00942265;0.443841;-0.211867
0.00497683;0.45081;-0.211867
0.0257877;0.418068;-0.205838
0.0218586;0.425391;-0.205838
0.0177116;0.432713;-0.205838
0.0271262;0.418068;-0.198516
0.0232214;0.425391;-0.198516
0.0192108;0.432713;-0.198516
0.0282093;0.418068;-0.191193
0.0244632;0.425391;-0.191193
0.0205351;0.432713;-0.191193
0.0151703;0.436975;-0.205838
0.0106943;0.444297;-0.205838
0.00616757;0.451619;-0.205838
0.0167992;0.436975;-0.198516
0.0125011;0.444297;-0.198516
0.00806397;0.451619;-0.198516
0.018193;0.436975;-0.191193
0.0140751;0.444297;-0.191193
0.00977487;0.451619;-0.191193
0.0460474;0.380256;-0.186932
0.0429663;0.387578;-0.186932
0.0397233;0.3949;-0.186932
0.0464237;0.380256;-0.179609
0.0433647;0.387578;-0.179609
0.0402497;0.3949;-0.179609
0.0466112;0.380256;-0.172287
0.0436536;0.387578;-0.172287
0.0405741;0.3949;-0.172287
0.0377961;0.399162;-0.186932
0.0344185;0.406484;-0.186932
0.0308728;0.413807;-0.186932
0.0383756;0.399162;-0.179609
0.0350449;0.406484;-0.179609
0.0316523;0.413807;-0.179609
0.038746;0.399162;-0.172287
0.0355435;0.406484;-0.172287
0.0322089;0.413807;-0.172287
0.0466639;0.380256;-0.168025
0.0437416;0.387578;-0.168025
0.0406997;0.3949;-0.168025
0.0466553;0.380256;-0.160703
0.0437537;0.387578;-0.160703
0.0408059;0.3949;-0.160703
0.0464904;0.380256;-0.153381
0.0436539;0.387578;-0.153381
0.0407381;0.3949;-0.153381
0.0388967;0.399162;-0.168025
0.0357436;0.406484;-0.168025
0.03246;0.413807;-0.168025
0.0390448;0.399162;-0.160703
0.0359358;0.406484;-0.160703
0.0327758;0.413807;-0.160703
0.0390137;0.399162;-0.153381
0.0360062;0.406484;-0.153381
0.0329079;0.413807;-0.153381
0.0287695;0.418068;-0.186932
0.0250881;0.425391;-0.186932
0.0212325;0.432713;-0.186932
0.0296127;0.418068;-0.179609
0.0259858;0.425391;-0.179609
0.0222824;0.432713;-0.179609
0.0302272;0.418068;-0.172287
0.0267516;0.425391;-0.172287
0.0231341;0.432713;-0.172287
0.018926;0.436975;-0.186932
0.0148791;0.444297;-0.186932
0.0106894;0.451619;-0.186932
0.0200566;0.436975;-0.179609
0.0161143;0.444297;-0.179609
0.0120999;0.451619;-0.179609
0.0209785;0.436975;-0.172287
0.0172028;0.444297;-0.172287
0.0133003;0.451619;-0.172287
0.0305135;0.418068;-0.168025
0.0271079;0.425391;-0.168025
0.0235613;0.432713;-0.168025
0.0308901;0.418068;-0.160703
0.0275592;0.425391;-0.160703
0.0241617;0.432713;-0.160703
0.0310752;0.418068;-0.153381
0.0278717;0.425391;-0.153381
0.0245581;0.432713;-0.153381
0.0214485;0.436975;-0.168025
0.0177452;0.444297;-0.168025
0.01391;0.451619;-0.168025
0.0221253;0.436975;-0.160703
0.018518;0.444297;-0.160703
0.0148336;0.451619;-0.160703
0.0225897;0.436975;-0.153381
0.0191485;0.444297;-0.153381
0.0155983;0.451619;-0.153381
0.00371116;0.453762;-0.209736
0.003681;0.453803;-0.209736
0.00365086;0.453844;-0.209736
0.00391605;0.453803;-0.208965
0.00378549;0.453986;-0.208965
0.00365544;0.454169;-0.208965
0.00412207;0.453844;-0.208193
0.00389626;0.454169;-0.208193
0.00367207;0.454493;-0.208193
0.00469868;0.453961;-0.205838
0.00421191;0.454688;-0.205838
0.00373027;0.455415;-0.205838
0.00639363;0.45432;-0.198516
0.00517699;0.456279;-0.198516
0.00395356;0.458239;-0.198516
0.00794449;0.454675;-0.191193
0.00604705;0.457852;-0.191193
0.00410793;0.46103;-0.191193
0.00879196;0.454871;-0.186932
0.0065222;0.458722;-0.186932
0.00420311;0.462574;-0.186932
0.0100993;0.455191;-0.179609
0.00723631;0.460141;-0.179609
0.00429541;0.465092;-0.179609
0.0111662;0.455507;-0.172287
0.0077683;0.461545;-0.172287
0.00429217;0.467583;-0.172287
0.0125346;0.455881;-0.161543
0.00865262;0.463203;-0.161543
0.0046589;0.470525;-0.161543
0.0130862;0.455881;-0.15705
0.00930162;0.463203;-0.15705
0.00540263;0.470525;-0.15705
0.0135685;0.455881;-0.152557
0.00987557;0.463203;-0.152557
0.00606922;0.470525;-0.152557
0.0115461;0.45563;-0.169333
0.00796455;0.462092;-0.169333
0.00430996;0.468554;-0.169333
0.0119188;0.45574;-0.166503
0.00819066;0.462578;-0.166503
0.00437326;0.469417;-0.166503
0.012265;0.455849;-0.163673
0.00839425;0.463063;-0.163673
0.00441809;0.470276;-0.163673
0.0034449;0.472706;-0.161543
0.0033408;0.472878;-0.161543
0.00323686;0.47305;-0.161543
0.00411777;0.472878;-0.15705
0.00367837;0.473638;-0.15705
0.00324067;0.474398;-0.15705
0.0047243;0.473048;-0.152557
0.00398448;0.474394;-0.152557
0.00324693;0.475739;-0.152557
0.0733732;0.304631;-0.149119
0.0708589;0.311953;-0.149119
0.0683415;0.319275;-0.149119
0.0737234;0.304631;-0.141797
0.0710722;0.311953;-0.141797
0.0684034;0.319275;-0.141797
0.0741719;0.304631;-0.134475
0.0713102;0.311953;-0.134475
0.0685064;0.319275;-0.134475
0.0668656;0.323537;-0.149119
0.0643147;0.330859;-0.149119
0.0617434;0.338182;-0.149119
0.0668572;0.323537;-0.141797
0.0642103;0.330859;-0.141797
0.0615476;0.338182;-0.141797
0.0668772;0.323537;-0.134475
0.0640862;0.330859;-0.134475
0.0613314;0.338182;-0.134475
0.0744637;0.304631;-0.130213
0.071484;0.311953;-0.130213
0.0685792;0.319275;-0.130213
0.0750095;0.304631;-0.122891
0.0718596;0.311953;-0.122891
0.0687206;0.319275;-0.122891
0.0756973;0.304631;-0.115568
0.0722527;0.311953;-0.115568
0.0689498;0.319275;-0.115568
0.066896;0.323537;-0.130213
0.0640205;0.330859;-0.130213
0.061197;0.338182;-0.130213
0.0669346;0.323537;-0.122891
0.0639347;0.330859;-0.122891
0.0609477;0.338182;-0.122891
0.0670508;0.323537;-0.115568
0.0638315;0.330859;-0.115568
0.0607267;0.338182;-0.115568
0.0602345;0.342443;-0.149119
0.0576231;0.349766;-0.149119
0.0549737;0.357088;-0.149119
0.0599971;0.342443;-0.141797
0.0573284;0.349766;-0.141797
0.0546429;0.357088;-0.141797
0.0597284;0.342443;-0.134475
0.0569774;0.349766;-0.134475
0.0542408;0.357088;-0.134475
0.053417;0.36135;-0.149119
0.0507183;0.368672;-0.149119
0.0479641;0.375994;-0.149119
0.0530714;0.36135;-0.141797
0.0503518;0.368672;-0.141797
0.0476117;0.375994;-0.141797
0.0526452;0.36135;-0.134475
0.0498999;0.368672;-0.134475
0.0471477;0.375994;-0.134475
0.0595587;0.342443;-0.130213
0.0567551;0.349766;-0.130213
0.0539801;0.357088;-0.130213
0.0592401;0.342443;-0.122891
0.0563561;0.349766;-0.122891
0.0534841;0.357088;-0.122891
0.0589401;0.342443;-0.115568
0.0559082;0.349766;-0.115568
0.0529633;0.357088;-0.115568
0.0523667;0.36135;-0.130213
0.0495987;0.368672;-0.130213
0.0468362;0.375994;-0.130213
0.0518331;0.36135;-0.122891
0.0490269;0.368672;-0.122891
0.0462285;0.375994;-0.122891
0.0512658;0.36135;-0.115568
0.0483789;0.368672;-0.115568
0.0455513;0.375994;-0.115568
0.0761253;0.304631;-0.111307
0.0725318;0.311953;-0.111307
0.0690987;0.319275;-0.111307
0.0768928;0.304631;-0.103984
0.0731106;0.311953;-0.103984
0.0693707;0.319275;-0.103984
0.0778195;0.304631;-0.096662
0.0736759;0.311953;-0.096662
0.0697594;0.319275;-0.096662
0.0671288;0.323537;-0.111307
0.0637965;0.330859;-0.111307
0.0605965;0.338182;-0.111307
0.0672707;0.323537;-0.103984
0.0637947;0.330859;-0.103984
0.0603641;0.338182;-0.103984
0.0675245;0.323537;-0.096662
0.0637649;0.330859;-0.096662
0.0602009;0.338182;-0.096662
0.0783699;0.304631;-0.0924005
0.0740592;0.311953;-0.0924005
0.0699942;0.319275;-0.0924005
0.0793127;0.304631;-0.0850781
0.0748184;0.311953;-0.0850781
0.0703969;0.319275;-0.0850781
0.0804016;0.304631;-0.0777558
0.0755086;0.311953;-0.0777558
0.0709223;0.319275;-0.0777558
0.0676774;0.323537;-0.0924005
0.0637852;0.330859;-0.0924005
0.0601067;0.338182;-0.0924005
0.0679345;0.323537;-0.0850781
0.0638976;0.330859;-0.0850781
0.0599371;0.338182;-0.0850781
0.0683174;0.323537;-0.0777558
0.0639553;0.330859;-0.0777558
0.0598651;0.338182;-0.0777558
0.0587593;0.342443;-0.111307
0.0556491;0.349766;-0.111307
0.0526426;0.357088;-0.111307
0.0584321;0.342443;-0.103984
0.0552226;0.349766;-0.103984
0.0520586;0.357088;-0.103984
0.0581684;0.342443;-0.096662
0.0547503;0.349766;-0.096662
0.0514963;0.357088;-0.096662
0.0509141;0.36135;-0.111307
0.0479823;0.368672;-0.111307
0.0451252;0.375994;-0.111307
0.0502694;0.36135;-0.103984
0.0472824;0.368672;-0.103984
0.0443374;0.375994;-0.103984
0.0496403;0.36135;-0.096662
0.0465174;0.368672;-0.096662
0.0435262;0.375994;-0.096662
0.0580119;0.342443;-0.0924005
0.0544951;0.349766;-0.0924005
0.0511599;0.357088;-0.0924005
0.0577297;0.342443;-0.0850781
0.0541067;0.349766;-0.0850781
0.0505622;0.357088;-0.0850781
0.0575459;0.342443;-0.0777558
0.0536689;0.349766;-0.0777558
0.0500299;0.357088;-0.0777558
0.0492611;0.36135;-0.0924005
0.0460731;0.368672;-0.0924005
0.0430337;0.375994;-0.0924005
0.0485835;0.36135;-0.0850781
0.0453289;0.368672;-0.0850781
0.0421522;0.375994;-0.0850781
0.04797;0.36135;-0.0777558
0.044532;0.368672;-0.0777558
0.041298;0.375994;-0.0777558
0.0463432;0.380256;-0.149119
0.0435276;0.387578;-0.149119
0.0406394;0.3949;-0.149119
0.0460005;0.380256;-0.141797
0.0431978;0.387578;-0.141797
0.0403683;0.3949;-0.141797
0.0455383;0.380256;-0.134475
0.0427612;0.387578;-0.134475
0.0399568;0.3949;-0.134475
0.038936;0.399162;-0.149119
0.0359718;0.406484;-0.149119
0.03292;0.413807;-0.149119
0.0386983;0.399162;-0.141797
0.0357807;0.406484;-0.141797
0.0328256;0.413807;-0.141797
0.038312;0.399162;-0.134475
0.0354641;0.406484;-0.134475
0.0325688;0.413807;-0.134475
0.0452253;0.380256;-0.130213
0.0424535;0.387578;-0.130213
0.0396644;0.3949;-0.130213
0.0446099;0.380256;-0.122891
0.0418402;0.387578;-0.122891
0.0390704;0.3949;-0.122891
0.0439168;0.380256;-0.115568
0.0411281;0.387578;-0.115568
0.0383712;0.3949;-0.115568
0.0380327;0.399162;-0.130213
0.0352145;0.406484;-0.130213
0.0323571;0.413807;-0.130213
0.0374581;0.399162;-0.122891
0.0346798;0.406484;-0.122891
0.0318889;0.413807;-0.122891
0.0367713;0.399162;-0.115568
0.0340293;0.406484;-0.115568
0.0312923;0.413807;-0.115568
0.0311172;0.418068;-0.149119
0.0279706;0.425391;-0.149119
0.0247159;0.432713;-0.149119
0.031074;0.418068;-0.141797
0.0279999;0.425391;-0.141797
0.0248732;0.432713;-0.141797
0.0308625;0.418068;-0.134475
0.0278962;0.425391;-0.134475
0.0248676;0.432713;-0.134475
0.0227901;0.436975;-0.149119
0.0194315;0.444297;-0.149119
0.0159576;0.451619;-0.149119
0.0230217;0.436975;-0.141797
0.0197677;0.444297;-0.141797
0.0164324;0.451619;-0.141797
0.0230775;0.436975;-0.134475
0.0199569;0.444297;-0.134475
0.0167643;0.451619;-0.134475
0.0306778;0.418068;-0.130213
0.0277659;0.425391;-0.130213
0.0247974;0.432713;-0.130213
0.0302549;0.418068;-0.122891
0.0274216;0.425391;-0.122891
0.0245587;0.432713;-0.122891
0.029696;0.418068;-0.115568
0.0269466;0.425391;-0.115568
0.0241775;0.432713;-0.115568
0.0230446;0.436975;-0.130213
0.0199956;0.444297;-0.130213
0.0168827;0.451619;-0.130213
0.0228745;0.436975;-0.122891
0.0199386;0.444297;-0.122891
0.0169515;0.451619;-0.122891
0.0225538;0.436975;-0.115568
0.01974;0.444297;-0.115568
0.0168832;0.451619;-0.115568
0.0434783;0.380256;-0.111307
0.0406765;0.387578;-0.111307
0.0379204;0.3949;-0.111307
0.042663;0.380256;-0.103984
0.0398494;0.387578;-0.103984
0.0370704;0.3949;-0.103984
0.0418178;0.380256;-0.096662
0.0389381;0.387578;-0.096662
0.0361569;0.3949;-0.096662
0.0363255;0.399162;-0.111307
0.0336003;0.406484;-0.111307
0.0308921;0.413807;-0.111307
0.0354795;0.399162;-0.103984
0.0327853;0.406484;-0.103984
0.0301129;0.413807;-0.103984
0.034564;0.399162;-0.096662
0.031869;0.406484;-0.096662
0.0292382;0.413807;-0.096662
0.0413019;0.380256;-0.0924005
0.0383906;0.387578;-0.0924005
0.0355937;0.3949;-0.0924005
0.0403735;0.380256;-0.0850781
0.0374368;0.387578;-0.0850781
0.0345731;0.3949;-0.0850781
0.0394696;0.380256;-0.0777558
0.0364203;0.387578;-0.0777558
0.0335395;0.3949;-0.0777558
0.0339964;0.399162;-0.0924005
0.0313025;0.406484;-0.0924005
0.0286876;0.413807;-0.0924005
0.0329621;0.399162;-0.0850781
0.0302859;0.406484;-0.0850781
0.0276722;0.413807;-0.0850781
0.0319107;0.399162;-0.0777558
0.0291924;0.406484;-0.0777558
0.026605;0.413807;-0.0777558
0.0293165;0.418068;-0.111307
0.0266103;0.425391;-0.111307
0.0238956;0.432713;-0.111307
0.0285705;0.418068;-0.103984
0.0259362;0.425391;-0.103984
0.023308;0.432713;-0.103984
0.0277236;0.418068;-0.096662
0.0251474;0.425391;-0.096662
0.0226031;0.432713;-0.096662
0.022307;0.436975;-0.111307
0.0195605;0.444297;-0.111307
0.0167817;0.451619;-0.111307
0.0217799;0.436975;-0.103984
0.019146;0.444297;-0.103984
0.0164936;0.451619;-0.103984
0.0211307;0.436975;-0.096662
0.0186059;0.444297;-0.096662
0.0160747;0.451619;-0.096662
0.0271869;0.418068;-0.0924005
0.0246427;0.425391;-0.0924005
0.0221435;0.432713;-0.0924005
0.0261905;0.418068;-0.0850781
0.0237073;0.425391;-0.0850781
0.0212712;0.432713;-0.0850781
0.0251384;0.418068;-0.0777558
0.0226819;0.425391;-0.0777558
0.020316;0.432713;-0.0777558
0.0207017;0.436975;-0.0924005
0.0182374;0.444297;-0.0924005
0.015778;0.451619;-0.0924005
0.019878;0.436975;-0.0850781
0.0175176;0.444297;-0.0850781
0.0151781;0.451619;-0.0850781
0.0189677;0.436975;-0.0777558
0.0166946;0.444297;-0.0777558
0.0144704;0.451619;-0.0777558
0.0810175;0.304631;-0.0734942
0.0759571;0.311953;-0.0734942
0.07122;0.319275;-0.0734942
0.0820194;0.304631;-0.0661719
0.0768093;0.311953;-0.0661719
0.0716988;0.319275;-0.0661719
0.0831297;0.304631;-0.0588495
0.0775201;0.311953;-0.0588495
0.072285;0.319275;-0.0588495
0.0685312;0.323537;-0.0734942
0.0640317;0.330859;-0.0734942
0.0598201;0.338182;-0.0734942
0.0688651;0.323537;-0.0661719
0.0642449;0.330859;-0.0661719
0.0597265;0.338182;-0.0661719
0.069319;0.323537;-0.0588495
0.0643635;0.330859;-0.0588495
0.0597439;0.338182;-0.0588495
0.083722;0.304631;-0.054588
0.0779644;0.311953;-0.054588
0.0725946;0.319275;-0.054588
0.0846219;0.304631;-0.0472656
0.0787772;0.311953;-0.0472656
0.0730534;0.319275;-0.0472656
0.0855807;0.304631;-0.0399433
0.0793728;0.311953;-0.0399433
0.0735915;0.319275;-0.0399433
0.0695532;0.323537;-0.054588
0.0644733;0.330859;-0.054588
0.0597418;0.338182;-0.054588
0.0698863;0.323537;-0.0472656
0.0647361;0.330859;-0.0472656
0.0597056;0.338182;-0.0472656
0.0703199;0.323537;-0.0399433
0.0648589;0.330859;-0.0399433
0.0597812;0.338182;-0.0399433
0.057434;0.342443;-0.0734942
0.0534487;0.349766;-0.0734942
0.0497173;0.357088;-0.0734942
0.0572229;0.342443;-0.0661719
0.0531442;0.349766;-0.0661719
0.0491708;0.357088;-0.0661719
0.0571322;0.342443;-0.0588495
0.0527793;0.349766;-0.0588495
0.048727;0.357088;-0.0588495
0.0476075;0.36135;-0.0734942
0.0440906;0.368672;-0.0734942
0.0407937;0.375994;-0.0734942
0.0469708;0.36135;-0.0661719
0.0433889;0.368672;-0.0661719
0.0399156;0.375994;-0.0661719
0.0464429;0.36135;-0.0588495
0.0426474;0.368672;-0.0588495
0.0391192;0.375994;-0.0588495
0.0570678;0.342443;-0.054588
0.0526122;0.349766;-0.054588
0.0484697;0.357088;-0.054588
0.0569258;0.342443;-0.0472656
0.0524137;0.349766;-0.0472656
0.0480242;0.357088;-0.0472656
0.0569137;0.342443;-0.0399433
0.0521387;0.349766;-0.0399433
0.0477099;0.357088;-0.0399433
0.0461356;0.36135;-0.054588
0.0422591;0.368672;-0.054588
0.0386628;0.375994;-0.054588
0.0456035;0.36135;-0.0472656
0.041684;0.368672;-0.0472656
0.0378927;0.375994;-0.0472656
0.0452171;0.36135;-0.0399433
0.0410806;0.368672;-0.0399433
0.0372579;0.375994;-0.0399433
0.0860493;0.304631;-0.0356817
0.0797309;0.311953;-0.0356817
0.0738485;0.319275;-0.0356817
0.0866808;0.304631;-0.0283594
0.0803615;0.311953;-0.0283594
0.0741782;0.319275;-0.0283594
0.0873256;0.304631;-0.021037
0.0807119;0.311953;-0.021037
0.0745584;0.319275;-0.021037
0.0705201;0.323537;-0.0356817
0.0649648;0.330859;-0.0356817
0.0598013;0.338182;-0.0356817
0.0707598;0.323537;-0.0283594
0.0652071;0.330859;-0.0283594
0.0597848;0.338182;-0.0283594
0.0710779;0.323537;-0.021037
0.0652699;0.330859;-0.021037
0.0598744;0.338182;-0.021037
0.0875847;0.304631;-0.0167755
0.080912;0.311953;-0.0167755
0.0747043;0.319275;-0.0167755
0.0878188;0.304631;-0.00945312
0.0812457;0.311953;-0.00945312
0.0748165;0.319275;-0.00945312
0.0880393;0.304631;-0.00213077
0.0812637;0.311953;-0.00213077
0.0749614;0.319275;-0.00213077
0.0711933;0.323537;-0.0167755
0.0653344;0.330859;-0.0167755
0.0598925;0.338182;-0.0167755
0.0712632;0.323537;-0.00945312
0.0654935;0.330859;-0.00945312
0.059859;0.338182;-0.00945312
0.0713973;0.323537;-0.00213077
0.06545;0.330859;-0.00213077
0.0599265;0.338182;-0.00213077
0.0568855;0.342443;-0.0356817
0.05203;0.349766;-0.0356817
0.047529;0.357088;-0.0356817
0.0567913;0.342443;-0.0283594
0.0519391;0.349766;-0.0283594
0.0472174;0.357088;-0.0283594
0.0568282;0.342443;-0.021037
0.0517551;0.349766;-0.021037
0.0470554;0.357088;-0.021037
0.0449955;0.36135;-0.0356817
0.0407914;0.368672;-0.0356817
0.0369093;0.375994;-0.0356817
0.0446169;0.36135;-0.0283594
0.0404151;0.368672;-0.0283594
0.0363489;0.375994;-0.0283594
0.0444101;0.36135;-0.021037
0.0400193;0.368672;-0.021037
0.0359691;0.375994;-0.021037
0.0568199;0.342443;-0.0167755
0.0517026;0.349766;-0.0167755
0.0469626;0.357088;-0.0167755
0.056749;0.342443;-0.00945312
0.0517096;0.349766;-0.00945312
0.0468033;0.357088;-0.00945312
0.0568078;0.342443;-0.00213077
0.0516133;0.349766;-0.00213077
0.0468023;0.357088;-0.00213077
0.0442943;0.36135;-0.0167755
0.0398649;0.368672;-0.0167755
0.0357797;0.375994;-0.0167755
0.0441013;0.36135;-0.00945312
0.0397377;0.368672;-0.00945312
0.0355104;0.375994;-0.00945312
0.0440936;0.36135;-0.00213077
0.039596;0.368672;-0.00213077
0.0354483;0.375994;-0.00213077
0.0389328;0.380256;-0.0734942
0.0358355;0.387578;-0.0734942
0.0329226;0.3949;-0.0734942
0.037993;0.380256;-0.0661719
0.0348625;0.387578;-0.0661719
0.0318409;0.3949;-0.0661719
0.0371374;0.380256;-0.0588495
0.033856;0.387578;-0.0588495
0.0308082;0.3949;-0.0588495
0.0312797;0.399162;-0.0734942
0.0285457;0.406484;-0.0734942
0.0259584;0.413807;-0.0734942
0.0301667;0.399162;-0.0661719
0.0274361;0.406484;-0.0661719
0.02481;0.413807;-0.0661719
0.0291023;0.399162;-0.0588495
0.0262873;0.406484;-0.0588495
0.0236703;0.413807;-0.0588495
0.0366443;0.380256;-0.054588
0.0333051;0.387578;-0.054588
0.0302131;0.3949;-0.054588
0.0358073;0.380256;-0.0472656
0.0324411;0.387578;-0.0472656
0.029209;0.3949;-0.0472656
0.0351161;0.380256;-0.0399433
0.0315799;0.387578;-0.0399433
0.0283274;0.3949;-0.0399433
0.0284853;0.399162;-0.054588
0.0256391;0.406484;-0.054588
0.0230054;0.413807;-0.054588
0.0274366;0.399162;-0.0472656
0.0245854;0.406484;-0.0472656
0.021872;0.413807;-0.0472656
0.0265165;0.399162;-0.0399433
0.0235463;0.406484;-0.0399433
0.0208306;0.413807;-0.0399433
0.0244973;0.418068;-0.0734942
0.0220589;0.425391;-0.0734942
0.0197251;0.432713;-0.0734942
0.0233505;0.418068;-0.0661719
0.0209577;0.425391;-0.0661719
0.0186553;0.432713;-0.0661719
0.0222093;0.418068;-0.0588495
0.0198021;0.425391;-0.0588495
0.0175518;0.432713;-0.0588495
0.0184004;0.436975;-0.0734942
0.0161762;0.444297;-0.0734942
0.014014;0.451619;-0.0734942
0.0173653;0.436975;-0.0661719
0.0152302;0.444297;-0.0661719
0.0131643;0.451619;-0.0661719
0.0162937;0.436975;-0.0588495
0.0142165;0.444297;-0.0588495
0.0122522;0.451619;-0.0588495
0.0215392;0.418068;-0.054588
0.0191315;0.425391;-0.054588
0.0168959;0.432713;-0.054588
0.0203883;0.418068;-0.0472656
0.0180064;0.425391;-0.0472656
0.0157591;0.432713;-0.0472656
0.0193302;0.418068;-0.0399433
0.0168886;0.425391;-0.0399433
0.0146683;0.432713;-0.0399433
0.0156525;0.436975;-0.054588
0.0136109;0.444297;-0.054588
0.0116969;0.451619;-0.054588
0.0145312;0.436975;-0.0472656
0.0125589;0.444297;-0.0472656
0.0107076;0.451619;-0.0472656
0.0134518;0.436975;-0.0399433
0.0114897;0.444297;-0.0399433
0.00971089;0.451619;-0.0399433
0.0347345;0.380256;-0.0356817
0.0311439;0.387578;-0.0356817
0.0278459;0.3949;-0.0356817
0.0341173;0.380256;-0.0283594
0.0305282;0.387578;-0.0283594
0.027083;0.3949;-0.0283594
0.0336999;0.380256;-0.021037
0.0299524;0.387578;-0.021037
0.0265173;0.3949;-0.021037
0.0260103;0.399162;-0.0356817
0.0230013;0.406484;-0.0356817
0.0202569;0.413807;-0.0356817
0.0252018;0.399162;-0.0283594
0.0221963;0.406484;-0.0283594
0.0193451;0.413807;-0.0283594
0.0246059;0.399162;-0.021037
0.0214733;0.406484;-0.021037
0.0186288;0.413807;-0.021037
0.0334905;0.380256;-0.0167755
0.0297093;0.387578;-0.0167755
0.026244;0.3949;-0.0167755
0.0331907;0.380256;-0.00945312
0.0294629;0.387578;-0.00945312
0.0258786;0.3949;-0.00945312
0.0331234;0.380256;-0.00213077
0.0292815;0.387578;-0.00213077
0.0257612;0.3949;-0.00213077
0.0243155;0.399162;-0.0167755
0.0211541;0.406484;-0.0167755
0.0182847;0.413807;-0.0167755
0.0239224;0.399162;-0.00945312
0.0208018;0.406484;-0.00945312
0.0178359;0.413807;-0.00945312
0.023801;0.399162;-0.00213077
0.0205856;0.406484;-0.00213077
0.0176682;0.413807;-0.00213077
0.0187427;0.418068;-0.0356817
0.0162828;0.425391;-0.0356817
0.0140563;0.432713;-0.0356817
0.0177999;0.418068;-0.0283594
0.0153524;0.425391;-0.0283594
0.0130676;0.432713;-0.0283594
0.0170621;0.418068;-0.021037
0.0145227;0.425391;-0.021037
0.0122474;0.432713;-0.021037
0.0128404;0.436975;-0.0356817
0.0108883;0.444297;-0.0356817
0.00913536;0.451619;-0.0356817
0.0118417;0.436975;-0.0283594
0.00992488;0.444297;-0.0283594
0.00817803;0.451619;-0.0283594
0.011013;0.436975;-0.021037
0.00904946;0.444297;-0.021037
0.00733072;0.451619;-0.021037
0.0167042;0.418068;-0.0167755
0.014142;0.425391;-0.0167755
0.0118489;0.432713;-0.0167755
0.0162308;0.418068;-0.00945312
0.0136975;0.425391;-0.00945312
0.0113308;0.432713;-0.00945312
0.0160601;0.418068;-0.00213077
0.0134506;0.425391;-0.00213077
0.0111171;0.432713;-0.00213077
0.0106054;0.436975;-0.0167755
0.0086289;0.444297;-0.0167755
0.00690536;0.451619;-0.0167755
0.0100666;0.436975;-0.00945312
0.00811022;0.444297;-0.00945312
0.00634061;0.451619;-0.00945312
0.00985075;0.436975;-0.00213077
0.00783632;0.444297;-0.00213077
0.0060859;0.451619;-0.00213077
0.0138938;0.455881;-0.149119
0.0102757;0.463203;-0.149119
0.00653585;0.470525;-0.149119
0.0144604;0.455881;-0.141797
0.0109934;0.463203;-0.141797
0.00740239;0.470525;-0.141797
0.0148616;0.455881;-0.134475
0.0115162;0.463203;-0.134475
0.00809039;0.470525;-0.134475
0.00515256;0.473169;-0.149119
0.00421764;0.474931;-0.149119
0.00328231;0.476693;-0.149119
0.00595785;0.473414;-0.141797
0.00465571;0.476018;-0.141797
0.00333707;0.478622;-0.141797
0.00660594;0.473657;-0.134475
0.00496301;0.477096;-0.134475
0.00328542;0.480536;-0.134475
0.0150254;0.455881;-0.130213
0.0117636;0.463203;-0.130213
0.00843894;0.470525;-0.130213
0.0151863;0.455881;-0.122891
0.0120989;0.463203;-0.122891
0.00894094;0.470525;-0.122891
0.0151996;0.455881;-0.115568
0.0122646;0.463203;-0.115568
0.0092635;0.470525;-0.115568
0.00693727;0.473789;-0.130213
0.00512017;0.477681;-0.130213
0.00326455;0.481573;-0.130213
0.00741658;0.473999;-0.122891
0.00535595;0.478614;-0.122891
0.00325142;0.483228;-0.122891
0.00772846;0.474208;-0.115568
0.00546763;0.479539;-0.115568
0.00315426;0.484871;-0.115568
0.0151429;0.455881;-0.111307
0.0122866;0.463203;-0.111307
0.00937734;0.470525;-0.111307
0.0149328;0.455881;-0.103984
0.0122187;0.463203;-0.103984
0.00947063;0.470525;-0.103984
0.014593;0.455881;-0.096662
0.0120294;0.463203;-0.096662
0.00943451;0.470525;-0.096662
0.00784899;0.47432;-0.111307
0.00550747;0.480036;-0.111307
0.00310676;0.485752;-0.111307
0.00796745;0.474496;-0.103984
0.00553501;0.480817;-0.103984
0.00303643;0.487139;-0.103984
0.0079565;0.474671;-0.096662
0.00545752;0.481594;-0.096662
0.00289162;0.488517;-0.096662
0.0143423;0.455881;-0.0924005
0.0118639;0.463203;-0.0924005
0.0093614;0.470525;-0.0924005
0.0138183;0.455881;-0.0850781
0.011483;0.463203;-0.0850781
0.00914666;0.470525;-0.0850781
0.0131865;0.455881;-0.0777558
0.0109958;0.463203;-0.0777558
0.00881812;0.470525;-0.0777558
0.00786617;0.474787;-0.0894368
0.00539383;0.482109;-0.0894368
0.00286304;0.489432;-0.0894368
0.00773991;0.474787;-0.0834081
0.00541275;0.482109;-0.0834081
0.0030414;0.489432;-0.0834081
0.00753534;0.474787;-0.0773793
0.00535337;0.482109;-0.0773793
0.00314161;0.489432;-0.0773793
0.00792665;0.474729;-0.0941548
0.00541252;0.481852;-0.0941548
0.00283312;0.488975;-0.0941548
0.00791196;0.474754;-0.0928612
0.0053971;0.481964;-0.0928612
0.00281811;0.489174;-0.0928612
0.00789343;0.47478;-0.0915676
0.00537866;0.482077;-0.0915676
0.00280102;0.489374;-0.0915676
0.00210179;0.491597;-0.0894368
0.00205794;0.491714;-0.0894368
0.0020141;0.491832;-0.0894368
0.0022899;0.491714;-0.0834081
0.00211259;0.492235;-0.0834081
0.00193496;0.492756;-0.0834081
0.00240716;0.491831;-0.0773793
0.00211998;0.492754;-0.0773793
0.00183145;0.493677;-0.0773793
0.0127741;0.455881;-0.0734942
0.0106673;0.463203;-0.0734942
0.00857917;0.470525;-0.0734942
0.0119944;0.455881;-0.0661719
0.0100276;0.463203;-0.0661719
0.00809191;0.470525;-0.0661719
0.0111472;0.455881;-0.0588495
0.00930328;0.463203;-0.0588495
0.00751833;0.470525;-0.0588495
0.00736667;0.474787;-0.0734942
0.0052783;0.482109;-0.0734942
0.00316934;0.489432;-0.0734942
0.00697607;0.474787;-0.0661719
0.00506522;0.482109;-0.0661719
0.00314571;0.489432;-0.0661719
0.0064996;0.474787;-0.0588495
0.00476557;0.482109;-0.0588495
0.0030286;0.489432;-0.0588495
0.0106264;0.455881;-0.054588
0.00885106;0.463203;-0.054588
0.00714969;0.470525;-0.054588
0.00968969;0.455881;-0.0472656
0.00803367;0.463203;-0.0472656
0.00646365;0.470525;-0.0472656
0.00874087;0.455881;-0.0399433
0.00717327;0.463203;-0.0399433
0.00572996;0.470525;-0.0399433
0.00618546;0.474787;-0.054588
0.004554;0.482109;-0.054588
0.00293097;0.489432;-0.054588
0.00558756;0.474787;-0.0472656
0.004132;0.482109;-0.0472656
0.00271141;0.489432;-0.0472656
0.00494018;0.474787;-0.0399433
0.0036513;0.482109;-0.0399433
0.00241545;0.489432;-0.0399433
0.00245195;0.491897;-0.0734942
0.00211408;0.493048;-0.0734942
0.00177392;0.494198;-0.0734942
0.00246698;0.492008;-0.0661719
0.00206413;0.493537;-0.0661719
0.00165686;0.495067;-0.0661719
0.00238953;0.492118;-0.0588495
0.00193906;0.494025;-0.0588495
0.00148334;0.495933;-0.0588495
0.00232306;0.492172;-0.054588
0.00185945;0.494269;-0.054588
0.00139124;0.496365;-0.054588
0.00216825;0.492251;-0.0472656
0.00170852;0.494617;-0.0472656
0.00124581;0.496983;-0.0472656
0.00193417;0.492329;-0.0399433
0.00149634;0.494964;-0.0399433
0.00105797;0.497599;-0.0399433
0.00818702;0.455881;-0.0356817
0.00666787;0.463203;-0.0356817
0.00528967;0.470525;-0.0356817
0.00725264;0.455881;-0.0283594
0.00581427;0.463203;-0.0283594
0.00452279;0.470525;-0.0283594
0.00642072;0.455881;-0.021037
0.00500076;0.463203;-0.021037
0.00378116;0.470525;-0.021037
0.00454566;0.474787;-0.0356817
0.00334829;0.482109;-0.0356817
0.00221752;0.489432;-0.0356817
0.00384564;0.474787;-0.0283594
0.00279758;0.482109;-0.0283594
0.00184563;0.489432;-0.0283594
0.00316023;0.474787;-0.021037
0.00223167;0.482109;-0.021037
0.0014389;0.489432;-0.021037
0.00599577;0.455881;-0.0167755
0.00458274;0.463203;-0.0167755
0.00338348;0.470525;-0.0167755
0.00541885;0.455881;-0.00945312
0.00402622;0.463203;-0.00945312
0.00281893;0.470525;-0.00945312
0.00516352;0.455881;-0.00213077
0.00373158;0.463203;-0.00213077
0.00252877;0.470525;-0.00213077
0.00278324;0.474787;-0.0167755
0.00190986;0.482109;-0.0167755
0.00119754;0.489432;-0.0167755
0.00222685;0.474787;-0.00945312
0.00141466;0.482109;-0.00945312
0.000798959;0.489432;-0.00945312
0.00193764;0.474787;-0.00213077
0.00111478;0.482109;-0.00213077
0.000517298;0.489432;-0.00213077
0.00177616;0.492366;-0.0356817
0.00136417;0.495126;-0.0356817
0.000952935;0.497886;-0.0356817
0.00147835;0.492413;-0.0283594
0.00112538;0.495334;-0.0283594
0.000776661;0.498255;-0.0283594
0.00114141;0.492459;-0.021037
0.000851972;0.495542;-0.021037
0.000574023;0.498624;-0.021037
0.000938918;0.492478;-0.0167755
0.000689893;0.495623;-0.0167755
0.000458383;0.498767;-0.0167755
0.000594329;0.492493;-0.00945312
0.000411683;0.495692;-0.00945312
0.000263108;0.49889;-0.00945312
0.000329126;0.492509;-0.00213077
0.000163547;0.495761;-0.00213077
5.91077e-05;0.499013;-0.00213077
0.000180776;-0.499013;0.00213077
0.000436443;-0.495761;0.00213077
0.000800815;-0.492509;0.00213077
0.000784558;-0.49889;0.00945312
0.000996931;-0.495692;0.00945312
0.00126517;-0.492493;0.00945312
0.00142104;-0.498767;0.0167755
0.00170496;-0.495623;0.0167755
0.00198355;-0.492478;0.0167755
0.00177985;-0.498624;0.021037
0.00211122;-0.495542;0.021037
0.002416;-0.492459;0.021037
0.00235611;-0.498255;0.0283594
0.00275037;-0.495334;0.0283594
0.00310212;-0.492413;0.0283594
0.0030304;-0.497886;0.0356817
0.00346821;-0.495126;0.0356817
0.00386671;-0.492366;0.0356817
0.00116581;-0.489432;0.00213077
0.00216396;-0.482109;0.00213077
0.00336932;-0.474787;0.00213077
0.00158881;-0.489432;0.00945312
0.00253801;-0.482109;0.00945312
0.00367413;-0.474787;0.00945312
0.0022776;-0.489432;0.0167755
0.00318205;-0.482109;0.0167755
0.00433223;-0.474787;0.0167755
0.00421271;-0.470525;0.00213077
0.00590779;-0.463203;0.00213077
0.0078143;-0.455881;0.00213077
0.0045039;-0.470525;0.00945312
0.00619843;-0.463203;0.00945312
0.00801967;-0.455881;0.00945312
0.00512918;-0.470525;0.0167755
0.00672782;-0.463203;0.0167755
0.00856809;-0.455881;0.0167755
0.00272981;-0.489432;0.021037
0.00366179;-0.482109;0.021037
0.00481144;-0.474787;0.021037
0.00348428;-0.489432;0.0283594
0.004541;-0.482109;0.0283594
0.00570752;-0.474787;0.0283594
0.00428417;-0.489432;0.0356817
0.00543766;-0.482109;0.0356817
0.00675109;-0.474787;0.0356817
0.0056029;-0.470525;0.021037
0.00718343;-0.463203;0.021037
0.00899242;-0.455881;0.021037
0.00651054;-0.470525;0.0283594
0.00811565;-0.463203;0.0283594
0.00983386;-0.455881;0.0283594
0.00757849;-0.470525;0.0356817
0.00913175;-0.463203;0.0356817
0.0109029;-0.455881;0.0356817
0.00341188;-0.497599;0.0399433
0.00386188;-0.494964;0.0399433
0.00428177;-0.492329;0.0399433
0.00399192;-0.496983;0.0472656
0.00444389;-0.494617;0.0472656
0.00489897;-0.492251;0.0472656
0.00466811;-0.496365;0.054588
0.00512467;-0.494269;0.054588
0.00562773;-0.492172;0.054588
0.00504448;-0.495933;0.0588495
0.00550252;-0.494025;0.0588495
0.00602788;-0.492118;0.0588495
0.00561986;-0.495067;0.0661719
0.00603672;-0.493537;0.0661719
0.00653258;-0.492008;0.0661719
0.00627471;-0.494198;0.0734942
0.00661327;-0.493048;0.0734942
0.00702011;-0.491897;0.0734942
0.0047579;-0.489432;0.0399433
0.00603569;-0.482109;0.0399433
0.00739428;-0.474787;0.0399433
0.0054865;-0.489432;0.0472656
0.00699896;-0.482109;0.0472656
0.00843361;-0.474787;0.0472656
0.00620594;-0.489432;0.054588
0.00775801;-0.482109;0.054588
0.00948226;-0.474787;0.054588
0.00823468;-0.470525;0.0399433
0.00981749;-0.463203;0.0399433
0.0115899;-0.455881;0.0399433
0.00932803;-0.470525;0.0472656
0.0110438;-0.463203;0.0472656
0.0127928;-0.455881;0.0472656
0.010509;-0.470525;0.054588
0.0122579;-0.463203;0.054588
0.0141282;-0.455881;0.054588
0.00665014;-0.489432;0.0588495
0.00831296;-0.482109;0.0588495
0.0101437;-0.474787;0.0588495
0.00732313;-0.489432;0.0661719
0.00938013;-0.482109;0.0661719
0.011258;-0.474787;0.0661719
0.00787274;-0.489432;0.0734942
0.0102031;-0.482109;0.0734942
0.0122947;-0.474787;0.0734942
0.0112154;-0.470525;0.0588495
0.0130154;-0.463203;0.0588495
0.0149416;-0.455881;0.0588495
0.012346;-0.470525;0.0661719
0.0143352;-0.463203;0.0661719
0.0163347;-0.455881;0.0661719
0.013487;-0.470525;0.0734942
0.0156536;-0.463203;0.0734942
0.0178374;-0.455881;0.0734942
0.00667932;-0.493677;0.0773793
0.00696181;-0.492754;0.0773793
0.00729676;-0.491831;0.0773793
0.00735088;-0.492756;0.0834081
0.00750997;-0.492235;0.0834081
0.00768941;-0.491714;0.0834081
0.00793011;-0.491832;0.0894368
0.00796098;-0.491714;0.0894368
0.00799304;-0.491597;0.0894368
0.00814192;-0.489432;0.0773793
0.010573;-0.482109;0.0773793
0.0128414;-0.474787;0.0773793
0.00852191;-0.489432;0.0834081
0.0111363;-0.482109;0.0834081
0.0136723;-0.474787;0.0834081
0.00884506;-0.489432;0.0894368
0.011694;-0.482109;0.0894368
0.0144734;-0.474787;0.0894368
0.00897357;-0.489374;0.0915676
0.0119079;-0.482077;0.0915676
0.0147578;-0.47478;0.0915676
0.00911914;-0.489174;0.0928612
0.0120772;-0.481964;0.0928612
0.0149392;-0.474754;0.0928612
0.00926755;-0.488975;0.0941548
0.0122499;-0.481852;0.0941548
0.0151216;-0.474729;0.0941548
0.0141939;-0.470525;0.0777558
0.0164651;-0.463203;0.0777558
0.018744;-0.455881;0.0777558
0.0153681;-0.470525;0.0850781
0.0178347;-0.463203;0.0850781
0.0202655;-0.455881;0.0850781
0.0164721;-0.470525;0.0924005
0.0191552;-0.463203;0.0924005
0.0218365;-0.455881;0.0924005
0.0095333;-0.488517;0.096662
0.012544;-0.481594;0.096662
0.0154183;-0.474671;0.096662
0.0103354;-0.487139;0.103984
0.013387;-0.480817;0.103984
0.0162604;-0.474496;0.103984
0.0112253;-0.485752;0.111307
0.0142822;-0.480036;0.111307
0.017157;-0.47432;0.111307
0.017074;-0.470525;0.096662
0.0199429;-0.463203;0.096662
0.0227551;-0.455881;0.096662
0.0180264;-0.470525;0.103984
0.0212403;-0.463203;0.103984
0.0242823;-0.455881;0.103984
0.018976;-0.470525;0.111307
0.0224342;-0.463203;0.111307
0.02583;-0.455881;0.111307
0.0117383;-0.484871;0.115568
0.0147493;-0.479539;0.115568
0.0175942;-0.474208;0.115568
0.0125993;-0.483228;0.122891
0.0154072;-0.478614;0.122891
0.018116;-0.473999;0.122891
0.0135407;-0.481573;0.130213
0.0160935;-0.477681;0.130213
0.0186283;-0.473789;0.130213
0.019484;-0.470525;0.115568
0.023161;-0.463203;0.115568
0.0267028;-0.455881;0.115568
0.0201388;-0.470525;0.122891
0.0242608;-0.463203;0.122891
0.0280694;-0.455881;0.122891
0.0206265;-0.470525;0.130213
0.0249788;-0.463203;0.130213
0.029352;-0.455881;0.130213
0.0140217;-0.480536;0.134475
0.0163938;-0.477096;0.134475
0.0187874;-0.473657;0.134475
0.0147941;-0.478622;0.141797
0.0167243;-0.476018;0.141797
0.0187238;-0.473414;0.141797
0.0156517;-0.476693;0.149119
0.0170435;-0.474931;0.149119
0.0185103;-0.473169;0.149119
0.0208333;-0.470525;0.134475
0.0254501;-0.463203;0.134475
0.0300669;-0.455881;0.134475
0.0209496;-0.470525;0.141797
0.0262702;-0.463203;0.141797
0.0311213;-0.455881;0.141797
0.020727;-0.470525;0.149119
0.0265423;-0.463203;0.149119
0.0318717;-0.455881;0.149119
0.00898562;-0.451619;0.00213077
0.0111668;-0.444297;0.00213077
0.0136637;-0.436975;0.00213077
0.00918853;-0.451619;0.00945312
0.011415;-0.444297;0.00945312
0.0138001;-0.436975;0.00945312
0.00970486;-0.451619;0.0167755
0.0118203;-0.444297;0.0167755
0.0142557;-0.436975;0.0167755
0.0152032;-0.432713;0.00213077
0.0179938;-0.425391;0.00213077
0.0211091;-0.418068;0.00213077
0.0153378;-0.432713;0.00945312
0.0182091;-0.425391;0.00945312
0.0211809;-0.418068;0.00945312
0.0157596;-0.432713;0.0167755
0.018488;-0.425391;0.0167755
0.0215459;-0.418068;0.0167755
0.0101132;-0.451619;0.021037
0.0122035;-0.444297;0.021037
0.0146033;-0.436975;0.021037
0.0109371;-0.451619;0.0283594
0.0130458;-0.444297;0.0283594
0.0153006;-0.436975;0.0283594
0.0119899;-0.451619;0.0356817
0.0139866;-0.444297;0.0356817
0.0162749;-0.436975;0.0356817
0.0160879;-0.432713;0.021037
0.0187867;-0.425391;0.021037
0.0218089;-0.418068;0.021037
0.0167556;-0.432713;0.0283594
0.0194872;-0.425391;0.0283594
0.0223221;-0.418068;0.0283594
0.0176861;-0.432713;0.0356817
0.0202461;-0.425391;0.0356817
0.0231283;-0.418068;0.0356817
0.0229907;-0.413807;0.00213077
0.0263585;-0.406484;0.00213077
0.030093;-0.399162;0.00213077
0.0230613;-0.413807;0.00945312
0.0265474;-0.406484;0.00945312
0.0301047;-0.399162;0.00945312
0.0233947;-0.413807;0.0167755
0.0267054;-0.406484;0.0167755
0.030387;-0.399162;0.0167755
0.0323311;-0.3949;0.00213077
0.0362988;-0.387578;0.00213077
0.0406712;-0.380256;0.00213077
0.0323413;-0.3949;0.00945312
0.0364658;-0.387578;0.00945312
0.0406263;-0.380256;0.00945312
0.0325944;-0.3949;0.0167755
0.0365087;-0.387578;0.0167755
0.0408322;-0.380256;0.0167755
0.0236392;-0.413807;0.021037
0.0269212;-0.406484;0.021037
0.0305686;-0.399162;0.021037
0.0241212;-0.413807;0.0283594
0.0274696;-0.406484;0.0283594
0.0308921;-0.399162;0.0283594
0.0248744;-0.413807;0.0356817
0.0280048;-0.406484;0.0356817
0.0315058;-0.399162;0.0356817
0.0327582;-0.3949;0.021037
0.0366451;-0.387578;0.021037
0.0409363;-0.380256;0.021037
0.03305;-0.3949;0.0283594
0.0370427;-0.387578;0.0283594
0.0410731;-0.380256;0.0283594
0.0336083;-0.3949;0.0356817
0.0373408;-0.387578;0.0356817
0.0414878;-0.380256;0.0356817
0.0126735;-0.451619;0.0399433
0.0146582;-0.444297;0.0399433
0.0169139;-0.436975;0.0399433
0.0138822;-0.451619;0.0472656
0.0159267;-0.444297;0.0472656
0.0180695;-0.436975;0.0472656
0.0152451;-0.451619;0.054588
0.0172431;-0.444297;0.054588
0.0194536;-0.436975;0.054588
0.0183046;-0.432713;0.0399433
0.0208279;-0.425391;0.0399433
0.0236581;-0.418068;0.0399433
0.0194342;-0.432713;0.0472656
0.0219863;-0.425391;0.0472656
0.0246249;-0.418068;0.0472656
0.0207947;-0.432713;0.054588
0.0232001;-0.425391;0.054588
0.0258829;-0.418068;0.054588
0.0160873;-0.451619;0.0588495
0.01811;-0.444297;0.0588495
0.0203215;-0.436975;0.0588495
0.0175348;-0.451619;0.0661719
0.0196764;-0.444297;0.0661719
0.0218464;-0.436975;0.0661719
0.0190982;-0.451619;0.0734942
0.0212778;-0.444297;0.0734942
0.023564;-0.436975;0.0734942
0.021658;-0.432713;0.0588495
0.0240455;-0.425391;0.0588495
0.0266848;-0.418068;0.0588495
0.0231846;-0.432713;0.0661719
0.0256328;-0.425391;0.0661719
0.02812;-0.418068;0.0661719
0.0249111;-0.432713;0.0734942
0.0272751;-0.425391;0.0734942
0.0298381;-0.418068;0.0734942
0.0253755;-0.413807;0.0399433
0.028459;-0.406484;0.0399433
0.0318995;-0.399162;0.0399433
0.0262972;-0.413807;0.0472656
0.0294165;-0.406484;0.0472656
0.0326036;-0.399162;0.0472656
0.027501;-0.413807;0.054588
0.0303919;-0.406484;0.054588
0.0336299;-0.399162;0.054588
0.0339696;-0.3949;0.0399433
0.0376511;-0.387578;0.0399433
0.0417353;-0.380256;0.0399433
0.0346182;-0.3949;0.0472656
0.0383626;-0.387578;0.0472656
0.0421428;-0.380256;0.0472656
0.0355738;-0.3949;0.054588
0.0390228;-0.387578;0.054588
0.0428789;-0.380256;0.054588
0.0282765;-0.413807;0.0588495
0.0311207;-0.406484;0.0588495
0.0342879;-0.399162;0.0588495
0.0296746;-0.413807;0.0661719
0.0325547;-0.406484;0.0661719
0.0354739;-0.399162;0.0661719
0.0313606;-0.413807;0.0734942
0.0340436;-0.406484;0.0734942
0.0370135;-0.399162;0.0734942
0.0361921;-0.3949;0.0588495
0.0395763;-0.387578;0.0588495
0.0433457;-0.380256;0.0588495
0.0373127;-0.3949;0.0661719
0.0407336;-0.387578;0.0661719
0.0441743;-0.380256;0.0661719
0.0387841;-0.3949;0.0734942
0.041905;-0.387578;0.0734942
0.0453946;-0.380256;0.0734942
0.0432745;-0.375994;0.00213077
0.0478606;-0.368672;0.00213077
0.052896;-0.36135;0.00213077
0.0432272;-0.375994;0.00945312
0.0480091;-0.368672;0.00945312
0.0527974;-0.36135;0.00945312
0.0434069;-0.375994;0.0167755
0.0479427;-0.368672;0.0167755
0.0529329;-0.36135;0.0167755
0.0558821;-0.357088;0.00213077
0.06112;-0.349766;0.00213077
0.0668559;-0.342443;0.00213077
0.05578;-0.357088;0.00945312
0.0612527;-0.349766;0.00945312
0.0667065;-0.342443;0.00945312
0.0558924;-0.357088;0.0167755
0.0610828;-0.349766;0.0167755
0.0667769;-0.342443;0.0167755
0.0434941;-0.375994;0.021037
0.0480042;-0.368672;0.021037
0.0529639;-0.36135;0.021037
0.0435993;-0.375994;0.0283594
0.048257;-0.368672;0.0283594
0.0529212;-0.36135;0.0283594
0.0439603;-0.375994;0.0356817
0.0483188;-0.368672;0.0356817
0.0531404;-0.36135;0.0356817
0.0559075;-0.357088;0.021037
0.0610738;-0.349766;0.021037
0.0667393;-0.342443;0.021037
0.0558332;-0.357088;0.0283594
0.0611897;-0.349766;0.0283594
0.0665255;-0.342443;0.0283594
0.056002;-0.357088;0.0356817
0.061022;-0.349766;0.0356817
0.0665566;-0.342443;0.0356817
0.0702491;-0.338182;0.00213077
0.0761847;-0.330859;0.00213077
0.0826735;-0.323537;0.00213077
0.0700946;-0.338182;0.00945312
0.076304;-0.330859;0.00945312
0.0824757;-0.323537;0.00945312
0.0701451;-0.338182;0.0167755
0.076036;-0.330859;0.0167755
0.0824859;-0.323537;0.0167755
0.0865075;-0.319275;0.00213077
0.0932046;-0.311953;0.00213077
0.100518;-0.304631;0.00213077
0.0863029;-0.319275;0.00945312
0.0933126;-0.311953;0.00945312
0.100274;-0.304631;0.00945312
0.0862966;-0.319275;0.0167755
0.0929516;-0.311953;0.0167755
0.100229;-0.304631;0.0167755
0.0700926;-0.338182;0.021037
0.0759607;-0.330859;0.021037
0.082384;-0.323537;0.021037
0.0698472;-0.338182;0.0283594
0.075948;-0.330859;0.0283594
0.0820078;-0.323537;0.0283594
0.0698319;-0.338182;0.0356817
0.0755601;-0.330859;0.0356817
0.0818598;-0.323537;0.0356817
0.0861806;-0.319275;0.021037
0.0928141;-0.311953;0.021037
0.100066;-0.304631;0.021037
0.0857726;-0.319275;0.0283594
0.0926809;-0.311953;0.0283594
0.0995363;-0.304631;0.0283594
0.0855825;-0.319275;0.0356817
0.0920826;-0.311953;0.0356817
0.0992183;-0.304631;0.0356817
0.0441745;-0.375994;0.0399433
0.0484817;-0.368672;0.0399433
0.0532411;-0.36135;0.0399433
0.0445217;-0.375994;0.0472656
0.0489296;-0.368672;0.0472656
0.0533417;-0.36135;0.0472656
0.04518;-0.375994;0.054588
0.0492374;-0.368672;0.054588
0.0537608;-0.36135;0.054588
0.0560697;-0.357088;0.0399433
0.0610394;-0.349766;0.0399433
0.066514;-0.342443;0.0399433
0.0561082;-0.357088;0.0472656
0.0612213;-0.349766;0.0472656
0.0663097;-0.342443;0.0472656
0.0564482;-0.357088;0.054588
0.0611636;-0.349766;0.054588
0.0664036;-0.342443;0.054588
0.0455995;-0.375994;0.0588495
0.0495822;-0.368672;0.0588495
0.0540116;-0.36135;0.0588495
0.0463441;-0.375994;0.0661719
0.0503843;-0.368672;0.0661719
0.0544189;-0.36135;0.0661719
0.0474724;-0.375994;0.0734942
0.0511261;-0.368672;0.0734942
0.0552261;-0.36135;0.0734942
0.056648;-0.357088;0.0588495
0.061284;-0.349766;0.0588495
0.0664279;-0.342443;0.0588495
0.0569605;-0.357088;0.0661719
0.061688;-0.349766;0.0661719
0.0663819;-0.342443;0.0661719
0.0576615;-0.357088;0.0734942
0.0619303;-0.349766;0.0734942
0.0667188;-0.342443;0.0734942
0.0697574;-0.338182;0.0399433
0.0754369;-0.330859;0.0399433
0.0816793;-0.323537;0.0399433
0.0694903;-0.338182;0.0472656
0.0753578;-0.330859;0.0472656
0.0811777;-0.323537;0.0472656
0.069507;-0.338182;0.054588
0.0749345;-0.330859;0.054588
0.0809481;-0.323537;0.054588
0.0853714;-0.319275;0.0399433
0.0918244;-0.311953;0.0399433
0.0989058;-0.304631;0.0399433
0.0848068;-0.319275;0.0472656
0.0914926;-0.311953;0.0472656
0.0981161;-0.304631;0.0472656
0.0845034;-0.319275;0.054588
0.0907097;-0.311953;0.054588
0.097569;-0.304631;0.054588
0.0694793;-0.338182;0.0588495
0.0748257;-0.330859;0.0588495
0.0807439;-0.323537;0.0588495
0.0693324;-0.338182;0.0661719
0.0748112;-0.330859;0.0661719
0.0802318;-0.323537;0.0661719
0.0695562;-0.338182;0.0734942
0.0745157;-0.330859;0.0734942
0.080067;-0.323537;0.0734942
0.0842473;-0.319275;0.0588495
0.0903722;-0.311953;0.0588495
0.0971379;-0.304631;0.0588495
0.0836308;-0.319275;0.0661719
0.089932;-0.311953;0.0661719
0.0961563;-0.304631;0.0661719
0.0833506;-0.319275;0.0734942
0.0890791;-0.311953;0.0734942
0.0954731;-0.304631;0.0734942
0.0200554;-0.451619;0.0777558
0.022299;-0.444297;0.0777558
0.0246191;-0.436975;0.0777558
0.021679;-0.451619;0.0850781
0.0240932;-0.444297;0.0850781
0.0264502;-0.436975;0.0850781
0.0233554;-0.451619;0.0924005
0.0258874;-0.444297;0.0924005
0.0284374;-0.436975;0.0924005
0.0259806;-0.432713;0.0777558
0.0283629;-0.425391;0.0777558
0.0309134;-0.418068;0.0777558
0.0278511;-0.432713;0.0850781
0.0303472;-0.425391;0.0850781
0.0328212;-0.418068;0.0850781
0.0298971;-0.432713;0.0924005
0.0323897;-0.425391;0.0924005
0.034993;-0.418068;0.0924005
0.0243433;-0.451619;0.096662
0.0270006;-0.444297;0.096662
0.0296366;-0.436975;0.096662
0.0260056;-0.451619;0.103984
0.0289227;-0.444297;0.103984
0.0316917;-0.436975;0.103984
0.0277139;-0.451619;0.111307
0.0307987;-0.444297;0.111307
0.0338452;-0.436975;0.111307
0.0311392;-0.432713;0.096662
0.0337003;-0.425391;0.096662
0.0363331;-0.418068;0.096662
0.0332831;-0.432713;0.103984
0.0360384;-0.425391;0.103984
0.0386914;-0.418068;0.103984
0.0355616;-0.432713;0.111307
0.0384118;-0.425391;0.111307
0.0412612;-0.418068;0.111307
0.0324254;-0.413807;0.0777558
0.035084;-0.406484;0.0777558
0.037994;-0.399162;0.0777558
0.0343262;-0.413807;0.0850781
0.0370538;-0.406484;0.0850781
0.0397635;-0.399162;0.0850781
0.0365068;-0.413807;0.0924005
0.0391081;-0.406484;0.0924005
0.0418979;-0.399162;0.0924005
0.0397281;-0.3949;0.0777558
0.0427873;-0.387578;0.0777558
0.0461814;-0.380256;0.0777558
0.0414419;-0.3949;0.0850781
0.0445376;-0.387578;0.0850781
0.0476155;-0.380256;0.0850781
0.0435336;-0.3949;0.0924005
0.0463708;-0.387578;0.0924005
0.0494934;-0.380256;0.0924005
0.0378587;-0.413807;0.096662
0.0404757;-0.406484;0.096662
0.0432396;-0.399162;0.096662
0.0402491;-0.413807;0.103984
0.0429914;-0.406484;0.103984
0.0456472;-0.399162;0.103984
0.0428828;-0.413807;0.111307
0.0456028;-0.406484;0.111307
0.0483857;-0.399162;0.111307
0.0448557;-0.3949;0.096662
0.0476559;-0.387578;0.096662
0.0506974;-0.380256;0.096662
0.047239;-0.3949;0.103984
0.050105;-0.387578;0.103984
0.0528963;-0.380256;0.103984
0.049982;-0.3949;0.111307
0.0526853;-0.387578;0.111307
0.0555402;-0.380256;0.111307
0.028672;-0.451619;0.115568
0.031934;-0.444297;0.115568
0.0351218;-0.436975;0.115568
0.0302131;-0.451619;0.122891
0.0338576;-0.444297;0.122891
0.0372724;-0.436975;0.122891
0.0317857;-0.451619;0.130213
0.0356648;-0.444297;0.130213
0.0394083;-0.436975;0.130213
0.0369119;-0.432713;0.115568
0.0398827;-0.425391;0.115568
0.0428186;-0.418068;0.115568
0.0391916;-0.432713;0.122891
0.0424429;-0.425391;0.122891
0.0455214;-0.418068;0.122891
0.0415147;-0.432713;0.130213
0.0449884;-0.425391;0.130213
0.0483214;-0.418068;0.130213
0.0326209;-0.451619;0.134475
0.0366915;-0.444297;0.134475
0.040636;-0.436975;0.134475
0.0338002;-0.451619;0.141797
0.0383426;-0.444297;0.141797
0.0426408;-0.436975;0.141797
0.0348421;-0.451619;0.149119
0.0398221;-0.444297;0.149119
0.0444347;-0.436975;0.149119
0.0428495;-0.432713;0.134475
0.0464877;-0.425391;0.134475
0.0499779;-0.418068;0.134475
0.0450247;-0.432713;0.141797
0.0489932;-0.425391;0.141797
0.0527727;-0.418068;0.141797
0.0470472;-0.432713;0.149119
0.0514164;-0.425391;0.149119
0.0554299;-0.418068;0.149119
0.0444824;-0.413807;0.115568
0.0472677;-0.406484;0.115568
0.050077;-0.399162;0.115568
0.0472664;-0.413807;0.122891
0.0502413;-0.406484;0.122891
0.0530708;-0.399162;0.122891
0.0501922;-0.413807;0.130213
0.0532835;-0.406484;0.130213
0.0562785;-0.399162;0.130213
0.0516812;-0.3949;0.115568
0.0543903;-0.387578;0.115568
0.0572041;-0.380256;0.115568
0.0546971;-0.3949;0.122891
0.0575147;-0.387578;0.122891
0.0602011;-0.380256;0.122891
0.0579639;-0.3949;0.130213
0.060763;-0.387578;0.130213
0.0635384;-0.380256;0.130213
0.0519272;-0.413807;0.134475
0.0551288;-0.406484;0.134475
0.058206;-0.399162;0.134475
0.0548518;-0.413807;0.141797
0.0582728;-0.406484;0.141797
0.0615222;-0.399162;0.141797
0.0576635;-0.413807;0.149119
0.0613656;-0.406484;0.149119
0.0647965;-0.399162;0.149119
0.05993;-0.3949;0.134475
0.0627842;-0.387578;0.134475
0.0655759;-0.380256;0.134475
0.0633212;-0.3949;0.141797
0.066311;-0.387578;0.141797
0.0691394;-0.380256;0.141797
0.0667099;-0.3949;0.149119
0.069857;-0.387578;0.149119
0.0727708;-0.380256;0.149119
0.0482047;-0.375994;0.0777558
0.0517692;-0.368672;0.0777558
0.055749;-0.36135;0.0777558
0.0495449;-0.375994;0.0850781
0.0531364;-0.368672;0.0850781
0.0566964;-0.36135;0.0850781
0.0513358;-0.375994;0.0924005
0.0545435;-0.368672;0.0924005
0.0581316;-0.36135;0.0924005
0.0581171;-0.357088;0.0777558
0.0622778;-0.349766;0.0777558
0.066931;-0.342443;0.0777558
0.0589413;-0.357088;0.0850781
0.0631381;-0.349766;0.0850781
0.0672831;-0.342443;0.0850781
0.0602536;-0.357088;0.0924005
0.063953;-0.349766;0.0924005
0.0681271;-0.342443;0.0924005
0.05249;-0.375994;0.096662
0.0556123;-0.368672;0.096662
0.0590712;-0.36135;0.096662
0.0546073;-0.375994;0.103984
0.0577487;-0.368672;0.103984
0.0608136;-0.36135;0.103984
0.0571938;-0.375994;0.111307
0.060017;-0.368672;0.111307
0.0630916;-0.36135;0.111307
0.0611173;-0.357088;0.096662
0.0646896;-0.349766;0.096662
0.0686955;-0.342443;0.096662
0.0627249;-0.357088;0.103984
0.0662857;-0.349766;0.103984
0.0697601;-0.342443;0.103984
0.0648857;-0.357088;0.111307
0.0679683;-0.349766;0.111307
0.0714104;-0.342443;0.111307
0.0696933;-0.338182;0.0777558
0.0745325;-0.330859;0.0777558
0.0799403;-0.323537;0.0777558
0.0699016;-0.338182;0.0850781
0.0748009;-0.330859;0.0850781
0.0796251;-0.323537;0.0850781
0.0705965;-0.338182;0.0924005
0.0748996;-0.330859;0.0924005
0.0797678;-0.323537;0.0924005
0.083144;-0.319275;0.0777558
0.0887442;-0.311953;0.0777558
0.0949902;-0.304631;0.0777558
0.0826706;-0.319275;0.0850781
0.0883636;-0.311953;0.0850781
0.0939598;-0.304631;0.0850781
0.0826459;-0.319275;0.0924005
0.0876566;-0.311953;0.0924005
0.09332;-0.304631;0.0924005
0.0710679;-0.338182;0.096662
0.0752102;-0.330859;0.096662
0.0798807;-0.323537;0.096662
0.0719515;-0.338182;0.103984
0.0760686;-0.330859;0.103984
0.0800819;-0.323537;0.103984
0.0734295;-0.338182;0.111307
0.0769129;-0.330859;0.111307
0.0808654;-0.323537;0.111307
0.0826456;-0.319275;0.096662
0.0874686;-0.311953;0.096662
0.0929121;-0.304631;0.096662
0.0826272;-0.319275;0.103984
0.087426;-0.311953;0.103984
0.092099;-0.304631;0.103984
0.0831905;-0.319275;0.111307
0.0872101;-0.311953;0.111307
0.0918062;-0.304631;0.111307
0.0588272;-0.375994;0.115568
0.0615926;-0.368672;0.115568
0.064557;-0.36135;0.115568
0.0617794;-0.375994;0.122891
0.0645768;-0.368672;0.122891
0.0672453;-0.36135;0.122891
0.0651084;-0.375994;0.130213
0.0677237;-0.368672;0.130213
0.0703989;-0.36135;0.130213
0.0662817;-0.357088;0.115568
0.0692412;-0.349766;0.115568
0.072505;-0.342443;0.115568
0.0688524;-0.357088;0.122891
0.0717716;-0.349766;0.122891
0.0745563;-0.342443;0.122891
0.0719212;-0.357088;0.130213
0.0744693;-0.349766;0.130213
0.0771777;-0.342443;0.130213
0.0671458;-0.375994;0.134475
0.0697478;-0.368672;0.134475
0.0723583;-0.36135;0.134475
0.0707159;-0.375994;0.141797
0.0733592;-0.368672;0.141797
0.0758366;-0.36135;0.141797
0.0743873;-0.375994;0.149119
0.0770321;-0.368672;0.149119
0.0795037;-0.36135;0.149119
0.0738337;-0.357088;0.134475
0.0762903;-0.349766;0.134475
0.0788459;-0.342443;0.134475
0.0772383;-0.357088;0.141797
0.079638;-0.349766;0.141797
0.0818615;-0.342443;0.141797
0.080868;-0.357088;0.149119
0.0830833;-0.349766;0.149119
0.0851978;-0.342443;0.149119
0.0744163;-0.338182;0.115568
0.0777129;-0.330859;0.115568
0.0814238;-0.323537;0.115568
0.0762746;-0.338182;0.122891
0.0794657;-0.330859;0.122891
0.0825089;-0.323537;0.122891
0.0787302;-0.338182;0.130213
0.0813431;-0.330859;0.130213
0.0842277;-0.323537;0.130213
0.0836054;-0.319275;0.115568
0.0873787;-0.311953;0.115568
0.0916766;-0.304631;0.115568
0.0844233;-0.319275;0.122891
0.0880357;-0.311953;0.122891
0.0914797;-0.304631;0.122891
0.0858928;-0.319275;0.130213
0.0887101;-0.311953;0.130213
0.0919172;-0.304631;0.130213
0.0803004;-0.338182;0.134475
0.0827344;-0.330859;0.134475
0.085371;-0.323537;0.134475
0.0831504;-0.338182;0.141797
0.0854222;-0.330859;0.141797
0.0874998;-0.323537;0.141797
0.086359;-0.338182;0.149119
0.0882276;-0.330859;0.149119
0.0900826;-0.323537;0.149119
0.0868829;-0.319275;0.134475
0.0894273;-0.311953;0.134475
0.0922884;-0.304631;0.134475
0.0887438;-0.319275;0.141797
0.0910154;-0.311953;0.141797
0.093069;-0.304631;0.141797
0.0910976;-0.319275;0.149119
0.0927167;-0.311953;0.149119
0.0944228;-0.304631;0.149119
0.0160471;-0.475739;0.152557
0.0171666;-0.474394;0.152557
0.0183417;-0.473048;0.152557
0.0166124;-0.474398;0.15705
0.0172929;-0.473638;0.15705
0.017994;-0.472878;0.15705
0.0171695;-0.47305;0.161543
0.0173271;-0.472878;0.161543
0.017486;-0.472706;0.161543
0.0205061;-0.470525;0.152557
0.0264993;-0.463203;0.152557
0.032098;-0.455881;0.152557
0.0200894;-0.470525;0.15705
0.0263525;-0.463203;0.15705
0.0322521;-0.455881;0.15705
0.019487;-0.470525;0.161543
0.0260173;-0.463203;0.161543
0.0322468;-0.455881;0.161543
0.0193628;-0.470276;0.163673
0.0259108;-0.463063;0.163673
0.0322118;-0.455849;0.163673
0.0196293;-0.469417;0.166503
0.0259734;-0.462578;0.166503
0.032165;-0.45574;0.166503
0.0198354;-0.468554;0.169333
0.0259727;-0.462092;0.169333
0.0320524;-0.45563;0.169333
0.0200487;-0.467583;0.172287
0.0260458;-0.461545;0.172287
0.0319063;-0.455507;0.172287
0.0208767;-0.465092;0.179609
0.026135;-0.460141;0.179609
0.0311801;-0.455191;0.179609
0.0215832;-0.462574;0.186932
0.0257222;-0.458722;0.186932
0.0298117;-0.454871;0.186932
0.0214614;-0.46103;0.191193
0.0250458;-0.457852;0.191193
0.0285782;-0.454675;0.191193
0.021376;-0.458239;0.198516
0.0236759;-0.456279;0.198516
0.0259653;-0.45432;0.198516
0.0213703;-0.455415;0.205838
0.0222126;-0.454688;0.205838
0.0230743;-0.453961;0.205838
0.0212575;-0.454493;0.208193
0.0216456;-0.454169;0.208193
0.0220395;-0.453844;0.208193
0.0210914;-0.454169;0.208965
0.021324;-0.453986;0.208965
0.0215582;-0.453803;0.208965
0.0209857;-0.453844;0.209736
0.0210409;-0.453803;0.209736
0.0210962;-0.453762;0.209736
0.0352858;-0.451619;0.153381
0.040515;-0.444297;0.153381
0.0454214;-0.436975;0.153381
0.0356685;-0.451619;0.160703
0.0413457;-0.444297;0.160703
0.0468818;-0.436975;0.160703
0.0357341;-0.451619;0.168025
0.041907;-0.444297;0.168025
0.0477321;-0.436975;0.168025
0.0481804;-0.432713;0.153381
0.0527287;-0.425391;0.153381
0.0569137;-0.418068;0.153381
0.0498801;-0.432713;0.160703
0.054656;-0.425391;0.160703
0.0592529;-0.418068;0.160703
0.0509801;-0.432713;0.168025
0.0562679;-0.425391;0.168025
0.0611019;-0.418068;0.168025
0.0355443;-0.451619;0.172287
0.0419989;-0.444297;0.172287
0.0479981;-0.436975;0.172287
0.0346702;-0.451619;0.179609
0.0415581;-0.444297;0.179609
0.0481067;-0.436975;0.179609
0.033188;-0.451619;0.186932
0.04051;-0.444297;0.186932
0.0474609;-0.436975;0.186932
0.0513611;-0.432713;0.172287
0.0569259;-0.425391;0.172287
0.0620094;-0.418068;0.172287
0.0516761;-0.432713;0.179609
0.0575096;-0.425391;0.179609
0.0631318;-0.418068;0.179609
0.0513536;-0.432713;0.186932
0.0576362;-0.425391;0.186932
0.0632757;-0.418068;0.186932
0.0592396;-0.413807;0.153381
0.0630953;-0.406484;0.153381
0.0666722;-0.399162;0.153381
0.0617541;-0.413807;0.160703
0.0658129;-0.406484;0.160703
0.0697256;-0.399162;0.160703
0.0638138;-0.413807;0.168025
0.0683031;-0.406484;0.168025
0.072323;-0.399162;0.168025
0.0686571;-0.3949;0.153381
0.0718992;-0.387578;0.153381
0.0748798;-0.380256;0.153381
0.0718299;-0.3949;0.160703
0.0751793;-0.387578;0.160703
0.0783653;-0.380256;0.160703
0.0745585;-0.3949;0.168025
0.0782328;-0.387578;0.168025
0.081451;-0.380256;0.168025
0.0648355;-0.413807;0.172287
0.0694845;-0.406484;0.172287
0.0736569;-0.399162;0.172287
0.0661302;-0.413807;0.179609
0.0708932;-0.406484;0.179609
0.0755244;-0.399162;0.179609
0.0664674;-0.413807;0.186932
0.0718026;-0.406484;0.186932
0.076453;-0.399162;0.186932
0.0759666;-0.3949;0.172287
0.0797519;-0.387578;0.172287
0.0830776;-0.380256;0.172287
0.0779687;-0.3949;0.179609
0.0817739;-0.387578;0.179609
0.0854588;-0.380256;0.179609
0.079047;-0.3949;0.186932
0.08333;-0.387578;0.186932
0.0869159;-0.380256;0.186932
0.0319146;-0.451619;0.191193
0.0395936;-0.444297;0.191193
0.0468003;-0.436975;0.191193
0.0290858;-0.451619;0.198516
0.0372836;-0.444297;0.198516
0.0450793;-0.436975;0.198516
0.0257173;-0.451619;0.205838
0.0339889;-0.444297;0.205838
0.0423332;-0.436975;0.205838
0.0507972;-0.432713;0.191193
0.0572548;-0.425391;0.191193
0.06308;-0.418068;0.191193
0.049242;-0.432713;0.198516
0.0558695;-0.425391;0.198516
0.0622277;-0.418068;0.198516
0.0470429;-0.432713;0.205838
0.0541408;-0.425391;0.205838
0.0601375;-0.418068;0.205838
0.0245067;-0.451619;0.208193
0.0327625;-0.444297;0.208193
0.0412509;-0.436975;0.208193
0.024058;-0.451619;0.208965
0.0324657;-0.444297;0.208965
0.0409401;-0.436975;0.208965
0.0236135;-0.451619;0.209736
0.0321584;-0.444297;0.209736
0.0406181;-0.436975;0.209736
0.0234048;-0.45081;0.211867
0.0317912;-0.443841;0.211867
0.0397849;-0.436872;0.211867
0.0234416;-0.448006;0.218418
0.0303067;-0.442261;0.218418
0.0367069;-0.436516;0.218418
0.0227799;-0.44517;0.224969
0.0277888;-0.440663;0.224969
0.0328882;-0.436155;0.224969
0.0451691;-0.432713;0.2101
0.05242;-0.425391;0.2101
0.0587521;-0.418068;0.2101
0.0411674;-0.432713;0.217422
0.0485248;-0.425391;0.217422
0.0560477;-0.418068;0.217422
0.0369669;-0.432713;0.224744
0.0448639;-0.425391;0.224744
0.0520252;-0.418068;0.224744
0.0663539;-0.413807;0.191193
0.0718312;-0.406484;0.191193
0.0767003;-0.399162;0.191193
0.0656197;-0.413807;0.198516
0.0711043;-0.406484;0.198516
0.0765827;-0.399162;0.198516
0.0637085;-0.413807;0.205838
0.0700355;-0.406484;0.205838
0.0752592;-0.399162;0.205838
0.0793934;-0.3949;0.191193
0.0837599;-0.387578;0.191193
0.0874448;-0.380256;0.191193
0.0794027;-0.3949;0.198516
0.0836031;-0.387578;0.198516
0.087759;-0.380256;0.198516
0.078106;-0.3949;0.205838
0.0828941;-0.387578;0.205838
0.0868585;-0.380256;0.205838
0.0624774;-0.413807;0.2101
0.0688743;-0.406484;0.2101
0.0741623;-0.399162;0.2101
0.0599931;-0.413807;0.217422
0.0658963;-0.406484;0.217422
0.071768;-0.399162;0.217422
0.0560382;-0.413807;0.224744
0.0625953;-0.406484;0.224744
0.0682331;-0.399162;0.224744
0.0770451;-0.3949;0.2101
0.0819206;-0.387578;0.2101
0.0860097;-0.380256;0.2101
0.0747971;-0.3949;0.217422
0.0793996;-0.387578;0.217422
0.0840729;-0.380256;0.217422
0.0713753;-0.3949;0.224744
0.0766259;-0.387578;0.224744
0.081024;-0.380256;0.224744
0.0765231;-0.375994;0.153381
0.0791977;-0.368672;0.153381
0.0816603;-0.36135;0.153381
0.0800609;-0.375994;0.160703
0.0827477;-0.368672;0.160703
0.0852683;-0.36135;0.160703
0.0832204;-0.375994;0.168025
0.086101;-0.368672;0.168025
0.0885612;-0.36135;0.168025
0.0830078;-0.357088;0.153381
0.0851767;-0.349766;0.153381
0.0871912;-0.342443;0.153381
0.0865945;-0.357088;0.160703
0.0886735;-0.349766;0.160703
0.0905677;-0.342443;0.160703
0.0898886;-0.357088;0.168025
0.0920047;-0.349766;0.168025
0.0937471;-0.342443;0.168025
0.0848947;-0.375994;0.172287
0.0878278;-0.368672;0.172287
0.0903202;-0.36135;0.172287
0.0873552;-0.375994;0.179609
0.0902135;-0.368672;0.179609
0.0929437;-0.36135;0.179609
0.0888812;-0.375994;0.186932
0.092107;-0.368672;0.186932
0.0946928;-0.36135;0.186932
0.0916546;-0.357088;0.172287
0.0937636;-0.349766;0.172287
0.0954667;-0.342443;0.172287
0.0943013;-0.357088;0.179609
0.0962585;-0.349766;0.179609
0.09807;-0.342443;0.179609
0.0960788;-0.357088;0.186932
0.0982915;-0.349766;0.186932
0.0998991;-0.342443;0.186932
0.0882827;-0.338182;0.153381
0.0900161;-0.330859;0.153381
0.0916689;-0.323537;0.153381
0.0915517;-0.338182;0.160703
0.0930857;-0.330859;0.160703
0.0944108;-0.323537;0.160703
0.094656;-0.338182;0.168025
0.0960463;-0.330859;0.168025
0.0971195;-0.323537;0.168025
0.0925546;-0.319275;0.153381
0.0939362;-0.311953;0.153381
0.0953257;-0.304631;0.153381
0.0950899;-0.319275;0.160703
0.0961518;-0.311953;0.160703
0.0969752;-0.304631;0.160703
0.097638;-0.319275;0.168025
0.0983495;-0.311953;0.168025
0.0988118;-0.304631;0.168025
0.0963422;-0.338182;0.172287
0.0976586;-0.330859;0.172287
0.0986126;-0.323537;0.172287
0.0989072;-0.338182;0.179609
0.099995;-0.330859;0.179609
0.100915;-0.323537;0.179609
0.100714;-0.338182;0.186932
0.101941;-0.330859;0.186932
0.102608;-0.323537;0.186932
0.0990525;-0.319275;0.172287
0.0996166;-0.311953;0.172287
0.0998737;-0.304631;0.172287
0.101251;-0.319275;0.179609
0.101512;-0.311953;0.179609
0.10158;-0.304631;0.179609
0.102875;-0.319275;0.186932
0.103153;-0.311953;0.186932
0.102924;-0.304631;0.186932
0.0894579;-0.375994;0.191193
0.0927459;-0.368672;0.191193
0.0953993;-0.36135;0.191193
0.089873;-0.375994;0.198516
0.0929855;-0.368672;0.198516
0.0960414;-0.36135;0.198516
0.089056;-0.375994;0.205838
0.0926915;-0.368672;0.205838
0.0955196;-0.36135;0.205838
0.0968134;-0.357088;0.191193
0.0990509;-0.349766;0.191193
0.100677;-0.342443;0.191193
0.0975187;-0.357088;0.198516
0.0995396;-0.349766;0.198516
0.101488;-0.342443;0.198516
0.0970431;-0.357088;0.205838
0.0995143;-0.349766;0.205838
0.10123;-0.342443;0.205838
0.0882696;-0.375994;0.2101
0.0919799;-0.368672;0.2101
0.0948977;-0.36135;0.2101
0.0864526;-0.375994;0.217422
0.0899029;-0.368672;0.217422
0.0933492;-0.36135;0.217422
0.0834812;-0.375994;0.224744
0.0875428;-0.368672;0.224744
0.0907089;-0.36135;0.224744
0.0964631;-0.357088;0.2101
0.0989921;-0.349766;0.2101
0.100785;-0.342443;0.2101
0.0950127;-0.357088;0.217422
0.0972893;-0.349766;0.217422
0.0995813;-0.342443;0.217422
0.0924446;-0.357088;0.224744
0.0953232;-0.349766;0.224744
0.0973694;-0.342443;0.224744
0.101495;-0.338182;0.191193
0.102714;-0.330859;0.191193
0.103359;-0.323537;0.191193
0.10234;-0.338182;0.198516
0.10332;-0.330859;0.198516
0.104217;-0.323537;0.198516
0.102113;-0.338182;0.205838
0.103487;-0.330859;0.205838
0.104155;-0.323537;0.205838
0.103608;-0.319275;0.191193
0.103848;-0.311953;0.191193
0.103558;-0.304631;0.191193
0.104474;-0.319275;0.198516
0.104463;-0.311953;0.198516
0.104358;-0.304631;0.198516
0.104431;-0.319275;0.205838
0.104762;-0.311953;0.205838
0.104446;-0.304631;0.205838
0.101707;-0.338182;0.2101
0.103134;-0.330859;0.2101
0.103866;-0.323537;0.2101
0.100601;-0.338182;0.217422
0.101797;-0.330859;0.217422
0.103;-0.323537;0.217422
0.0984588;-0.338182;0.224744
0.100231;-0.330859;0.224744
0.101236;-0.323537;0.224744
0.104177;-0.319275;0.2101
0.104565;-0.311953;0.2101
0.104307;-0.304631;0.2101
0.103409;-0.319275;0.217422
0.103599;-0.311953;0.217422
0.103794;-0.304631;0.217422
0.101723;-0.319275;0.224744
0.102467;-0.311953;0.224744
0.102517;-0.304631;0.224744
0.0217423;-0.443341;0.229006
0.0261114;-0.439632;0.229006
0.0304691;-0.435923;0.229006
0.0208883;-0.439885;0.236328
0.0235018;-0.437685;0.236328
0.0260645;-0.435484;0.236328
0.0196999;-0.436382;0.24365
0.0204861;-0.435711;0.24365
0.0212949;-0.435039;0.24365
0.0342782;-0.432713;0.229006
0.0423794;-0.425391;0.229006
0.0494374;-0.418068;0.229006
0.0291804;-0.432713;0.236328
0.037201;-0.425391;0.236328
0.0449628;-0.418068;0.236328
0.0238707;-0.432713;0.24365
0.0318871;-0.425391;0.24365
0.0398797;-0.418068;0.24365
0.0192634;-0.435296;0.245893
0.0195112;-0.435099;0.245893
0.0197622;-0.434901;0.245893
0.0191366;-0.435099;0.246278
0.0192805;-0.434987;0.246278
0.0194254;-0.434876;0.246278
0.0190302;-0.434901;0.246663
0.0190636;-0.434876;0.246663
0.019097;-0.434851;0.246663
0.0221899;-0.432713;0.245893
0.030238;-0.425391;0.245893
0.038214;-0.418068;0.245893
0.0218523;-0.432713;0.246278
0.029962;-0.425391;0.246278
0.0379353;-0.418068;0.246278
0.0215193;-0.432713;0.246663
0.0296858;-0.425391;0.246663
0.0376553;-0.418068;0.246663
0.0209866;-0.431663;0.248793
0.0288096;-0.424799;0.248793
0.0362241;-0.417935;0.248793
0.0202139;-0.428019;0.255731
0.0259228;-0.422746;0.255731
0.0313164;-0.417472;0.255731
0.0189591;-0.424323;0.262669
0.0224491;-0.420663;0.262669
0.0260464;-0.417003;0.262669
0.0534465;-0.413807;0.229006
0.0602265;-0.406484;0.229006
0.065973;-0.399162;0.229006
0.0490922;-0.413807;0.236328
0.0555914;-0.406484;0.236328
0.061926;-0.399162;0.236328
0.0442896;-0.413807;0.24365
0.0510389;-0.406484;0.24365
0.0571048;-0.399162;0.24365
0.0691679;-0.3949;0.229006
0.0745544;-0.387578;0.229006
0.0790659;-0.380256;0.229006
0.0652268;-0.3949;0.236328
0.0703378;-0.387578;0.236328
0.0754431;-0.380256;0.236328
0.0605396;-0.3949;0.24365
0.066167;-0.387578;0.24365
0.0708733;-0.380256;0.24365
0.0411545;-0.413807;0.247912
0.0480961;-0.406484;0.247912
0.0541879;-0.399162;0.247912
0.0353317;-0.413807;0.255234
0.0424002;-0.406484;0.255234
0.049192;-0.399162;0.255234
0.0293295;-0.413807;0.262557
0.0365868;-0.406484;0.262557
0.0437932;-0.399162;0.262557
0.0576325;-0.3949;0.247912
0.063374;-0.387578;0.247912
0.0681886;-0.380256;0.247912
0.0527208;-0.3949;0.255234
0.0581761;-0.387578;0.255234
0.063541;-0.380256;0.255234
0.0477185;-0.3949;0.262557
0.0533857;-0.387578;0.262557
0.0580263;-0.380256;0.262557
0.0176613;-0.422425;0.266118
0.0205263;-0.419593;0.266118
0.0234675;-0.416762;0.266118
0.0165872;-0.419612;0.271035
0.0184005;-0.418008;0.271035
0.0202108;-0.416404;0.271035
0.0162984;-0.41677;0.275952
0.0167071;-0.416407;0.275952
0.0171164;-0.416043;0.275952
0.0265222;-0.413807;0.266118
0.0338931;-0.406484;0.266118
0.0410483;-0.399162;0.266118
0.0229995;-0.413807;0.271035
0.0304117;-0.406484;0.271035
0.037228;-0.399162;0.271035
0.0194692;-0.413807;0.275952
0.0267326;-0.406484;0.275952
0.033333;-0.399162;0.275952
0.0183524;-0.413393;0.278082
0.0252916;-0.406251;0.278082
0.0316642;-0.399109;0.278082
0.0179827;-0.411964;0.280488
0.0241048;-0.405446;0.280488
0.0298652;-0.398928;0.280488
0.0174817;-0.410528;0.282894
0.0228486;-0.404637;0.282894
0.0280502;-0.398746;0.282894
0.0443514;-0.3949;0.266818
0.0501284;-0.387578;0.266818
0.0550574;-0.380256;0.266818
0.0382382;-0.3949;0.274141
0.0441208;-0.387578;0.274141
0.0503357;-0.380256;0.274141
0.0326517;-0.3949;0.281463
0.039007;-0.387578;0.281463
0.0447173;-0.380256;0.281463
0.0163463;-0.408769;0.285725
0.0213733;-0.403645;0.285725
0.025983;-0.398522;0.285725
0.0152445;-0.404113;0.293047
0.018068;-0.401022;0.293047
0.0207478;-0.397931;0.293047
0.0138115;-0.399377;0.300369
0.0147046;-0.398353;0.300369
0.0156608;-0.397329;0.300369
0.0293248;-0.3949;0.285725
0.035859;-0.387578;0.285725
0.041402;-0.380256;0.285725
0.0233732;-0.3949;0.293047
0.0297425;-0.387578;0.293047
0.0359924;-0.380256;0.293047
0.017636;-0.3949;0.300369
0.0237082;-0.387578;0.300369
0.0302329;-0.380256;0.300369
0.0815629;-0.375994;0.229006
0.0856921;-0.368672;0.229006
0.0889733;-0.36135;0.229006
0.0780266;-0.375994;0.236328
0.0818476;-0.368672;0.236328
0.0857544;-0.36135;0.236328
0.0735476;-0.375994;0.24365
0.078074;-0.368672;0.24365
0.0816699;-0.36135;0.24365
0.0907685;-0.357088;0.229006
0.0937286;-0.349766;0.229006
0.0958932;-0.342443;0.229006
0.0876777;-0.357088;0.236328
0.090364;-0.349766;0.236328
0.0931385;-0.342443;0.236328
0.0836813;-0.357088;0.24365
0.087072;-0.349766;0.24365
0.0895773;-0.342443;0.24365
0.0708896;-0.375994;0.247912
0.0754747;-0.368672;0.247912
0.0792442;-0.36135;0.247912
0.066303;-0.375994;0.255234
0.070597;-0.368672;0.255234
0.0750904;-0.36135;0.255234
0.0609349;-0.375994;0.262557
0.0662195;-0.368672;0.262557
0.0702653;-0.36135;0.262557
0.0813383;-0.357088;0.247912
0.0847963;-0.349766;0.247912
0.0874241;-0.342443;0.247912
0.0773104;-0.357088;0.255234
0.0804091;-0.349766;0.255234
0.0836891;-0.342443;0.255234
0.072467;-0.357088;0.262557
0.0763122;-0.349766;0.262557
0.0793324;-0.342443;0.262557
0.0970469;-0.338182;0.229006
0.0989131;-0.330859;0.229006
0.100036;-0.323537;0.229006
0.0944282;-0.338182;0.236328
0.0960629;-0.330859;0.236328
0.0977807;-0.323537;0.236328
0.0909447;-0.338182;0.24365
0.0932521;-0.330859;0.24365
0.0947904;-0.323537;0.24365
0.100593;-0.319275;0.229006
0.101451;-0.311953;0.229006
0.101627;-0.304631;0.229006
0.0984895;-0.319275;0.236328
0.0991784;-0.311953;0.236328
0.0999386;-0.304631;0.236328
0.0956006;-0.319275;0.24365
0.0969333;-0.311953;0.24365
0.0975825;-0.304631;0.24365
0.088867;-0.338182;0.247912
0.0912893;-0.330859;0.247912
0.0929655;-0.323537;0.247912
0.0852978;-0.338182;0.255234
0.0874819;-0.330859;0.255234
0.0897887;-0.323537;0.255234
0.0810215;-0.338182;0.262557
0.0838996;-0.330859;0.262557
0.086036;-0.323537;0.262557
0.0938586;-0.319275;0.247912
0.0953286;-0.311953;0.247912
0.0961231;-0.304631;0.247912
0.0908514;-0.319275;0.255234
0.0921571;-0.311953;0.255234
0.0935614;-0.304631;0.255234
0.0871935;-0.319275;0.262557
0.0891387;-0.311953;0.262557
0.0904514;-0.304631;0.262557
0.0580782;-0.375994;0.266818
0.0633692;-0.368672;0.266818
0.0674682;-0.36135;0.266818
0.0534804;-0.375994;0.274141
0.0579864;-0.368672;0.274141
0.0627276;-0.36135;0.274141
0.0478978;-0.375994;0.281463
0.0530471;-0.368672;0.281463
0.0573863;-0.36135;0.281463
0.0697112;-0.357088;0.266818
0.0736402;-0.349766;0.266818
0.0767858;-0.342443;0.266818
0.0651474;-0.357088;0.274141
0.0687018;-0.349766;0.274141
0.0725054;-0.342443;0.274141
0.0598775;-0.357088;0.281463
0.0641869;-0.349766;0.281463
0.0677574;-0.342443;0.281463
0.0445353;-0.375994;0.285725
0.0498784;-0.368672;0.285725
0.0543384;-0.36135;0.285725
0.0392332;-0.375994;0.293047
0.044239;-0.368672;0.293047
0.0493141;-0.36135;0.293047
0.0339601;-0.375994;0.300369
0.0393526;-0.368672;0.300369
0.04381;-0.36135;0.300369
0.056894;-0.357088;0.285725
0.0613382;-0.349766;0.285725
0.0650148;-0.342443;0.285725
0.0519936;-0.357088;0.293047
0.0561429;-0.349766;0.293047
0.0604135;-0.342443;0.293047
0.0464811;-0.357088;0.300369
0.051343;-0.349766;0.300369
0.0554027;-0.342443;0.300369
0.0785558;-0.338182;0.266818
0.0815587;-0.330859;0.266818
0.083819;-0.323537;0.266818
0.0744467;-0.338182;0.274141
0.0771956;-0.330859;0.274141
0.0800494;-0.323537;0.274141
0.0697513;-0.338182;0.281463
0.0731174;-0.330859;0.281463
0.0758164;-0.323537;0.281463
0.0850545;-0.319275;0.266818
0.0871411;-0.311953;0.266818
0.0885891;-0.304631;0.266818
0.0814497;-0.319275;0.274141
0.0833781;-0.311953;0.274141
0.0853978;-0.304631;0.274141
0.0772996;-0.319275;0.281463
0.0798049;-0.311953;0.281463
0.0817602;-0.304631;0.281463
0.0670679;-0.338182;0.285725
0.0705395;-0.330859;0.285725
0.0733252;-0.323537;0.285725
0.0625985;-0.338182;0.293047
0.0658045;-0.330859;0.293047
0.0691091;-0.323537;0.293047
0.0575877;-0.338182;0.300369
0.0612941;-0.330859;0.300369
0.0645371;-0.323537;0.300369
0.0748791;-0.319275;0.285725
0.0775335;-0.311953;0.285725
0.079605;-0.304631;0.285725
0.0708274;-0.319275;0.293047
0.0733653;-0.311953;0.293047
0.0759321;-0.304631;0.293047
0.0663515;-0.319275;0.300369
0.0693598;-0.311953;0.300369
0.0718911;-0.304631;0.300369
0.104839;-0.300369;0.00213077
0.112384;-0.293047;0.00213077
0.12062;-0.285725;0.00213077
0.104586;-0.300369;0.00945312
0.112483;-0.293047;0.00945312
0.120331;-0.285725;0.00945312
0.104528;-0.300369;0.0167755
0.112033;-0.293047;0.0167755
0.120235;-0.285725;0.0167755
0.125489;-0.281463;0.00213077
0.133999;-0.274141;0.00213077
0.14329;-0.266818;0.00213077
0.12519;-0.281463;0.00945312
0.134091;-0.274141;0.00945312
0.142958;-0.266818;0.00945312
0.125084;-0.281463;0.0167755
0.133556;-0.274141;0.0167755
0.142815;-0.266818;0.0167755
0.104352;-0.300369;0.021037
0.111837;-0.293047;0.021037
0.120016;-0.285725;0.021037
0.103789;-0.300369;0.0283594
0.111591;-0.293047;0.0283594
0.119339;-0.285725;0.0283594
0.103434;-0.300369;0.0356817
0.110791;-0.293047;0.0356817
0.118859;-0.285725;0.0356817
0.124852;-0.281463;0.021037
0.133305;-0.274141;0.021037
0.142541;-0.266818;0.021037
0.124142;-0.281463;0.0283594
0.132953;-0.274141;0.0283594
0.141722;-0.266818;0.0283594
0.123628;-0.281463;0.0356817
0.131959;-0.274141;0.0356817
0.141088;-0.266818;0.0356817
0.148792;-0.262557;0.00213077
0.158426;-0.255234;0.00213077
0.168951;-0.247912;0.00213077
0.148448;-0.262557;0.00945312
0.158513;-0.255234;0.00945312
0.168577;-0.247912;0.00945312
0.148298;-0.262557;0.0167755
0.157895;-0.255234;0.0167755
0.168389;-0.247912;0.0167755
0.175202;-0.24365;0.00213077
0.186176;-0.236328;0.00213077
0.198184;-0.229006;0.00213077
0.174812;-0.24365;0.00945312
0.18626;-0.236328;0.00945312
0.197765;-0.229006;0.00945312
0.174621;-0.24365;0.0167755
0.185559;-0.236328;0.0167755
0.197535;-0.229006;0.0167755
0.148012;-0.262557;0.021037
0.157591;-0.255234;0.021037
0.168063;-0.247912;0.021037
0.147159;-0.262557;0.0283594
0.157138;-0.255234;0.0283594
0.167105;-0.247912;0.0283594
0.146494;-0.262557;0.0356817
0.155953;-0.255234;0.0356817
0.16632;-0.247912;0.0356817
0.174283;-0.24365;0.021037
0.185202;-0.236328;0.021037
0.197157;-0.229006;0.021037
0.173288;-0.24365;0.0283594
0.18465;-0.236328;0.0283594
0.196057;-0.229006;0.0283594
0.172474;-0.24365;0.0356817
0.183272;-0.236328;0.0356817
0.195117;-0.229006;0.0356817
0.103092;-0.300369;0.0399433
0.110404;-0.293047;0.0399433
0.11842;-0.285725;0.0399433
0.102239;-0.300369;0.0472656
0.109828;-0.293047;0.0472656
0.11735;-0.285725;0.0472656
0.101622;-0.300369;0.054588
0.108693;-0.293047;0.054588
0.116492;-0.285725;0.054588
0.123161;-0.281463;0.0399433
0.131446;-0.274141;0.0399433
0.140526;-0.266818;0.0399433
0.122027;-0.281463;0.0472656
0.130633;-0.274141;0.0472656
0.139182;-0.266818;0.0472656
0.121102;-0.281463;0.054588
0.12915;-0.274141;0.054588
0.138014;-0.266818;0.054588
0.101139;-0.300369;0.0588495
0.108128;-0.293047;0.0588495
0.115836;-0.285725;0.0588495
0.100051;-0.300369;0.0661719
0.10726;-0.293047;0.0661719
0.114383;-0.285725;0.0661719
0.0992519;-0.300369;0.0734942
0.105839;-0.293047;0.0734942
0.11317;-0.285725;0.0734942
0.120395;-0.281463;0.0588495
0.12836;-0.274141;0.0588495
0.137133;-0.266818;0.0588495
0.118833;-0.281463;0.0661719
0.127059;-0.274141;0.0661719
0.135202;-0.266818;0.0661719
0.117502;-0.281463;0.0734942
0.125056;-0.274141;0.0734942
0.133441;-0.266818;0.0734942
0.145904;-0.262557;0.0399433
0.155317;-0.255234;0.0399433
0.165635;-0.247912;0.0399433
0.144494;-0.262557;0.0472656
0.154269;-0.255234;0.0472656
0.164014;-0.247912;0.0472656
0.143262;-0.262557;0.054588
0.152435;-0.255234;0.054588
0.162532;-0.247912;0.054588
0.171761;-0.24365;0.0399433
0.182511;-0.236328;0.0399433
0.194305;-0.229006;0.0399433
0.17007;-0.24365;0.0472656
0.181222;-0.236328;0.0472656
0.192393;-0.229006;0.0472656
0.168523;-0.24365;0.054588
0.179021;-0.236328;0.054588
0.190576;-0.229006;0.054588
0.142328;-0.262557;0.0588495
0.151415;-0.255234;0.0588495
0.161418;-0.247912;0.0588495
0.140282;-0.262557;0.0661719
0.149669;-0.255234;0.0661719
0.15899;-0.247912;0.0661719
0.138401;-0.262557;0.0734942
0.147058;-0.255234;0.0734942
0.156649;-0.247912;0.0734942
0.167354;-0.24365;0.0588495
0.177758;-0.236328;0.0588495
0.189211;-0.229006;0.0588495
0.164801;-0.24365;0.0661719
0.175535;-0.236328;0.0661719
0.186241;-0.229006;0.0661719
0.162332;-0.24365;0.0734942
0.172267;-0.236328;0.0734942
0.183258;-0.229006;0.0734942
0.205341;-0.224744;0.00213077
0.217957;-0.217422;0.00213077
0.231794;-0.2101;0.00213077
0.204905;-0.224744;0.00945312
0.218039;-0.217422;0.00945312
0.231328;-0.2101;0.00945312
0.204673;-0.224744;0.0167755
0.217251;-0.217422;0.0167755
0.231053;-0.2101;0.0167755
0.240081;-0.205838;0.00213077
0.254764;-0.198516;0.00213077
0.270924;-0.191193;0.00213077
0.239595;-0.205838;0.00945312
0.254844;-0.198516;0.00945312
0.270404;-0.191193;0.00945312
0.239318;-0.205838;0.0167755
0.253958;-0.198516;0.0167755
0.270076;-0.191193;0.0167755
0.204282;-0.224744;0.021037
0.216839;-0.217422;0.021037
0.230619;-0.2101;0.021037
0.203142;-0.224744;0.0283594
0.216184;-0.217422;0.0283594
0.229366;-0.2101;0.0283594
0.202173;-0.224744;0.0356817
0.2146;-0.217422;0.0356817
0.228255;-0.2101;0.0356817
0.23887;-0.205838;0.021037
0.253485;-0.198516;0.021037
0.269575;-0.191193;0.021037
0.237569;-0.205838;0.0283594
0.25271;-0.198516;0.0283594
0.26814;-0.191193;0.0283594
0.236427;-0.205838;0.0356817
0.250888;-0.198516;0.0356817
0.266822;-0.191193;0.0356817
0.280663;-0.186932;0.00213077
0.29803;-0.179609;0.00213077
0.31724;-0.172287;0.00213077
0.280117;-0.186932;0.00945312
0.298104;-0.179609;0.00945312
0.316651;-0.172287;0.00945312
0.279786;-0.186932;0.0167755
0.297097;-0.179609;0.0167755
0.316246;-0.172287;0.0167755
0.328906;-0.168025;0.00213077
0.349883;-0.160703;0.00213077
0.373248;-0.153381;0.00213077
0.328283;-0.168025;0.00945312
0.349939;-0.160703;0.00945312
0.37256;-0.153381;0.00945312
0.327871;-0.168025;0.0167755
0.348762;-0.160703;0.0167755
0.372027;-0.153381;0.0167755
0.279268;-0.186932;0.021037
0.296545;-0.179609;0.021037
0.315656;-0.172287;0.021037
0.277772;-0.186932;0.0283594
0.295613;-0.179609;0.0283594
0.313977;-0.172287;0.0283594
0.276412;-0.186932;0.0356817
0.293485;-0.179609;0.0356817
0.312372;-0.172287;0.0356817
0.327254;-0.168025;0.021037
0.348094;-0.160703;0.021037
0.371295;-0.153381;0.021037
0.325491;-0.168025;0.0283594
0.346918;-0.160703;0.0283594
0.369245;-0.153381;0.0283594
0.323817;-0.168025;0.0356817
0.344346;-0.160703;0.0356817
0.36718;-0.153381;0.0356817
0.201331;-0.224744;0.0399433
0.213705;-0.217422;0.0399433
0.227303;-0.2101;0.0399433
0.199341;-0.224744;0.0472656
0.212152;-0.217422;0.0472656
0.225065;-0.2101;0.0472656
0.197453;-0.224744;0.054588
0.209545;-0.217422;0.054588
0.222864;-0.2101;0.054588
0.23544;-0.205838;0.0399433
0.249836;-0.198516;0.0399433
0.265698;-0.191193;0.0399433
0.233109;-0.205838;0.0472656
0.247967;-0.198516;0.0472656
0.26306;-0.191193;0.0472656
0.230822;-0.205838;0.054588
0.244875;-0.198516;0.054588
0.260377;-0.191193;0.054588
0.196027;-0.224744;0.0588495
0.208011;-0.217422;0.0588495
0.221211;-0.2101;0.0588495
0.192914;-0.224744;0.0661719
0.205245;-0.217422;0.0661719
0.21761;-0.2101;0.0661719
0.189785;-0.224744;0.0734942
0.201226;-0.217422;0.0734942
0.213868;-0.2101;0.0734942
0.229095;-0.205838;0.0588495
0.24301;-0.198516;0.0588495
0.258359;-0.191193;0.0588495
0.22532;-0.205838;0.0661719
0.239577;-0.198516;0.0661719
0.253963;-0.191193;0.0661719
0.221397;-0.205838;0.0734942
0.234634;-0.198516;0.0734942
0.249252;-0.191193;0.0734942
0.275242;-0.186932;0.0399433
0.292226;-0.179609;0.0399433
0.311011;-0.172287;0.0399433
0.272483;-0.186932;0.0472656
0.289935;-0.179609;0.0472656
0.307823;-0.172287;0.0472656
0.269684;-0.186932;0.054588
0.286202;-0.179609;0.054588
0.304466;-0.172287;0.054588
0.322388;-0.168025;0.0399433
0.34278;-0.160703;0.0399433
0.36545;-0.153381;0.0399433
0.319028;-0.168025;0.0472656
0.339852;-0.160703;0.0472656
0.36142;-0.153381;0.0472656
0.315493;-0.168025;0.054588
0.335178;-0.160703;0.054588
0.357012;-0.153381;0.054588
0.267568;-0.186932;0.0588495
0.283896;-0.179609;0.0588495
0.301943;-0.172287;0.0588495
0.262942;-0.186932;0.0661719
0.279561;-0.179609;0.0661719
0.296447;-0.172287;0.0661719
0.257985;-0.186932;0.0734942
0.273388;-0.179609;0.0734942
0.290389;-0.172287;0.0734942
0.312824;-0.168025;0.0588495
0.332222;-0.160703;0.0588495
0.353712;-0.153381;0.0588495
0.306999;-0.168025;0.0661719
0.32655;-0.160703;0.0661719
0.346555;-0.153381;0.0661719
0.300575;-0.168025;0.0734942
0.318596;-0.160703;0.0734942
0.338467;-0.153381;0.0734942
0.0986859;-0.300369;0.0777558
0.105138;-0.293047;0.0777558
0.112317;-0.285725;0.0777558
0.0974863;-0.300369;0.0850781
0.104067;-0.293047;0.0850781
0.110534;-0.285725;0.0850781
0.0966658;-0.300369;0.0924005
0.102486;-0.293047;0.0924005
0.109046;-0.285725;0.0924005
0.116564;-0.281463;0.0777558
0.123975;-0.274141;0.0777558
0.132203;-0.266818;0.0777558
0.114601;-0.281463;0.0850781
0.122174;-0.274141;0.0850781
0.129626;-0.266818;0.0850781
0.11292;-0.281463;0.0924005
0.119657;-0.274141;0.0924005
0.127222;-0.266818;0.0924005
0.0961318;-0.300369;0.096662
0.101742;-0.293047;0.096662
0.108063;-0.285725;0.096662
0.0950668;-0.300369;0.103984
0.100662;-0.293047;0.103984
0.106109;-0.285725;0.103984
0.0945126;-0.300369;0.111307
0.0991947;-0.293047;0.111307
0.104555;-0.285725;0.111307
0.111799;-0.281463;0.096662
0.118304;-0.274141;0.096662
0.125611;-0.266818;0.096662
0.109563;-0.281463;0.103984
0.116063;-0.274141;0.103984
0.122392;-0.266818;0.103984
0.107711;-0.281463;0.111307
0.11317;-0.274141;0.111307
0.119402;-0.266818;0.111307
0.137073;-0.262557;0.0777558
0.145576;-0.255234;0.0777558
0.154999;-0.247912;0.0777558
0.134301;-0.262557;0.0850781
0.142992;-0.255234;0.0850781
0.151564;-0.247912;0.0850781
0.13169;-0.262557;0.0924005
0.139462;-0.255234;0.0924005
0.148156;-0.247912;0.0924005
0.160583;-0.24365;0.0777558
0.170346;-0.236328;0.0777558
0.181148;-0.229006;0.0777558
0.156932;-0.24365;0.0850781
0.166894;-0.236328;0.0850781
0.176751;-0.229006;0.0850781
0.153292;-0.24365;0.0924005
0.162235;-0.236328;0.0924005
0.1722;-0.229006;0.0924005
0.129928;-0.262557;0.096662
0.137441;-0.255234;0.096662
0.14585;-0.247912;0.096662
0.126395;-0.262557;0.103984
0.133905;-0.255234;0.103984
0.141222;-0.247912;0.103984
0.123069;-0.262557;0.111307
0.129408;-0.255234;0.111307
0.136605;-0.247912;0.111307
0.150817;-0.24365;0.096662
0.159463;-0.236328;0.096662
0.169102;-0.229006;0.096662
0.145835;-0.24365;0.103984
0.154457;-0.236328;0.103984
0.162866;-0.229006;0.103984
0.140835;-0.24365;0.111307
0.14814;-0.236328;0.111307
0.156379;-0.229006;0.111307
0.0942074;-0.300369;0.115568
0.0985883;-0.293047;0.115568
0.1036;-0.285725;0.115568
0.093673;-0.300369;0.122891
0.0978477;-0.293047;0.122891
0.101827;-0.285725;0.122891
0.0937786;-0.300369;0.130213
0.096941;-0.293047;0.130213
0.100611;-0.285725;0.130213
0.106551;-0.281463;0.115568
0.111657;-0.274141;0.115568
0.117493;-0.266818;0.115568
0.104374;-0.281463;0.122891
0.109235;-0.274141;0.122891
0.113866;-0.266818;0.122891
0.102747;-0.281463;0.130213
0.106385;-0.274141;0.130213
0.11064;-0.266818;0.130213
0.0939398;-0.300369;0.134475
0.0967325;-0.293047;0.134475
0.0999592;-0.285725;0.134475
0.0943431;-0.300369;0.141797
0.0967503;-0.293047;0.141797
0.0989097;-0.285725;0.141797
0.0953566;-0.300369;0.149119
0.0968378;-0.293047;0.149119
0.0985179;-0.285725;0.149119
0.10183;-0.281463;0.134475
0.105002;-0.274141;0.134475
0.108721;-0.266818;0.134475
0.100291;-0.281463;0.141797
0.102969;-0.274141;0.141797
0.105362;-0.266818;0.141797
0.0994422;-0.281463;0.149119
0.100909;-0.274141;0.149119
0.102692;-0.266818;0.149119
0.120925;-0.262557;0.115568
0.126857;-0.255234;0.115568
0.133606;-0.247912;0.115568
0.11683;-0.262557;0.122891
0.122476;-0.255234;0.122891
0.127848;-0.247912;0.122891
0.113117;-0.262557;0.130213
0.117337;-0.255234;0.130213
0.122266;-0.247912;0.130213
0.137568;-0.24365;0.115568
0.144403;-0.236328;0.115568
0.15213;-0.229006;0.115568
0.131275;-0.24365;0.122891
0.137769;-0.236328;0.122891
0.143935;-0.229006;0.122891
0.125131;-0.24365;0.130213
0.13;-0.236328;0.130213
0.135647;-0.229006;0.130213
0.110879;-0.262557;0.134475
0.11454;-0.255234;0.134475
0.118848;-0.247912;0.134475
0.106924;-0.262557;0.141797
0.109992;-0.255234;0.141797
0.112728;-0.247912;0.141797
0.103681;-0.262557;0.149119
0.105258;-0.255234;0.149119
0.107268;-0.247912;0.149119
0.121343;-0.24365;0.134475
0.125566;-0.236328;0.134475
0.130509;-0.229006;0.134475
0.114528;-0.24365;0.141797
0.118073;-0.236328;0.141797
0.121225;-0.229006;0.141797
0.10839;-0.24365;0.149119
0.110191;-0.236328;0.149119
0.112529;-0.229006;0.149119
0.187561;-0.224744;0.0777558
0.198797;-0.217422;0.0777558
0.211214;-0.2101;0.0777558
0.182913;-0.224744;0.0850781
0.194333;-0.217422;0.0850781
0.205674;-0.2101;0.0850781
0.178092;-0.224744;0.0924005
0.188359;-0.217422;0.0924005
0.199755;-0.2101;0.0924005
0.218602;-0.205838;0.0777558
0.231578;-0.198516;0.0777558
0.245903;-0.191193;0.0777558
0.212753;-0.205838;0.0850781
0.225853;-0.198516;0.0850781
0.238912;-0.191193;0.0850781
0.206499;-0.205838;0.0924005
0.218259;-0.198516;0.0924005
0.231259;-0.191193;0.0924005
0.174796;-0.224744;0.096662
0.184707;-0.217422;0.096662
0.195713;-0.2101;0.096662
0.168147;-0.224744;0.103984
0.177978;-0.217422;0.103984
0.187572;-0.2101;0.103984
0.161213;-0.224744;0.111307
0.169547;-0.217422;0.111307
0.178875;-0.2101;0.111307
0.202213;-0.205838;0.096662
0.213526;-0.198516;0.096662
0.226028;-0.191193;0.096662
0.19357;-0.205838;0.103984
0.204685;-0.198516;0.103984
0.215525;-0.191193;0.103984
0.184334;-0.205838;0.111307
0.193719;-0.198516;0.111307
0.20413;-0.191193;0.111307
0.254448;-0.186932;0.0777558
0.269493;-0.179609;0.0777558
0.286082;-0.172287;0.0777558
0.247051;-0.186932;0.0850781
0.262086;-0.179609;0.0850781
0.277117;-0.172287;0.0850781
0.238952;-0.186932;0.0924005
0.252368;-0.179609;0.0924005
0.267125;-0.172287;0.0924005
0.295999;-0.168025;0.0777558
0.313494;-0.160703;0.0777558
0.332745;-0.153381;0.0777558
0.286464;-0.168025;0.0850781
0.303688;-0.160703;0.0850781
0.320922;-0.153381;0.0850781
0.275848;-0.168025;0.0924005
0.291032;-0.160703;0.0924005
0.307616;-0.153381;0.0924005
0.233407;-0.186932;0.096662
0.246232;-0.179609;0.096662
0.260323;-0.172287;0.096662
0.222266;-0.186932;0.103984
0.234689;-0.179609;0.103984
0.246763;-0.172287;0.103984
0.210197;-0.186932;0.111307
0.220576;-0.179609;0.111307
0.23197;-0.172287;0.111307
0.268618;-0.168025;0.096662
0.282989;-0.160703;0.096662
0.298647;-0.153381;0.096662
0.25422;-0.168025;0.103984
0.26786;-0.160703;0.103984
0.281008;-0.153381;0.103984
0.238562;-0.168025;0.111307
0.249748;-0.160703;0.111307
0.261861;-0.153381;0.111307
0.156654;-0.224744;0.115568
0.164437;-0.217422;0.115568
0.173165;-0.2101;0.115568
0.147845;-0.224744;0.122891
0.155203;-0.217422;0.122891
0.162161;-0.2101;0.122891
0.138916;-0.224744;0.130213
0.144447;-0.217422;0.130213
0.150792;-0.2101;0.130213
0.178257;-0.205838;0.115568
0.18698;-0.198516;0.115568
0.196671;-0.191193;0.115568
0.16654;-0.205838;0.122891
0.174711;-0.198516;0.122891
0.182385;-0.191193;0.122891
0.15444;-0.205838;0.130213
0.160573;-0.198516;0.130213
0.167513;-0.191193;0.130213
0.13336;-0.224744;0.134475
0.13816;-0.217422;0.134475
0.143723;-0.2101;0.134475
0.123295;-0.224744;0.141797
0.127348;-0.217422;0.141797
0.13093;-0.2101;0.141797
0.113837;-0.224744;0.149119
0.115941;-0.217422;0.149119
0.118659;-0.2101;0.149119
0.146907;-0.205838;0.134475
0.152226;-0.198516;0.134475
0.158307;-0.191193;0.134475
0.133263;-0.205838;0.141797
0.137783;-0.198516;0.141797
0.141735;-0.191193;0.141797
0.120175;-0.205838;0.149119
0.122608;-0.198516;0.149119
0.125695;-0.191193;0.149119
0.202293;-0.186932;0.115568
0.211863;-0.179609;0.115568
0.222373;-0.172287;0.115568
0.187169;-0.186932;0.122891
0.196008;-0.179609;0.122891
0.204213;-0.172287;0.122891
0.171467;-0.186932;0.130213
0.178046;-0.179609;0.130213
0.185377;-0.172287;0.130213
0.228418;-0.168025;0.115568
0.238606;-0.160703;0.115568
0.249633;-0.153381;0.115568
0.20927;-0.168025;0.122891
0.218502;-0.160703;0.122891
0.226914;-0.153381;0.122891
0.1895;-0.168025;0.130213
0.19626;-0.160703;0.130213
0.203662;-0.153381;0.130213
0.161752;-0.186932;0.134475
0.167442;-0.179609;0.134475
0.173845;-0.172287;0.134475
0.144278;-0.186932;0.141797
0.149139;-0.179609;0.141797
0.153318;-0.172287;0.141797
0.127401;-0.186932;0.149119
0.130117;-0.179609;0.149119
0.133484;-0.172287;0.149119
0.177421;-0.168025;0.134475
0.183234;-0.160703;0.134475
0.189665;-0.153381;0.134475
0.155969;-0.168025;0.141797
0.160963;-0.160703;0.141797
0.165148;-0.153381;0.141797
0.135319;-0.168025;0.149119
0.138199;-0.160703;0.149119
0.141687;-0.153381;0.149119
0.387574;-0.149119;0.00213077
0.413608;-0.141797;0.00213077
0.442885;-0.134475;0.00213077
0.38684;-0.149119;0.00945312
0.413614;-0.141797;0.00945312
0.442037;-0.134475;0.00945312
0.386282;-0.149119;0.0167755
0.412166;-0.141797;0.0167755
0.441254;-0.134475;0.0167755
0.461059;-0.130213;0.00213077
0.494535;-0.122891;0.00213077
0.532693;-0.115568;0.00213077
0.460138;-0.130213;0.00945312
0.494414;-0.122891;0.00945312
0.531545;-0.115568;0.00945312
0.459291;-0.130213;0.0167755
0.492469;-0.122891;0.0167755
0.53023;-0.115568;0.0167755
0.385506;-0.149119;0.021037
0.411299;-0.141797;0.021037
0.440271;-0.134475;0.021037
0.383324;-0.149119;0.0283594
0.409691;-0.141797;0.0283594
0.437576;-0.134475;0.0283594
0.381134;-0.149119;0.0356817
0.406389;-0.141797;0.0356817
0.434686;-0.134475;0.0356817
0.458223;-0.130213;0.021037
0.491219;-0.122891;0.021037
0.528738;-0.115568;0.021037
0.455296;-0.130213;0.0283594
0.488759;-0.122891;0.0283594
0.524789;-0.115568;0.0283594
0.452153;-0.130213;0.0356817
0.48411;-0.122891;0.0356817
0.520256;-0.115568;0.0356817
0.556761;-0.111307;0.00213077
0.601894;-0.103984;0.00213077
0.654352;-0.096662;0.00213077
0.555484;-0.111307;0.00945312
0.601444;-0.103984;0.00945312
0.652564;-0.096662;0.00945312
0.554001;-0.111307;0.0167755
0.598472;-0.103984;0.0167755
0.649996;-0.096662;0.0167755
0.688162;-0.0924005;0.00213077
0.753149;-0.0850781;0.00213077
0.83093;-0.0777558;0.00213077
0.686106;-0.0924005;0.00945312
0.751802;-0.0850781;0.00945312
0.827544;-0.0777558;0.00945312
0.683085;-0.0924005;0.0167755
0.74639;-0.0850781;0.0167755
0.821651;-0.0777558;0.0167755
0.55233;-0.111307;0.021037
0.596399;-0.103984;0.021037
0.647363;-0.096662;0.021037
0.547918;-0.111307;0.0283594
0.592081;-0.103984;0.0283594
0.64068;-0.096662;0.0283594
0.542837;-0.111307;0.0356817
0.584677;-0.103984;0.0356817
0.63256;-0.096662;0.0356817
0.680021;-0.0924005;0.021037
0.742327;-0.0850781;0.021037
0.816107;-0.0777558;0.021037
0.672292;-0.0924005;0.0283594
0.733527;-0.0850781;0.0283594
0.802691;-0.0777558;0.0283594
0.662881;-0.0924005;0.0356817
0.71986;-0.0850781;0.0356817
0.785909;-0.0777558;0.0356817
0.37929;-0.149119;0.0399433
0.404309;-0.141797;0.0399433
0.432311;-0.134475;0.0399433
0.374985;-0.149119;0.0472656
0.400306;-0.141797;0.0472656
0.426842;-0.134475;0.0472656
0.370275;-0.149119;0.054588
0.394107;-0.141797;0.054588
0.420634;-0.134475;0.054588
0.449568;-0.130213;0.0399433
0.481076;-0.122891;0.0399433
0.516638;-0.115568;0.0399433
0.443613;-0.130213;0.0472656
0.47508;-0.122891;0.0472656
0.50847;-0.115568;0.0472656
0.436853;-0.130213;0.054588
0.466179;-0.122891;0.054588
0.498926;-0.115568;0.054588
0.366741;-0.149119;0.0588495
0.390096;-0.141797;0.0588495
0.416035;-0.134475;0.0588495
0.359068;-0.149119;0.0661719
0.382274;-0.141797;0.0661719
0.406159;-0.134475;0.0661719
0.3504;-0.149119;0.0734942
0.371549;-0.141797;0.0734942
0.394807;-0.134475;0.0734942
0.431843;-0.130213;0.0588495
0.460319;-0.122891;0.0588495
0.491987;-0.115568;0.0588495
0.421101;-0.130213;0.0661719
0.448793;-0.122891;0.0661719
0.477377;-0.115568;0.0661719
0.408777;-0.130213;0.0734942
0.433507;-0.122891;0.0734942
0.460525;-0.115568;0.0734942
0.538792;-0.111307;0.0399433
0.579699;-0.103984;0.0399433
0.626316;-0.096662;0.0399433
0.529687;-0.111307;0.0472656
0.569694;-0.103984;0.0472656
0.612644;-0.096662;0.0472656
0.519057;-0.111307;0.054588
0.555632;-0.103984;0.054588
0.596487;-0.096662;0.054588
0.655689;-0.0924005;0.0399433
0.710544;-0.0850781;0.0399433
0.773597;-0.0777558;0.0399433
0.640045;-0.0924005;0.0472656
0.691857;-0.0850781;0.0472656
0.747813;-0.0777558;0.0472656
0.621649;-0.0924005;0.054588
0.667328;-0.0850781;0.054588
0.717912;-0.0777558;0.054588
0.511355;-0.111307;0.0588495
0.546324;-0.103984;0.0588495
0.585103;-0.096662;0.0588495
0.495209;-0.111307;0.0661719
0.528108;-0.103984;0.0661719
0.561899;-0.096662;0.0661719
0.476678;-0.111307;0.0734942
0.505061;-0.103984;0.0734942
0.535598;-0.096662;0.0734942
0.608781;-0.0924005;0.0588495
0.651323;-0.0850781;0.0588495
0.697831;-0.0777558;0.0588495
0.582775;-0.0924005;0.0661719
0.620768;-0.0850781;0.0661719
0.658916;-0.0777558;0.0661719
0.553585;-0.0924005;0.0734942
0.584547;-0.0850781;0.0734942
0.616755;-0.0777558;0.0734942
0.882642;-0.0734942;0.00213077
0.985731;-0.0661719;0.00213077
1.11513;-0.0588495;0.00213077
0.878559;-0.0734942;0.00945312
0.981602;-0.0661719;0.00945312
1.1068;-0.0588495;0.00945312
0.871314;-0.0734942;0.0167755
0.96933;-0.0661719;0.0167755
1.0904;-0.0588495;0.0167755
1.20547;-0.054588;0.00213077
1.39686;-0.0472656;0.00213077
1.65913;-0.0399433;0.00213077
1.19475;-0.054588;0.00945312
1.38176;-0.0472656;0.00945312
1.62926;-0.0399433;0.00945312
1.17342;-0.054588;0.0167755
1.34471;-0.0472656;0.0167755
1.56858;-0.0399433;0.0167755
0.864579;-0.0734942;0.021037
0.959676;-0.0661719;0.021037
1.07606;-0.0588495;0.021037
0.848429;-0.0734942;0.0283594
0.938582;-0.0661719;0.0283594
1.04333;-0.0588495;0.0283594
0.828297;-0.0734942;0.0356817
0.908935;-0.0661719;0.0356817
1.00313;-0.0588495;0.0356817
1.15505;-0.054588;0.021037
1.31562;-0.0472656;0.021037
1.52019;-0.0399433;0.021037
1.11377;-0.054588;0.0283594
1.25456;-0.0472656;0.0283594
1.42043;-0.0399433;0.0283594
1.06386;-0.054588;0.0356817
1.17899;-0.0472656;0.0356817
1.31002;-0.0399433;0.0356817
1.85974;-0.0356817;0.00213077
2.34135;-0.0283594;0.00213077
3.15628;-0.021037;0.00213077
1.8166;-0.0356817;0.00945312
2.25549;-0.0283594;0.00945312
2.93526;-0.021037;0.00945312
1.73029;-0.0356817;0.0167755
2.08251;-0.0283594;0.0167755
2.5646;-0.021037;0.0167755
3.94936;-0.0167755;0.00213077
6.89492;-0.00945312;0.00213077
22.239;-0.00213077;0.00213077
3.52587;-0.0167755;0.00945312
5.09873;-0.00945312;0.00945312
6.92055;-0.00213077;0.00945312
2.91106;-0.0167755;0.0167755
3.55527;-0.00945312;0.0167755
3.93735;-0.00213077;0.0167755
1.66364;-0.0356817;0.021037
1.9618;-0.0283594;0.021037
2.33534;-0.021037;0.021037
1.53123;-0.0356817;0.0283594
1.74519;-0.0283594;0.0283594
1.97078;-0.021037;0.0283594
1.39112;-0.0356817;0.0356817
1.53269;-0.0283594;0.0356817
1.66607;-0.021037;0.0356817
2.57647;-0.0167755;0.021037
2.95872;-0.00945312;0.021037
3.12763;-0.00213077;0.021037
2.0954;-0.0167755;0.0283594
2.25648;-0.00945312;0.0283594
2.2887;-0.00213077;0.0283594
1.72875;-0.0167755;0.0356817
1.79177;-0.00945312;0.0356817
1.7863;-0.00213077;0.0356817
0.813683;-0.0734942;0.0399433
0.88903;-0.0661719;0.0399433
0.975523;-0.0588495;0.0399433
0.783436;-0.0734942;0.0472656
0.85034;-0.0661719;0.0472656
0.921603;-0.0588495;0.0472656
0.748781;-0.0734942;0.054588
0.803911;-0.0661719;0.054588
0.862914;-0.0588495;0.054588
1.03025;-0.054588;0.0399433
1.13145;-0.0472656;0.0399433
1.24248;-0.0399433;0.0399433
0.965919;-0.054588;0.0472656
1.04602;-0.0472656;0.0472656
1.12497;-0.0399433;0.0472656
0.897534;-0.054588;0.054588
0.955813;-0.0472656;0.054588
1.01198;-0.0399433;0.054588
0.725804;-0.0734942;0.0588495
0.774892;-0.0661719;0.0588495
0.826275;-0.0588495;0.0588495
0.681881;-0.0734942;0.0661719
0.722259;-0.0661719;0.0661719
0.760308;-0.0588495;0.0661719
0.635051;-0.0734942;0.0734942
0.665054;-0.0661719;0.0734942
0.694077;-0.0588495;0.0734942
0.855692;-0.054588;0.0588495
0.903765;-0.0472656;0.0588495
0.948386;-0.0399433;0.0588495
0.7818;-0.054588;0.0661719
0.816562;-0.0472656;0.0661719
0.844162;-0.0399433;0.0661719
0.709223;-0.054588;0.0734942
0.731315;-0.0472656;0.0734942
0.749202;-0.0399433;0.0734942
1.30854;-0.0356817;0.0399433
1.41818;-0.0283594;0.0399433
1.51404;-0.021037;0.0399433
1.16969;-0.0356817;0.0472656
1.23978;-0.0283594;0.0472656
1.29024;-0.021037;0.0472656
1.041;-0.0356817;0.054588
1.08125;-0.0283594;0.054588
1.10788;-0.021037;0.054588
1.55521;-0.0167755;0.0399433
1.58967;-0.00945312;0.0399433
1.57474;-0.00213077;0.0399433
1.30877;-0.0167755;0.0472656
1.31834;-0.00945312;0.0472656
1.29513;-0.00213077;0.0472656
1.11454;-0.0167755;0.054588
1.10974;-0.00945312;0.054588
1.08772;-0.00213077;0.054588
0.970429;-0.0356817;0.0588495
0.999141;-0.0283594;0.0588495
1.01605;-0.021037;0.0588495
0.857225;-0.0356817;0.0661719
0.873485;-0.0283594;0.0661719
0.878143;-0.021037;0.0661719
0.756382;-0.0356817;0.0734942
0.762613;-0.0283594;0.0734942
0.762679;-0.021037;0.0734942
1.01859;-0.0167755;0.0588495
1.01012;-0.00945312;0.0588495
0.988787;-0.00213077;0.0588495
0.87646;-0.0167755;0.0661719
0.866414;-0.00945312;0.0661719
0.845733;-0.00213077;0.0661719
0.759061;-0.0167755;0.0734942
0.746964;-0.00945312;0.0734942
0.730005;-0.00213077;0.0734942
0.344265;-0.149119;0.0777558
0.364594;-0.141797;0.0777558
0.386871;-0.134475;0.0777558
0.331599;-0.149119;0.0850781
0.351183;-0.141797;0.0850781
0.370713;-0.134475;0.0850781
0.317382;-0.149119;0.0924005
0.334291;-0.141797;0.0924005
0.352561;-0.134475;0.0924005
0.400178;-0.130213;0.0777558
0.423585;-0.122891;0.0777558
0.449002;-0.115568;0.0777558
0.382728;-0.130213;0.0850781
0.40458;-0.122891;0.0850781
0.426122;-0.115568;0.0850781
0.363225;-0.130213;0.0924005
0.381481;-0.122891;0.0924005
0.400853;-0.115568;0.0924005
0.307814;-0.149119;0.096662
0.323581;-0.141797;0.096662
0.340544;-0.134475;0.096662
0.289051;-0.149119;0.103984
0.303604;-0.141797;0.103984
0.317411;-0.134475;0.103984
0.268789;-0.149119;0.111307
0.280385;-0.141797;0.111307
0.292714;-0.134475;0.111307
0.350365;-0.130213;0.096662
0.367022;-0.122891;0.096662
0.384586;-0.115568;0.096662
0.325735;-0.130213;0.103984
0.340554;-0.122891;0.103984
0.354211;-0.115568;0.103984
0.299634;-0.130213;0.111307
0.310961;-0.122891;0.111307
0.322699;-0.115568;0.111307
0.464071;-0.111307;0.0777558
0.490297;-0.103984;0.0777558
0.51824;-0.096662;0.0777558
0.4392;-0.111307;0.0850781
0.462607;-0.103984;0.0850781
0.485069;-0.096662;0.0850781
0.411962;-0.111307;0.0924005
0.430563;-0.103984;0.0924005
0.449706;-0.096662;0.0924005
0.534495;-0.0924005;0.0777558
0.562071;-0.0850781;0.0777558
0.590335;-0.0777558;0.0777558
0.498369;-0.0924005;0.0850781
0.52147;-0.0850781;0.0850781
0.542421;-0.0777558;0.0850781
0.460322;-0.0924005;0.0924005
0.47736;-0.0850781;0.0924005
0.493987;-0.0777558;0.0924005
0.394546;-0.111307;0.096662
0.411008;-0.103984;0.096662
0.427805;-0.096662;0.096662
0.362262;-0.111307;0.103984
0.376243;-0.103984;0.103984
0.388477;-0.096662;0.103984
0.32909;-0.111307;0.111307
0.339171;-0.103984;0.111307
0.349239;-0.096662;0.111307
0.436976;-0.0924005;0.096662
0.451433;-0.0850781;0.096662
0.465385;-0.0777558;0.096662
0.395433;-0.0924005;0.103984
0.407049;-0.0850781;0.103984
0.416256;-0.0777558;0.103984
0.354446;-0.0924005;0.111307
0.362134;-0.0850781;0.111307
0.369382;-0.0777558;0.111307
0.255892;-0.149119;0.115568
0.266273;-0.141797;0.115568
0.277299;-0.134475;0.115568
0.232023;-0.149119;0.122891
0.241214;-0.141797;0.122891
0.249345;-0.134475;0.122891
0.20775;-0.149119;0.130213
0.214312;-0.141797;0.130213
0.221357;-0.134475;0.130213
0.283426;-0.130213;0.115568
0.293341;-0.122891;0.115568
0.303604;-0.115568;0.115568
0.254194;-0.130213;0.122891
0.262753;-0.122891;0.122891
0.269979;-0.115568;0.122891
0.225146;-0.130213;0.130213
0.231045;-0.122891;0.130213
0.237237;-0.115568;0.130213
0.193186;-0.149119;0.134475
0.198783;-0.141797;0.134475
0.204861;-0.134475;0.134475
0.167762;-0.149119;0.141797
0.172613;-0.141797;0.141797
0.17653;-0.134475;0.141797
0.143553;-0.149119;0.149119
0.14642;-0.141797;0.149119
0.149823;-0.134475;0.149119
0.2081;-0.130213;0.134475
0.213084;-0.122891;0.134475
0.218393;-0.115568;0.134475
0.178938;-0.130213;0.141797
0.183341;-0.122891;0.141797
0.186701;-0.115568;0.141797
0.151598;-0.130213;0.149119
0.154248;-0.122891;0.149119
0.157346;-0.115568;0.149119
0.309123;-0.111307;0.115568
0.317699;-0.103984;0.115568
0.326265;-0.096662;0.115568
0.274182;-0.111307;0.122891
0.281423;-0.103984;0.122891
0.287071;-0.096662;0.122891
0.240441;-0.111307;0.130213
0.245192;-0.103984;0.130213
0.250054;-0.096662;0.130213
0.330622;-0.0924005;0.115568
0.336924;-0.0850781;0.115568
0.342883;-0.0777558;0.115568
0.290242;-0.0924005;0.122891
0.295523;-0.0850781;0.122891
0.299029;-0.0777558;0.122891
0.252413;-0.0924005;0.130213
0.255615;-0.0850781;0.130213
0.258793;-0.0777558;0.130213
0.221111;-0.111307;0.134475
0.225091;-0.103984;0.134475
0.229249;-0.096662;0.134475
0.188734;-0.111307;0.141797
0.192404;-0.103984;0.141797
0.194958;-0.096662;0.141797
0.158908;-0.111307;0.149119
0.161145;-0.103984;0.149119
0.163742;-0.096662;0.149119
0.231244;-0.0924005;0.134475
0.233911;-0.0850781;0.134475
0.23665;-0.0777558;0.134475
0.19648;-0.0924005;0.141797
0.1992;-0.0850781;0.141797
0.200781;-0.0777558;0.141797
0.16499;-0.0924005;0.149119
0.166658;-0.0850781;0.149119
0.168615;-0.0777558;0.149119
0.606091;-0.0734942;0.0777558
0.631363;-0.0661719;0.0777558
0.655276;-0.0588495;0.0777558
0.554245;-0.0734942;0.0850781
0.573642;-0.0661719;0.0850781
0.589193;-0.0588495;0.0850781
0.502627;-0.0734942;0.0924005
0.515358;-0.0661719;0.0924005
0.52656;-0.0588495;0.0924005
0.667378;-0.054588;0.0777558
0.684338;-0.0472656;0.0777558
0.697462;-0.0399433;0.0777558
0.597108;-0.054588;0.0850781
0.608505;-0.0472656;0.0850781
0.614595;-0.0399433;0.0850781
0.531542;-0.054588;0.0924005
0.537249;-0.0472656;0.0924005
0.540694;-0.0399433;0.0924005
0.47247;-0.0734942;0.096662
0.482609;-0.0661719;0.096662
0.491379;-0.0588495;0.096662
0.421166;-0.0734942;0.103984
0.428802;-0.0661719;0.103984
0.43352;-0.0588495;0.103984
0.372765;-0.0734942;0.111307
0.377058;-0.0661719;0.111307
0.380625;-0.0588495;0.111307
0.495084;-0.054588;0.096662
0.498918;-0.0472656;0.096662
0.500921;-0.0399433;0.096662
0.435626;-0.054588;0.103984
0.438198;-0.0472656;0.103984
0.437736;-0.0399433;0.103984
0.381782;-0.054588;0.111307
0.382192;-0.0472656;0.111307
0.381839;-0.0399433;0.111307
0.702228;-0.0356817;0.0777558
0.705171;-0.0283594;0.0777558
0.703177;-0.021037;0.0777558
0.616483;-0.0356817;0.0850781
0.616939;-0.0283594;0.0850781
0.611897;-0.021037;0.0850781
0.540949;-0.0356817;0.0924005
0.538426;-0.0283594;0.0924005
0.53375;-0.021037;0.0924005
0.699022;-0.0167755;0.0777558
0.687136;-0.00945312;0.0777558
0.671599;-0.00213077;0.0777558
0.607429;-0.0167755;0.0850781
0.597519;-0.00945312;0.0850781
0.58334;-0.00213077;0.0850781
0.529494;-0.0167755;0.0924005
0.519804;-0.00945312;0.0924005
0.50878;-0.00213077;0.0924005
0.500587;-0.0356817;0.096662
0.497509;-0.0283594;0.096662
0.492796;-0.021037;0.096662
0.436819;-0.0356817;0.103984
0.43428;-0.0283594;0.103984
0.429042;-0.021037;0.103984
0.380764;-0.0356817;0.111307
0.377502;-0.0283594;0.111307
0.373675;-0.021037;0.111307
0.488771;-0.0167755;0.096662
0.479874;-0.00945312;0.096662
0.47002;-0.00213077;0.096662
0.425509;-0.0167755;0.103984
0.418811;-0.00945312;0.103984
0.410023;-0.00213077;0.103984
0.370733;-0.0167755;0.111307
0.364566;-0.00945312;0.111307
0.35815;-0.00213077;0.111307
0.34559;-0.0734942;0.115568
0.348878;-0.0661719;0.115568
0.351628;-0.0588495;0.115568
0.300876;-0.0734942;0.122891
0.303768;-0.0661719;0.122891
0.304843;-0.0588495;0.122891
0.260137;-0.0734942;0.130213
0.261566;-0.0661719;0.130213
0.262913;-0.0588495;0.130213
0.352423;-0.054588;0.115568
0.352416;-0.0472656;0.115568
0.351872;-0.0399433;0.115568
0.305251;-0.054588;0.122891
0.30566;-0.0472656;0.122891
0.30436;-0.0399433;0.122891
0.2632;-0.054588;0.130213
0.262856;-0.0472656;0.130213
0.262445;-0.0399433;0.130213
0.237797;-0.0734942;0.134475
0.238992;-0.0661719;0.134475
0.240213;-0.0588495;0.134475
0.20171;-0.0734942;0.141797
0.203368;-0.0661719;0.141797
0.203919;-0.0588495;0.141797
0.16948;-0.0734942;0.149119
0.170491;-0.0661719;0.149119
0.171736;-0.0588495;0.149119
0.240487;-0.054588;0.134475
0.240223;-0.0472656;0.134475
0.239992;-0.0399433;0.134475
0.204237;-0.054588;0.141797
0.204831;-0.0472656;0.141797
0.204394;-0.0399433;0.141797
0.172193;-0.054588;0.149119
0.172521;-0.0472656;0.149119
0.173052;-0.0399433;0.149119
0.350808;-0.0356817;0.115568
0.347761;-0.0283594;0.115568
0.344346;-0.021037;0.115568
0.30342;-0.0356817;0.122891
0.301586;-0.0283594;0.122891
0.298261;-0.021037;0.122891
0.261755;-0.0356817;0.130213
0.259834;-0.0283594;0.130213
0.257913;-0.021037;0.130213
0.341742;-0.0167755;0.115568
0.336303;-0.00945312;0.115568
0.330742;-0.00213077;0.115568
0.296211;-0.0167755;0.122891
0.292591;-0.00945312;0.122891
0.287747;-0.00213077;0.122891
0.256413;-0.0167755;0.130213
0.253229;-0.00945312;0.130213
0.250133;-0.00213077;0.130213
0.239461;-0.0356817;0.134475
0.237897;-0.0283594;0.134475
0.236409;-0.021037;0.134475
0.204141;-0.0356817;0.141797
0.20376;-0.0283594;0.141797
0.202453;-0.021037;0.141797
0.17311;-0.0356817;0.149119
0.172789;-0.0283594;0.149119
0.172655;-0.021037;0.149119
0.235202;-0.0167755;0.134475
0.232583;-0.00945312;0.134475
0.230096;-0.00213077;0.134475
0.201706;-0.0167755;0.141797
0.200495;-0.00945312;0.141797
0.198476;-0.00213077;0.141797
0.172349;-0.0167755;0.149119
0.171452;-0.00945312;0.149119
0.170733;-0.00213077;0.149119
0.0960632;-0.300369;0.153381
0.0971921;-0.293047;0.153381
0.0984317;-0.285725;0.153381
0.097394;-0.300369;0.160703
0.0980716;-0.293047;0.160703
0.0984791;-0.285725;0.160703
0.0989751;-0.300369;0.168025
0.0990698;-0.293047;0.168025
0.0989965;-0.285725;0.168025
0.0990875;-0.281463;0.153381
0.100078;-0.274141;0.153381
0.101294;-0.266818;0.153381
0.0986931;-0.281463;0.160703
0.0990937;-0.274141;0.160703
0.0991924;-0.266818;0.160703
0.0988507;-0.281463;0.168025
0.0984119;-0.274141;0.168025
0.0979021;-0.266818;0.168025
0.0999093;-0.300369;0.172287
0.0997749;-0.293047;0.172287
0.0994029;-0.285725;0.172287
0.101442;-0.300369;0.179609
0.100928;-0.293047;0.179609
0.100199;-0.285725;0.179609
0.10267;-0.300369;0.186932
0.102049;-0.293047;0.186932
0.10098;-0.285725;0.186932
0.0990756;-0.281463;0.172287
0.0983175;-0.274141;0.172287
0.0974079;-0.266818;0.172287
0.0996223;-0.281463;0.179609
0.098407;-0.274141;0.179609
0.0969554;-0.266818;0.179609
0.100241;-0.281463;0.186932
0.0987868;-0.274141;0.186932
0.0969527;-0.266818;0.186932
0.101942;-0.262557;0.153381
0.10292;-0.255234;0.153381
0.104244;-0.247912;0.153381
0.09927;-0.262557;0.160703
0.099522;-0.255234;0.160703
0.0994419;-0.247912;0.160703
0.0975085;-0.262557;0.168025
0.0966479;-0.255234;0.168025
0.0958315;-0.247912;0.168025
0.104957;-0.24365;0.153381
0.106049;-0.236328;0.153381
0.107601;-0.229006;0.153381
0.0994641;-0.24365;0.160703
0.0997144;-0.236328;0.160703
0.099604;-0.229006;0.160703
0.0952702;-0.24365;0.168025
0.094134;-0.236328;0.168025
0.0931756;-0.229006;0.168025
0.0967744;-0.262557;0.172287
0.095496;-0.255234;0.172287
0.0941726;-0.247912;0.172287
0.0959899;-0.262557;0.179609
0.0941704;-0.255234;0.179609
0.0921006;-0.247912;0.179609
0.0957749;-0.262557;0.186932
0.0935727;-0.255234;0.186932
0.091071;-0.247912;0.186932
0.0933097;-0.24365;0.172287
0.0916518;-0.236328;0.172287
0.0900784;-0.229006;0.172287
0.0908145;-0.24365;0.179609
0.0885238;-0.236328;0.179609
0.0859779;-0.229006;0.179609
0.0895156;-0.24365;0.186932
0.0866776;-0.236328;0.186932
0.0836356;-0.229006;0.186932
0.103266;-0.300369;0.191193
0.10258;-0.293047;0.191193
0.101413;-0.285725;0.191193
0.104053;-0.300369;0.198516
0.103114;-0.293047;0.198516
0.102073;-0.285725;0.198516
0.104154;-0.300369;0.205838
0.103514;-0.293047;0.205838
0.102287;-0.285725;0.205838
0.100618;-0.281463;0.191193
0.0990708;-0.274141;0.191193
0.0971038;-0.266818;0.191193
0.101246;-0.281463;0.198516
0.099451;-0.274141;0.198516
0.0975514;-0.266818;0.198516
0.101472;-0.281463;0.205838
0.0999428;-0.274141;0.205838
0.0978871;-0.266818;0.205838
0.104051;-0.300369;0.2101
0.103475;-0.293047;0.2101
0.102307;-0.285725;0.2101
0.103642;-0.300369;0.217422
0.102911;-0.293047;0.217422
0.102185;-0.285725;0.217422
0.102456;-0.300369;0.224744
0.102264;-0.293047;0.224744
0.101448;-0.285725;0.224744
0.101531;-0.281463;0.2101
0.100076;-0.274141;0.2101
0.0980839;-0.266818;0.2101
0.101522;-0.281463;0.217422
0.0999591;-0.274141;0.217422
0.0984102;-0.266818;0.217422
0.100895;-0.281463;0.224744
0.099867;-0.274141;0.224744
0.098281;-0.266818;0.224744
0.0958507;-0.262557;0.191193
0.0935269;-0.255234;0.191193
0.0908536;-0.247912;0.191193
0.0962496;-0.262557;0.198516
0.0936854;-0.255234;0.198516
0.0910196;-0.247912;0.198516
0.0966007;-0.262557;0.205838
0.0942734;-0.255234;0.205838
0.091482;-0.247912;0.205838
0.0892008;-0.24365;0.191193
0.0862053;-0.236328;0.191193
0.082943;-0.229006;0.191193
0.0892988;-0.24365;0.198516
0.0860652;-0.236328;0.198516
0.0827387;-0.229006;0.198516
0.0897805;-0.24365;0.205838
0.0867571;-0.236328;0.205838
0.0833325;-0.229006;0.205838
0.0968412;-0.262557;0.2101
0.0946016;-0.255234;0.2101
0.0918826;-0.247912;0.2101
0.0972932;-0.262557;0.217422
0.0949941;-0.255234;0.217422
0.0927261;-0.247912;0.217422
0.097293;-0.262557;0.224744
0.0955363;-0.255234;0.224744
0.093283;-0.247912;0.224744
0.0902312;-0.24365;0.2101
0.0873102;-0.236328;0.2101
0.0839678;-0.229006;0.2101
0.0912154;-0.24365;0.217422
0.088284;-0.236328;0.217422
0.0854079;-0.229006;0.217422
0.0919228;-0.24365;0.224744
0.0895495;-0.236328;0.224744
0.0867384;-0.229006;0.224744
0.108448;-0.224744;0.153381
0.109761;-0.217422;0.153381
0.111631;-0.2101;0.153381
0.0996598;-0.224744;0.160703
0.100062;-0.217422;0.160703
0.100074;-0.2101;0.160703
0.0925472;-0.224744;0.168025
0.0913175;-0.217422;0.168025
0.0904131;-0.2101;0.168025
0.112656;-0.205838;0.153381
0.114255;-0.198516;0.153381
0.116478;-0.191193;0.153381
0.10025;-0.205838;0.160703
0.100942;-0.198516;0.160703
0.10121;-0.191193;0.160703
0.089835;-0.205838;0.168025
0.0887197;-0.198516;0.168025
0.0880784;-0.191193;0.168025
0.0890875;-0.224744;0.172287
0.0872349;-0.217422;0.172287
0.0856189;-0.2101;0.172287
0.0844637;-0.224744;0.179609
0.0818802;-0.217422;0.179609
0.0790489;-0.2101;0.179609
0.0817817;-0.224744;0.186932
0.0784529;-0.217422;0.186932
0.0750359;-0.2101;0.186932
0.0846264;-0.205838;0.172287
0.0828071;-0.198516;0.172287
0.0813917;-0.191193;0.172287
0.0774297;-0.205838;0.179609
0.0747874;-0.198516;0.179609
0.0719203;-0.191193;0.179609
0.0729862;-0.205838;0.186932
0.0693555;-0.198516;0.186932
0.0657808;-0.191193;0.186932
0.117691;-0.186932;0.153381
0.119582;-0.179609;0.153381
0.12212;-0.172287;0.153381
0.101574;-0.186932;0.160703
0.102647;-0.179609;0.160703
0.103254;-0.172287;0.160703
0.0876715;-0.186932;0.168025
0.0868775;-0.179609;0.168025
0.0866853;-0.172287;0.168025
0.12349;-0.168025;0.153381
0.125606;-0.160703;0.153381
0.128351;-0.153381;0.153381
0.103837;-0.168025;0.160703
0.105311;-0.160703;0.160703
0.106266;-0.153381;0.160703
0.0865509;-0.168025;0.168025
0.0862397;-0.160703;0.168025
0.086612;-0.153381;0.168025
0.0805424;-0.186932;0.172287
0.0790102;-0.179609;0.172287
0.0780449;-0.172287;0.172287
0.0703546;-0.186932;0.179609
0.0679483;-0.179609;0.179609
0.0653564;-0.172287;0.179609
0.0636713;-0.186932;0.186932
0.0599896;-0.179609;0.186932
0.0565499;-0.172287;0.186932
0.0774805;-0.168025;0.172287
0.0764722;-0.160703;0.172287
0.0761574;-0.153381;0.172287
0.064036;-0.168025;0.179609
0.0622059;-0.160703;0.179609
0.0602372;-0.153381;0.179609
0.0545649;-0.168025;0.186932
0.0511772;-0.160703;0.186932
0.0482729;-0.153381;0.186932
0.0809626;-0.224744;0.191193
0.0774252;-0.217422;0.191193
0.0737197;-0.2101;0.191193
0.0806629;-0.224744;0.198516
0.0768745;-0.217422;0.198516
0.0730067;-0.2101;0.198516
0.0812775;-0.224744;0.205838
0.077668;-0.217422;0.205838
0.0737202;-0.2101;0.205838
0.0715011;-0.205838;0.191193
0.0675835;-0.198516;0.191193
0.0636189;-0.191193;0.191193
0.070648;-0.205838;0.198516
0.0664345;-0.198516;0.198516
0.0621581;-0.191193;0.198516
0.0713771;-0.205838;0.205838
0.0672967;-0.198516;0.205838
0.0629405;-0.191193;0.205838
0.0819696;-0.224744;0.2101
0.0784776;-0.217422;0.2101
0.0746214;-0.2101;0.2101
0.0835681;-0.224744;0.217422
0.0801141;-0.217422;0.217422
0.0767471;-0.2101;0.217422
0.0850719;-0.224744;0.224744
0.0822008;-0.217422;0.224744
0.0789483;-0.2101;0.224744
0.0723419;-0.205838;0.2101
0.0683937;-0.198516;0.2101
0.0641375;-0.191193;0.2101
0.0746461;-0.205838;0.217422
0.0707854;-0.198516;0.217422
0.0670512;-0.191193;0.217422
0.0770458;-0.205838;0.224744
0.0738032;-0.198516;0.224744
0.0702351;-0.191193;0.224744
0.0612758;-0.186932;0.191193
0.057186;-0.179609;0.191193
0.0532065;-0.172287;0.191193
0.0595974;-0.186932;0.198516
0.0551062;-0.179609;0.198516
0.0505716;-0.172287;0.198516
0.0603769;-0.186932;0.205838
0.0559432;-0.179609;0.205838
0.0512948;-0.172287;0.205838
0.0508934;-0.168025;0.191193
0.0469213;-0.160703;0.191193
0.0432818;-0.153381;0.191193
0.0479026;-0.168025;0.198516
0.0433123;-0.160703;0.198516
0.0387063;-0.153381;0.198516
0.0485784;-0.168025;0.205838
0.0439076;-0.160703;0.205838
0.0390813;-0.153381;0.205838
0.0616438;-0.186932;0.2101
0.0573573;-0.179609;0.2101
0.0528165;-0.172287;0.2101
0.0647613;-0.186932;0.217422
0.0606172;-0.179609;0.217422
0.0566498;-0.172287;0.217422
0.068173;-0.186932;0.224744
0.0646974;-0.179609;0.224744
0.0609542;-0.172287;0.224744
0.0501767;-0.168025;0.2101
0.0456718;-0.160703;0.2101
0.0409631;-0.153381;0.2101
0.05425;-0.168025;0.217422
0.0499602;-0.160703;0.217422
0.0459156;-0.153381;0.217422
0.0588192;-0.168025;0.224744
0.0552716;-0.160703;0.224744
0.0515227;-0.153381;0.224744
0.101644;-0.300369;0.229006
0.101585;-0.293047;0.229006
0.100907;-0.285725;0.229006
0.100118;-0.300369;0.236328
0.0999519;-0.293047;0.236328
0.0998562;-0.285725;0.236328
0.097883;-0.300369;0.24365
0.0983436;-0.293047;0.24365
0.0981994;-0.285725;0.24365
0.100439;-0.281463;0.229006
0.0995655;-0.274141;0.229006
0.0981324;-0.266818;0.229006
0.0995651;-0.281463;0.236328
0.0986408;-0.274141;0.236328
0.0977967;-0.266818;0.236328
0.09805;-0.281463;0.24365
0.0977468;-0.274141;0.24365
0.0969074;-0.266818;0.24365
0.0965134;-0.300369;0.247912
0.0971327;-0.293047;0.247912
0.097147;-0.285725;0.247912
0.094132;-0.300369;0.255234
0.0946585;-0.293047;0.255234
0.0952748;-0.285725;0.255234
0.0911434;-0.300369;0.262557
0.0922847;-0.293047;0.262557
0.0928701;-0.285725;0.262557
0.0970955;-0.281463;0.247912
0.0969689;-0.274141;0.247912
0.0963015;-0.266818;0.247912
0.0954133;-0.281463;0.255234
0.0952511;-0.274141;0.255234
0.0951848;-0.266818;0.255234
0.0931492;-0.281463;0.262557
0.0935882;-0.274141;0.262557
0.0935378;-0.266818;0.262557
0.0972396;-0.262557;0.229006
0.0956576;-0.255234;0.229006
0.0935745;-0.247912;0.229006
0.0970959;-0.262557;0.236328
0.0955156;-0.255234;0.236328
0.094035;-0.247912;0.236328
0.096368;-0.262557;0.24365
0.0954118;-0.255234;0.24365
0.0939817;-0.247912;0.24365
0.0923205;-0.24365;0.229006
0.090143;-0.236328;0.229006
0.087521;-0.229006;0.229006
0.0929889;-0.24365;0.236328
0.0908606;-0.236328;0.236328
0.0888605;-0.229006;0.236328
0.0931154;-0.24365;0.24365
0.0916206;-0.236328;0.24365
0.0897097;-0.229006;0.24365
0.0958682;-0.262557;0.247912
0.0951044;-0.255234;0.247912
0.0938599;-0.247912;0.247912
0.0949512;-0.262557;0.255234
0.0941988;-0.255234;0.255234
0.0935592;-0.247912;0.255234
0.0934614;-0.262557;0.262557
0.0933053;-0.255234;0.262557
0.0927173;-0.247912;0.262557
0.0931075;-0.24365;0.247912
0.0918191;-0.236328;0.247912
0.0901064;-0.229006;0.247912
0.0930158;-0.24365;0.255234
0.0917754;-0.236328;0.255234
0.0906734;-0.229006;0.255234
0.092344;-0.24365;0.262557
0.0916988;-0.236328;0.262557
0.0906746;-0.229006;0.262557
0.0893679;-0.300369;0.266818
0.0906696;-0.293047;0.266818
0.091403;-0.285725;0.266818
0.0863499;-0.300369;0.274141
0.0875685;-0.293047;0.274141
0.0888586;-0.285725;0.274141
0.0828237;-0.300369;0.281463
0.0845872;-0.293047;0.281463
0.0858612;-0.285725;0.281463
0.0917751;-0.281463;0.266818
0.0923867;-0.274141;0.266818
0.0924959;-0.266818;0.266818
0.0894082;-0.281463;0.274141
0.0899902;-0.274141;0.274141
0.09065;-0.266818;0.274141
0.0865389;-0.281463;0.281463
0.0876528;-0.274141;0.281463
0.0883351;-0.266818;0.281463
0.0807438;-0.300369;0.285725
0.0826577;-0.293047;0.285725
0.0840569;-0.285725;0.285725
0.0772203;-0.300369;0.293047
0.0790687;-0.293047;0.293047
0.0809493;-0.285725;0.293047
0.0732755;-0.300369;0.300369
0.0755715;-0.293047;0.300369
0.0774623;-0.285725;0.300369
0.0848165;-0.281463;0.285725
0.0860906;-0.274141;0.285725
0.0869103;-0.266818;0.285725
0.0818659;-0.281463;0.293047
0.083124;-0.274141;0.293047
0.0844192;-0.266818;0.293047
0.0784958;-0.281463;0.300369
0.0801964;-0.274141;0.300369
0.0815236;-0.266818;0.300369
0.0925187;-0.262557;0.266818
0.0925452;-0.255234;0.266818
0.0921266;-0.247912;0.266818
0.0908561;-0.262557;0.274141
0.0908927;-0.255234;0.274141
0.0910217;-0.247912;0.274141
0.0886826;-0.262557;0.281463
0.0892437;-0.255234;0.281463
0.089421;-0.247912;0.281463
0.0918573;-0.24365;0.266818
0.0914019;-0.236328;0.266818
0.0905543;-0.229006;0.266818
0.09094;-0.24365;0.274141
0.0905223;-0.236328;0.274141
0.0902197;-0.229006;0.274141
0.0894894;-0.24365;0.281463
0.0895912;-0.236328;0.281463
0.0893541;-0.229006;0.281463
0.0873444;-0.262557;0.285725
0.0880697;-0.255234;0.285725
0.0883919;-0.247912;0.285725
0.0850119;-0.262557;0.293047
0.0857501;-0.255234;0.293047
0.0865438;-0.247912;0.293047
0.0822402;-0.262557;0.300369
0.083418;-0.255234;0.300369
0.0842614;-0.247912;0.300369
0.0885501;-0.24365;0.285725
0.0888192;-0.236328;0.285725
0.0887316;-0.229006;0.285725
0.0868633;-0.24365;0.293047
0.0871655;-0.236328;0.293047
0.0875447;-0.229006;0.293047
0.0847111;-0.24365;0.300369
0.08545;-0.236328;0.300369
0.0858889;-0.229006;0.300369
0.0859725;-0.224744;0.229006
0.0833192;-0.217422;0.229006
0.0802766;-0.2101;0.229006
0.0875367;-0.224744;0.236328
0.0849751;-0.217422;0.236328
0.0825788;-0.2101;0.236328
0.0885826;-0.224744;0.24365
0.086668;-0.217422;0.24365
0.0843931;-0.2101;0.24365
0.078505;-0.205838;0.229006
0.0755037;-0.198516;0.229006
0.0721686;-0.191193;0.229006
0.0810493;-0.205838;0.236328
0.0781778;-0.198516;0.236328
0.0755179;-0.191193;0.236328
0.0830752;-0.205838;0.24365
0.0808665;-0.198516;0.24365
0.0783528;-0.191193;0.24365
0.0891002;-0.224744;0.247912
0.0874038;-0.217422;0.247912
0.0853379;-0.2101;0.247912
0.0898842;-0.224744;0.255234
0.0882634;-0.217422;0.255234
0.0868137;-0.2101;0.255234
0.0900648;-0.224744;0.262557
0.0890387;-0.217422;0.262557
0.0876838;-0.2101;0.262557
0.0841467;-0.205838;0.247912
0.0821653;-0.198516;0.247912
0.0798685;-0.191193;0.247912
0.0858451;-0.205838;0.255234
0.083957;-0.198516;0.255234
0.0822789;-0.191193;0.255234
0.0869001;-0.205838;0.262557
0.0856037;-0.198516;0.262557
0.0840275;-0.191193;0.262557
0.0702515;-0.186932;0.229006
0.0670432;-0.179609;0.229006
0.0635593;-0.172287;0.229006
0.0738609;-0.186932;0.236328
0.0708154;-0.179609;0.236328
0.0680388;-0.172287;0.236328
0.0769195;-0.186932;0.24365
0.0745518;-0.179609;0.24365
0.0719363;-0.172287;0.24365
0.0615854;-0.168025;0.229006
0.0583334;-0.160703;0.229006
0.0548728;-0.153381;0.229006
0.066342;-0.168025;0.236328
0.0632777;-0.160703;0.236328
0.0605534;-0.153381;0.236328
0.0704705;-0.168025;0.24365
0.0680925;-0.160703;0.24365
0.0655281;-0.153381;0.24365
0.0785657;-0.186932;0.247912
0.07643;-0.179609;0.247912
0.0740345;-0.172287;0.247912
0.0812006;-0.186932;0.255234
0.0791649;-0.179609;0.255234
0.0773835;-0.172287;0.255234
0.0831347;-0.186932;0.262557
0.081682;-0.179609;0.262557
0.0799981;-0.172287;0.262557
0.0726996;-0.168025;0.247912
0.0705511;-0.160703;0.247912
0.0682014;-0.153381;0.247912
0.0762689;-0.168025;0.255234
0.0742127;-0.160703;0.255234
0.0724593;-0.153381;0.255234
0.0790631;-0.168025;0.262557
0.0775711;-0.160703;0.262557
0.0758963;-0.153381;0.262557
0.0900519;-0.224744;0.266818
0.0892197;-0.217422;0.266818
0.0880454;-0.2101;0.266818
0.0899074;-0.224744;0.274141
0.0891305;-0.217422;0.274141
0.0884961;-0.2101;0.274141
0.0891967;-0.224744;0.281463
0.0889331;-0.217422;0.281463
0.0883728;-0.2101;0.281463
0.0873704;-0.205838;0.266818
0.0862683;-0.198516;0.266818
0.0848724;-0.191193;0.266818
0.0880107;-0.205838;0.274141
0.0869717;-0.198516;0.274141
0.0861062;-0.191193;0.274141
0.0880432;-0.205838;0.281463
0.0875077;-0.198516;0.281463
0.0867163;-0.191193;0.281463
0.0886657;-0.224744;0.285725
0.0885695;-0.217422;0.285725
0.0881598;-0.2101;0.285725
0.0876401;-0.224744;0.293047
0.0875879;-0.217422;0.293047
0.0876372;-0.2101;0.293047
0.0861166;-0.224744;0.300369
0.0864952;-0.217422;0.300369
0.0866077;-0.2101;0.300369
0.0879213;-0.205838;0.285725
0.0875501;-0.198516;0.285725
0.0869064;-0.191193;0.285725
0.0875574;-0.205838;0.293047
0.0872332;-0.198516;0.293047
0.0870362;-0.191193;0.293047
0.0866592;-0.205838;0.300369
0.086756;-0.198516;0.300369
0.0866192;-0.191193;0.300369
0.0840871;-0.186932;0.266818
0.0828242;-0.179609;0.266818
0.0813149;-0.172287;0.266818
0.0855058;-0.186932;0.274141
0.0843036;-0.179609;0.274141
0.0833078;-0.172287;0.274141
0.0862681;-0.186932;0.281463
0.0855539;-0.179609;0.281463
0.0846232;-0.172287;0.281463
0.0804827;-0.168025;0.266818
0.0791697;-0.160703;0.266818
0.0776568;-0.153381;0.266818
0.0826508;-0.168025;0.274141
0.0813847;-0.160703;0.274141
0.0803585;-0.153381;0.274141
0.0841099;-0.168025;0.281463
0.0833084;-0.160703;0.281463
0.0823283;-0.153381;0.281463
0.0865466;-0.186932;0.285725
0.0859897;-0.179609;0.285725
0.0851995;-0.172287;0.285725
0.0868293;-0.186932;0.293047
0.0863145;-0.179609;0.293047
0.0859528;-0.172287;0.293047
0.086539;-0.186932;0.300369
0.0864302;-0.179609;0.300369
0.0861193;-0.172287;0.300369
0.0847692;-0.168025;0.285725
0.0841137;-0.160703;0.285725
0.083262;-0.153381;0.285725
0.0856655;-0.168025;0.293047
0.0850392;-0.160703;0.293047
0.0845911;-0.153381;0.293047
0.0859507;-0.168025;0.300369
0.0857095;-0.160703;0.300369
0.0852962;-0.153381;0.300369
0.129809;-0.149119;0.153381
0.132022;-0.141797;0.153381
0.134811;-0.134475;0.153381
0.107054;-0.149119;0.160703
0.108869;-0.141797;0.160703
0.110107;-0.134475;0.160703
0.0868039;-0.149119;0.168025
0.0870475;-0.141797;0.168025
0.087993;-0.134475;0.168025
0.13626;-0.130213;0.153381
0.138405;-0.122891;0.153381
0.141053;-0.115568;0.153381
0.111043;-0.130213;0.160703
0.113071;-0.122891;0.160703
0.11447;-0.115568;0.160703
0.0885018;-0.130213;0.168025
0.0892626;-0.122891;0.168025
0.0906838;-0.115568;0.168025
0.0759817;-0.149119;0.172287
0.0756533;-0.141797;0.172287
0.0760764;-0.134475;0.172287
0.0593619;-0.149119;0.179609
0.0584286;-0.141797;0.179609
0.0573841;-0.134475;0.179609
0.0466645;-0.149119;0.186932
0.0440383;-0.141797;0.186932
0.0421795;-0.134475;0.186932
0.0763208;-0.130213;0.172287
0.0766953;-0.122891;0.172287
0.0777995;-0.115568;0.172287
0.0571003;-0.130213;0.179609
0.0572406;-0.122891;0.179609
0.0572445;-0.115568;0.179609
0.0412519;-0.130213;0.186932
0.0399097;-0.122891;0.186932
0.0395471;-0.115568;0.186932
0.142388;-0.111307;0.153381
0.144297;-0.103984;0.153381
0.146629;-0.096662;0.153381
0.115472;-0.111307;0.160703
0.117552;-0.103984;0.160703
0.118966;-0.096662;0.160703
0.0914429;-0.111307;0.168025
0.0925944;-0.103984;0.168025
0.0943241;-0.096662;0.168025
0.147758;-0.0924005;0.153381
0.149287;-0.0850781;0.153381
0.151167;-0.0777558;0.153381
0.119943;-0.0924005;0.160703
0.121917;-0.0850781;0.160703
0.123207;-0.0777558;0.160703
0.0952344;-0.0924005;0.168025
0.0966064;-0.0850781;0.168025
0.098458;-0.0777558;0.168025
0.0784135;-0.111307;0.172287
0.0793805;-0.103984;0.172287
0.0809936;-0.096662;0.172287
0.0575712;-0.111307;0.179609
0.0587181;-0.103984;0.179609
0.0596514;-0.096662;0.179609
0.0395164;-0.111307;0.186932
0.039726;-0.103984;0.186932
0.0408846;-0.096662;0.186932
0.0818699;-0.0924005;0.172287
0.0832379;-0.0850781;0.172287
0.0851396;-0.0777558;0.172287
0.0604714;-0.0924005;0.179609
0.062355;-0.0850781;0.179609
0.0639366;-0.0777558;0.179609
0.0416788;-0.0924005;0.186932
0.0431851;-0.0850781;0.186932
0.0454094;-0.0777558;0.186932
0.0412302;-0.149119;0.191193
0.0378253;-0.141797;0.191193
0.0350829;-0.134475;0.191193
0.0360539;-0.149119;0.198516
0.0316262;-0.141797;0.198516
0.0272536;-0.134475;0.198516
0.0362778;-0.149119;0.205838
0.0314814;-0.141797;0.205838
0.0265867;-0.134475;0.205838
0.0336566;-0.130213;0.191193
0.0315145;-0.122891;0.191193
0.0304269;-0.115568;0.191193
0.0248509;-0.130213;0.198516
0.0211525;-0.122891;0.198516
0.0178108;-0.115568;0.198516
0.0237585;-0.130213;0.205838
0.0189407;-0.122891;0.205838
0.0140841;-0.115568;0.205838
0.0382469;-0.149119;0.2101
0.03365;-0.141797;0.2101
0.0288994;-0.134475;0.2101
0.0435015;-0.149119;0.217422
0.0392406;-0.141797;0.217422
0.0353342;-0.134475;0.217422
0.0494228;-0.149119;0.224744
0.0460097;-0.141797;0.224744
0.0424847;-0.134475;0.224744
0.0261872;-0.130213;0.2101
0.0216631;-0.122891;0.2101
0.0170651;-0.115568;0.2101
0.0330481;-0.130213;0.217422
0.0291018;-0.122891;0.217422
0.0257292;-0.115568;0.217422
0.0405718;-0.130213;0.224744
0.037593;-0.122891;0.224744
0.0346422;-0.115568;0.224744
0.0300601;-0.111307;0.191193
0.029856;-0.103984;0.191193
0.030808;-0.096662;0.191193
0.0163358;-0.111307;0.198516
0.0150131;-0.103984;0.198516
0.0147845;-0.096662;0.198516
0.0112939;-0.111307;0.205838
0.00656536;-0.103984;0.205838
0.00207433;-0.096662;0.205838
0.0315735;-0.0924005;0.191193
0.0331598;-0.0850781;0.191193
0.0355793;-0.0777558;0.191193
0.0154541;-0.0924005;0.198516
0.0177671;-0.0850781;0.198516
0.0204866;-0.0777558;0.198516
0.00152951;-0.0924005;0.205838
0.00568358;-0.0850781;0.205838
0.0102373;-0.0777558;0.205838
0.0145183;-0.111307;0.2101
0.0105517;-0.103984;0.2101
0.00716781;-0.096662;0.2101
0.0238592;-0.111307;0.217422
0.0208659;-0.103984;0.217422
0.0189313;-0.096662;0.217422
0.033151;-0.111307;0.224744
0.0310654;-0.103984;0.224744
0.0292146;-0.096662;0.224744
0.0061632;-0.0924005;0.2101
0.00708544;-0.0850781;0.2101
0.00998476;-0.0777558;0.2101
0.0181283;-0.0924005;0.217422
0.0173953;-0.0850781;0.217422
0.0181085;-0.0777558;0.217422
0.0284721;-0.0924005;0.224744
0.0278321;-0.0850781;0.224744
0.0275842;-0.0777558;0.224744
0.152023;-0.0734942;0.153381
0.153077;-0.0661719;0.153381
0.154422;-0.0588495;0.153381
0.12408;-0.0734942;0.160703
0.125816;-0.0661719;0.160703
0.126873;-0.0588495;0.160703
0.0994158;-0.0734942;0.168025
0.100839;-0.0661719;0.168025
0.102646;-0.0588495;0.168025
0.154968;-0.054588;0.153381
0.155501;-0.0472656;0.153381
0.156282;-0.0399433;0.153381
0.127582;-0.054588;0.160703
0.128988;-0.0472656;0.160703
0.12974;-0.0399433;0.160703
0.103562;-0.054588;0.168025
0.104897;-0.0472656;0.168025
0.10653;-0.0399433;0.168025
0.0861531;-0.0734942;0.172287
0.0877148;-0.0661719;0.172287
0.0896968;-0.0588495;0.172287
0.0650661;-0.0734942;0.179609
0.0673565;-0.0661719;0.179609
0.0692803;-0.0588495;0.179609
0.0467309;-0.0734942;0.186932
0.0490022;-0.0661719;0.186932
0.0517455;-0.0588495;0.186932
0.090735;-0.054588;0.172287
0.0923112;-0.0472656;0.172287
0.0942086;-0.0399433;0.172287
0.0705453;-0.054588;0.179609
0.0729604;-0.0472656;0.179609
0.0749777;-0.0399433;0.179609
0.0533008;-0.054588;0.186932
0.0558802;-0.0472656;0.186932
0.0587504;-0.0399433;0.186932
0.156511;-0.0356817;0.153381
0.156526;-0.0283594;0.153381
0.156758;-0.021037;0.153381
0.130251;-0.0356817;0.160703
0.131276;-0.0283594;0.160703
0.131688;-0.021037;0.160703
0.107339;-0.0356817;0.168025
0.108484;-0.0283594;0.168025
0.109861;-0.021037;0.168025
0.156685;-0.0167755;0.153381
0.156219;-0.00945312;0.153381
0.155948;-0.00213077;0.153381
0.131984;-0.0167755;0.160703
0.132613;-0.00945312;0.160703
0.13268;-0.00213077;0.160703
0.110519;-0.0167755;0.168025
0.111413;-0.00945312;0.168025
0.112485;-0.00213077;0.168025
0.0951851;-0.0356817;0.172287
0.0966426;-0.0283594;0.172287
0.0983406;-0.021037;0.172287
0.0762463;-0.0356817;0.179609
0.0785852;-0.0283594;0.179609
0.0805221;-0.021037;0.179609
0.0603422;-0.0356817;0.186932
0.0629357;-0.0283594;0.186932
0.065699;-0.021037;0.186932
0.0991973;-0.0167755;0.172287
0.100448;-0.00945312;0.172287
0.101877;-0.00213077;0.172287
0.0817064;-0.0167755;0.179609
0.0838408;-0.00945312;0.179609
0.0855871;-0.00213077;0.179609
0.0672115;-0.0167755;0.186932
0.0696481;-0.00945312;0.186932
0.0721747;-0.00213077;0.186932
0.0370527;-0.0734942;0.191193
0.0396323;-0.0661719;0.191193
0.0426976;-0.0588495;0.191193
0.0224004;-0.0734942;0.198516
0.0260679;-0.0661719;0.198516
0.0295937;-0.0588495;0.198516
0.0128311;-0.0734942;0.205838
0.0171863;-0.0661719;0.205838
0.0215176;-0.0588495;0.205838
0.0444498;-0.054588;0.191193
0.0473798;-0.0472656;0.191193
0.0505761;-0.0399433;0.191193
0.031747;-0.054588;0.198516
0.0355645;-0.0472656;0.198516
0.0391312;-0.0399433;0.198516
0.02397;-0.054588;0.205838
0.0280687;-0.0472656;0.205838
0.0321064;-0.0399433;0.205838
0.0121354;-0.0734942;0.2101
0.0160993;-0.0661719;0.2101
0.0200922;-0.0588495;0.2101
0.0188843;-0.0734942;0.217422
0.0207048;-0.0661719;0.217422
0.0233477;-0.0588495;0.217422
0.0278057;-0.0734942;0.224744
0.0287778;-0.0661719;0.224744
0.0300531;-0.0588495;0.224744
0.022431;-0.054588;0.2101
0.026424;-0.0472656;0.2101
0.0303244;-0.0399433;0.2101
0.0249964;-0.054588;0.217422
0.0279422;-0.0472656;0.217422
0.0311958;-0.0399433;0.217422
0.0310576;-0.054588;0.224744
0.0331555;-0.0472656;0.224744
0.0353572;-0.0399433;0.224744
0.05236;-0.0356817;0.191193
0.0552881;-0.0283594;0.191193
0.0583538;-0.021037;0.191193
0.0412311;-0.0356817;0.198516
0.0448623;-0.0283594;0.198516
0.0482295;-0.021037;0.198516
0.0343842;-0.0356817;0.205838
0.0381772;-0.0283594;0.205838
0.0418855;-0.021037;0.205838
0.0600442;-0.0167755;0.191193
0.0627901;-0.00945312;0.191193
0.0655955;-0.00213077;0.191193
0.0501792;-0.0167755;0.198516
0.0535065;-0.00945312;0.198516
0.0565784;-0.00213077;0.198516
0.0439693;-0.0167755;0.205838
0.0474264;-0.00945312;0.205838
0.0507816;-0.00213077;0.205838
0.0325572;-0.0356817;0.2101
0.0363184;-0.0283594;0.2101
0.0399641;-0.021037;0.2101
0.0330829;-0.0356817;0.217422
0.0362933;-0.0283594;0.217422
0.0396005;-0.021037;0.217422
0.036778;-0.0356817;0.224744
0.0394037;-0.0283594;0.224744
0.0419981;-0.021037;0.224744
0.0420327;-0.0167755;0.2101
0.0454938;-0.00945312;0.2101
0.0488282;-0.00213077;0.2101
0.0414803;-0.0167755;0.217422
0.0446283;-0.00945312;0.217422
0.0477804;-0.00213077;0.217422
0.0435683;-0.0167755;0.224744
0.04634;-0.00945312;0.224744
0.0490124;-0.00213077;0.224744
0.0529505;-0.149119;0.229006
0.0498591;-0.141797;0.229006
0.046645;-0.134475;0.229006
0.0589194;-0.149119;0.236328
0.0560208;-0.141797;0.236328
0.0535503;-0.134475;0.236328
0.0641224;-0.149119;0.24365
0.0618998;-0.141797;0.24365
0.0595585;-0.134475;0.24365
0.0449182;-0.130213;0.229006
0.0422616;-0.122891;0.229006
0.0396017;-0.115568;0.229006
0.0521024;-0.130213;0.236328
0.0495935;-0.122891;0.236328
0.0476154;-0.115568;0.236328
0.0583163;-0.130213;0.24365
0.0564316;-0.122891;0.24365
0.0545007;-0.115568;0.24365
0.0669211;-0.149119;0.247912
0.0649133;-0.141797;0.247912
0.0627667;-0.134475;0.247912
0.0713855;-0.149119;0.255234
0.0694422;-0.141797;0.255234
0.0678522;-0.134475;0.255234
0.0749876;-0.149119;0.262557
0.0735742;-0.141797;0.262557
0.0720258;-0.134475;0.262557
0.0616343;-0.130213;0.247912
0.0599298;-0.122891;0.247912
0.0581506;-0.115568;0.247912
0.0668982;-0.130213;0.255234
0.0652036;-0.122891;0.255234
0.0639097;-0.115568;0.255234
0.0712111;-0.130213;0.262557
0.0699908;-0.122891;0.262557
0.0686807;-0.115568;0.262557
0.0382673;-0.111307;0.229006
0.0364105;-0.103984;0.229006
0.0347002;-0.096662;0.229006
0.0464981;-0.111307;0.236328
0.0446359;-0.103984;0.236328
0.0434029;-0.096662;0.236328
0.0535318;-0.111307;0.24365
0.0521705;-0.103984;0.24365
0.0508317;-0.096662;0.24365
0.0339918;-0.0924005;0.229006
0.0333133;-0.0850781;0.229006
0.0328893;-0.0777558;0.229006
0.04276;-0.0924005;0.236328
0.0417792;-0.0850781;0.236328
0.0414757;-0.0777558;0.236328
0.0502348;-0.0924005;0.24365
0.0495483;-0.0850781;0.24365
0.0489314;-0.0777558;0.24365
0.0572609;-0.111307;0.247912
0.0560179;-0.103984;0.247912
0.054759;-0.096662;0.247912
0.0631511;-0.111307;0.255234
0.0618319;-0.103984;0.255234
0.0609497;-0.096662;0.255234
0.0680225;-0.111307;0.262557
0.0670972;-0.103984;0.262557
0.0661207;-0.096662;0.262557
0.0541944;-0.0924005;0.247912
0.0535378;-0.0850781;0.247912
0.0529064;-0.0777558;0.247912
0.0604494;-0.0924005;0.255234
0.0596045;-0.0850781;0.255234
0.0592116;-0.0777558;0.255234
0.0656696;-0.0924005;0.262557
0.0651162;-0.0850781;0.262557
0.0645391;-0.0777558;0.262557
0.0768419;-0.149119;0.266818
0.0755886;-0.141797;0.266818
0.0741808;-0.134475;0.266818
0.0797024;-0.149119;0.274141
0.0784699;-0.141797;0.274141
0.077509;-0.134475;0.274141
0.0818016;-0.149119;0.281463
0.0810006;-0.141797;0.281463
0.0800565;-0.134475;0.281463
0.0734453;-0.130213;0.266818
0.0723566;-0.122891;0.266818
0.0711554;-0.115568;0.266818
0.0769084;-0.130213;0.274141
0.0758011;-0.122891;0.274141
0.0749925;-0.115568;0.274141
0.0795648;-0.130213;0.281463
0.0788448;-0.122891;0.281463
0.0780139;-0.115568;0.281463
0.0828101;-0.149119;0.285725
0.0821387;-0.141797;0.285725
0.0813057;-0.134475;0.285725
0.0842681;-0.149119;0.293047
0.0836052;-0.141797;0.293047
0.0831431;-0.134475;0.293047
0.0850798;-0.149119;0.300369
0.0847748;-0.141797;0.300369
0.0843252;-0.134475;0.300369
0.0808775;-0.130213;0.285725
0.0802656;-0.122891;0.285725
0.0795232;-0.115568;0.285725
0.0828253;-0.130213;0.293047
0.0821938;-0.122891;0.293047
0.0817817;-0.115568;0.293047
0.0840983;-0.130213;0.300369
0.0837908;-0.122891;0.300369
0.0833633;-0.115568;0.300369
0.070556;-0.111307;0.266818
0.0697238;-0.103984;0.266818
0.0688151;-0.096662;0.266818
0.074496;-0.111307;0.274141
0.0735937;-0.103984;0.274141
0.0730091;-0.096662;0.274141
0.0775997;-0.111307;0.281463
0.0770293;-0.103984;0.281463
0.0763751;-0.096662;0.281463
0.0683973;-0.0924005;0.266818
0.0678906;-0.0850781;0.266818
0.0673337;-0.0777558;0.266818
0.0726553;-0.0924005;0.274141
0.0720183;-0.0850781;0.274141
0.0717072;-0.0777558;0.274141
0.0760721;-0.0924005;0.281463
0.0757031;-0.0850781;0.281463
0.0752706;-0.0777558;0.281463
0.0791584;-0.111307;0.285725
0.07867;-0.103984;0.285725
0.0780774;-0.096662;0.285725
0.0815046;-0.111307;0.293047
0.0809624;-0.103984;0.293047
0.0806527;-0.096662;0.293047
0.0831581;-0.111307;0.300369
0.0829001;-0.103984;0.300369
0.0825428;-0.096662;0.300369
0.0778074;-0.0924005;0.285725
0.0774908;-0.0850781;0.285725
0.0770903;-0.0777558;0.285725
0.0804445;-0.0924005;0.293047
0.080036;-0.0850781;0.293047
0.0798661;-0.0777558;0.293047
0.0823848;-0.0924005;0.300369
0.0822161;-0.0850781;0.300369
0.0819643;-0.0777558;0.300369
0.0329525;-0.0734942;0.229006
0.0335803;-0.0661719;0.229006
0.03443;-0.0588495;0.229006
0.0413922;-0.0734942;0.236328
0.0413924;-0.0661719;0.236328
0.0420241;-0.0588495;0.236328
0.0487643;-0.0734942;0.24365
0.0488157;-0.0661719;0.24365
0.048945;-0.0588495;0.24365
0.035174;-0.054588;0.229006
0.03683;-0.0472656;0.229006
0.0385811;-0.0399433;0.229006
0.0424692;-0.054588;0.236328
0.0433416;-0.0472656;0.236328
0.044721;-0.0399433;0.236328
0.0491979;-0.054588;0.24365
0.04993;-0.0472656;0.24365
0.0507107;-0.0399433;0.24365
0.052715;-0.0734942;0.247912
0.0526994;-0.0661719;0.247912
0.0527205;-0.0588495;0.247912
0.0590067;-0.0734942;0.255234
0.0586851;-0.0661719;0.255234
0.0588021;-0.0588495;0.255234
0.0643259;-0.0734942;0.262557
0.0641828;-0.0661719;0.262557
0.064029;-0.0588495;0.262557
0.0528984;-0.054588;0.247912
0.0534856;-0.0472656;0.247912
0.054092;-0.0399433;0.247912
0.0588946;-0.054588;0.255234
0.0590821;-0.0472656;0.255234
0.0596669;-0.0399433;0.255234
0.0640585;-0.054588;0.262557
0.0643191;-0.0472656;0.262557
0.0645667;-0.0399433;0.262557
0.0397578;-0.0356817;0.229006
0.0420036;-0.0283594;0.229006
0.0442312;-0.021037;0.229006
0.0455647;-0.0356817;0.236328
0.0470594;-0.0283594;0.236328
0.0489173;-0.021037;0.236328
0.0513097;-0.0356817;0.24365
0.0525708;-0.0283594;0.24365
0.0538325;-0.021037;0.24365
0.0456118;-0.0167755;0.229006
0.0480982;-0.00945312;0.229006
0.0504968;-0.00213077;0.229006
0.0500026;-0.0167755;0.236328
0.0518551;-0.00945312;0.236328
0.0539486;-0.00213077;0.236328
0.0546716;-0.0167755;0.24365
0.0562766;-0.00945312;0.24365
0.0578343;-0.00213077;0.24365
0.0545844;-0.0356817;0.247912
0.0556592;-0.0283594;0.247912
0.056718;-0.021037;0.247912
0.0600232;-0.0356817;0.255234
0.0606482;-0.0283594;0.255234
0.0616104;-0.021037;0.255234
0.0648178;-0.0356817;0.262557
0.065433;-0.0283594;0.262557
0.0660212;-0.021037;0.262557
0.0574406;-0.0167755;0.247912
0.0588516;-0.00945312;0.247912
0.0602081;-0.00213077;0.247912
0.0621725;-0.0167755;0.255234
0.0631278;-0.00945312;0.255234
0.0643534;-0.00213077;0.255234
0.0664529;-0.0167755;0.262557
0.0673447;-0.00945312;0.262557
0.0681887;-0.00213077;0.262557
0.0671253;-0.0734942;0.266818
0.0669801;-0.0661719;0.266818
0.0667984;-0.0588495;0.266818
0.0715205;-0.0734942;0.274141
0.0711833;-0.0661719;0.274141
0.0711664;-0.0588495;0.274141
0.0751007;-0.0734942;0.281463
0.0749631;-0.0661719;0.281463
0.0747745;-0.0588495;0.281463
0.0668056;-0.054588;0.266818
0.0670192;-0.0472656;0.266818
0.0671975;-0.0399433;0.266818
0.0711543;-0.054588;0.274141
0.0711212;-0.0472656;0.274141
0.0713897;-0.0399433;0.274141
0.0747459;-0.054588;0.281463
0.074846;-0.0472656;0.281463
0.0748991;-0.0399433;0.281463
0.0769358;-0.0734942;0.285725
0.07682;-0.0661719;0.285725
0.0766333;-0.0588495;0.285725
0.079746;-0.0734942;0.293047
0.0794994;-0.0661719;0.293047
0.0794897;-0.0588495;0.293047
0.0818714;-0.0734942;0.300369
0.0818178;-0.0661719;0.300369
0.0816921;-0.0588495;0.300369
0.0766028;-0.054588;0.285725
0.0766954;-0.0472656;0.285725
0.0767228;-0.0399433;0.285725
0.0794665;-0.054588;0.293047
0.079392;-0.0472656;0.293047
0.0795449;-0.0399433;0.293047
0.0816734;-0.054588;0.300369
0.0817457;-0.0472656;0.300369
0.0817516;-0.0399433;0.300369
0.0674041;-0.0356817;0.266818
0.0679379;-0.0283594;0.266818
0.0684268;-0.021037;0.266818
0.0715422;-0.0356817;0.274141
0.0717887;-0.0283594;0.274141
0.0723068;-0.021037;0.274141
0.0750062;-0.0356817;0.281463
0.0753268;-0.0283594;0.281463
0.0755973;-0.021037;0.281463
0.068799;-0.0167755;0.266818
0.0695875;-0.00945312;0.266818
0.0703155;-0.00213077;0.266818
0.0725995;-0.0167755;0.274141
0.0730779;-0.00945312;0.274141
0.0737907;-0.00213077;0.274141
0.0758222;-0.0167755;0.281463
0.0763271;-0.00945312;0.281463
0.0767736;-0.00213077;0.281463
0.0768125;-0.0356817;0.285725
0.0771003;-0.0283594;0.285725
0.077322;-0.021037;0.285725
0.0796173;-0.0356817;0.293047
0.0797078;-0.0283594;0.293047
0.080009;-0.021037;0.293047
0.0818074;-0.0356817;0.300369
0.0820014;-0.0283594;0.300369
0.08213;-0.021037;0.300369
0.077517;-0.0167755;0.285725
0.0779693;-0.00945312;0.285725
0.0783497;-0.00213077;0.285725
0.0801662;-0.0167755;0.293047
0.0803991;-0.00945312;0.293047
0.0808205;-0.00213077;0.293047
0.0822525;-0.0167755;0.300369
0.0825509;-0.00945312;0.300369
0.0827807;-0.00213077;0.300369
0.0133128;-0.397876;0.302657
0.0136861;-0.397507;0.302657
0.014073;-0.397139;0.302657
0.0130787;-0.397508;0.303197
0.0133112;-0.3973;0.303197
0.0135479;-0.397092;0.303197
0.0129398;-0.397139;0.303736
0.0129969;-0.397092;0.303736
0.0130543;-0.397045;0.303736
0.0158472;-0.3949;0.302657
0.0218591;-0.387578;0.302657
0.0283749;-0.380256;0.302657
0.015357;-0.3949;0.303197
0.0215173;-0.387578;0.303197
0.0279919;-0.380256;0.303197
0.0148808;-0.3949;0.303736
0.0211726;-0.387578;0.303736
0.0276058;-0.380256;0.303736
0.0144083;-0.393522;0.305867
0.0204656;-0.386801;0.305867
0.0261938;-0.380081;0.305867
0.0140653;-0.388734;0.31265
0.0178089;-0.384103;0.31265
0.0213036;-0.379472;0.31265
0.0121103;-0.383862;0.319433
0.0139542;-0.381358;0.319433
0.0159848;-0.378854;0.319433
0.0111411;-0.381947;0.322045
0.0125241;-0.380279;0.322045
0.0140345;-0.37861;0.322045
0.0109294;-0.380285;0.324241
0.0118081;-0.379342;0.324241
0.0127186;-0.378399;0.324241
0.0109579;-0.378613;0.326437
0.0111756;-0.3784;0.326437
0.0113948;-0.378187;0.326437
0.0305706;-0.375994;0.304631
0.036082;-0.368672;0.304631
0.0406118;-0.36135;0.304631
0.0244128;-0.375994;0.311953
0.0298649;-0.368672;0.311953
0.0354133;-0.36135;0.311953
0.0184975;-0.375994;0.319275
0.0243964;-0.368672;0.319275
0.0300947;-0.36135;0.319275
0.0433733;-0.357088;0.304631
0.0483993;-0.349766;0.304631
0.0524514;-0.342443;0.304631
0.0384187;-0.357088;0.311953
0.0430193;-0.349766;0.311953
0.0474539;-0.342443;0.311953
0.0331206;-0.357088;0.319275
0.0377816;-0.349766;0.319275
0.0421707;-0.342443;0.319275
0.0163569;-0.375994;0.322045
0.0224361;-0.368672;0.322045
0.0280062;-0.36135;0.322045
0.0148008;-0.375994;0.324241
0.0207539;-0.368672;0.324241
0.0262658;-0.36135;0.324241
0.0132249;-0.375994;0.326437
0.0190637;-0.368672;0.326437
0.0245301;-0.36135;0.326437
0.0126093;-0.374827;0.328568
0.0179149;-0.368014;0.328568
0.0229548;-0.361201;0.328568
0.0118131;-0.370779;0.333694
0.0155807;-0.365733;0.333694
0.0192773;-0.360687;0.333694
0.0107647;-0.366675;0.338821
0.013178;-0.36342;0.338821
0.0155918;-0.360166;0.338821
0.0298186;-0.357088;0.323537
0.0346464;-0.349766;0.323537
0.0390705;-0.342443;0.323537
0.0240779;-0.357088;0.330859
0.0291004;-0.349766;0.330859
0.0338502;-0.342443;0.330859
0.0183555;-0.357088;0.338182
0.0235428;-0.349766;0.338182
0.0284729;-0.342443;0.338182
0.0546594;-0.338182;0.304631
0.0585269;-0.330859;0.304631
0.0618588;-0.323537;0.304631
0.0498118;-0.338182;0.311953
0.0535753;-0.330859;0.311953
0.0573264;-0.323537;0.311953
0.0446631;-0.338182;0.319275
0.0487791;-0.330859;0.319275
0.0525049;-0.323537;0.319275
0.0637328;-0.319275;0.304631
0.0668757;-0.311953;0.304631
0.0694898;-0.304631;0.304631
0.0593158;-0.319275;0.311953
0.062373;-0.311953;0.311953
0.0653836;-0.304631;0.311953
0.0545592;-0.319275;0.319275
0.0579436;-0.311953;0.319275
0.060984;-0.304631;0.319275
0.0416111;-0.338182;0.323537
0.0458803;-0.330859;0.323537
0.0496443;-0.323537;0.323537
0.0364571;-0.338182;0.330859
0.0407138;-0.330859;0.330859
0.0447505;-0.323537;0.330859
0.0311844;-0.338182;0.338182
0.0355627;-0.330859;0.338182
0.039643;-0.323537;0.338182
0.0517358;-0.319275;0.323537
0.0552542;-0.311953;0.323537
0.0583715;-0.304631;0.323537
0.046934;-0.319275;0.330859
0.0504717;-0.311953;0.330859
0.0538892;-0.304631;0.330859
0.0419171;-0.319275;0.338182
0.045681;-0.311953;0.338182
0.0491637;-0.304631;0.338182
0.0102957;-0.364771;0.341149
0.012106;-0.362348;0.341149
0.0139273;-0.359924;0.341149
0.00981426;-0.36236;0.344023
0.0108631;-0.360989;0.344023
0.0119235;-0.359618;0.344023
0.00944884;-0.359929;0.346897
0.00969866;-0.359619;0.346897
0.00994961;-0.359309;0.346897
0.0160393;-0.357088;0.341149
0.0212865;-0.349766;0.341149
0.0262379;-0.342443;0.341149
0.0138358;-0.357088;0.344023
0.0191239;-0.349766;0.344023
0.0240633;-0.342443;0.344023
0.0116303;-0.357088;0.346897
0.0169315;-0.349766;0.346897
0.021872;-0.342443;0.346897
0.0108308;-0.355956;0.349027
0.0157294;-0.349128;0.349027
0.0203273;-0.342299;0.349027
0.0101821;-0.352034;0.353476
0.013748;-0.346918;0.353476
0.0171925;-0.341801;0.353476
0.00934991;-0.348062;0.357924
0.0116871;-0.344679;0.357924
0.0140113;-0.341297;0.357924
0.00901467;-0.346897;0.359309
0.00876934;-0.346897;0.359619
0.00852393;-0.346897;0.359929
0.0107656;-0.344023;0.359618
0.00968126;-0.344023;0.360989
0.00859545;-0.344023;0.36236
0.0125223;-0.341149;0.359924
0.0106153;-0.341149;0.362348
0.00870752;-0.341149;0.364771
0.0279975;-0.338182;0.342443
0.0324655;-0.330859;0.342443
0.0365876;-0.323537;0.342443
0.0224236;-0.338182;0.349766
0.0270152;-0.330859;0.349766
0.0313378;-0.323537;0.349766
0.016775;-0.338182;0.357088
0.0215177;-0.330859;0.357088
0.0259811;-0.323537;0.357088
0.0389143;-0.319275;0.342443
0.0428025;-0.311953;0.342443
0.0463324;-0.304631;0.342443
0.0337378;-0.319275;0.349766
0.0377001;-0.311953;0.349766
0.0414328;-0.304631;0.349766
0.0284297;-0.319275;0.357088
0.0324693;-0.311953;0.357088
0.0363467;-0.304631;0.357088
0.0209846;-0.326437;0.36135
0.0152776;-0.326437;0.368672
0.00952427;-0.326437;0.375994
0.0223275;-0.324241;0.36135
0.0166601;-0.324241;0.368672
0.0109113;-0.324241;0.375994
0.0236468;-0.322045;0.36135
0.0180287;-0.322045;0.368672
0.0122833;-0.322045;0.375994
0.0139268;-0.338821;0.360166
0.0113643;-0.338821;0.36342
0.00880583;-0.338821;0.366675
0.0169105;-0.333694;0.360687
0.012926;-0.333694;0.365733
0.00895546;-0.333694;0.370779
0.0197762;-0.328568;0.361201
0.0144383;-0.328568;0.368014
0.00908725;-0.328568;0.374827
0.0252556;-0.319275;0.36135
0.0293676;-0.311953;0.36135
0.0332953;-0.304631;0.36135
0.0197021;-0.319275;0.368672
0.0239537;-0.311953;0.368672
0.0279772;-0.304631;0.368672
0.0139777;-0.319275;0.375994
0.0183254;-0.311953;0.375994
0.0224924;-0.304631;0.375994
0.00777305;-0.326437;0.378187
0.0075764;-0.326437;0.3784
0.00738081;-0.326437;0.378613
0.00896568;-0.324241;0.378399
0.00812822;-0.324241;0.379342
0.00730712;-0.324241;0.380285
0.010153;-0.322045;0.37861
0.00872204;-0.322045;0.380279
0.00733147;-0.322045;0.381947
0.0197085;-0.303736;0.380256
0.0139749;-0.303736;0.387578
0.00809685;-0.303736;0.3949
0.0200084;-0.303197;0.380256
0.0142705;-0.303197;0.387578
0.00839986;-0.303197;0.3949
0.0203069;-0.302657;0.380256
0.0145643;-0.302657;0.387578
0.00870283;-0.302657;0.3949
0.0115618;-0.319433;0.378854
0.00949636;-0.319433;0.381358
0.00749021;-0.319433;0.383862
0.0151723;-0.31265;0.379472
0.0115521;-0.31265;0.384103
0.0079329;-0.31265;0.388734
0.0186463;-0.305867;0.380081
0.0134039;-0.305867;0.386801
0.00802461;-0.305867;0.393522
0.00633613;-0.303736;0.397045
0.00628952;-0.303736;0.397092
0.00624297;-0.303736;0.397139
0.00659813;-0.303197;0.397092
0.00639648;-0.303197;0.3973
0.00619592;-0.303197;0.397508
0.00686293;-0.302657;0.397139
0.00651351;-0.302657;0.397507
0.00616708;-0.302657;0.397876
0.0709371;-0.300369;0.304631
0.0733778;-0.293047;0.304631
0.0753743;-0.285725;0.304631
0.0669635;-0.300369;0.311953
0.0693856;-0.293047;0.311953
0.0717775;-0.285725;0.311953
0.0626679;-0.300369;0.319275
0.0654341;-0.293047;0.319275
0.0678585;-0.285725;0.319275
0.0764773;-0.281463;0.304631
0.0783206;-0.274141;0.304631
0.0797613;-0.266818;0.304631
0.0730092;-0.281463;0.311953
0.074855;-0.274141;0.311953
0.0766904;-0.266818;0.311953
0.0691922;-0.281463;0.319275
0.0713882;-0.274141;0.319275
0.073272;-0.266818;0.319275
0.0601105;-0.300369;0.323537
0.063002;-0.293047;0.323537
0.0655078;-0.285725;0.323537
0.0557235;-0.300369;0.330859
0.058629;-0.293047;0.330859
0.0614436;-0.285725;0.330859
0.0510826;-0.300369;0.338182
0.0542256;-0.293047;0.338182
0.0571106;-0.285725;0.338182
0.0668995;-0.281463;0.323537
0.0692239;-0.274141;0.323537
0.0712047;-0.266818;0.323537
0.0629442;-0.281463;0.330859
0.0653044;-0.274141;0.330859
0.0676041;-0.266818;0.330859
0.0587139;-0.281463;0.338182
0.061344;-0.274141;0.338182
0.0636999;-0.266818;0.338182
0.0805515;-0.262557;0.304631
0.0818745;-0.255234;0.304631
0.0828393;-0.247912;0.304631
0.077615;-0.262557;0.311953
0.0789623;-0.255234;0.311953
0.0803216;-0.247912;0.311953
0.0743077;-0.262557;0.319275
0.0760128;-0.255234;0.319275
0.0774268;-0.247912;0.319275
0.0833654;-0.24365;0.304631
0.0842496;-0.236328;0.304631
0.0848131;-0.229006;0.304631
0.0809833;-0.24365;0.311953
0.081903;-0.236328;0.311953
0.0828577;-0.229006;0.311953
0.0782011;-0.24365;0.319275
0.0794797;-0.236328;0.319275
0.080494;-0.229006;0.319275
0.0723032;-0.262557;0.323537
0.074134;-0.255234;0.323537
0.0756492;-0.247912;0.323537
0.0688118;-0.262557;0.330859
0.0706797;-0.255234;0.330859
0.0725182;-0.247912;0.330859
0.065003;-0.262557;0.338182
0.0671557;-0.255234;0.338182
0.0690567;-0.247912;0.338182
0.0764883;-0.24365;0.323537
0.0778925;-0.236328;0.323537
0.0790109;-0.229006;0.323537
0.073471;-0.24365;0.330859
0.0749182;-0.236328;0.330859
0.0763601;-0.229006;0.330859
0.0701082;-0.24365;0.338182
0.0718469;-0.236328;0.338182
0.0733525;-0.229006;0.338182
0.0482931;-0.300369;0.342443
0.0515584;-0.293047;0.342443
0.0545213;-0.285725;0.342443
0.0434771;-0.300369;0.349766
0.046826;-0.293047;0.349766
0.0500194;-0.285725;0.349766
0.0385018;-0.300369;0.357088
0.0419944;-0.293047;0.357088
0.0452503;-0.285725;0.357088
0.0561726;-0.281463;0.342443
0.0589061;-0.274141;0.342443
0.0613421;-0.266818;0.342443
0.0517464;-0.281463;0.349766
0.0545318;-0.274141;0.349766
0.0572235;-0.266818;0.349766
0.0470676;-0.281463;0.357088
0.0500709;-0.274141;0.357088
0.0528337;-0.266818;0.357088
0.0354846;-0.300369;0.36135
0.0390578;-0.293047;0.36135
0.0423884;-0.285725;0.36135
0.0302061;-0.300369;0.368672
0.0338972;-0.293047;0.368672
0.0374275;-0.285725;0.368672
0.0248355;-0.300369;0.375994
0.02868;-0.293047;0.375994
0.0322613;-0.285725;0.375994
0.0442548;-0.281463;0.36135
0.0473508;-0.274141;0.36135
0.0501983;-0.266818;0.36135
0.039371;-0.281463;0.368672
0.0425497;-0.274141;0.368672
0.0456041;-0.266818;0.368672
0.0342942;-0.281463;0.375994
0.0376848;-0.274141;0.375994
0.0407585;-0.266818;0.375994
0.0626991;-0.262557;0.342443
0.0649597;-0.255234;0.342443
0.0669473;-0.247912;0.342443
0.0586743;-0.262557;0.349766
0.0609889;-0.255234;0.349766
0.0632405;-0.247912;0.349766
0.054372;-0.262557;0.357088
0.0569206;-0.255234;0.357088
0.0592432;-0.247912;0.357088
0.0680554;-0.24365;0.342443
0.0699034;-0.236328;0.342443
0.0714966;-0.229006;0.342443
0.0644451;-0.24365;0.349766
0.0663457;-0.236328;0.349766
0.0682031;-0.229006;0.349766
0.0605319;-0.24365;0.357088
0.062665;-0.236328;0.357088
0.0645919;-0.229006;0.357088
0.0517882;-0.262557;0.36135
0.0544239;-0.255234;0.36135
0.0568158;-0.247912;0.36135
0.047264;-0.262557;0.368672
0.0499466;-0.255234;0.368672
0.0525488;-0.247912;0.368672
0.0424545;-0.262557;0.375994
0.0453229;-0.255234;0.375994
0.0480236;-0.247912;0.375994
0.0581533;-0.24365;0.36135
0.0603828;-0.236328;0.36135
0.062383;-0.229006;0.36135
0.0539716;-0.24365;0.368672
0.0562631;-0.236328;0.368672
0.0584752;-0.229006;0.368672
0.049524;-0.24365;0.375994
0.0519888;-0.236328;0.375994
0.0542803;-0.229006;0.375994
0.0851181;-0.224744;0.304631
0.0856405;-0.217422;0.304631
0.0858779;-0.2101;0.304631
0.0832982;-0.224744;0.311953
0.083862;-0.217422;0.311953
0.0844838;-0.2101;0.311953
0.0810481;-0.224744;0.319275
0.0819677;-0.217422;0.319275
0.0826491;-0.2101;0.319275
0.0860057;-0.205838;0.304631
0.086242;-0.198516;0.304631
0.086227;-0.191193;0.304631
0.0847444;-0.205838;0.311953
0.085022;-0.198516;0.311953
0.0853806;-0.191193;0.311953
0.0830214;-0.205838;0.319275
0.0836475;-0.198516;0.319275
0.0840611;-0.191193;0.319275
0.0796305;-0.224744;0.323537
0.0806739;-0.217422;0.323537
0.0814595;-0.2101;0.323537
0.0770936;-0.224744;0.330859
0.0781814;-0.217422;0.330859
0.079286;-0.2101;0.330859
0.0741842;-0.224744;0.338182
0.0755624;-0.217422;0.338182
0.0767273;-0.2101;0.338182
0.0818962;-0.205838;0.323537
0.0826419;-0.198516;0.323537
0.0831568;-0.191193;0.323537
0.0798341;-0.205838;0.330859
0.0806216;-0.198516;0.330859
0.0814475;-0.191193;0.330859
0.0773716;-0.205838;0.338182
0.0784454;-0.198516;0.338182
0.0793258;-0.191193;0.338182
0.0862204;-0.186932;0.304631
0.0862442;-0.179609;0.304631
0.0860486;-0.172287;0.304631
0.0855012;-0.186932;0.311953
0.0855606;-0.179609;0.311953
0.085723;-0.172287;0.311953
0.0842891;-0.186932;0.319275
0.0846851;-0.179609;0.319275
0.0848934;-0.172287;0.319275
0.0859487;-0.168025;0.304631
0.0858302;-0.160703;0.304631
0.085522;-0.153381;0.304631
0.0857421;-0.168025;0.311953
0.0856479;-0.160703;0.311953
0.0856772;-0.153381;0.311953
0.0850127;-0.168025;0.319275
0.0852388;-0.160703;0.319275
0.0853006;-0.153381;0.319275
0.0834467;-0.186932;0.323537
0.0839561;-0.179609;0.323537
0.0842604;-0.172287;0.323537
0.0818443;-0.186932;0.330859
0.0823892;-0.179609;0.330859
0.0829925;-0.172287;0.330859
0.0798148;-0.186932;0.338182
0.0806381;-0.179609;0.338182
0.0812873;-0.172287;0.338182
0.0844378;-0.168025;0.323537
0.0847688;-0.160703;0.323537
0.0849187;-0.153381;0.323537
0.0832701;-0.168025;0.330859
0.0836266;-0.160703;0.330859
0.0840595;-0.153381;0.330859
0.081651;-0.168025;0.338182
0.0822737;-0.160703;0.338182
0.0827409;-0.153381;0.338182
0.0723841;-0.224744;0.342443
0.0738692;-0.217422;0.342443
0.0751214;-0.2101;0.342443
0.0691862;-0.224744;0.349766
0.0707213;-0.217422;0.349766
0.0722361;-0.2101;0.349766
0.0656607;-0.224744;0.357088
0.0674295;-0.217422;0.357088
0.0690081;-0.2101;0.357088
0.0758205;-0.205838;0.342443
0.0769976;-0.198516;0.342443
0.0779634;-0.191193;0.342443
0.0730291;-0.205838;0.349766
0.074252;-0.198516;0.349766
0.0754758;-0.191193;0.349766
0.0698855;-0.205838;0.357088
0.0713426;-0.198516;0.357088
0.0726228;-0.191193;0.357088
0.0634992;-0.224744;0.36135
0.0653618;-0.217422;0.36135
0.0670154;-0.2101;0.36135
0.0596726;-0.224744;0.368672
0.0615946;-0.217422;0.368672
0.0634628;-0.2101;0.368672
0.0555567;-0.224744;0.375994
0.0576639;-0.217422;0.375994
0.0595977;-0.2101;0.375994
0.0679398;-0.205838;0.36135
0.0694864;-0.198516;0.36135
0.0708397;-0.191193;0.36135
0.0644664;-0.205838;0.368672
0.0660643;-0.198516;0.368672
0.067631;-0.191193;0.368672
0.0606758;-0.205838;0.375994
0.0624649;-0.198516;0.375994
0.0640902;-0.191193;0.375994
0.0785052;-0.186932;0.342443
0.0794264;-0.179609;0.342443
0.0801567;-0.172287;0.342443
0.0761082;-0.186932;0.349766
0.0770682;-0.179609;0.349766
0.0780479;-0.172287;0.349766
0.0733355;-0.186932;0.357088
0.0745252;-0.179609;0.357088
0.0755529;-0.172287;0.357088
0.0805701;-0.168025;0.342443
0.0812838;-0.160703;0.342443
0.0818258;-0.153381;0.342443
0.0785467;-0.168025;0.349766
0.0792898;-0.160703;0.349766
0.080069;-0.153381;0.349766
0.0761267;-0.168025;0.357088
0.0770907;-0.160703;0.357088
0.0779078;-0.153381;0.357088
0.071598;-0.186932;0.36135
0.0728727;-0.179609;0.36135
0.0739699;-0.172287;0.36135
0.0684666;-0.186932;0.368672
0.0697847;-0.179609;0.368672
0.0710896;-0.172287;0.368672
0.0649964;-0.186932;0.375994
0.0665042;-0.179609;0.375994
0.0678604;-0.172287;0.375994
0.0745868;-0.168025;0.36135
0.0756304;-0.160703;0.36135
0.0765116;-0.153381;0.36135
0.0717799;-0.168025;0.368672
0.072858;-0.160703;0.368672
0.0739374;-0.153381;0.368672
0.0686166;-0.168025;0.375994
0.0698776;-0.160703;0.375994
0.0709995;-0.153381;0.375994
0.0215796;-0.300369;0.380256
0.0255049;-0.293047;0.380256
0.0291815;-0.285725;0.380256
0.0158273;-0.300369;0.387578
0.0198322;-0.293047;0.387578
0.023767;-0.285725;0.387578
0.00997487;-0.300369;0.3949
0.0140276;-0.293047;0.3949
0.0180536;-0.285725;0.3949
0.031242;-0.281463;0.380256
0.0346496;-0.274141;0.380256
0.0377852;-0.266818;0.380256
0.0258851;-0.281463;0.387578
0.029257;-0.274141;0.387578
0.0325984;-0.266818;0.387578
0.0203198;-0.281463;0.3949
0.0239539;-0.274141;0.3949
0.0273471;-0.266818;0.3949
0.00797945;-0.300369;0.397329
0.00708071;-0.300369;0.398353
0.00619358;-0.300369;0.399377
0.0116263;-0.293047;0.397931
0.00924734;-0.293047;0.401022
0.00678822;-0.293047;0.404113
0.0152178;-0.285725;0.398522
0.0112247;-0.285725;0.403645
0.00693551;-0.285725;0.408769
0.0197789;-0.275952;0.399162
0.0138118;-0.275952;0.406484
0.00781784;-0.275952;0.413807
0.0221671;-0.271035;0.399162
0.0162709;-0.271035;0.406484
0.0104073;-0.271035;0.413807
0.0244424;-0.266118;0.399162
0.0187124;-0.266118;0.406484
0.012875;-0.266118;0.413807
0.0165521;-0.282894;0.398746
0.011846;-0.282894;0.404637
0.00686772;-0.282894;0.410528
0.0176679;-0.280488;0.398928
0.0123874;-0.280488;0.405446
0.00691492;-0.280488;0.411964
0.0187532;-0.278082;0.399109
0.0129329;-0.278082;0.406251
0.00700788;-0.278082;0.413393
0.0395499;-0.262557;0.380256
0.0425285;-0.255234;0.380256
0.0452841;-0.247912;0.380256
0.034486;-0.262557;0.387578
0.0375526;-0.255234;0.387578
0.04046;-0.247912;0.387578
0.029212;-0.262557;0.3949
0.0323419;-0.255234;0.3949
0.03539;-0.247912;0.3949
0.046821;-0.24365;0.380256
0.0493771;-0.236328;0.380256
0.0517321;-0.229006;0.380256
0.0420644;-0.24365;0.387578
0.0447042;-0.236328;0.387578
0.0472224;-0.229006;0.387578
0.0370854;-0.24365;0.3949
0.0398295;-0.236328;0.3949
0.0424263;-0.229006;0.3949
0.0260442;-0.262557;0.399162
0.0292571;-0.255234;0.399162
0.0323179;-0.247912;0.399162
0.0204538;-0.262557;0.406484
0.0238297;-0.255234;0.406484
0.0269074;-0.247912;0.406484
0.0145974;-0.262557;0.413807
0.0180261;-0.255234;0.413807
0.0212826;-0.247912;0.413807
0.0340285;-0.24365;0.399162
0.0368551;-0.236328;0.399162
0.0395253;-0.229006;0.399162
0.0286336;-0.24365;0.406484
0.0316001;-0.236328;0.406484
0.0344154;-0.229006;0.406484
0.0231294;-0.24365;0.413807
0.0261978;-0.236328;0.413807
0.029037;-0.229006;0.413807
0.00596778;-0.275952;0.416043
0.0056553;-0.275952;0.416407
0.00534372;-0.275952;0.41677
0.00828615;-0.271035;0.416404
0.00688575;-0.271035;0.418008
0.00550376;-0.271035;0.419612
0.010429;-0.266118;0.416762
0.00798457;-0.266118;0.419593
0.00557411;-0.266118;0.422425
0.0184692;-0.246663;0.418068
0.0125153;-0.246663;0.425391
0.00628936;-0.246663;0.432713
0.01864;-0.246278;0.418068
0.0126862;-0.246278;0.425391
0.00646702;-0.246278;0.432713
0.0188104;-0.245893;0.418068
0.0128565;-0.245893;0.425391
0.00664441;-0.245893;0.432713
0.0118814;-0.262669;0.417003
0.00879537;-0.262669;0.420663
0.00571845;-0.262669;0.424323
0.0147969;-0.255731;0.417472
0.0104939;-0.255731;0.422746
0.00607284;-0.255731;0.428019
0.017621;-0.248793;0.417935
0.0120481;-0.248793;0.424799
0.0062179;-0.248793;0.431663
0.0198006;-0.24365;0.418068
0.0229082;-0.236328;0.418068
0.0258092;-0.229006;0.418068
0.0138437;-0.24365;0.425391
0.0170198;-0.236328;0.425391
0.0201156;-0.229006;0.425391
0.00765797;-0.24365;0.432713
0.010921;-0.236328;0.432713
0.0141082;-0.229006;0.432713
0.00441258;-0.246663;0.434851
0.00438858;-0.246663;0.434876
0.00436459;-0.246663;0.434901
0.0045696;-0.246278;0.434876
0.00446393;-0.246278;0.434987
0.00435842;-0.246278;0.435099
0.00472689;-0.245893;0.434901
0.00454075;-0.245893;0.435099
0.00435505;-0.245893;0.435296
0.00562858;-0.24365;0.435039
0.00501544;-0.24365;0.435711
0.00440515;-0.24365;0.436382
0.00855237;-0.236328;0.435484
0.00666236;-0.236328;0.437685
0.00475486;-0.236328;0.439885
0.0113895;-0.229006;0.435923
0.00822723;-0.229006;0.439632
0.00497823;-0.229006;0.443341
0.053047;-0.224744;0.380256
0.0552337;-0.217422;0.380256
0.0572331;-0.2101;0.380256
0.0486013;-0.224744;0.387578
0.050856;-0.217422;0.387578
0.0530327;-0.2101;0.387578
0.0438835;-0.224744;0.3949
0.0462945;-0.217422;0.3949
0.0485387;-0.2101;0.3949
0.0583522;-0.205838;0.380256
0.0602185;-0.198516;0.380256
0.0619079;-0.191193;0.380256
0.05422;-0.205838;0.387578
0.056143;-0.198516;0.387578
0.0580105;-0.191193;0.387578
0.0497928;-0.205838;0.3949
0.0518775;-0.198516;0.3949
0.0538066;-0.191193;0.3949
0.0410221;-0.224744;0.399162
0.0435006;-0.217422;0.399162
0.0458101;-0.2101;0.399162
0.0359655;-0.224744;0.406484
0.0385231;-0.217422;0.406484
0.0409858;-0.2101;0.406484
0.0306488;-0.224744;0.413807
0.0333736;-0.217422;0.413807
0.035884;-0.2101;0.413807
0.0471035;-0.205838;0.399162
0.049254;-0.198516;0.399162
0.0512388;-0.191193;0.399162
0.0423366;-0.205838;0.406484
0.0445386;-0.198516;0.406484
0.0466698;-0.191193;0.406484
0.0372752;-0.205838;0.413807
0.0396087;-0.198516;0.413807
0.0418042;-0.191193;0.413807
0.0628543;-0.186932;0.380256
0.0644368;-0.179609;0.380256
0.0658534;-0.172287;0.380256
0.0590246;-0.186932;0.387578
0.0606557;-0.179609;0.387578
0.062245;-0.172287;0.387578
0.054883;-0.186932;0.3949
0.0566716;-0.179609;0.3949
0.0583157;-0.172287;0.3949
0.0666473;-0.168025;0.380256
0.0679784;-0.160703;0.380256
0.069156;-0.153381;0.380256
0.0631027;-0.168025;0.387578
0.0644735;-0.160703;0.387578
0.0658159;-0.153381;0.387578
0.059231;-0.168025;0.3949
0.0607518;-0.160703;0.3949
0.0621412;-0.153381;0.3949
0.052351;-0.186932;0.399162
0.0542054;-0.179609;0.399162
0.0559018;-0.172287;0.399162
0.0478419;-0.186932;0.406484
0.0497471;-0.179609;0.406484
0.0515849;-0.172287;0.406484
0.0430307;-0.186932;0.413807
0.045063;-0.179609;0.413807
0.046959;-0.172287;0.413807
0.05685;-0.168025;0.399162
0.0584323;-0.160703;0.399162
0.0598694;-0.153381;0.399162
0.0525888;-0.168025;0.406484
0.0542157;-0.160703;0.406484
0.0557879;-0.153381;0.406484
0.0480142;-0.168025;0.413807
0.0497639;-0.160703;0.413807
0.0513906;-0.153381;0.413807
0.0274502;-0.224744;0.418068
0.0302086;-0.217422;0.418068
0.032767;-0.2101;0.418068
0.0218096;-0.224744;0.425391
0.0245596;-0.217422;0.425391
0.0272538;-0.2101;0.425391
0.0158846;-0.224744;0.432713
0.0187771;-0.217422;0.432713
0.0215367;-0.2101;0.432713
0.0341991;-0.205838;0.418068
0.036602;-0.198516;0.418068
0.0388452;-0.191193;0.418068
0.028763;-0.205838;0.425391
0.0312298;-0.198516;0.425391
0.0335897;-0.191193;0.425391
0.0230733;-0.205838;0.432713
0.025616;-0.198516;0.432713
0.0280419;-0.191193;0.432713
0.0181979;-0.209736;0.436975
0.012012;-0.209736;0.444297
0.00558443;-0.209736;0.451619
0.0184819;-0.208965;0.436975
0.0123104;-0.208965;0.444297
0.00588923;-0.208965;0.451619
0.0187639;-0.208193;0.436975
0.0126074;-0.208193;0.444297
0.00619196;-0.208193;0.451619
0.0128986;-0.224969;0.436155
0.00902998;-0.224969;0.440663
0.00505672;-0.224969;0.44517
0.0152576;-0.218418;0.436516
0.0103313;-0.218418;0.442261
0.00527456;-0.218418;0.448006
0.0174893;-0.211867;0.436872
0.0115741;-0.211867;0.443841
0.00545761;-0.211867;0.45081
0.0196302;-0.205838;0.436975
0.0222359;-0.198516;0.436975
0.024691;-0.191193;0.436975
0.0135128;-0.205838;0.444297
0.016225;-0.198516;0.444297
0.0187649;-0.191193;0.444297
0.00710963;-0.205838;0.451619
0.00988896;-0.198516;0.451619
0.0125435;-0.191193;0.451619
0.0401003;-0.186932;0.418068
0.042191;-0.179609;0.418068
0.0441343;-0.172287;0.418068
0.0348962;-0.186932;0.425391
0.0370473;-0.179609;0.425391
0.0391101;-0.172287;0.425391
0.0294075;-0.186932;0.432713
0.0316724;-0.179609;0.432713
0.0338009;-0.172287;0.432713
0.0452196;-0.168025;0.418068
0.0470259;-0.160703;0.418068
0.0486968;-0.153381;0.418068
0.0402466;-0.168025;0.425391
0.0421054;-0.160703;0.425391
0.0438882;-0.153381;0.425391
0.0349832;-0.168025;0.432713
0.0369412;-0.160703;0.432713
0.038783;-0.153381;0.432713
0.0260771;-0.186932;0.436975
0.0283976;-0.179609;0.436975
0.0305669;-0.172287;0.436975
0.020181;-0.186932;0.444297
0.0225569;-0.179609;0.444297
0.024816;-0.172287;0.444297
0.0140259;-0.186932;0.451619
0.0164767;-0.179609;0.451619
0.0187993;-0.172287;0.451619
0.031775;-0.168025;0.436975
0.0337829;-0.160703;0.436975
0.0356606;-0.153381;0.436975
0.0260664;-0.168025;0.444297
0.0281254;-0.160703;0.444297
0.0300839;-0.153381;0.444297
0.0200859;-0.168025;0.451619
0.0222098;-0.160703;0.451619
0.0242257;-0.153381;0.451619
0.0853678;-0.149119;0.304631
0.0851722;-0.141797;0.304631
0.0848143;-0.134475;0.304631
0.0856306;-0.149119;0.311953
0.085443;-0.141797;0.311953
0.0853969;-0.134475;0.311953
0.0853445;-0.149119;0.319275
0.0854559;-0.141797;0.319275
0.0854248;-0.134475;0.319275
0.084641;-0.130213;0.304631
0.0844266;-0.122891;0.304631
0.0840744;-0.115568;0.304631
0.085317;-0.130213;0.311953
0.0850897;-0.122891;0.311953
0.0850186;-0.115568;0.311953
0.0854232;-0.130213;0.319275
0.0854691;-0.122891;0.319275
0.0853921;-0.115568;0.319275
0.0850153;-0.149119;0.323537
0.0852211;-0.141797;0.323537
0.0852676;-0.134475;0.323537
0.0842474;-0.149119;0.330859
0.0844653;-0.141797;0.330859
0.0847749;-0.134475;0.330859
0.0830071;-0.149119;0.338182
0.0834749;-0.141797;0.338182
0.0838047;-0.134475;0.338182
0.0853121;-0.130213;0.323537
0.0854399;-0.122891;0.323537
0.085428;-0.115568;0.323537
0.0848998;-0.130213;0.330859
0.0850233;-0.122891;0.330859
0.0852511;-0.115568;0.330859
0.0839982;-0.130213;0.338182
0.084352;-0.122891;0.338182
0.0845833;-0.115568;0.338182
0.0839124;-0.111307;0.304631
0.0837285;-0.103984;0.304631
0.0834275;-0.096662;0.304631
0.0849334;-0.111307;0.311953
0.084712;-0.103984;0.311953
0.0846575;-0.096662;0.311953
0.0853709;-0.111307;0.319275
0.0853932;-0.103984;0.319275
0.085309;-0.096662;0.319275
0.0833012;-0.0924005;0.304631
0.0831859;-0.0850781;0.304631
0.0829698;-0.0777558;0.304631
0.0845894;-0.0924005;0.311953
0.0844097;-0.0850781;0.311953
0.0844026;-0.0777558;0.311953
0.085289;-0.0924005;0.319275
0.0853205;-0.0850781;0.319275
0.0852586;-0.0777558;0.319275
0.0854451;-0.111307;0.323537
0.0855348;-0.103984;0.323537
0.0855017;-0.096662;0.323537
0.0853359;-0.111307;0.330859
0.0854025;-0.103984;0.330859
0.085583;-0.096662;0.330859
0.0847255;-0.111307;0.338182
0.0850001;-0.103984;0.338182
0.0851654;-0.096662;0.338182
0.0855115;-0.0924005;0.323537
0.0855948;-0.0850781;0.323537
0.0855689;-0.0777558;0.323537
0.0856465;-0.0924005;0.330859
0.0856863;-0.0850781;0.330859
0.0858459;-0.0777558;0.330859
0.0852742;-0.0924005;0.338182
0.0854975;-0.0850781;0.338182
0.0856223;-0.0777558;0.338182
0.0821373;-0.149119;0.342443
0.0826878;-0.141797;0.342443
0.0830841;-0.134475;0.342443
0.0804589;-0.149119;0.349766
0.0810273;-0.141797;0.349766
0.0816454;-0.134475;0.349766
0.0783662;-0.149119;0.357088
0.0791431;-0.141797;0.357088
0.0797871;-0.134475;0.357088
0.0833177;-0.130213;0.342443
0.0837441;-0.122891;0.342443
0.0840322;-0.115568;0.342443
0.0819489;-0.130213;0.349766
0.0823796;-0.122891;0.349766
0.0828716;-0.115568;0.349766
0.0801511;-0.130213;0.357088
0.0807754;-0.122891;0.357088
0.0812795;-0.115568;0.357088
0.0770094;-0.149119;0.36135
0.077859;-0.141797;0.36135
0.0785606;-0.134475;0.36135
0.0745031;-0.149119;0.368672
0.0753771;-0.141797;0.368672
0.0762651;-0.134475;0.368672
0.0716254;-0.149119;0.375994
0.0726725;-0.141797;0.375994
0.0735927;-0.134475;0.375994
0.0789599;-0.130213;0.36135
0.079649;-0.122891;0.36135
0.0802029;-0.115568;0.36135
0.0767254;-0.130213;0.368672
0.0774274;-0.122891;0.368672
0.0781536;-0.115568;0.368672
0.074107;-0.130213;0.375994
0.0749702;-0.122891;0.375994
0.0757166;-0.115568;0.375994
0.0842086;-0.111307;0.342443
0.0845445;-0.103984;0.342443
0.0847558;-0.096662;0.342443
0.0831079;-0.111307;0.349766
0.083433;-0.103984;0.349766
0.0838281;-0.096662;0.349766
0.0815676;-0.111307;0.357088
0.0820689;-0.103984;0.357088
0.0824608;-0.096662;0.357088
0.0848919;-0.0924005;0.342443
0.0851644;-0.0850781;0.342443
0.0853235;-0.0777558;0.342443
0.0840131;-0.0924005;0.349766
0.0842583;-0.0850781;0.349766
0.0845796;-0.0777558;0.349766
0.0826879;-0.0924005;0.357088
0.0830905;-0.0850781;0.357088
0.0833924;-0.0777558;0.357088
0.0805213;-0.111307;0.36135
0.0810783;-0.103984;0.36135
0.0815113;-0.096662;0.36135
0.0785249;-0.111307;0.368672
0.0790818;-0.103984;0.368672
0.0796715;-0.096662;0.368672
0.0761345;-0.111307;0.375994
0.0768393;-0.103984;0.375994
0.0774359;-0.096662;0.375994
0.0817634;-0.0924005;0.36135
0.0822119;-0.0850781;0.36135
0.0825456;-0.0777558;0.36135
0.0799677;-0.0924005;0.368672
0.0804021;-0.0850781;0.368672
0.0808757;-0.0777558;0.368672
0.0777708;-0.0924005;0.375994
0.0783385;-0.0850781;0.375994
0.0788048;-0.0777558;0.375994
0.0828963;-0.0734942;0.304631
0.0828746;-0.0661719;0.304631
0.0827638;-0.0588495;0.304631
0.0843678;-0.0734942;0.311953
0.0842543;-0.0661719;0.311953
0.0843138;-0.0588495;0.311953
0.0852552;-0.0734942;0.319275
0.0853187;-0.0661719;0.319275
0.0852984;-0.0588495;0.319275
0.0827524;-0.054588;0.304631
0.0828356;-0.0472656;0.304631
0.0828365;-0.0399433;0.304631
0.0843216;-0.054588;0.311953
0.0842866;-0.0472656;0.311953
0.08442;-0.0399433;0.311953
0.0853206;-0.054588;0.319275
0.0854285;-0.0472656;0.319275
0.0854584;-0.0399433;0.319275
0.085586;-0.0734942;0.323537
0.0856854;-0.0661719;0.323537
0.0856855;-0.0588495;0.323537
0.085902;-0.0734942;0.330859
0.0859368;-0.0661719;0.330859
0.0860934;-0.0588495;0.330859
0.0857108;-0.0734942;0.338182
0.0859033;-0.0661719;0.338182
0.0860052;-0.0588495;0.338182
0.0857192;-0.054588;0.323537
0.0858469;-0.0472656;0.323537
0.0858822;-0.0399433;0.323537
0.0861512;-0.054588;0.330859
0.0861938;-0.0472656;0.330859
0.0863566;-0.0399433;0.330859
0.0860823;-0.054588;0.338182
0.0862566;-0.0472656;0.338182
0.0863456;-0.0399433;0.338182
0.0828881;-0.0356817;0.304631
0.0830739;-0.0283594;0.304631
0.0831796;-0.021037;0.304631
0.0844725;-0.0356817;0.311953
0.0845166;-0.0283594;0.311953
0.0847195;-0.021037;0.311953
0.0855093;-0.0356817;0.319275
0.0856635;-0.0283594;0.319275
0.085742;-0.021037;0.319275
0.083288;-0.0167755;0.304631
0.0835616;-0.00945312;0.304631
0.0837538;-0.00213077;0.304631
0.0848123;-0.0167755;0.311953
0.0849252;-0.00945312;0.311953
0.0851829;-0.00213077;0.311953
0.0858187;-0.0167755;0.319275
0.0860112;-0.00945312;0.319275
0.0861275;-0.00213077;0.319275
0.0859357;-0.0356817;0.323537
0.0860945;-0.0283594;0.323537
0.0861643;-0.021037;0.323537
0.0864199;-0.0356817;0.330859
0.0864747;-0.0283594;0.330859
0.0866441;-0.021037;0.330859
0.0864154;-0.0356817;0.338182
0.0865762;-0.0283594;0.338182
0.0866544;-0.021037;0.338182
0.0862356;-0.0167755;0.323537
0.0864192;-0.00945312;0.323537
0.0865142;-0.00213077;0.323537
0.086712;-0.0167755;0.330859
0.086775;-0.00945312;0.330859
0.0869438;-0.00213077;0.330859
0.0867168;-0.0167755;0.338182
0.0868612;-0.00945312;0.338182
0.0869236;-0.00213077;0.338182
0.0854323;-0.0734942;0.342443
0.0856614;-0.0661719;0.342443
0.0857856;-0.0588495;0.342443
0.0847258;-0.0734942;0.349766
0.0849104;-0.0661719;0.349766
0.0851744;-0.0588495;0.349766
0.0835703;-0.0734942;0.357088
0.0838926;-0.0661719;0.357088
0.0841206;-0.0588495;0.357088
0.0858759;-0.054588;0.342443
0.086074;-0.0472656;0.342443
0.0861734;-0.0399433;0.342443
0.0852903;-0.054588;0.349766
0.0854271;-0.0472656;0.349766
0.0856435;-0.0399433;0.349766
0.0842576;-0.054588;0.357088
0.0845117;-0.0472656;0.357088
0.0846759;-0.0399433;0.357088
0.0827429;-0.0734942;0.36135
0.0831007;-0.0661719;0.36135
0.0833509;-0.0588495;0.36135
0.0811076;-0.0734942;0.368672
0.0814368;-0.0661719;0.368672
0.0818092;-0.0588495;0.368672
0.079067;-0.0734942;0.375994
0.079514;-0.0661719;0.375994
0.0798646;-0.0588495;0.375994
0.0835014;-0.054588;0.36135
0.0837806;-0.0472656;0.36135
0.0839573;-0.0399433;0.36135
0.0819849;-0.054588;0.368672
0.0822207;-0.0472656;0.368672
0.0825016;-0.0399433;0.368672
0.0800617;-0.054588;0.375994
0.0803994;-0.0472656;0.375994
0.0806441;-0.0399433;0.375994
0.0862493;-0.0356817;0.342443
0.0864216;-0.0283594;0.342443
0.0864988;-0.021037;0.342443
0.0857336;-0.0356817;0.349766
0.0858286;-0.0283594;0.349766
0.0860004;-0.021037;0.349766
0.0847766;-0.0356817;0.357088
0.0849684;-0.0283594;0.357088
0.0850728;-0.021037;0.357088
0.0865606;-0.0167755;0.342443
0.0867052;-0.00945312;0.342443
0.0867559;-0.00213077;0.342443
0.0860654;-0.0167755;0.349766
0.0861181;-0.00945312;0.349766
0.086242;-0.00213077;0.349766
0.0851384;-0.0167755;0.357088
0.0852679;-0.00945312;0.357088
0.0853108;-0.00213077;0.357088
0.0840658;-0.0356817;0.36135
0.0842725;-0.0283594;0.36135
0.0843799;-0.021037;0.36135
0.0826257;-0.0356817;0.368672
0.0827749;-0.0283594;0.368672
0.0829682;-0.021037;0.368672
0.0807808;-0.0356817;0.375994
0.0810155;-0.0283594;0.375994
0.0811591;-0.021037;0.375994
0.0844476;-0.0167755;0.36135
0.0845822;-0.00945312;0.36135
0.084619;-0.00213077;0.36135
0.0830423;-0.0167755;0.368672
0.0831064;-0.00945312;0.368672
0.0832112;-0.00213077;0.368672
0.081237;-0.0167755;0.375994
0.0813701;-0.00945312;0.375994
0.0814127;-0.00213077;0.375994
0.0698168;-0.149119;0.380256
0.0709286;-0.141797;0.380256
0.0718987;-0.134475;0.380256
0.066536;-0.149119;0.387578
0.067679;-0.141797;0.387578
0.0688042;-0.134475;0.387578
0.0629144;-0.149119;0.3949
0.0641992;-0.141797;0.3949
0.0653629;-0.134475;0.3949
0.0724441;-0.130213;0.380256
0.0733652;-0.122891;0.380256
0.0741552;-0.115568;0.380256
0.0694028;-0.130213;0.387578
0.0703447;-0.122891;0.387578
0.071279;-0.115568;0.387578
0.0660096;-0.130213;0.3949
0.0670842;-0.122891;0.3949
0.0680466;-0.115568;0.3949
0.0606729;-0.149119;0.399162
0.062015;-0.141797;0.399162
0.0632223;-0.134475;0.399162
0.0566432;-0.149119;0.406484
0.0580229;-0.141797;0.406484
0.059359;-0.134475;0.406484
0.052294;-0.149119;0.413807
0.0537894;-0.141797;0.413807
0.0551726;-0.134475;0.413807
0.0638971;-0.130213;0.399162
0.0650246;-0.122891;0.399162
0.0660253;-0.115568;0.399162
0.0600818;-0.130213;0.406484
0.0612393;-0.122891;0.406484
0.0623588;-0.115568;0.406484
0.0559394;-0.130213;0.413807
0.0572032;-0.122891;0.413807
0.0583577;-0.115568;0.413807
0.0746003;-0.111307;0.380256
0.0753557;-0.103984;0.380256
0.0759888;-0.096662;0.380256
0.0717709;-0.111307;0.387578
0.0725358;-0.103984;0.387578
0.073301;-0.096662;0.387578
0.0685808;-0.111307;0.3949
0.0694678;-0.103984;0.3949
0.0702486;-0.096662;0.3949
0.0763464;-0.0924005;0.380256
0.0769563;-0.0850781;0.380256
0.0774515;-0.0777558;0.380256
0.0736979;-0.0924005;0.387578
0.0743047;-0.0850781;0.387578
0.0749188;-0.0777558;0.387578
0.070681;-0.0924005;0.3949
0.0713987;-0.0850781;0.3949
0.0720156;-0.0777558;0.3949
0.0665835;-0.111307;0.399162
0.0675162;-0.103984;0.399162
0.0683295;-0.096662;0.399162
0.0629578;-0.111307;0.406484
0.0639085;-0.103984;0.406484
0.0648314;-0.096662;0.406484
0.0589948;-0.111307;0.413807
0.0600439;-0.103984;0.413807
0.0609906;-0.096662;0.413807
0.0687823;-0.0924005;0.399162
0.0695389;-0.0850781;0.399162
0.070182;-0.0777558;0.399162
0.0653192;-0.0924005;0.406484
0.0660827;-0.0850781;0.406484
0.0668251;-0.0777558;0.406484
0.0615112;-0.0924005;0.413807
0.0623645;-0.0850781;0.413807
0.063118;-0.0777558;0.413807
0.0496296;-0.149119;0.418068
0.0511797;-0.141797;0.418068
0.0526005;-0.134475;0.418068
0.0448696;-0.149119;0.425391
0.0464669;-0.141797;0.425391
0.0479874;-0.134475;0.425391
0.0398041;-0.149119;0.432713
0.0414856;-0.141797;0.432713
0.0430567;-0.134475;0.432713
0.0533907;-0.130213;0.418068
0.0547006;-0.122891;0.418068
0.0558881;-0.115568;0.418068
0.0488157;-0.130213;0.425391
0.0501596;-0.122891;0.425391
0.0514429;-0.115568;0.425391
0.0439225;-0.130213;0.432713
0.0453465;-0.122891;0.432713
0.046674;-0.115568;0.432713
0.0367055;-0.149119;0.436975
0.038434;-0.141797;0.436975
0.040038;-0.134475;0.436975
0.0311703;-0.149119;0.444297
0.0329558;-0.141797;0.444297
0.0346427;-0.134475;0.444297
0.0253445;-0.149119;0.451619
0.0271929;-0.141797;0.451619
0.0289484;-0.134475;0.451619
0.0409268;-0.130213;0.436975
0.0423963;-0.122891;0.436975
0.0437536;-0.115568;0.436975
0.035573;-0.130213;0.444297
0.0370964;-0.122891;0.444297
0.0385287;-0.115568;0.444297
0.0299205;-0.130213;0.451619
0.0315087;-0.122891;0.451619
0.0329938;-0.115568;0.451619
0.056547;-0.111307;0.418068
0.0576382;-0.103984;0.418068
0.0586132;-0.096662;0.418068
0.052139;-0.111307;0.425391
0.0532579;-0.103984;0.425391
0.0543215;-0.096662;0.425391
0.0474063;-0.111307;0.432713
0.0486022;-0.103984;0.432713
0.0496971;-0.096662;0.432713
0.0591517;-0.0924005;0.418068
0.06004;-0.0850781;0.418068
0.0608162;-0.0777558;0.418068
0.0548901;-0.0924005;0.425391
0.0557934;-0.0850781;0.425391
0.0566506;-0.0777558;0.425391
0.0502961;-0.0924005;0.432713
0.051271;-0.0850781;0.432713
0.0521479;-0.0777558;0.432713
0.0445045;-0.111307;0.436975
0.0457382;-0.103984;0.436975
0.0468592;-0.096662;0.436975
0.039309;-0.111307;0.444297
0.0405772;-0.103984;0.444297
0.0417699;-0.096662;0.444297
0.0338062;-0.111307;0.451619
0.0351292;-0.103984;0.451619
0.0363602;-0.096662;0.451619
0.0474753;-0.0924005;0.436975
0.048484;-0.0850781;0.436975
0.049383;-0.0777558;0.436975
0.0424147;-0.0924005;0.444297
0.0434495;-0.0850781;0.444297
0.0444145;-0.0777558;0.444297
0.0370342;-0.0924005;0.451619
0.0381234;-0.0850781;0.451619
0.0391122;-0.0777558;0.451619
0.0777316;-0.0734942;0.380256
0.0782123;-0.0661719;0.380256
0.078584;-0.0588495;0.380256
0.0752305;-0.0734942;0.387578
0.075695;-0.0661719;0.387578
0.0761717;-0.0588495;0.387578
0.0723558;-0.0734942;0.3949
0.0729192;-0.0661719;0.3949
0.0733854;-0.0588495;0.3949
0.0787942;-0.054588;0.380256
0.0791568;-0.0472656;0.380256
0.0794145;-0.0399433;0.380256
0.0764056;-0.054588;0.387578
0.0767389;-0.0472656;0.387578
0.077087;-0.0399433;0.387578
0.0736401;-0.054588;0.3949
0.0740597;-0.0472656;0.3949
0.0743841;-0.0399433;0.3949
0.0705385;-0.0734942;0.399162
0.0711333;-0.0661719;0.399162
0.0716189;-0.0588495;0.399162
0.06721;-0.0734942;0.406484
0.0677993;-0.0661719;0.406484
0.0683729;-0.0588495;0.406484
0.0635292;-0.0734942;0.413807
0.0641995;-0.0661719;0.413807
0.0647717;-0.0588495;0.413807
0.0718858;-0.054588;0.399162
0.0723289;-0.0472656;0.399162
0.0726657;-0.0399433;0.399162
0.0686611;-0.054588;0.406484
0.069086;-0.0472656;0.406484
0.0694995;-0.0399433;0.406484
0.0650797;-0.054588;0.413807
0.065576;-0.0472656;0.413807
0.0659756;-0.0399433;0.413807
0.0795593;-0.0356817;0.380256
0.0798101;-0.0283594;0.380256
0.0799586;-0.021037;0.380256
0.0772474;-0.0356817;0.387578
0.0774559;-0.0283594;0.387578
0.0776798;-0.021037;0.387578
0.0745576;-0.0356817;0.3949
0.0748392;-0.0283594;0.3949
0.0750268;-0.021037;0.3949
0.0800399;-0.0167755;0.380256
0.0801805;-0.00945312;0.380256
0.0802202;-0.00213077;0.380256
0.0777688;-0.0167755;0.387578
0.077855;-0.00945312;0.387578
0.077955;-0.00213077;0.387578
0.0751212;-0.0167755;0.3949
0.0752669;-0.00945312;0.3949
0.0753189;-0.00213077;0.3949
0.0728473;-0.0356817;0.399162
0.0731449;-0.0283594;0.399162
0.073338;-0.021037;0.399162
0.0696957;-0.0356817;0.406484
0.069963;-0.0283594;0.406484
0.0702203;-0.021037;0.406484
0.0661846;-0.0356817;0.413807
0.0665125;-0.0283594;0.413807
0.0667437;-0.021037;0.413807
0.0734362;-0.0167755;0.399162
0.0735902;-0.00945312;0.399162
0.0736407;-0.00213077;0.399162
0.0703261;-0.0167755;0.406484
0.0704383;-0.00945312;0.406484
0.0705402;-0.00213077;0.406484
0.0668555;-0.0167755;0.413807
0.067017;-0.00945312;0.413807
0.0670817;-0.00213077;0.413807
0.061242;-0.0734942;0.418068
0.0619408;-0.0661719;0.418068
0.0625309;-0.0588495;0.418068
0.057101;-0.0734942;0.425391
0.057803;-0.0661719;0.425391
0.0584665;-0.0588495;0.425391
0.0526232;-0.0734942;0.432713
0.0533898;-0.0661719;0.432713
0.0540596;-0.0588495;0.432713
0.0628505;-0.054588;0.418068
0.0633691;-0.0472656;0.418068
0.0637801;-0.0399433;0.418068
0.0588058;-0.054588;0.425391
0.0593162;-0.0472656;0.425391
0.0597903;-0.0399433;0.425391
0.0544175;-0.054588;0.432713
0.0549848;-0.0472656;0.432713
0.0554521;-0.0399433;0.432713
0.0498723;-0.0734942;0.436975
0.0506657;-0.0661719;0.436975
0.0513503;-0.0588495;0.436975
0.0449264;-0.0734942;0.444297
0.0457316;-0.0661719;0.444297
0.0464717;-0.0588495;0.444297
0.0396456;-0.0734942;0.451619
0.0404982;-0.0661719;0.451619
0.0412483;-0.0588495;0.451619
0.051717;-0.054588;0.436975
0.0523027;-0.0472656;0.436975
0.0527798;-0.0399433;0.436975
0.0468521;-0.054588;0.444297
0.0474339;-0.0472656;0.444297
0.0479618;-0.0399433;0.444297
0.0416446;-0.054588;0.451619
0.04227;-0.0472656;0.451619
0.0427982;-0.0399433;0.451619
0.0639965;-0.0356817;0.418068
0.0643393;-0.0283594;0.418068
0.0645757;-0.021037;0.418068
0.0600192;-0.0356817;0.425391
0.0603409;-0.0283594;0.425391
0.0606303;-0.021037;0.425391
0.0556928;-0.0356817;0.432713
0.0560629;-0.0283594;0.432713
0.0563342;-0.021037;0.432713
0.0646911;-0.0167755;0.418068
0.0648608;-0.00945312;0.418068
0.0649246;-0.00213077;0.418068
0.0607526;-0.0167755;0.425391
0.0608903;-0.00945312;0.425391
0.0609962;-0.00213077;0.425391
0.0564623;-0.0167755;0.432713
0.0566393;-0.00945312;0.432713
0.056716;-0.00213077;0.432713
0.0530274;-0.0356817;0.436975
0.0534112;-0.0283594;0.436975
0.053687;-0.021037;0.436975
0.0482211;-0.0356817;0.444297
0.048592;-0.0283594;0.444297
0.0489099;-0.021037;0.444297
0.043069;-0.0356817;0.451619
0.0434772;-0.0283594;0.451619
0.0437829;-0.021037;0.451619
0.0538182;-0.0167755;0.436975
0.0540023;-0.00945312;0.436975
0.0540781;-0.00213077;0.436975
0.0490463;-0.0167755;0.444297
0.0492058;-0.00945312;0.444297
0.0493148;-0.00213077;0.444297
0.0439245;-0.0167755;0.451619
0.0441138;-0.00945312;0.451619
0.0441998;-0.00213077;0.451619
0.00365041;-0.209736;0.453762
0.00361054;-0.209736;0.453803
0.00357069;-0.209736;0.453844
0.00391608;-0.208965;0.453803
0.00374054;-0.208965;0.453986
0.00356527;-0.208965;0.454169
0.00417985;-0.208193;0.453844
0.0038707;-0.208193;0.454169
0.00356225;-0.208193;0.454493
0.00498795;-0.205838;0.453961
0.00430781;-0.205838;0.454688
0.0036297;-0.205838;0.455415
0.00746553;-0.198516;0.45432
0.00569874;-0.198516;0.456279
0.00392204;-0.198516;0.458239
0.0098564;-0.191193;0.454675
0.00702099;-0.191193;0.457852
0.00412972;-0.191193;0.46103
0.0111946;-0.186932;0.454871
0.00775682;-0.186932;0.458722
0.0042344;-0.186932;0.462574
0.0133982;-0.179609;0.455191
0.0089923;-0.179609;0.460141
0.004448;-0.179609;0.465092
0.0154723;-0.172287;0.455507
0.010127;-0.172287;0.461545
0.00457728;-0.172287;0.467583
0.0183816;-0.161543;0.455881
0.0119835;-0.161543;0.463203
0.00529174;-0.161543;0.470525
0.0196677;-0.15705;0.455881
0.0133239;-0.15705;0.463203
0.00667273;-0.15705;0.470525
0.0209107;-0.152557;0.455881
0.0146224;-0.152557;0.463203
0.00799848;-0.152557;0.470525
0.0162741;-0.169333;0.45563
0.0105703;-0.169333;0.462092
0.00463472;-0.169333;0.468554
0.0170362;-0.166503;0.45574
0.0110196;-0.166503;0.462578
0.00474869;-0.166503;0.469417
0.0177845;-0.163673;0.455849
0.0114597;-0.163673;0.463063
0.00485217;-0.163673;0.470276
0.00323554;-0.161543;0.472706
0.00306974;-0.161543;0.472878
0.00290402;-0.161543;0.47305
0.00446102;-0.15705;0.472878
0.0037293;-0.15705;0.473638
0.0029984;-0.15705;0.474398
0.00562741;-0.152557;0.473048
0.00433765;-0.152557;0.474394
0.00304709;-0.152557;0.475739
0.0218322;-0.149119;0.455881
0.0237164;-0.141797;0.455881
0.0254854;-0.134475;0.455881
0.0155829;-0.149119;0.463203
0.0175252;-0.141797;0.463203
0.0193191;-0.134475;0.463203
0.0089787;-0.149119;0.470525
0.0109829;-0.141797;0.470525
0.0128603;-0.134475;0.470525
0.0264741;-0.130213;0.455881
0.0281093;-0.122891;0.455881
0.029622;-0.115568;0.455881
0.0203298;-0.130213;0.463203
0.0220314;-0.122891;0.463203
0.023599;-0.115568;0.463203
0.0139049;-0.130213;0.470525
0.0156387;-0.122891;0.470525
0.0172606;-0.115568;0.470525
0.00649742;-0.149119;0.473169
0.00481852;-0.149119;0.474931
0.00313421;-0.149119;0.476693
0.00829854;-0.141797;0.473414
0.00584373;-0.141797;0.476018
0.00336253;-0.141797;0.478622
0.00999427;-0.134475;0.473657
0.00676994;-0.134475;0.477096
0.00348043;-0.134475;0.480536
0.0109349;-0.130213;0.473789
0.00729511;-0.130213;0.477681
0.00356311;-0.130213;0.481573
0.0124896;-0.122891;0.473999
0.0081937;-0.122891;0.478614
0.00375737;-0.122891;0.483228
0.0139463;-0.115568;0.474208
0.00899768;-0.115568;0.479539
0.00385774;-0.115568;0.484871
0.0304499;-0.111307;0.455881
0.0318053;-0.103984;0.455881
0.033058;-0.096662;0.455881
0.0244513;-0.111307;0.463203
0.0258483;-0.103984;0.463203
0.0271505;-0.096662;0.463203
0.0181448;-0.111307;0.470525
0.0195821;-0.103984;0.470525
0.0209232;-0.096662;0.470525
0.0337463;-0.0924005;0.455881
0.0348631;-0.0850781;0.455881
0.0358683;-0.0777558;0.455881
0.0278587;-0.0924005;0.463203
0.029002;-0.0850781;0.463203
0.0300538;-0.0777558;0.463203
0.0216527;-0.0924005;0.470525
0.0228288;-0.0850781;0.470525
0.0239096;-0.0777558;0.470525
0.0147441;-0.111307;0.47432
0.00944715;-0.111307;0.480036
0.00393477;-0.111307;0.485752
0.0160423;-0.103984;0.474496
0.0102045;-0.103984;0.480817
0.00411122;-0.103984;0.487139
0.0172466;-0.096662;0.474671
0.0108758;-0.096662;0.481594
0.00419801;-0.096662;0.488517
0.0183831;-0.0894368;0.474787
0.0116737;-0.0894368;0.482109
0.00461703;-0.0894368;0.489432
0.0193461;-0.0834081;0.474787
0.0126703;-0.0834081;0.482109
0.00564182;-0.0834081;0.489432
0.0202393;-0.0773793;0.474787
0.013595;-0.0773793;0.482109
0.00658772;-0.0773793;0.489432
0.0176367;-0.0941548;0.474729
0.0110899;-0.0941548;0.481852
0.00421609;-0.0941548;0.488975
0.0178366;-0.0928612;0.474754
0.0112143;-0.0928612;0.481964
0.00425667;-0.0928612;0.489174
0.0180337;-0.0915676;0.47478
0.0113361;-0.0915676;0.482077
0.00429434;-0.0915676;0.489374
0.00245963;-0.0894368;0.491597
0.00234139;-0.0894368;0.491714
0.00222319;-0.0894368;0.491832
0.00337356;-0.0834081;0.491714
0.00284947;-0.0834081;0.492235
0.00232579;-0.0834081;0.492756
0.00420613;-0.0773793;0.491831
0.00327748;-0.0773793;0.492754
0.00234863;-0.0773793;0.493677
0.0364118;-0.0734942;0.455881
0.0372867;-0.0661719;0.455881
0.0380526;-0.0588495;0.455881
0.0306144;-0.0734942;0.463203
0.0315068;-0.0661719;0.463203
0.0323224;-0.0588495;0.463203
0.024492;-0.0734942;0.470525
0.0254201;-0.0661719;0.470525
0.0262501;-0.0588495;0.470525
0.0384599;-0.054588;0.455881
0.0391049;-0.0472656;0.455881
0.0396421;-0.0399433;0.455881
0.0327488;-0.054588;0.463203
0.0334046;-0.0472656;0.463203
0.0339814;-0.0399433;0.463203
0.0266935;-0.054588;0.470525
0.0273878;-0.0472656;0.470525
0.0279708;-0.0399433;0.470525
0.0207821;-0.0734942;0.474787
0.0217304;-0.0661719;0.474787
0.0225594;-0.0588495;0.474787
0.0141556;-0.0734942;0.482109
0.0151292;-0.0661719;0.482109
0.0159737;-0.0588495;0.482109
0.00716176;-0.0734942;0.489432
0.00816605;-0.0661719;0.489432
0.00904398;-0.0588495;0.489432
0.0230071;-0.054588;0.474787
0.0237233;-0.0472656;0.474787
0.0243141;-0.0399433;0.474787
0.0164254;-0.054588;0.482109
0.0171556;-0.0472656;0.482109
0.0177736;-0.0399433;0.482109
0.00950827;-0.054588;0.489432
0.010245;-0.0472656;0.489432
0.0108688;-0.0399433;0.489432
0.0399181;-0.0356817;0.455881
0.0403377;-0.0283594;0.455881
0.0406471;-0.021037;0.455881
0.0342647;-0.0356817;0.463203
0.0346758;-0.0283594;0.463203
0.0350175;-0.021037;0.463203
0.0282628;-0.0356817;0.470525
0.0286986;-0.0283594;0.470525
0.0290328;-0.021037;0.470525
0.0407914;-0.0167755;0.455881
0.0409869;-0.00945312;0.455881
0.0410715;-0.00213077;0.455881
0.0351662;-0.0167755;0.463203
0.0353438;-0.00945312;0.463203
0.0354533;-0.00213077;0.463203
0.0291867;-0.0167755;0.470525
0.0293856;-0.00945312;0.470525
0.029476;-0.00213077;0.470525
0.0246093;-0.0356817;0.474787
0.0250542;-0.0283594;0.474787
0.0253911;-0.021037;0.474787
0.0180743;-0.0356817;0.482109
0.0185178;-0.0283594;0.482109
0.0188781;-0.021037;0.482109
0.0111814;-0.0356817;0.489432
0.011645;-0.0283594;0.489432
0.0120005;-0.021037;0.489432
0.0255471;-0.0167755;0.474787
0.0257507;-0.00945312;0.474787
0.0258387;-0.00213077;0.474787
0.0190356;-0.0167755;0.482109
0.0192248;-0.00945312;0.482109
0.0193298;-0.00213077;0.482109
0.0121601;-0.0167755;0.489432
0.01236;-0.00945312;0.489432
0.0124482;-0.00213077;0.489432
0.00471741;-0.0734942;0.491897
0.00356109;-0.0734942;0.493048
0.00240308;-0.0734942;0.494198
0.00562298;-0.0661719;0.492008
0.00408931;-0.0661719;0.493537
0.00254836;-0.0661719;0.495067
0.00640708;-0.0588495;0.492118
0.0044992;-0.0588495;0.494025
0.00257383;-0.0588495;0.495933
0.00682444;-0.054588;0.492172
0.00473238;-0.054588;0.494269
0.0026153;-0.054588;0.496365
0.00748789;-0.0472656;0.492251
0.00513331;-0.0472656;0.494617
0.00274041;-0.0472656;0.496983
0.00803476;-0.0399433;0.492329
0.00541507;-0.0399433;0.494964
0.00274355;-0.0399433;0.497599
0.00831722;-0.0356817;0.492366
0.00557355;-0.0356817;0.495126
0.00277181;-0.0356817;0.497886
0.00874575;-0.0283594;0.492413
0.00584252;-0.0283594;0.495334
0.00287304;-0.0283594;0.498255
0.00904941;-0.021037;0.492459
0.00598582;-0.021037;0.495542
0.00284889;-0.021037;0.498624
0.009192;-0.0167755;0.492478
0.00606614;-0.0167755;0.495623
0.00286486;-0.0167755;0.498767
0.00938385;-0.00945312;0.492493
0.00620321;-0.00945312;0.495692
0.00294695;-0.00945312;0.49889
0.00944406;-0.00213077;0.492509
0.00620596;-0.00213077;0.495761
0.00289323;-0.00213077;0.499013
21.987;0.00213077;0.00213077
6.84095;0.00945312;0.00213077
3.91582;0.0167755;0.00213077
6.77687;0.00213077;0.00945312
4.84771;0.00945312;0.00945312
3.36684;0.0167755;0.00945312
3.85383;0.00213077;0.0167755
3.3004;0.00945312;0.0167755
2.66253;0.0167755;0.0167755
3.12647;0.021037;0.00213077
2.31465;0.0283594;0.00213077
1.83431;0.0356817;0.00213077
2.81278;0.021037;0.00945312
2.17098;0.0283594;0.00945312
1.75296;0.0356817;0.00945312
2.34695;0.021037;0.0167755
1.91672;0.0283594;0.0167755
1.60268;0.0356817;0.0167755
3.0614;0.00213077;0.021037
2.72938;0.00945312;0.021037
2.3144;0.0167755;0.021037
2.24074;0.00213077;0.0283594
2.07128;0.00945312;0.0283594
1.84558;0.0167755;0.0283594
1.74964;0.00213077;0.0356817
1.64264;0.00945312;0.0356817
1.5073;0.0167755;0.0356817
2.08885;0.021037;0.021037
1.75801;0.0283594;0.021037
1.4998;0.0356817;0.021037
1.71307;0.021037;0.0283594
1.50321;0.0283594;0.0283594
1.32014;0.0356817;0.0283594
1.42365;0.021037;0.0356817
1.28277;0.0283594;0.0356817
1.15511;0.0356817;0.0356817
1.63422;0.0399433;0.00213077
1.37268;0.0472656;0.00213077
1.1816;0.054588;0.00213077
1.57322;0.0399433;0.00945312
1.33477;0.0472656;0.00945312
1.15397;0.054588;0.00945312
1.45761;0.0399433;0.0167755
1.25533;0.0472656;0.0167755
1.09893;0.054588;0.0167755
1.09146;0.0588495;0.00213077
0.962479;0.0661719;0.00213077
0.859527;0.0734942;0.00213077
1.06852;0.0588495;0.00945312
0.946607;0.0661719;0.00945312
0.846284;0.0734942;0.00945312
1.02263;0.0588495;0.0167755
0.91078;0.0661719;0.0167755
0.819445;0.0734942;0.0167755
1.37575;0.0399433;0.021037
1.19799;0.0472656;0.021037
1.05707;0.054588;0.021037
1.22784;0.0399433;0.0283594
1.09113;0.0472656;0.0283594
0.975271;0.054588;0.0283594
1.08705;0.0399433;0.0356817
0.981147;0.0472656;0.0356817
0.890157;0.054588;0.0356817
0.987221;0.0588495;0.021037
0.883605;0.0661719;0.021037
0.798038;0.0734942;0.021037
0.916908;0.0588495;0.0283594
0.829595;0.0661719;0.0283594
0.753862;0.0734942;0.0283594
0.842496;0.0588495;0.0356817
0.768611;0.0661719;0.0356817
0.704926;0.0734942;0.0356817
1.54287;0.00213077;0.0399433
1.45759;0.00945312;0.0399433
1.35193;0.0167755;0.0399433
1.26959;0.00213077;0.0472656
1.21029;0.00945312;0.0472656
1.13564;0.0167755;0.0472656
1.06702;0.00213077;0.054588
1.02095;0.00945312;0.054588
0.967941;0.0167755;0.054588
1.28595;0.021037;0.0399433
1.17272;0.0283594;0.0399433
1.06768;0.0356817;0.0399433
1.08977;0.021037;0.0472656
1.011;0.0283594;0.0472656
0.933079;0.0356817;0.0472656
0.934626;0.021037;0.054588
0.875663;0.0283594;0.054588
0.818568;0.0356817;0.054588
0.970367;0.00213077;0.0588495
0.930703;0.00945312;0.0588495
0.885921;0.0167755;0.0588495
0.830582;0.00213077;0.0661719
0.800659;0.00945312;0.0661719
0.765221;0.0167755;0.0661719
0.717554;0.00213077;0.0734942
0.692641;0.00945312;0.0734942
0.665931;0.0167755;0.0734942
0.857819;0.021037;0.0588495
0.807888;0.0283594;0.0588495
0.759287;0.0356817;0.0588495
0.743789;0.021037;0.0661719
0.706695;0.0283594;0.0661719
0.668294;0.0356817;0.0661719
0.64929;0.021037;0.0734942
0.619534;0.0283594;0.0734942
0.590359;0.0356817;0.0734942
1.01052;0.0399433;0.0399433
0.919957;0.0472656;0.0399433
0.840692;0.054588;0.0399433
0.890287;0.0399433;0.0472656
0.821998;0.0472656;0.0472656
0.758447;0.054588;0.0472656
0.786051;0.0399433;0.054588
0.732201;0.0472656;0.054588
0.682862;0.054588;0.054588
0.798579;0.0588495;0.0399433
0.732505;0.0661719;0.0399433
0.674882;0.0734942;0.0399433
0.724544;0.0588495;0.0472656
0.671347;0.0661719;0.0472656
0.622332;0.0734942;0.0472656
0.655607;0.0588495;0.054588
0.611337;0.0661719;0.054588
0.571395;0.0734942;0.054588
0.73137;0.0399433;0.0588495
0.684721;0.0472656;0.0588495
0.641607;0.054588;0.0588495
0.646564;0.0399433;0.0661719
0.61076;0.0472656;0.0661719
0.575539;0.054588;0.0661719
0.573264;0.0399433;0.0734942
0.54406;0.0472656;0.0734942
0.516516;0.054588;0.0734942
0.617578;0.0588495;0.0588495
0.578222;0.0661719;0.0588495
0.542446;0.0734942;0.0588495
0.556127;0.0588495;0.0661719
0.524749;0.0661719;0.0661719
0.494448;0.0734942;0.0661719
0.500797;0.0588495;0.0734942
0.474459;0.0661719;0.0734942
0.450023;0.0734942;0.0734942
0.807958;0.0777558;0.00213077
0.730531;0.0850781;0.00213077
0.665652;0.0924005;0.00213077
0.796381;0.0777558;0.00945312
0.722195;0.0850781;0.00945312
0.658037;0.0924005;0.00945312
0.772998;0.0777558;0.0167755
0.702435;0.0850781;0.0167755
0.642631;0.0924005;0.0167755
0.631975;0.096662;0.00213077
0.579866;0.103984;0.00213077
0.534849;0.111307;0.00213077
0.625114;0.096662;0.00945312
0.574879;0.103984;0.00945312
0.529966;0.111307;0.00945312
0.611333;0.096662;0.0167755
0.562579;0.103984;0.0167755
0.520184;0.111307;0.0167755
0.754187;0.0777558;0.021037
0.687152;0.0850781;0.021037
0.630004;0.0924005;0.021037
0.715009;0.0777558;0.0283594
0.655826;0.0850781;0.0283594
0.603127;0.0924005;0.0283594
0.671262;0.0777558;0.0356817
0.618476;0.0850781;0.0356817
0.57235;0.0924005;0.0356817
0.599964;0.096662;0.021037
0.552997;0.103984;0.021037
0.512017;0.111307;0.021037
0.575615;0.096662;0.0283594
0.533044;0.103984;0.0283594
0.494286;0.111307;0.0283594
0.547641;0.096662;0.0356817
0.50839;0.103984;0.0356817
0.473612;0.111307;0.0356817
0.510921;0.115568;0.00213077
0.473126;0.122891;0.00213077
0.439787;0.130213;0.00213077
0.506436;0.115568;0.00945312
0.469889;0.122891;0.00945312
0.43643;0.130213;0.00945312
0.497538;0.115568;0.0167755
0.461614;0.122891;0.0167755
0.429798;0.130213;0.0167755
0.421766;0.134475;0.00213077
0.392873;0.141797;0.00213077
0.367002;0.149119;0.00213077
0.418641;0.134475;0.00945312
0.390658;0.141797;0.00945312
0.364583;0.149119;0.00945312
0.412542;0.134475;0.0167755
0.384797;0.141797;0.0167755
0.359887;0.149119;0.0167755
0.490065;0.115568;0.021037
0.455161;0.122891;0.021037
0.424181;0.130213;0.021037
0.473766;0.115568;0.0283594
0.441614;0.122891;0.0283594
0.411817;0.130213;0.0283594
0.454751;0.115568;0.0356817
0.424439;0.122891;0.0356817
0.397262;0.130213;0.0356817
0.407348;0.134475;0.021037
0.380236;0.141797;0.021037
0.355861;0.149119;0.021037
0.395866;0.134475;0.0283594
0.370627;0.141797;0.0283594
0.346906;0.149119;0.0283594
0.382367;0.134475;0.0356817
0.358199;0.141797;0.0356817
0.336317;0.149119;0.0356817
0.644143;0.0777558;0.0399433
0.595564;0.0850781;0.0399433
0.5528;0.0924005;0.0399433
0.596265;0.0777558;0.0472656
0.555352;0.0850781;0.0472656
0.517441;0.0924005;0.0472656
0.549473;0.0777558;0.054588
0.513955;0.0850781;0.054588
0.481936;0.0924005;0.054588
0.529752;0.096662;0.0399433
0.492946;0.103984;0.0399433
0.460178;0.111307;0.0399433
0.497185;0.096662;0.0472656
0.465225;0.103984;0.0472656
0.43532;0.111307;0.0472656
0.464325;0.096662;0.054588
0.435692;0.103984;0.054588
0.409771;0.111307;0.054588
0.522666;0.0777558;0.0588495
0.490405;0.0850781;0.0588495
0.461154;0.0924005;0.0588495
0.477902;0.0777558;0.0661719
0.451321;0.0850781;0.0661719
0.425767;0.0924005;0.0661719
0.436225;0.0777558;0.0734942
0.413275;0.0850781;0.0734942
0.392107;0.0924005;0.0734942
0.444974;0.096662;0.0588495
0.418531;0.103984;0.0588495
0.394491;0.111307;0.0588495
0.411839;0.096662;0.0661719
0.389474;0.103984;0.0661719
0.367943;0.111307;0.0661719
0.380191;0.096662;0.0734942
0.360406;0.103984;0.0734942
0.342171;0.111307;0.0734942
0.442332;0.115568;0.0399433
0.413545;0.122891;0.0399433
0.387651;0.130213;0.0399433
0.419238;0.115568;0.0472656
0.393706;0.122891;0.0472656
0.369574;0.130213;0.0472656
0.395443;0.115568;0.054588
0.372026;0.122891;0.054588
0.350709;0.130213;0.054588
0.373417;0.134475;0.0399433
0.350256;0.141797;0.0399433
0.329241;0.149119;0.0399433
0.356515;0.134475;0.0472656
0.335659;0.141797;0.0472656
0.315769;0.149119;0.0472656
0.338861;0.134475;0.054588
0.319393;0.141797;0.054588
0.301573;0.149119;0.054588
0.381144;0.115568;0.0588495
0.359244;0.122891;0.0588495
0.339245;0.130213;0.0588495
0.356191;0.115568;0.0661719
0.337286;0.122891;0.0661719
0.319019;0.130213;0.0661719
0.331904;0.115568;0.0734942
0.314841;0.122891;0.0734942
0.299092;0.130213;0.0734942
0.328091;0.134475;0.0588495
0.309707;0.141797;0.0588495
0.29284;0.149119;0.0588495
0.309022;0.134475;0.0661719
0.292898;0.141797;0.0661719
0.277251;0.149119;0.0661719
0.290209;0.134475;0.0734942
0.275418;0.141797;0.0734942
0.261733;0.149119;0.0734942
0.660482;0.00213077;0.0777558
0.638527;0.00945312;0.0777558
0.615281;0.0167755;0.0777558
0.574188;0.00213077;0.0850781
0.557415;0.00945312;0.0850781
0.538091;0.0167755;0.0850781
0.501311;0.00213077;0.0924005
0.486986;0.00945312;0.0924005
0.472305;0.0167755;0.0924005
0.600818;0.021037;0.0777558
0.574923;0.0283594;0.0777558
0.549543;0.0356817;0.0777558
0.526627;0.021037;0.0850781
0.506933;0.0283594;0.0850781
0.48605;0.0356817;0.0850781
0.463194;0.021037;0.0924005
0.446818;0.0283594;0.0924005
0.430818;0.0356817;0.0924005
0.463397;0.00213077;0.096662
0.450745;0.00945312;0.096662
0.437893;0.0167755;0.096662
0.404663;0.00213077;0.103984
0.395231;0.00945312;0.103984
0.384347;0.0167755;0.103984
0.353895;0.00213077;0.111307
0.345805;0.00945312;0.111307
0.337778;0.0167755;0.111307
0.429911;0.021037;0.096662
0.415533;0.0283594;0.096662
0.401521;0.0356817;0.096662
0.377986;0.021037;0.103984
0.367166;0.0283594;0.103984
0.355411;0.0356817;0.103984
0.332762;0.021037;0.111307
0.323653;0.0283594;0.111307
0.314839;0.0356817;0.111307
0.534607;0.0399433;0.0777558
0.50896;0.0472656;0.0777558
0.484696;0.054588;0.0777558
0.47413;0.0399433;0.0850781
0.454268;0.0472656;0.0850781
0.434016;0.054588;0.0850781
0.421287;0.0399433;0.0924005
0.404693;0.0472656;0.0924005
0.388877;0.054588;0.0924005
0.470768;0.0588495;0.0777558
0.447299;0.0661719;0.0777558
0.425443;0.0734942;0.0777558
0.422674;0.0588495;0.0850781
0.404055;0.0661719;0.0850781
0.385427;0.0734942;0.0850781
0.379651;0.0588495;0.0924005
0.363854;0.0661719;0.0924005
0.348987;0.0734942;0.0924005
0.393142;0.0399433;0.096662
0.378495;0.0472656;0.096662
0.364532;0.054588;0.096662
0.348695;0.0399433;0.103984
0.337482;0.0472656;0.103984
0.325691;0.054588;0.103984
0.309502;0.0399433;0.111307
0.300052;0.0472656;0.111307
0.29104;0.054588;0.111307
0.35635;0.0588495;0.096662
0.342275;0.0661719;0.096662
0.329014;0.0734942;0.096662
0.319041;0.0588495;0.103984
0.308051;0.0661719;0.103984
0.296711;0.0734942;0.103984
0.285682;0.0588495;0.111307
0.276336;0.0661719;0.111307
0.267496;0.0734942;0.111307
0.327045;0.00213077;0.115568
0.32;0.00945312;0.115568
0.313068;0.0167755;0.115568
0.284891;0.00213077;0.122891
0.28001;0.00945312;0.122891
0.274168;0.0167755;0.122891
0.248024;0.00213077;0.130213
0.243925;0.00945312;0.130213
0.239996;0.0167755;0.130213
0.308717;0.021037;0.115568
0.30078;0.0283594;0.115568
0.293135;0.0356817;0.115568
0.270798;0.021037;0.122891
0.265137;0.0283594;0.122891
0.25874;0.0356817;0.122891
0.237473;0.021037;0.130213
0.232779;0.0283594;0.130213
0.228318;0.0356817;0.130213
0.228369;0.00213077;0.134475
0.224963;0.00945312;0.134475
0.221745;0.0167755;0.134475
0.19733;0.00213077;0.141797
0.195455;0.00945312;0.141797
0.19289;0.0167755;0.141797
0.170116;0.00213077;0.149119
0.168733;0.00945312;0.149119
0.167526;0.0167755;0.149119
0.21965;0.021037;0.134475
0.215708;0.0283594;0.134475
0.211996;0.0356817;0.134475
0.19144;0.021037;0.141797
0.189064;0.0283594;0.141797
0.186107;0.0356817;0.141797
0.166653;0.021037;0.149119
0.16488;0.0283594;0.149119
0.163283;0.0356817;0.149119
0.288482;0.0399433;0.115568
0.2802;0.0472656;0.115568
0.272321;0.054588;0.115568
0.255097;0.0399433;0.122891
0.249038;0.0472656;0.122891
0.24242;0.054588;0.122891
0.225545;0.0399433;0.130213
0.220517;0.0472656;0.130213
0.215762;0.054588;0.130213
0.267612;0.0588495;0.115568
0.259357;0.0661719;0.115568
0.251558;0.0734942;0.115568
0.238681;0.0588495;0.122891
0.232498;0.0661719;0.122891
0.225891;0.0734942;0.122891
0.212866;0.0588495;0.130213
0.2077;0.0661719;0.130213
0.202829;0.0734942;0.130213
0.209664;0.0399433;0.134475
0.205395;0.0472656;0.134475
0.201384;0.054588;0.134475
0.184441;0.0399433;0.141797
0.181707;0.0472656;0.141797
0.178488;0.054588;0.141797
0.162208;0.0399433;0.149119
0.160136;0.0472656;0.149119
0.158235;0.054588;0.149119
0.198918;0.0588495;0.134475
0.194485;0.0661719;0.134475
0.190322;0.0734942;0.134475
0.176678;0.0588495;0.141797
0.173704;0.0661719;0.141797
0.17033;0.0734942;0.141797
0.157009;0.0588495;0.149119
0.154715;0.0661719;0.149119
0.152589;0.0734942;0.149119
0.413033;0.0777558;0.0777558
0.392283;0.0850781;0.0777558
0.373079;0.0924005;0.0777558
0.375089;0.0777558;0.0850781
0.358234;0.0850781;0.0850781
0.341517;0.0924005;0.0850781
0.34041;0.0777558;0.0924005
0.325848;0.0850781;0.0924005
0.312228;0.0924005;0.0924005
0.362216;0.096662;0.0777558
0.344097;0.103984;0.0777558
0.327351;0.111307;0.0777558
0.332274;0.096662;0.0850781
0.317244;0.103984;0.0850781
0.302388;0.111307;0.0850781
0.304412;0.096662;0.0924005
0.291198;0.103984;0.0924005
0.278868;0.111307;0.0924005
0.321327;0.0777558;0.096662
0.308219;0.0850781;0.096662
0.29594;0.0924005;0.096662
0.29036;0.0777558;0.103984
0.279922;0.0850781;0.103984
0.269271;0.0924005;0.103984
0.262299;0.0777558;0.111307
0.253316;0.0850781;0.111307
0.244856;0.0924005;0.111307
0.288864;0.096662;0.096662
0.276852;0.103984;0.096662
0.265628;0.111307;0.096662
0.263329;0.096662;0.103984
0.253588;0.103984;0.103984
0.243716;0.111307;0.103984
0.239917;0.096662;0.111307
0.231428;0.103984;0.111307
0.223451;0.111307;0.111307
0.317883;0.115568;0.0777558
0.302088;0.122891;0.0777558
0.287477;0.130213;0.0777558
0.294182;0.115568;0.0850781
0.280844;0.122891;0.0850781
0.267671;0.130213;0.0850781
0.271811;0.115568;0.0924005
0.2599;0.122891;0.0924005
0.24879;0.130213;0.0924005
0.279207;0.134475;0.0777558
0.265394;0.141797;0.0777558
0.252591;0.149119;0.0777558
0.260391;0.134475;0.0850781
0.24855;0.141797;0.0850781
0.23685;0.149119;0.0850781
0.242436;0.134475;0.0924005
0.231718;0.141797;0.0924005
0.221715;0.149119;0.0924005
0.259178;0.115568;0.096662
0.248254;0.122891;0.096662
0.238052;0.130213;0.096662
0.238217;0.115568;0.103984
0.229214;0.122891;0.103984
0.220127;0.130213;0.103984
0.218814;0.115568;0.111307
0.210874;0.122891;0.111307
0.203417;0.130213;0.111307
0.232198;0.134475;0.096662
0.222293;0.141797;0.096662
0.213038;0.149119;0.096662
0.215068;0.134475;0.103984
0.206786;0.141797;0.103984
0.198451;0.149119;0.103984
0.199093;0.134475;0.111307
0.19171;0.141797;0.111307
0.184775;0.149119;0.111307
0.246949;0.0777558;0.115568
0.238946;0.0850781;0.115568
0.231414;0.0924005;0.115568
0.222175;0.0777558;0.122891
0.216052;0.0850781;0.122891
0.209604;0.0924005;0.122891
0.1999;0.0777558;0.130213
0.194735;0.0850781;0.130213
0.18987;0.0924005;0.130213
0.226995;0.096662;0.115568
0.21937;0.103984;0.115568
0.212205;0.111307;0.115568
0.205988;0.096662;0.122891
0.200038;0.103984;0.122891
0.193839;0.111307;0.122891
0.186972;0.096662;0.130213
0.181902;0.103984;0.130213
0.177126;0.111307;0.130213
0.1878;0.0777558;0.134475
0.183322;0.0850781;0.134475
0.179115;0.0924005;0.134475
0.168433;0.0777558;0.141797
0.165314;0.0850781;0.141797
0.161865;0.0924005;0.141797
0.151253;0.0777558;0.149119
0.148805;0.0850781;0.149119
0.146518;0.0924005;0.149119
0.176593;0.096662;0.134475
0.172154;0.103984;0.134475
0.16798;0.111307;0.134475
0.159926;0.096662;0.141797
0.156733;0.103984;0.141797
0.153269;0.111307;0.141797
0.145106;0.096662;0.149119
0.142557;0.103984;0.149119
0.14016;0.111307;0.149119
0.208022;0.115568;0.115568
0.200833;0.122891;0.115568
0.194081;0.130213;0.115568
0.190367;0.115568;0.122891
0.184657;0.122891;0.122891
0.178756;0.130213;0.122891
0.1743;0.115568;0.130213
0.169385;0.122891;0.130213
0.164752;0.130213;0.130213
0.190153;0.134475;0.115568
0.18342;0.141797;0.115568
0.177095;0.149119;0.115568
0.175452;0.134475;0.122891
0.170018;0.141797;0.122891
0.164436;0.149119;0.122891
0.162024;0.134475;0.130213
0.1573;0.141797;0.130213
0.152841;0.149119;0.130213
0.165496;0.115568;0.134475
0.161154;0.122891;0.134475
0.157063;0.130213;0.134475
0.151321;0.115568;0.141797
0.148108;0.122891;0.141797
0.144673;0.130213;0.141797
0.1387;0.115568;0.149119
0.136093;0.122891;0.149119
0.133628;0.130213;0.149119
0.154644;0.134475;0.134475
0.150435;0.141797;0.134475
0.146462;0.149119;0.134475
0.14274;0.134475;0.141797
0.139545;0.141797;0.141797
0.136171;0.149119;0.141797
0.13214;0.134475;0.149119
0.129508;0.141797;0.149119
0.127004;0.149119;0.149119
0.352842;0.153381;0.00213077
0.329885;0.160703;0.00213077
0.309099;0.168025;0.00213077
0.35057;0.153381;0.00945312
0.328318;0.160703;0.00945312
0.307302;0.168025;0.00945312
0.346221;0.153381;0.0167755
0.32402;0.160703;0.0167755
0.303881;0.168025;0.0167755
0.297615;0.172287;0.00213077
0.278835;0.179609;0.00213077
0.261689;0.186932;0.00213077
0.295916;0.172287;0.00945312
0.277705;0.179609;0.00945312
0.260326;0.186932;0.00945312
0.292735;0.172287;0.0167755
0.274481;0.179609;0.0167755
0.257792;0.186932;0.0167755
0.342471;0.153381;0.021037
0.320691;0.160703;0.021037
0.300916;0.168025;0.021037
0.334097;0.153381;0.0283594
0.313673;0.160703;0.0283594
0.294261;0.168025;0.0283594
0.324222;0.153381;0.0356817
0.30444;0.160703;0.0356817
0.286389;0.168025;0.0356817
0.28996;0.172287;0.021037
0.272001;0.179609;0.021037
0.255571;0.186932;0.021037
0.283709;0.172287;0.0283594
0.266781;0.179609;0.0283594
0.25055;0.186932;0.0283594
0.276343;0.172287;0.0356817
0.259807;0.179609;0.0356817
0.244623;0.186932;0.0356817
0.252146;0.191193;0.00213077
0.236438;0.198516;0.00213077
0.222005;0.205838;0.00213077
0.250852;0.191193;0.00945312
0.235616;0.198516;0.00945312
0.220961;0.205838;0.00945312
0.248492;0.191193;0.0167755
0.233167;0.198516;0.0167755
0.219071;0.205838;0.0167755
0.213928;0.2101;0.00213077
0.200564;0.217422;0.00213077
0.188226;0.224744;0.00213077
0.212933;0.2101;0.00945312
0.199969;0.217422;0.00945312
0.187423;0.224744;0.00945312
0.211174;0.2101;0.0167755
0.198099;0.217422;0.0167755
0.186018;0.224744;0.0167755
0.246408;0.191193;0.021037
0.231299;0.198516;0.021037
0.217395;0.205838;0.021037
0.241679;0.191193;0.0283594
0.227382;0.198516;0.0283594
0.213579;0.205838;0.0283594
0.236126;0.191193;0.0356817
0.222069;0.198516;0.0356817
0.209099;0.205838;0.0356817
0.209601;0.2101;0.021037
0.19669;0.217422;0.021037
0.184756;0.224744;0.021037
0.206003;0.2101;0.0283594
0.193751;0.217422;0.0283594
0.181859;0.224744;0.0283594
0.201808;0.2101;0.0356817
0.189702;0.217422;0.0356817
0.178488;0.224744;0.0356817
0.317598;0.153381;0.0399433
0.298517;0.160703;0.0399433
0.281079;0.168025;0.0399433
0.304945;0.153381;0.0472656
0.287571;0.160703;0.0472656
0.270872;0.168025;0.0472656
0.291617;0.153381;0.054588
0.275179;0.160703;0.054588
0.260056;0.168025;0.054588
0.271356;0.172287;0.0399433
0.255327;0.179609;0.0399433
0.240593;0.186932;0.0399433
0.261742;0.172287;0.0472656
0.247024;0.179609;0.0472656
0.23279;0.186932;0.0472656
0.25157;0.172287;0.054588
0.2375;0.179609;0.054588
0.2245;0.186932;0.054588
0.283391;0.153381;0.0588495
0.267752;0.160703;0.0588495
0.25334;0.168025;0.0588495
0.268663;0.153381;0.0661719
0.254774;0.160703;0.0661719
0.24124;0.168025;0.0661719
0.253998;0.153381;0.0734942
0.241089;0.160703;0.0734942
0.229114;0.168025;0.0734942
0.245235;0.172287;0.0588495
0.23177;0.179609;0.0588495
0.219314;0.186932;0.0588495
0.233791;0.172287;0.0661719
0.221714;0.179609;0.0661719
0.209904;0.186932;0.0661719
0.222331;0.172287;0.0734942
0.210989;0.179609;0.0734942
0.20044;0.186932;0.0734942
0.232336;0.191193;0.0399433
0.21866;0.198516;0.0399433
0.20603;0.205838;0.0399433
0.224976;0.191193;0.0472656
0.212337;0.198516;0.0472656
0.200051;0.205838;0.0472656
0.217179;0.191193;0.054588
0.204998;0.198516;0.054588
0.193704;0.205838;0.054588
0.198924;0.2101;0.0399433
0.187111;0.217422;0.0399433
0.176163;0.224744;0.0399433
0.193287;0.2101;0.0472656
0.182314;0.217422;0.0472656
0.171607;0.224744;0.0472656
0.187325;0.2101;0.054588
0.176683;0.217422;0.054588
0.16679;0.224744;0.054588
0.212286;0.191193;0.0588495
0.200576;0.198516;0.0588495
0.189708;0.205838;0.0588495
0.203389;0.191193;0.0661719
0.192801;0.198516;0.0661719
0.182418;0.205838;0.0661719
0.194454;0.191193;0.0734942
0.184427;0.198516;0.0734942
0.175081;0.205838;0.0734942
0.183561;0.2101;0.0588495
0.173293;0.217422;0.0588495
0.163741;0.224744;0.0588495
0.176678;0.2101;0.0661719
0.167335;0.217422;0.0661719
0.158153;0.224744;0.0661719
0.16977;0.2101;0.0734942
0.160861;0.217422;0.0734942
0.152543;0.224744;0.0734942
0.181291;0.229006;0.00213077
0.169776;0.236328;0.00213077
0.159106;0.24365;0.00213077
0.180525;0.229006;0.00945312
0.169353;0.236328;0.00945312
0.158491;0.24365;0.00945312
0.179223;0.229006;0.0167755
0.167931;0.236328;0.0167755
0.157463;0.24365;0.0167755
0.15309;0.247912;0.00213077
0.143073;0.255234;0.00213077
0.133768;0.262557;0.00213077
0.152503;0.247912;0.00945312
0.142785;0.255234;0.00945312
0.133305;0.262557;0.00945312
0.151557;0.247912;0.0167755
0.141719;0.255234;0.0167755
0.132577;0.262557;0.0167755
0.17804;0.229006;0.021037
0.166876;0.236328;0.021037
0.156523;0.24365;0.021037
0.175312;0.229006;0.0283594
0.164695;0.236328;0.0283594
0.154348;0.24365;0.0283594
0.172164;0.229006;0.0356817
0.161633;0.236328;0.0356817
0.15185;0.24365;0.0356817
0.150681;0.247912;0.021037
0.140944;0.255234;0.021037
0.131895;0.262557;0.021037
0.148639;0.247912;0.0283594
0.139364;0.255234;0.0283594
0.130301;0.262557;0.0283594
0.146321;0.247912;0.0356817
0.137093;0.255234;0.0356817
0.128506;0.262557;0.0356817
0.128512;0.266818;0.00213077
0.119742;0.274141;0.00213077
0.111585;0.281463;0.00213077
0.12807;0.266818;0.00945312
0.119563;0.274141;0.00945312
0.111247;0.281463;0.00945312
0.127409;0.266818;0.0167755
0.118786;0.274141;0.0167755
0.110762;0.281463;0.0167755
0.106971;0.285725;0.00213077
0.0992665;0.293047;0.00213077
0.0920965;0.300369;0.00213077
0.10665;0.285725;0.00945312
0.0991753;0.293047;0.00945312
0.0918623;0.300369;0.00945312
0.106222;0.285725;0.0167755
0.0986385;0.293047;0.0167755
0.0915798;0.300369;0.0167755
0.126779;0.266818;0.021037
0.118239;0.274141;0.021037
0.110291;0.281463;0.021037
0.125293;0.266818;0.0283594
0.117147;0.274141;0.0283594
0.109174;0.281463;0.0283594
0.123645;0.266818;0.0356817
0.115523;0.274141;0.0356817
0.107957;0.281463;0.0356817
0.105794;0.285725;0.021037
0.0982799;0.293047;0.021037
0.091285;0.300369;0.021037
0.104765;0.285725;0.0283594
0.0975909;0.293047;0.0283594
0.0905665;0.300369;0.0283594
0.103671;0.285725;0.0356817
0.0965056;0.293047;0.0356817
0.0898303;0.300369;0.0356817
0.169984;0.229006;0.0399433
0.159685;0.236328;0.0399433
0.150115;0.24365;0.0399433
0.165698;0.229006;0.0472656
0.156094;0.236328;0.0472656
0.146696;0.24365;0.0472656
0.161189;0.229006;0.054588
0.151828;0.236328;0.054588
0.143108;0.24365;0.054588
0.144702;0.247912;0.0399433
0.135663;0.255234;0.0399433
0.127248;0.262557;0.0399433
0.1415;0.247912;0.0472656
0.133044;0.255234;0.0472656
0.124755;0.262557;0.0472656
0.138164;0.247912;0.054588
0.12989;0.255234;0.054588
0.122173;0.262557;0.054588
0.158327;0.229006;0.0588495
0.149269;0.236328;0.0588495
0.140826;0.24365;0.0588495
0.153069;0.229006;0.0661719
0.144783;0.236328;0.0661719
0.136629;0.24365;0.0661719
0.147811;0.229006;0.0734942
0.139868;0.236328;0.0734942
0.132442;0.24365;0.0734942
0.136035;0.247912;0.0588495
0.128011;0.255234;0.0588495
0.120522;0.262557;0.0588495
0.13211;0.247912;0.0661719
0.124736;0.255234;0.0661719
0.117478;0.262557;0.0661719
0.128215;0.247912;0.0734942
0.121116;0.255234;0.0734942
0.114475;0.262557;0.0734942
0.122482;0.266818;0.0399433
0.114515;0.274141;0.0399433
0.107092;0.281463;0.0399433
0.120167;0.266818;0.0472656
0.112695;0.274141;0.0472656
0.105366;0.281463;0.0472656
0.117794;0.266818;0.054588
0.110461;0.274141;0.054588
0.103618;0.281463;0.054588
0.102885;0.285725;0.0399433
0.0958505;0.293047;0.0399433
0.0892947;0.300369;0.0399433
0.101307;0.285725;0.0472656
0.0946955;0.293047;0.0472656
0.0882119;0.300369;0.0472656
0.0997344;0.285725;0.054588
0.0932321;0.293047;0.054588
0.0871638;0.300369;0.054588
0.11627;0.266818;0.0588495
0.109146;0.274141;0.0588495
0.102494;0.281463;0.0588495
0.113451;0.266818;0.0661719
0.10688;0.274141;0.0661719
0.100413;0.281463;0.0661719
0.110694;0.266818;0.0734942
0.104346;0.274141;0.0734942
0.098403;0.281463;0.0734942
0.0987167;0.285725;0.0588495
0.0923896;0.293047;0.0588495
0.0864818;0.300369;0.0588495
0.0968251;0.285725;0.0661719
0.0909689;0.293047;0.0661719
0.0852126;0.300369;0.0661719
0.0950218;0.285725;0.0734942
0.0893484;0.293047;0.0734942
0.0840368;0.300369;0.0734942
0.245334;0.153381;0.0777558
0.233191;0.160703;0.0777558
0.221911;0.168025;0.0777558
0.230377;0.153381;0.0850781
0.219837;0.160703;0.0850781
0.209413;0.168025;0.0850781
0.215995;0.153381;0.0924005
0.206346;0.160703;0.0924005
0.197329;0.168025;0.0924005
0.215507;0.172287;0.0777558
0.204774;0.179609;0.0777558
0.194782;0.186932;0.0777558
0.203639;0.172287;0.0850781
0.194225;0.179609;0.0850781
0.184906;0.186932;0.0850781
0.192172;0.172287;0.0924005
0.183472;0.179609;0.0924005
0.17533;0.186932;0.0924005
0.20773;0.153381;0.096662
0.198754;0.160703;0.096662
0.190357;0.168025;0.096662
0.193809;0.153381;0.103984
0.186208;0.160703;0.103984
0.178573;0.168025;0.103984
0.180762;0.153381;0.111307
0.17392;0.160703;0.111307
0.167488;0.168025;0.111307
0.185543;0.172287;0.096662
0.177403;0.179609;0.096662
0.169779;0.186932;0.096662
0.17432;0.172287;0.103984
0.16735;0.179609;0.103984
0.160361;0.186932;0.103984
0.163772;0.172287;0.111307
0.157446;0.179609;0.111307
0.151493;0.186932;0.111307
0.1891;0.191193;0.0777558
0.179566;0.198516;0.0777558
0.170672;0.205838;0.0777558
0.179738;0.191193;0.0850781
0.171301;0.198516;0.0850781
0.162944;0.205838;0.0850781
0.170673;0.191193;0.0924005
0.162814;0.198516;0.0924005
0.15545;0.205838;0.0924005
0.165609;0.2101;0.0777558
0.157105;0.217422;0.0777558
0.14916;0.224744;0.0777558
0.158305;0.2101;0.0850781
0.150722;0.217422;0.0850781
0.143211;0.224744;0.0850781
0.151237;0.2101;0.0924005
0.144128;0.217422;0.0924005
0.137459;0.224744;0.0924005
0.165409;0.191193;0.096662
0.15802;0.198516;0.096662
0.151092;0.205838;0.096662
0.156465;0.191193;0.103984
0.150075;0.198516;0.103984
0.143679;0.205838;0.103984
0.148057;0.191193;0.111307
0.142215;0.198516;0.111307
0.13671;0.205838;0.111307
0.147121;0.2101;0.096662
0.140408;0.217422;0.096662
0.134108;0.224744;0.096662
0.140111;0.2101;0.103984
0.134254;0.217422;0.103984
0.128402;0.224744;0.103984
0.133537;0.2101;0.111307
0.128147;0.217422;0.111307
0.123062;0.224744;0.111307
0.173423;0.153381;0.115568
0.167145;0.160703;0.115568
0.16124;0.168025;0.115568
0.161311;0.153381;0.122891
0.156168;0.160703;0.122891
0.150913;0.168025;0.122891
0.150227;0.153381;0.130213
0.145715;0.160703;0.130213
0.141449;0.168025;0.130213
0.157819;0.172287;0.115568
0.15198;0.179609;0.115568
0.146481;0.186932;0.115568
0.147969;0.172287;0.122891
0.14312;0.179609;0.122891
0.138187;0.186932;0.122891
0.138955;0.172287;0.130213
0.134664;0.179609;0.130213
0.130598;0.186932;0.130213
0.144123;0.153381;0.134475
0.14007;0.160703;0.134475
0.136236;0.168025;0.134475
0.134269;0.153381;0.141797
0.131121;0.160703;0.141797
0.127827;0.168025;0.141797
0.125505;0.153381;0.149119
0.122871;0.160703;0.149119
0.120353;0.168025;0.149119
0.133986;0.172287;0.134475
0.130102;0.179609;0.134475
0.126418;0.186932;0.134475
0.125968;0.172287;0.141797
0.122883;0.179609;0.141797
0.119683;0.186932;0.141797
0.118855;0.172287;0.149119
0.116235;0.179609;0.149119
0.113718;0.186932;0.149119
0.143301;0.191193;0.115568
0.13788;0.198516;0.115568
0.132768;0.205838;0.115568
0.135422;0.191193;0.122891
0.130863;0.198516;0.122891
0.126243;0.205838;0.122891
0.128228;0.191193;0.130213
0.124159;0.198516;0.130213
0.120294;0.205838;0.130213
0.129815;0.2101;0.115568
0.124789;0.217422;0.115568
0.120041;0.224744;0.115568
0.12365;0.2101;0.122891
0.11937;0.217422;0.122891
0.115049;0.224744;0.122891
0.118046;0.2101;0.130213
0.114195;0.217422;0.130213
0.110526;0.224744;0.130213
0.124263;0.191193;0.134475
0.120552;0.198516;0.134475
0.117022;0.205838;0.134475
0.117873;0.191193;0.141797
0.114862;0.198516;0.141797
0.11176;0.205838;0.141797
0.112227;0.191193;0.149119
0.109632;0.198516;0.149119
0.107126;0.205838;0.149119
0.114962;0.2101;0.134475
0.111423;0.217422;0.134475
0.108044;0.224744;0.134475
0.110002;0.2101;0.141797
0.10707;0.217422;0.141797
0.104067;0.224744;0.141797
0.105648;0.2101;0.149119
0.103081;0.217422;0.149119
0.100591;0.224744;0.149119
0.144633;0.229006;0.0777558
0.137025;0.236328;0.0777558
0.129909;0.24365;0.0777558
0.139037;0.229006;0.0850781
0.132209;0.236328;0.0850781
0.125448;0.24365;0.0850781
0.133644;0.229006;0.0924005
0.127208;0.236328;0.0924005
0.121164;0.24365;0.0924005
0.125853;0.247912;0.0777558
0.119036;0.255234;0.0777558
0.112654;0.262557;0.0777558
0.121688;0.247912;0.0850781
0.115534;0.255234;0.0850781
0.109445;0.262557;0.0850781
0.117708;0.247912;0.0924005
0.111879;0.255234;0.0924005
0.106401;0.262557;0.0924005
0.130497;0.229006;0.096662
0.124398;0.236328;0.096662
0.118666;0.24365;0.096662
0.125134;0.229006;0.103984
0.119768;0.236328;0.103984
0.114414;0.24365;0.103984
0.120133;0.229006;0.111307
0.115164;0.236328;0.111307
0.110468;0.24365;0.111307
0.115383;0.247912;0.096662
0.109841;0.255234;0.096662
0.104627;0.262557;0.096662
0.111424;0.247912;0.103984
0.106507;0.255234;0.103984
0.101613;0.262557;0.103984
0.107767;0.247912;0.111307
0.103188;0.255234;0.111307
0.0988536;0.262557;0.111307
0.109017;0.266818;0.0777558
0.102906;0.274141;0.0777558
0.0971815;0.281463;0.0777558
0.106058;0.266818;0.0850781
0.100511;0.274141;0.0850781
0.0950297;0.281463;0.0850781
0.10327;0.266818;0.0924005
0.0979946;0.274141;0.0924005
0.0930317;0.281463;0.0924005
0.0939218;0.285725;0.0777558
0.0884483;0.293047;0.0777558
0.0833191;0.300369;0.0777558
0.0919793;0.285725;0.0850781
0.086983;0.293047;0.0850781
0.0820557;0.300369;0.0850781
0.0901974;0.285725;0.0924005
0.0854262;0.293047;0.0924005
0.0809332;0.300369;0.0924005
0.101643;0.266818;0.096662
0.0966095;0.274141;0.096662
0.0918683;0.281463;0.096662
0.0988765;0.266818;0.103984
0.0943733;0.274141;0.103984
0.0899001;0.281463;0.103984
0.0963623;0.266818;0.111307
0.0921435;0.274141;0.111307
0.0881403;0.281463;0.111307
0.0891578;0.285725;0.096662
0.0845897;0.293047;0.096662
0.0802806;0.300369;0.096662
0.087397;0.285725;0.103984
0.0832718;0.293047;0.103984
0.0791837;0.300369;0.103984
0.0858415;0.285725;0.111307
0.0819517;0.293047;0.111307
0.0782498;0.300369;0.111307
0.117302;0.229006;0.115568
0.112646;0.236328;0.115568
0.10824;0.24365;0.115568
0.112621;0.229006;0.122891
0.108607;0.236328;0.122891
0.104567;0.24365;0.122891
0.108396;0.229006;0.130213
0.104753;0.236328;0.130213
0.101272;0.24365;0.130213
0.105701;0.247912;0.115568
0.101389;0.255234;0.115568
0.0972999;0.262557;0.115568
0.102294;0.247912;0.122891
0.0985284;0.255234;0.122891
0.0947504;0.262557;0.122891
0.0992534;0.247912;0.130213
0.0958054;0.255234;0.130213
0.0924983;0.262557;0.130213
0.106077;0.229006;0.134475
0.102703;0.236328;0.134475
0.0994703;0.24365;0.134475
0.102361;0.229006;0.141797
0.0995055;0.236328;0.141797
0.0965969;0.24365;0.141797
0.0991252;0.229006;0.149119
0.0965877;0.236328;0.149119
0.0941112;0.24365;0.149119
0.0975904;0.247912;0.134475
0.0943712;0.255234;0.134475
0.0912726;0.262557;0.134475
0.0949394;0.247912;0.141797
0.0921551;0.255234;0.141797
0.0893309;0.262557;0.141797
0.0926568;0.247912;0.149119
0.0901431;0.255234;0.149119
0.0876751;0.262557;0.149119
0.0949457;0.266818;0.115568
0.0909521;0.274141;0.115568
0.0871538;0.281463;0.115568
0.092621;0.266818;0.122891
0.0890848;0.274141;0.122891
0.0855465;0.281463;0.122891
0.0905822;0.266818;0.130213
0.0873123;0.274141;0.130213
0.0841618;0.281463;0.130213
0.0849689;0.285725;0.115568
0.0812652;0.293047;0.115568
0.0777299;0.300369;0.115568
0.0835474;0.285725;0.122891
0.0802175;0.293047;0.122891
0.0768934;0.300369;0.122891
0.0823374;0.285725;0.130213
0.0792249;0.293047;0.130213
0.0762097;0.300369;0.130213
0.0894726;0.266818;0.134475
0.0863929;0.274141;0.134475
0.0834133;0.281463;0.134475
0.0877161;0.266818;0.141797
0.0849924;0.274141;0.141797
0.082239;0.281463;0.141797
0.0862277;0.266818;0.149119
0.0837283;0.274141;0.149119
0.081259;0.281463;0.149119
0.0816834;0.285725;0.134475
0.0787242;0.293047;0.134475
0.0758441;0.300369;0.134475
0.0806585;0.285725;0.141797
0.0779805;0.293047;0.141797
0.0752803;0.300369;0.141797
0.0798119;0.285725;0.149119
0.0773136;0.293047;0.149119
0.0748291;0.300369;0.149119
0.155605;0.00213077;0.153381
0.154714;0.00945312;0.153381
0.154005;0.0167755;0.153381
0.132764;0.00213077;0.160703
0.133007;0.00945312;0.160703
0.132745;0.0167755;0.160703
0.112972;0.00213077;0.168025
0.113584;0.00945312;0.168025
0.114332;0.0167755;0.168025
0.153429;0.021037;0.153381
0.152179;0.0283594;0.153381
0.1511;0.0356817;0.153381
0.13263;0.021037;0.160703
0.132515;0.0283594;0.160703
0.131952;0.0356817;0.160703
0.114641;0.021037;0.168025
0.114963;0.0283594;0.168025
0.115392;0.0356817;0.168025
0.102579;0.00213077;0.172287
0.103572;0.00945312;0.172287
0.104696;0.0167755;0.172287
0.0866339;0.00213077;0.179609
0.0884897;0.00945312;0.179609
0.0899818;0.0167755;0.179609
0.0735438;0.00213077;0.186932
0.0757289;0.00945312;0.186932
0.0779508;0.0167755;0.186932
0.105228;0.021037;0.172287
0.105941;0.0283594;0.172287
0.10675;0.0356817;0.172287
0.0908623;0.021037;0.179609
0.0924026;0.0283594;0.179609
0.0936092;0.0356817;0.179609
0.0791431;0.021037;0.186932
0.0810281;0.0283594;0.186932
0.0829138;0.0356817;0.186932
0.150331;0.0399433;0.153381
0.148789;0.0472656;0.153381
0.147408;0.054588;0.153381
0.131656;0.0399433;0.160703
0.13122;0.0472656;0.160703
0.130392;0.054588;0.160703
0.115525;0.0399433;0.168025
0.115567;0.0472656;0.168025
0.115691;0.054588;0.168025
0.146485;0.0588495;0.153381
0.144713;0.0661719;0.153381
0.143092;0.0734942;0.153381
0.129937;0.0588495;0.160703
0.129221;0.0661719;0.160703
0.128164;0.0734942;0.160703
0.115659;0.0588495;0.168025
0.115438;0.0661719;0.168025
0.115281;0.0734942;0.168025
0.107107;0.0399433;0.172287
0.107537;0.0472656;0.172287
0.108036;0.054588;0.172287
0.0943109;0.0399433;0.179609
0.0955234;0.0472656;0.179609
0.0964344;0.054588;0.179609
0.0839145;0.0399433;0.186932
0.0854785;0.0472656;0.186932
0.0870185;0.054588;0.186932
0.108223;0.0588495;0.172287
0.10838;0.0661719;0.172287
0.108585;0.0734942;0.172287
0.0969554;0.0588495;0.179609
0.0978432;0.0661719;0.179609
0.0984616;0.0734942;0.179609
0.087824;0.0588495;0.186932
0.089063;0.0661719;0.186932
0.0902611;0.0734942;0.186932
0.0671292;0.00213077;0.191193
0.0696014;0.00945312;0.191193
0.072083;0.0167755;0.191193
0.0583379;0.00213077;0.198516
0.0613121;0.00945312;0.198516
0.0640455;0.0167755;0.198516
0.0526592;0.00213077;0.205838
0.0557615;0.00945312;0.205838
0.0587499;0.0167755;0.205838
0.0734291;0.021037;0.191193
0.0755826;0.0283594;0.191193
0.0777126;0.0356817;0.191193
0.0655971;0.021037;0.198516
0.068198;0.0283594;0.198516
0.0705747;0.0356817;0.198516
0.0604143;0.021037;0.205838
0.0631521;0.0283594;0.205838
0.0657674;0.0356817;0.205838
0.0507086;0.00213077;0.2101
0.0538381;0.00945312;0.2101
0.0568336;0.0167755;0.2101
0.0495557;0.00213077;0.217422
0.0525038;0.00945312;0.217422
0.0554096;0.0167755;0.217422
0.0505833;0.00213077;0.224744
0.0532944;0.00945312;0.224744
0.0558733;0.0167755;0.224744
0.0585136;0.021037;0.2101
0.0612951;0.0283594;0.2101
0.0639376;0.0356817;0.2101
0.0570352;0.021037;0.217422
0.0597168;0.0283594;0.217422
0.0623305;0.0356817;0.217422
0.0573644;0.021037;0.224744
0.0599025;0.0283594;0.224744
0.0622923;0.0356817;0.224744
0.078858;0.0399433;0.191193
0.0806744;0.0472656;0.191193
0.0824451;0.054588;0.191193
0.071912;0.0399433;0.198516
0.0741346;0.0472656;0.198516
0.0761502;0.054588;0.198516
0.0672162;0.0399433;0.205838
0.0695866;0.0472656;0.205838
0.0718289;0.054588;0.205838
0.0833869;0.0588495;0.191193
0.0848633;0.0661719;0.191193
0.0862789;0.0734942;0.191193
0.0772733;0.0588495;0.198516
0.0791215;0.0661719;0.198516
0.0807798;0.0734942;0.198516
0.0730629;0.0588495;0.205838
0.0750683;0.0661719;0.205838
0.0769423;0.0734942;0.205838
0.0654111;0.0399433;0.2101
0.0678373;0.0472656;0.2101
0.0701213;0.054588;0.2101
0.0637831;0.0399433;0.217422
0.0661629;0.0472656;0.217422
0.0684606;0.054588;0.217422
0.063658;0.0399433;0.224744
0.0659592;0.0472656;0.224744
0.0681042;0.054588;0.224744
0.0713864;0.0588495;0.2101
0.0734559;0.0661719;0.2101
0.0753816;0.0734942;0.2101
0.0697279;0.0588495;0.217422
0.0717872;0.0661719;0.217422
0.0737566;0.0734942;0.217422
0.0693181;0.0588495;0.224744
0.0713449;0.0661719;0.224744
0.0732117;0.0734942;0.224744
0.142048;0.0777558;0.153381
0.140099;0.0850781;0.153381
0.138292;0.0924005;0.153381
0.127573;0.0777558;0.160703
0.126615;0.0850781;0.160703
0.125365;0.0924005;0.160703
0.115097;0.0777558;0.168025
0.114634;0.0850781;0.168025
0.114223;0.0924005;0.168025
0.137156;0.096662;0.153381
0.135077;0.103984;0.153381
0.133129;0.111307;0.153381
0.124659;0.096662;0.160703
0.123497;0.103984;0.160703
0.122086;0.111307;0.160703
0.113901;0.096662;0.168025
0.113222;0.103984;0.168025
0.112582;0.111307;0.168025
0.108611;0.0777558;0.172287
0.108509;0.0850781;0.172287
0.108441;0.0924005;0.172287
0.0988066;0.0777558;0.179609
0.0993818;0.0850781;0.179609
0.0997187;0.0924005;0.179609
0.0908743;0.0777558;0.186932
0.0917944;0.0850781;0.186932
0.0926618;0.0924005;0.186932
0.108318;0.096662;0.172287
0.107978;0.103984;0.172287
0.107658;0.111307;0.172287
0.0998958;0.096662;0.179609
0.100176;0.103984;0.179609
0.100246;0.111307;0.179609
0.0930895;0.096662;0.186932
0.0937025;0.103984;0.186932
0.0942544;0.111307;0.186932
0.131926;0.115568;0.153381
0.129754;0.122891;0.153381
0.127703;0.130213;0.153381
0.121283;0.115568;0.160703
0.11995;0.122891;0.160703
0.118405;0.130213;0.160703
0.112138;0.115568;0.168025
0.111265;0.122891;0.168025
0.110421;0.130213;0.168025
0.126451;0.134475;0.153381
0.124217;0.141797;0.153381
0.12209;0.149119;0.153381
0.117522;0.134475;0.160703
0.116045;0.141797;0.160703
0.11439;0.149119;0.160703
0.109868;0.134475;0.168025
0.108823;0.141797;0.168025
0.107797;0.149119;0.168025
0.107399;0.115568;0.172287
0.106841;0.122891;0.172287
0.106292;0.130213;0.172287
0.100265;0.115568;0.179609
0.100268;0.122891;0.179609
0.100088;0.130213;0.179609
0.0945052;0.115568;0.186932
0.0948255;0.122891;0.186932
0.0950787;0.130213;0.186932
0.105908;0.134475;0.172287
0.105151;0.141797;0.172287
0.104393;0.149119;0.172287
0.0999602;0.134475;0.179609
0.0997056;0.141797;0.179609
0.0992917;0.149119;0.179609
0.0951619;0.134475;0.186932
0.0952047;0.141797;0.186932
0.0951755;0.149119;0.186932
0.0870202;0.0777558;0.191193
0.0881626;0.0850781;0.191193
0.089234;0.0924005;0.191193
0.0816926;0.0777558;0.198516
0.0831758;0.0850781;0.198516
0.0844857;0.0924005;0.198516
0.0779647;0.0777558;0.205838
0.0796113;0.0850781;0.205838
0.0811249;0.0924005;0.205838
0.0897813;0.096662;0.191193
0.0906011;0.103984;0.191193
0.0913427;0.111307;0.191193
0.0851946;0.096662;0.198516
0.0863252;0.103984;0.198516
0.0872983;0.111307;0.198516
0.0819405;0.096662;0.205838
0.083237;0.103984;0.205838
0.0843999;0.111307;0.205838
0.0764394;0.0777558;0.2101
0.0781553;0.0850781;0.2101
0.0797266;0.0924005;0.2101
0.0748323;0.0777558;0.217422
0.0765619;0.0850781;0.217422
0.078198;0.0924005;0.217422
0.0742579;0.0777558;0.224744
0.0759882;0.0850781;0.224744
0.0775569;0.0924005;0.224744
0.0805801;0.096662;0.2101
0.081948;0.103984;0.2101
0.0831717;0.111307;0.2101
0.0790799;0.096662;0.217422
0.0804766;0.103984;0.217422
0.0817788;0.111307;0.217422
0.078426;0.096662;0.224744
0.0798468;0.103984;0.224744
0.0811059;0.111307;0.224744
0.0917043;0.115568;0.191193
0.0922152;0.122891;0.191193
0.0926428;0.130213;0.191193
0.0878107;0.115568;0.198516
0.0886027;0.122891;0.198516
0.0892517;0.130213;0.198516
0.0850146;0.115568;0.205838
0.0859712;0.122891;0.205838
0.0867941;0.130213;0.205838
0.0928276;0.134475;0.191193
0.093044;0.141797;0.191193
0.0931734;0.149119;0.191193
0.0895755;0.134475;0.198516
0.0900429;0.141797;0.198516
0.0903809;0.149119;0.198516
0.0872142;0.134475;0.205838
0.0878414;0.141797;0.205838
0.0883353;0.149119;0.205838
0.083825;0.115568;0.2101
0.0848526;0.122891;0.2101
0.0857365;0.130213;0.2101
0.0824668;0.115568;0.217422
0.083531;0.122891;0.217422
0.0845015;0.130213;0.217422
0.0817926;0.115568;0.224744
0.0828969;0.122891;0.224744
0.0838401;0.130213;0.224744
0.0861943;0.134475;0.2101
0.0868899;0.141797;0.2101
0.0874426;0.149119;0.2101
0.084997;0.134475;0.217422
0.0857314;0.141797;0.217422
0.086374;0.149119;0.217422
0.0843418;0.134475;0.224744
0.0851263;0.141797;0.224744
0.0857505;0.149119;0.224744
0.0519291;0.00213077;0.229006
0.054435;0.00945312;0.229006
0.0568152;0.0167755;0.229006
0.0551431;0.00213077;0.236328
0.0571422;0.00945312;0.236328
0.0592911;0.0167755;0.236328
0.0588092;0.00213077;0.24365
0.0605879;0.00945312;0.24365
0.0622811;0.0167755;0.24365
0.0582069;0.021037;0.229006
0.0606001;0.0283594;0.229006
0.0628473;0.0356817;0.229006
0.0604996;0.021037;0.236328
0.0624956;0.0283594;0.236328
0.0645765;0.0356817;0.236328
0.0633053;0.021037;0.24365
0.0651218;0.0283594;0.24365
0.0668256;0.0356817;0.24365
0.0610714;0.00213077;0.247912
0.0626698;0.00945312;0.247912
0.0641804;0.0167755;0.247912
0.0650535;0.00213077;0.255234
0.0662217;0.00945312;0.255234
0.0675958;0.0167755;0.255234
0.0687492;0.00213077;0.262557
0.0698264;0.00945312;0.262557
0.0708336;0.0167755;0.262557
0.0651054;0.021037;0.247912
0.0667648;0.0283594;0.247912
0.0683109;0.0356817;0.247912
0.0683684;0.021037;0.255234
0.0696394;0.0283594;0.255234
0.0710599;0.0356817;0.255234
0.0714691;0.021037;0.262557
0.0726411;0.0283594;0.262557
0.0737226;0.0356817;0.262557
0.0641428;0.0399433;0.229006
0.0663434;0.0472656;0.229006
0.0683873;0.054588;0.229006
0.0657337;0.0399433;0.236328
0.0676247;0.0472656;0.236328
0.0695549;0.054588;0.236328
0.0678333;0.0399433;0.24365
0.0695863;0.0472656;0.24365
0.071208;0.054588;0.24365
0.0695523;0.0588495;0.229006
0.0715109;0.0661719;0.229006
0.0733075;0.0734942;0.229006
0.0706171;0.0588495;0.236328
0.0723343;0.0661719;0.236328
0.0740581;0.0734942;0.236328
0.0721512;0.0588495;0.24365
0.0737672;0.0661719;0.24365
0.0752397;0.0734942;0.24365
0.0692343;0.0399433;0.247912
0.0708554;0.0472656;0.247912
0.0723449;0.054588;0.247912
0.0718479;0.0399433;0.255234
0.0731278;0.0472656;0.255234
0.0745099;0.054588;0.255234
0.0743831;0.0399433;0.262557
0.0755678;0.0472656;0.262557
0.0766446;0.054588;0.262557
0.0732181;0.0588495;0.247912
0.0747257;0.0661719;0.247912
0.0760891;0.0734942;0.247912
0.0752666;0.0588495;0.255234
0.0764789;0.0661719;0.255234
0.0777549;0.0734942;0.255234
0.0772868;0.0588495;0.262557
0.078414;0.0661719;0.262557
0.0794193;0.0734942;0.262557
0.0708088;0.00213077;0.266818
0.0717731;0.00945312;0.266818
0.0726586;0.0167755;0.266818
0.0741895;0.00213077;0.274141
0.0748377;0.00945312;0.274141
0.0756801;0.0167755;0.274141
0.0770894;0.00213077;0.281463
0.0777294;0.00945312;0.281463
0.0782992;0.0167755;0.281463
0.0732254;0.021037;0.266818
0.0742842;0.0283594;0.266818
0.0752464;0.0356817;0.266818
0.0761459;0.021037;0.274141
0.0768961;0.0283594;0.274141
0.0778005;0.0356817;0.274141
0.0786742;0.021037;0.281463
0.0793933;0.0283594;0.281463
0.0800291;0.0356817;0.281463
0.0786266;0.00213077;0.285725
0.0792003;0.00945312;0.285725
0.0796928;0.0167755;0.285725
0.0810442;0.00213077;0.293047
0.0813852;0.00945312;0.293047
0.0818888;0.0167755;0.293047
0.0829554;0.00213077;0.300369
0.0833303;0.00945312;0.300369
0.0836306;0.0167755;0.300369
0.0800234;0.021037;0.285725
0.0806682;0.0283594;0.285725
0.0812209;0.0356817;0.285725
0.0821557;0.021037;0.293047
0.0825629;0.0283594;0.293047
0.0831051;0.0356817;0.293047
0.0838383;0.021037;0.300369
0.0842545;0.0283594;0.300369
0.0845882;0.0356817;0.300369
0.0758407;0.0399433;0.266818
0.076918;0.0472656;0.266818
0.0778829;0.054588;0.266818
0.0782943;0.0399433;0.274141
0.0790795;0.0472656;0.274141
0.0799813;0.054588;0.274141
0.0804298;0.0399433;0.281463
0.0811705;0.0472656;0.281463
0.0818152;0.054588;0.281463
0.0784637;0.0588495;0.266818
0.0794925;0.0661719;0.266818
0.0803958;0.0734942;0.266818
0.0804663;0.0588495;0.274141
0.0812244;0.0661719;0.274141
0.0820656;0.0734942;0.274141
0.0822088;0.0588495;0.281463
0.0829164;0.0661719;0.281463
0.083516;0.0734942;0.281463
0.0815746;0.0399433;0.285725
0.0822378;0.0472656;0.285725
0.0827978;0.054588;0.285725
0.083389;0.0399433;0.293047
0.0838167;0.0472656;0.293047
0.0843514;0.054588;0.293047
0.0848064;0.0399433;0.300369
0.0852245;0.0472656;0.300369
0.0855513;0.054588;0.300369
0.0831441;0.0588495;0.285725
0.0837744;0.0661719;0.285725
0.0842907;0.0734942;0.285725
0.0846256;0.0588495;0.293047
0.0850275;0.0661719;0.293047
0.0855094;0.0734942;0.293047
0.0857563;0.0588495;0.300369
0.0861355;0.0661719;0.300369
0.0864143;0.0734942;0.300369
0.0743205;0.0777558;0.229006
0.0760062;0.0850781;0.229006
0.0775273;0.0924005;0.229006
0.0749958;0.0777558;0.236328
0.0764924;0.0850781;0.236328
0.0779723;0.0924005;0.236328
0.0760836;0.0777558;0.24365
0.0775097;0.0850781;0.24365
0.0787842;0.0924005;0.24365
0.0783749;0.096662;0.229006
0.0797683;0.103984;0.229006
0.0809962;0.111307;0.229006
0.0787652;0.096662;0.236328
0.0800092;0.103984;0.236328
0.0812195;0.111307;0.236328
0.0795036;0.096662;0.24365
0.0807016;0.103984;0.24365
0.0817428;0.111307;0.24365
0.0768758;0.0777558;0.247912
0.078214;0.0850781;0.247912
0.0793993;0.0924005;0.247912
0.0784431;0.0777558;0.255234
0.0795273;0.0850781;0.255234
0.0806443;0.0924005;0.255234
0.0800067;0.0777558;0.262557
0.0810184;0.0850781;0.262557
0.0818971;0.0924005;0.262557
0.0800723;0.096662;0.247912
0.0811994;0.103984;0.247912
0.0821678;0.111307;0.247912
0.0812349;0.096662;0.255234
0.0821436;0.103984;0.255234
0.0830604;0.111307;0.255234
0.0824;0.096662;0.262557
0.0832489;0.103984;0.262557
0.0839563;0.111307;0.262557
0.0816697;0.115568;0.229006
0.0827588;0.122891;0.229006
0.0836824;0.130213;0.229006
0.0818539;0.115568;0.236328
0.082823;0.122891;0.236328
0.0837462;0.130213;0.236328
0.0823196;0.115568;0.24365
0.0832617;0.122891;0.24365
0.0840437;0.130213;0.24365
0.0841765;0.134475;0.229006
0.0849541;0.141797;0.229006
0.0855665;0.149119;0.229006
0.0842124;0.134475;0.236328
0.0848912;0.141797;0.236328
0.0855152;0.149119;0.236328
0.0844646;0.134475;0.24365
0.0851304;0.141797;0.24365
0.0856339;0.149119;0.24365
0.0827069;0.115568;0.247912
0.0835918;0.122891;0.247912
0.084314;0.130213;0.247912
0.0835305;0.115568;0.255234
0.0842267;0.122891;0.255234
0.0849112;0.130213;0.255234
0.0843506;0.115568;0.262557
0.0849984;0.122891;0.262557
0.0854981;0.130213;0.262557
0.084704;0.134475;0.247912
0.0853233;0.141797;0.247912
0.0857771;0.149119;0.247912
0.0852432;0.134475;0.255234
0.0856977;0.141797;0.255234
0.0861247;0.149119;0.255234
0.0857644;0.134475;0.262557
0.0861803;0.141797;0.262557
0.0864427;0.149119;0.262557
0.0809277;0.0777558;0.266818
0.0818511;0.0850781;0.266818
0.0826384;0.0924005;0.266818
0.0825087;0.0777558;0.274141
0.0831847;0.0850781;0.274141
0.0839141;0.0924005;0.274141
0.0838721;0.0777558;0.281463
0.0844962;0.0850781;0.281463
0.0850017;0.0924005;0.281463
0.083092;0.096662;0.266818
0.0838626;0.103984;0.266818
0.0844887;0.111307;0.266818
0.0842867;0.096662;0.274141
0.0848329;0.103984;0.274141
0.085407;0.111307;0.274141
0.0852931;0.096662;0.281463
0.0857887;0.103984;0.281463
0.0861567;0.111307;0.281463
0.0846008;0.0777558;0.285725
0.0851501;0.0850781;0.285725
0.0855757;0.0924005;0.285725
0.0857476;0.0777558;0.293047
0.086079;0.0850781;0.293047
0.0864651;0.0924005;0.293047
0.0865822;0.0777558;0.300369
0.0868821;0.0850781;0.300369
0.0870726;0.0924005;0.300369
0.0858231;0.096662;0.285725
0.0862479;0.103984;0.285725
0.0865404;0.111307;0.285725
0.0866426;0.096662;0.293047
0.0868617;0.103984;0.293047
0.0871122;0.111307;0.293047
0.0871806;0.096662;0.300369
0.0873625;0.103984;0.300369
0.0874267;0.111307;0.300369
0.0848394;0.115568;0.266818
0.0854183;0.122891;0.266818
0.0858459;0.130213;0.266818
0.0856846;0.115568;0.274141
0.0860603;0.122891;0.274141
0.0864419;0.130213;0.274141
0.0863592;0.115568;0.281463
0.0866871;0.122891;0.281463
0.0868796;0.130213;0.281463
0.0860735;0.134475;0.266818
0.0864285;0.141797;0.266818
0.0866267;0.149119;0.266818
0.0866036;0.134475;0.274141
0.0867741;0.141797;0.274141
0.0869321;0.149119;0.274141
0.0869721;0.134475;0.281463
0.0870982;0.141797;0.281463
0.087082;0.149119;0.281463
0.0867014;0.115568;0.285725
0.0869629;0.122891;0.285725
0.0870845;0.130213;0.285725
0.0872063;0.115568;0.293047
0.0872749;0.122891;0.293047
0.0873538;0.130213;0.293047
0.0874531;0.115568;0.300369
0.087481;0.122891;0.300369
0.0873834;0.130213;0.300369
0.0871383;0.134475;0.285725
0.0872024;0.141797;0.285725
0.0871197;0.149119;0.285725
0.087344;0.134475;0.293047
0.0872274;0.141797;0.293047
0.0871023;0.149119;0.293047
0.0873083;0.134475;0.300369
0.0871489;0.141797;0.300369
0.0868569;0.149119;0.300369
0.120805;0.153381;0.153381
0.118531;0.160703;0.153381
0.116352;0.168025;0.153381
0.113441;0.153381;0.160703
0.111843;0.160703;0.160703
0.110096;0.168025;0.160703
0.107146;0.153381;0.168025
0.105947;0.160703;0.168025
0.104758;0.168025;0.168025
0.115045;0.172287;0.153381
0.112747;0.179609;0.153381
0.110531;0.186932;0.153381
0.10909;0.172287;0.160703
0.107389;0.179609;0.160703
0.105564;0.186932;0.160703
0.104019;0.172287;0.168025
0.10268;0.179609;0.168025
0.101343;0.186932;0.168025
0.103896;0.153381;0.172287
0.102957;0.160703;0.172287
0.102008;0.168025;0.172287
0.0990256;0.153381;0.179609
0.0985307;0.160703;0.179609
0.0978974;0.168025;0.179609
0.0951002;0.153381;0.186932
0.09488;0.160703;0.186932
0.0945837;0.168025;0.186932
0.101407;0.172287;0.172287
0.100299;0.179609;0.172287
0.0991749;0.186932;0.172287
0.0975023;0.172287;0.179609
0.0967822;0.179609;0.179609
0.095942;0.186932;0.179609
0.0943583;0.172287;0.186932
0.093888;0.179609;0.186932
0.0933381;0.186932;0.186932
0.109211;0.191193;0.153381
0.106899;0.198516;0.153381
0.104658;0.205838;0.153381
0.10451;0.191193;0.160703
0.102718;0.198516;0.160703
0.100823;0.205838;0.160703
0.100524;0.191193;0.168025
0.0990571;0.198516;0.168025
0.0975826;0.205838;0.168025
0.103328;0.2101;0.153381
0.101009;0.217422;0.153381
0.0987456;0.224744;0.153381
0.0997256;0.2101;0.160703
0.0978518;0.217422;0.160703
0.0958926;0.224744;0.160703
0.0966888;0.2101;0.168025
0.0951005;0.217422;0.168025
0.0934958;0.224744;0.168025
0.098477;0.191193;0.172287
0.0972119;0.198516;0.172287
0.0959225;0.205838;0.172287
0.095425;0.191193;0.179609
0.0944922;0.198516;0.179609
0.093455;0.205838;0.179609
0.0929695;0.191193;0.186932
0.0922601;0.198516;0.186932
0.0914673;0.205838;0.186932
0.0951333;0.2101;0.172287
0.0937187;0.217422;0.172287
0.0922717;0.224744;0.172287
0.0928217;0.2101;0.179609
0.0916856;0.217422;0.179609
0.0904582;0.224744;0.179609
0.0909612;0.2101;0.186932
0.0900213;0.217422;0.186932
0.0889938;0.224744;0.186932
0.0931898;0.153381;0.191193
0.0931258;0.160703;0.191193
0.0929714;0.168025;0.191193
0.0905237;0.153381;0.198516
0.0906801;0.160703;0.198516
0.0907192;0.168025;0.198516
0.0885669;0.153381;0.205838
0.0888751;0.160703;0.205838
0.0890503;0.168025;0.205838
0.0928276;0.172287;0.191193
0.0924956;0.179609;0.191193
0.0920704;0.186932;0.191193
0.0906882;0.172287;0.198516
0.0905457;0.179609;0.198516
0.0902967;0.186932;0.198516
0.0890992;0.172287;0.205838
0.089098;0.179609;0.205838
0.0889637;0.186932;0.205838
0.08771;0.153381;0.2101
0.0880821;0.160703;0.2101
0.0883119;0.168025;0.2101
0.0866793;0.153381;0.217422
0.0870877;0.160703;0.217422
0.0874068;0.168025;0.217422
0.0860661;0.153381;0.224744
0.08653;0.160703;0.224744
0.0868342;0.168025;0.224744
0.0883936;0.172287;0.2101
0.0884501;0.179609;0.2101
0.0883646;0.186932;0.2101
0.0875243;0.172287;0.217422
0.0876109;0.179609;0.217422
0.0876109;0.186932;0.217422
0.0869635;0.172287;0.224744
0.0871068;0.179609;0.224744
0.0870911;0.186932;0.224744
0.0917731;0.191193;0.191193
0.0911838;0.198516;0.191193
0.0904984;0.205838;0.191193
0.0900981;0.191193;0.198516
0.0896671;0.198516;0.198516
0.0891391;0.205838;0.198516
0.0888352;0.191193;0.205838
0.0885328;0.198516;0.205838
0.0880968;0.205838;0.205838
0.0900532;0.2101;0.191193
0.0892151;0.217422;0.191193
0.0882774;0.224744;0.191193
0.0887779;0.2101;0.198516
0.0880669;0.217422;0.198516
0.087267;0.224744;0.198516
0.087795;0.2101;0.205838
0.0871982;0.217422;0.205838
0.0864666;0.224744;0.205838
0.088265;0.191193;0.2101
0.0880128;0.198516;0.2101
0.0876185;0.205838;0.2101
0.0875431;0.191193;0.217422
0.0873117;0.198516;0.217422
0.0869965;0.205838;0.217422
0.0870342;0.191193;0.224744
0.0868578;0.198516;0.224744
0.0865222;0.205838;0.224744
0.087341;0.2101;0.2101
0.0867858;0.217422;0.2101
0.0860878;0.224744;0.2101
0.0867454;0.2101;0.217422
0.086199;0.217422;0.217422
0.0855717;0.224744;0.217422
0.0862796;0.2101;0.224744
0.085784;0.217422;0.224744
0.0851284;0.224744;0.224744
0.0974076;0.229006;0.153381
0.0950815;0.236328;0.153381
0.0927976;0.24365;0.153381
0.0947536;0.229006;0.160703
0.0928013;0.236328;0.160703
0.0907781;0.24365;0.160703
0.0925303;0.229006;0.168025
0.0908243;0.236328;0.168025
0.0890927;0.24365;0.168025
0.0914508;0.247912;0.153381
0.0891137;0.255234;0.153381
0.0868047;0.262557;0.153381
0.0895978;0.247912;0.160703
0.0875665;0.255234;0.160703
0.0854758;0.262557;0.160703
0.0880562;0.247912;0.168025
0.0862325;0.255234;0.168025
0.0843734;0.262557;0.168025
0.0913946;0.229006;0.172287
0.0898348;0.236328;0.172287
0.088234;0.24365;0.172287
0.0897125;0.229006;0.179609
0.0883793;0.236328;0.179609
0.0869657;0.24365;0.179609
0.0883543;0.229006;0.186932
0.0871896;0.236328;0.186932
0.0859327;0.24365;0.186932
0.0872705;0.247912;0.172287
0.0855661;0.255234;0.172287
0.0838121;0.262557;0.172287
0.0861095;0.247912;0.179609
0.0845821;0.255234;0.179609
0.0829832;0.262557;0.179609
0.0851622;0.247912;0.186932
0.0837759;0.255234;0.186932
0.082292;0.262557;0.186932
0.0854454;0.266818;0.153381
0.0830895;0.274141;0.153381
0.080747;0.281463;0.153381
0.0842518;0.266818;0.160703
0.0821371;0.274141;0.160703
0.0799716;0.281463;0.160703
0.0832649;0.266818;0.168025
0.0813198;0.274141;0.168025
0.0793291;0.281463;0.168025
0.0793693;0.285725;0.153381
0.0769827;0.293047;0.153381
0.0745943;0.300369;0.153381
0.0786994;0.285725;0.160703
0.0764929;0.293047;0.160703
0.074242;0.300369;0.160703
0.0781453;0.285725;0.168025
0.0760721;0.293047;0.168025
0.0739421;0.300369;0.168025
0.0827614;0.266818;0.172287
0.08091;0.274141;0.172287
0.0789996;0.281463;0.172287
0.0820168;0.266818;0.179609
0.0802948;0.274141;0.179609
0.0785086;0.281463;0.179609
0.0813913;0.266818;0.186932
0.0797836;0.274141;0.186932
0.0780721;0.281463;0.186932
0.0778593;0.285725;0.172287
0.075855;0.293047;0.172287
0.0737821;0.300369;0.172287
0.0774303;0.285725;0.179609
0.0755105;0.293047;0.179609
0.0735318;0.300369;0.179609
0.0770403;0.285725;0.186932
0.0752088;0.293047;0.186932
0.0732663;0.300369;0.186932
0.0876884;0.229006;0.191193
0.0866074;0.236328;0.191193
0.085423;0.24365;0.191193
0.086747;0.229006;0.198516
0.0857618;0.236328;0.198516
0.0846948;0.24365;0.198516
0.0859947;0.229006;0.205838
0.0851083;0.236328;0.205838
0.0840852;0.24365;0.205838
0.0846927;0.247912;0.191193
0.0833721;0.255234;0.191193
0.0819435;0.262557;0.191193
0.0840186;0.247912;0.198516
0.0827628;0.255234;0.198516
0.0814312;0.262557;0.198516
0.0834453;0.247912;0.205838
0.0822722;0.255234;0.205838
0.0809595;0.262557;0.205838
0.0856351;0.229006;0.2101
0.0847809;0.236328;0.2101
0.0837824;0.24365;0.2101
0.0851387;0.229006;0.217422
0.0842792;0.236328;0.217422
0.0833416;0.24365;0.217422
0.0847;0.229006;0.224744
0.0838852;0.236328;0.224744
0.0829089;0.24365;0.224744
0.0831561;0.247912;0.2101
0.0820052;0.255234;0.2101
0.0807075;0.262557;0.2101
0.0827274;0.247912;0.217422
0.0815554;0.255234;0.217422
0.0803079;0.262557;0.217422
0.0822942;0.247912;0.224744
0.0811594;0.255234;0.224744
0.0798603;0.262557;0.224744
0.0810729;0.266818;0.191193
0.0795134;0.274141;0.191193
0.0778406;0.281463;0.191193
0.0805996;0.266818;0.198516
0.0790743;0.274141;0.198516
0.0774782;0.281463;0.198516
0.0801523;0.266818;0.205838
0.0786933;0.274141;0.205838
0.0770906;0.281463;0.205838
0.0768291;0.285725;0.191193
0.0750286;0.293047;0.191193
0.0731088;0.300369;0.191193
0.0764909;0.285725;0.198516
0.0746946;0.293047;0.198516
0.0728316;0.300369;0.198516
0.0761157;0.285725;0.205838
0.0743694;0.293047;0.205838
0.0724741;0.300369;0.205838
0.0799082;0.266818;0.2101
0.0784609;0.274141;0.2101
0.0768634;0.281463;0.2101
0.0795123;0.266818;0.217422
0.0780264;0.274141;0.217422
0.076468;0.281463;0.217422
0.0790583;0.266818;0.224744
0.0776015;0.274141;0.224744
0.0759764;0.281463;0.224744
0.0758903;0.285725;0.2101
0.0741451;0.293047;0.2101
0.072245;0.300369;0.2101
0.0754896;0.285725;0.217422
0.0736871;0.293047;0.217422
0.0718146;0.300369;0.217422
0.0749851;0.285725;0.224744
0.073203;0.293047;0.224744
0.071247;0.300369;0.224744
0.0858782;0.153381;0.229006
0.08634;0.160703;0.229006
0.086637;0.168025;0.229006
0.0858066;0.153381;0.236328
0.0861841;0.160703;0.236328
0.0865003;0.168025;0.236328
0.0858889;0.153381;0.24365
0.0862635;0.160703;0.24365
0.0864739;0.168025;0.24365
0.0867643;0.172287;0.229006
0.0869079;0.179609;0.229006
0.086887;0.186932;0.229006
0.0866121;0.172287;0.236328
0.0866804;0.179609;0.236328
0.0866826;0.186932;0.236328
0.0865555;0.172287;0.24365
0.0866272;0.179609;0.24365
0.0865332;0.186932;0.24365
0.0860065;0.153381;0.247912
0.0863423;0.160703;0.247912
0.0865105;0.168025;0.247912
0.0863046;0.153381;0.255234
0.0864943;0.160703;0.255234
0.0866438;0.168025;0.255234
0.0865651;0.153381;0.262557
0.0867238;0.160703;0.262557
0.0867248;0.168025;0.262557
0.0865702;0.172287;0.247912
0.0866086;0.179609;0.247912
0.0864774;0.186932;0.247912
0.0866604;0.172287;0.255234
0.0865665;0.179609;0.255234
0.0864223;0.186932;0.255234
0.0866902;0.172287;0.262557
0.0865712;0.179609;0.262557
0.0862904;0.186932;0.262557
0.0868289;0.191193;0.229006
0.0866527;0.198516;0.229006
0.0863119;0.205838;0.229006
0.0866112;0.191193;0.236328
0.086364;0.198516;0.236328
0.0860475;0.205838;0.236328
0.0864355;0.191193;0.24365
0.0861951;0.198516;0.24365
0.0857874;0.205838;0.24365
0.0860674;0.2101;0.229006
0.0855704;0.217422;0.229006
0.0849079;0.224744;0.229006
0.08579;0.2101;0.236328
0.0852221;0.217422;0.236328
0.0845827;0.224744;0.236328
0.0855055;0.2101;0.24365
0.0849454;0.217422;0.24365
0.084216;0.224744;0.24365
0.0863603;0.191193;0.247912
0.08609;0.198516;0.247912
0.0856483;0.205838;0.247912
0.0862662;0.191193;0.255234
0.0858733;0.198516;0.255234
0.085422;0.205838;0.255234
0.086088;0.191193;0.262557
0.0856737;0.198516;0.262557
0.085094;0.205838;0.262557
0.0853483;0.2101;0.247912
0.08476;0.217422;0.247912
0.0839978;0.224744;0.247912
0.0850855;0.2101;0.255234
0.0843801;0.217422;0.255234
0.0836101;0.224744;0.255234
0.0847143;0.2101;0.262557
0.0839898;0.217422;0.262557
0.0830959;0.224744;0.262557
0.0867146;0.153381;0.266818
0.0868191;0.160703;0.266818
0.0867622;0.168025;0.266818
0.0869602;0.153381;0.274141
0.0868961;0.160703;0.274141
0.0868037;0.168025;0.274141
0.0870464;0.153381;0.281463
0.086941;0.160703;0.281463
0.0866873;0.168025;0.281463
0.0866965;0.172287;0.266818
0.0865283;0.179609;0.266818
0.0861945;0.186932;0.266818
0.0866831;0.172287;0.274141
0.0863592;0.179609;0.274141
0.0859936;0.186932;0.274141
0.0865077;0.172287;0.281463
0.086145;0.179609;0.281463
0.0856285;0.186932;0.281463
0.0870479;0.153381;0.285725
0.0868845;0.160703;0.285725
0.0865683;0.168025;0.285725
0.0869701;0.153381;0.293047
0.0866373;0.160703;0.293047
0.0862792;0.168025;0.293047
0.086662;0.153381;0.300369
0.086285;0.160703;0.300369
0.0857689;0.168025;0.300369
0.0863547;0.172287;0.285725
0.0859374;0.179609;0.285725
0.0853616;0.186932;0.285725
0.086008;0.172287;0.293047
0.085431;0.179609;0.293047
0.084814;0.186932;0.293047
0.0854374;0.172287;0.300369
0.0848154;0.179609;0.300369
0.0840478;0.186932;0.300369
0.0859635;0.191193;0.266818
0.0855038;0.198516;0.266818
0.0848744;0.205838;0.266818
0.0857115;0.191193;0.274141
0.0851057;0.198516;0.274141
0.0844473;0.205838;0.274141
0.085291;0.191193;0.281463
0.0846483;0.198516;0.281463
0.0838466;0.205838;0.281463
0.0844679;0.2101;0.266818
0.0837004;0.217422;0.266818
0.0827589;0.224744;0.266818
0.0839921;0.2101;0.274141
0.0830851;0.217422;0.274141
0.0821163;0.224744;0.274141
0.0833389;0.2101;0.281463
0.0823962;0.217422;0.281463
0.081289;0.224744;0.281463
0.0849919;0.191193;0.285725
0.0842974;0.198516;0.285725
0.0834388;0.205838;0.285725
0.0843889;0.191193;0.293047
0.0835425;0.198516;0.293047
0.0826432;0.205838;0.293047
0.0835646;0.191193;0.300369
0.0826722;0.198516;0.300369
0.0816283;0.205838;0.300369
0.0829001;0.2101;0.285725
0.0819075;0.217422;0.285725
0.080745;0.224744;0.285725
0.0820506;0.2101;0.293047
0.0809117;0.217422;0.293047
0.0797088;0.224744;0.293047
0.0809794;0.2101;0.300369
0.0797935;0.217422;0.300369
0.0784501;0.224744;0.300369
0.0844761;0.229006;0.229006
0.0836567;0.236328;0.229006
0.0826702;0.24365;0.229006
0.0841364;0.229006;0.236328
0.083243;0.236328;0.236328
0.0822768;0.24365;0.236328
0.0837456;0.229006;0.24365
0.0828591;0.236328;0.24365
0.0818004;0.24365;0.24365
0.08205;0.247912;0.229006
0.0809061;0.255234;0.229006
0.0795927;0.262557;0.229006
0.0816391;0.247912;0.236328
0.080415;0.255234;0.236328
0.0791177;0.262557;0.236328
0.0811376;0.247912;0.24365
0.0799181;0.255234;0.24365
0.0785227;0.262557;0.24365
0.0835097;0.229006;0.247912
0.082595;0.236328;0.247912
0.0815034;0.24365;0.247912
0.0830863;0.229006;0.255234
0.0820565;0.236328;0.255234
0.0809575;0.24365;0.255234
0.0825309;0.229006;0.262557
0.0814828;0.236328;0.262557
0.0802611;0.24365;0.262557
0.0808224;0.247912;0.247912
0.0795734;0.255234;0.247912
0.0781438;0.262557;0.247912
0.0802402;0.247912;0.255234
0.0788749;0.255234;0.255234
0.0774373;0.262557;0.255234
0.0795032;0.247912;0.262557
0.0781196;0.255234;0.262557
0.0765569;0.262557;0.262557
0.0787822;0.266818;0.229006
0.0773109;0.274141;0.229006
0.0756663;0.281463;0.229006
0.0782857;0.266818;0.236328
0.0767252;0.274141;0.236328
0.075092;0.281463;0.236328
0.0776633;0.266818;0.24365
0.0761045;0.274141;0.24365
0.0743644;0.281463;0.24365
0.0746633;0.285725;0.229006
0.0728604;0.293047;0.229006
0.0708793;0.300369;0.229006
0.0740624;0.285725;0.236328
0.0721588;0.293047;0.236328
0.0701842;0.300369;0.236328
0.0733042;0.285725;0.24365
0.071399;0.293047;0.24365
0.0693055;0.300369;0.24365
0.0772651;0.266818;0.247912
0.0756742;0.274141;0.247912
0.0738976;0.281463;0.247912
0.0765205;0.266818;0.255234
0.0748087;0.274141;0.255234
0.0730233;0.281463;0.255234
0.0755992;0.266818;0.262557
0.0738687;0.274141;0.262557
0.0719525;0.281463;0.262557
0.0728164;0.285725;0.247912
0.0708755;0.293047;0.247912
0.0687424;0.300369;0.247912
0.0719009;0.285725;0.255234
0.0698316;0.293047;0.255234
0.067689;0.300369;0.255234
0.0707881;0.285725;0.262557
0.0686997;0.293047;0.262557
0.0664168;0.300369;0.262557
0.0821679;0.229006;0.266818
0.0810781;0.236328;0.266818
0.0798096;0.24365;0.266818
0.0814779;0.229006;0.274141
0.0802522;0.236328;0.274141
0.0789574;0.24365;0.274141
0.0806;0.229006;0.281463
0.0793389;0.236328;0.281463
0.0779078;0.24365;0.281463
0.079026;0.247912;0.266818
0.0776006;0.255234;0.266818
0.0759909;0.262557;0.266818
0.0781265;0.247912;0.274141
0.0765657;0.255234;0.274141
0.0749306;0.262557;0.274141
0.0770273;0.247912;0.281463
0.0754313;0.255234;0.281463
0.0736588;0.262557;0.281463
0.0800258;0.229006;0.285725
0.078716;0.236328;0.285725
0.0772302;0.24365;0.285725
0.0789365;0.229006;0.293047
0.0774837;0.236328;0.293047
0.0759577;0.24365;0.293047
0.0776225;0.229006;0.300369
0.0761218;0.236328;0.300369
0.0744571;0.24365;0.300369
0.0763197;0.247912;0.285725
0.0746753;0.255234;0.285725
0.072848;0.262557;0.285725
0.074994;0.247912;0.293047
0.0732073;0.255234;0.293047
0.0713404;0.262557;0.293047
0.0734387;0.247912;0.300369
0.0716031;0.255234;0.300369
0.0695967;0.262557;0.300369
0.0750071;0.266818;0.266818
0.0732338;0.274141;0.266818
0.0712695;0.281463;0.266818
0.0738983;0.266818;0.274141
0.0719871;0.274141;0.274141
0.0699983;0.281463;0.274141
0.0725772;0.266818;0.281463
0.0706309;0.274141;0.281463
0.0685003;0.281463;0.281463
0.0700781;0.285725;0.266818
0.0679449;0.293047;0.266818
0.065612;0.300369;0.266818
0.0687564;0.285725;0.274141
0.0664793;0.293047;0.274141
0.0641239;0.300369;0.274141
0.0672088;0.285725;0.281463
0.0648977;0.293047;0.281463
0.0623924;0.300369;0.281463
0.0717362;0.266818;0.285725
0.0697409;0.274141;0.285725
0.0675544;0.281463;0.285725
0.0701744;0.266818;0.293047
0.0680347;0.274141;0.293047
0.0658096;0.281463;0.293047
0.0683764;0.266818;0.300369
0.0661872;0.274141;0.300369
0.0638188;0.281463;0.300369
0.0662322;0.285725;0.285725
0.0638709;0.293047;0.285725
0.0613085;0.300369;0.285725
0.064431;0.285725;0.293047
0.0619203;0.293047;0.293047
0.0593225;0.300369;0.293047
0.0623853;0.285725;0.300369
0.059825;0.293047;0.300369
0.0570771;0.300369;0.300369
0.0880393;0.304631;0.00213077
0.0812637;0.311953;0.00213077
0.0749614;0.319275;0.00213077
0.0878188;0.304631;0.00945312
0.0812457;0.311953;0.00945312
0.0748165;0.319275;0.00945312
0.0875847;0.304631;0.0167755
0.080912;0.311953;0.0167755
0.0747043;0.319275;0.0167755
0.0713973;0.323537;0.00213077
0.06545;0.330859;0.00213077
0.0599265;0.338182;0.00213077
0.0712632;0.323537;0.00945312
0.0654935;0.330859;0.00945312
0.059859;0.338182;0.00945312
0.0711933;0.323537;0.0167755
0.0653344;0.330859;0.0167755
0.0598925;0.338182;0.0167755
0.0873256;0.304631;0.021037
0.0807119;0.311953;0.021037
0.0745584;0.319275;0.021037
0.0866808;0.304631;0.0283594
0.0803615;0.311953;0.0283594
0.0741782;0.319275;0.0283594
0.0860493;0.304631;0.0356817
0.0797309;0.311953;0.0356817
0.0738485;0.319275;0.0356817
0.0710779;0.323537;0.021037
0.0652699;0.330859;0.021037
0.0598744;0.338182;0.021037
0.0707598;0.323537;0.0283594
0.0652071;0.330859;0.0283594
0.0597848;0.338182;0.0283594
0.0705201;0.323537;0.0356817
0.0649648;0.330859;0.0356817
0.0598013;0.338182;0.0356817
0.0568078;0.342443;0.00213077
0.0516133;0.349766;0.00213077
0.0468023;0.357088;0.00213077
0.056749;0.342443;0.00945312
0.0517096;0.349766;0.00945312
0.0468033;0.357088;0.00945312
0.0568199;0.342443;0.0167755
0.0517026;0.349766;0.0167755
0.0469626;0.357088;0.0167755
0.0440936;0.36135;0.00213077
0.039596;0.368672;0.00213077
0.0354483;0.375994;0.00213077
0.0441013;0.36135;0.00945312
0.0397377;0.368672;0.00945312
0.0355104;0.375994;0.00945312
0.0442943;0.36135;0.0167755
0.0398649;0.368672;0.0167755
0.0357797;0.375994;0.0167755
0.0568282;0.342443;0.021037
0.0517551;0.349766;0.021037
0.0470554;0.357088;0.021037
0.0567913;0.342443;0.0283594
0.0519391;0.349766;0.0283594
0.0472174;0.357088;0.0283594
0.0568855;0.342443;0.0356817
0.05203;0.349766;0.0356817
0.047529;0.357088;0.0356817
0.0444101;0.36135;0.021037
0.0400193;0.368672;0.021037
0.0359691;0.375994;0.021037
0.0446169;0.36135;0.0283594
0.0404151;0.368672;0.0283594
0.0363489;0.375994;0.0283594
0.0449955;0.36135;0.0356817
0.0407914;0.368672;0.0356817
0.0369093;0.375994;0.0356817
0.0855807;0.304631;0.0399433
0.0793728;0.311953;0.0399433
0.0735915;0.319275;0.0399433
0.0846219;0.304631;0.0472656
0.0787772;0.311953;0.0472656
0.0730534;0.319275;0.0472656
0.083722;0.304631;0.054588
0.0779644;0.311953;0.054588
0.0725946;0.319275;0.054588
0.0703199;0.323537;0.0399433
0.0648589;0.330859;0.0399433
0.0597812;0.338182;0.0399433
0.0698863;0.323537;0.0472656
0.0647361;0.330859;0.0472656
0.0597056;0.338182;0.0472656
0.0695532;0.323537;0.054588
0.0644733;0.330859;0.054588
0.0597418;0.338182;0.054588
0.0831297;0.304631;0.0588495
0.0775201;0.311953;0.0588495
0.072285;0.319275;0.0588495
0.0820194;0.304631;0.0661719
0.0768093;0.311953;0.0661719
0.0716988;0.319275;0.0661719
0.0810175;0.304631;0.0734942
0.0759571;0.311953;0.0734942
0.07122;0.319275;0.0734942
0.069319;0.323537;0.0588495
0.0643635;0.330859;0.0588495
0.0597439;0.338182;0.0588495
0.0688651;0.323537;0.0661719
0.0642449;0.330859;0.0661719
0.0597265;0.338182;0.0661719
0.0685312;0.323537;0.0734942
0.0640317;0.330859;0.0734942
0.0598201;0.338182;0.0734942
0.0569137;0.342443;0.0399433
0.0521387;0.349766;0.0399433
0.0477099;0.357088;0.0399433
0.0569258;0.342443;0.0472656
0.0524137;0.349766;0.0472656
0.0480242;0.357088;0.0472656
0.0570678;0.342443;0.054588
0.0526122;0.349766;0.054588
0.0484697;0.357088;0.054588
0.0452171;0.36135;0.0399433
0.0410806;0.368672;0.0399433
0.0372579;0.375994;0.0399433
0.0456035;0.36135;0.0472656
0.041684;0.368672;0.0472656
0.0378927;0.375994;0.0472656
0.0461356;0.36135;0.054588
0.0422591;0.368672;0.054588
0.0386628;0.375994;0.054588
0.0571322;0.342443;0.0588495
0.0527793;0.349766;0.0588495
0.048727;0.357088;0.0588495
0.0572229;0.342443;0.0661719
0.0531442;0.349766;0.0661719
0.0491708;0.357088;0.0661719
0.057434;0.342443;0.0734942
0.0534487;0.349766;0.0734942
0.0497173;0.357088;0.0734942
0.0464429;0.36135;0.0588495
0.0426474;0.368672;0.0588495
0.0391192;0.375994;0.0588495
0.0469708;0.36135;0.0661719
0.0433889;0.368672;0.0661719
0.0399156;0.375994;0.0661719
0.0476075;0.36135;0.0734942
0.0440906;0.368672;0.0734942
0.0407937;0.375994;0.0734942
0.0331234;0.380256;0.00213077
0.0292815;0.387578;0.00213077
0.0257612;0.3949;0.00213077
0.0331907;0.380256;0.00945312
0.0294629;0.387578;0.00945312
0.0258786;0.3949;0.00945312
0.0334905;0.380256;0.0167755
0.0297093;0.387578;0.0167755
0.026244;0.3949;0.0167755
0.023801;0.399162;0.00213077
0.0205856;0.406484;0.00213077
0.0176682;0.413807;0.00213077
0.0239224;0.399162;0.00945312
0.0208018;0.406484;0.00945312
0.0178359;0.413807;0.00945312
0.0243155;0.399162;0.0167755
0.0211541;0.406484;0.0167755
0.0182847;0.413807;0.0167755
0.0336999;0.380256;0.021037
0.0299524;0.387578;0.021037
0.0265173;0.3949;0.021037
0.0341173;0.380256;0.0283594
0.0305282;0.387578;0.0283594
0.027083;0.3949;0.0283594
0.0347345;0.380256;0.0356817
0.0311439;0.387578;0.0356817
0.0278459;0.3949;0.0356817
0.0246059;0.399162;0.021037
0.0214733;0.406484;0.021037
0.0186288;0.413807;0.021037
0.0252018;0.399162;0.0283594
0.0221963;0.406484;0.0283594
0.0193451;0.413807;0.0283594
0.0260103;0.399162;0.0356817
0.0230013;0.406484;0.0356817
0.0202569;0.413807;0.0356817
0.0160601;0.418068;0.00213077
0.0134506;0.425391;0.00213077
0.0111171;0.432713;0.00213077
0.0162308;0.418068;0.00945312
0.0136975;0.425391;0.00945312
0.0113308;0.432713;0.00945312
0.0167042;0.418068;0.0167755
0.014142;0.425391;0.0167755
0.0118489;0.432713;0.0167755
0.00985075;0.436975;0.00213077
0.00783632;0.444297;0.00213077
0.0060859;0.451619;0.00213077
0.0100666;0.436975;0.00945312
0.00811022;0.444297;0.00945312
0.00634061;0.451619;0.00945312
0.0106054;0.436975;0.0167755
0.0086289;0.444297;0.0167755
0.00690536;0.451619;0.0167755
0.0170621;0.418068;0.021037
0.0145227;0.425391;0.021037
0.0122474;0.432713;0.021037
0.0177999;0.418068;0.0283594
0.0153524;0.425391;0.0283594
0.0130676;0.432713;0.0283594
0.0187427;0.418068;0.0356817
0.0162828;0.425391;0.0356817
0.0140563;0.432713;0.0356817
0.011013;0.436975;0.021037
0.00904946;0.444297;0.021037
0.00733072;0.451619;0.021037
0.0118417;0.436975;0.0283594
0.00992488;0.444297;0.0283594
0.00817803;0.451619;0.0283594
0.0128404;0.436975;0.0356817
0.0108883;0.444297;0.0356817
0.00913536;0.451619;0.0356817
0.0351161;0.380256;0.0399433
0.0315799;0.387578;0.0399433
0.0283274;0.3949;0.0399433
0.0358073;0.380256;0.0472656
0.0324411;0.387578;0.0472656
0.029209;0.3949;0.0472656
0.0366443;0.380256;0.054588
0.0333051;0.387578;0.054588
0.0302131;0.3949;0.054588
0.0265165;0.399162;0.0399433
0.0235463;0.406484;0.0399433
0.0208306;0.413807;0.0399433
0.0274366;0.399162;0.0472656
0.0245854;0.406484;0.0472656
0.021872;0.413807;0.0472656
0.0284853;0.399162;0.054588
0.0256391;0.406484;0.054588
0.0230054;0.413807;0.054588
0.0371374;0.380256;0.0588495
0.033856;0.387578;0.0588495
0.0308082;0.3949;0.0588495
0.037993;0.380256;0.0661719
0.0348625;0.387578;0.0661719
0.0318409;0.3949;0.0661719
0.0389328;0.380256;0.0734942
0.0358355;0.387578;0.0734942
0.0329226;0.3949;0.0734942
0.0291023;0.399162;0.0588495
0.0262873;0.406484;0.0588495
0.0236703;0.413807;0.0588495
0.0301667;0.399162;0.0661719
0.0274361;0.406484;0.0661719
0.02481;0.413807;0.0661719
0.0312797;0.399162;0.0734942
0.0285457;0.406484;0.0734942
0.0259584;0.413807;0.0734942
0.0193302;0.418068;0.0399433
0.0168886;0.425391;0.0399433
0.0146683;0.432713;0.0399433
0.0203883;0.418068;0.0472656
0.0180064;0.425391;0.0472656
0.0157591;0.432713;0.0472656
0.0215392;0.418068;0.054588
0.0191315;0.425391;0.054588
0.0168959;0.432713;0.054588
0.0134518;0.436975;0.0399433
0.0114897;0.444297;0.0399433
0.00971089;0.451619;0.0399433
0.0145312;0.436975;0.0472656
0.0125589;0.444297;0.0472656
0.0107076;0.451619;0.0472656
0.0156525;0.436975;0.054588
0.0136109;0.444297;0.054588
0.0116969;0.451619;0.054588
0.0222093;0.418068;0.0588495
0.0198021;0.425391;0.0588495
0.0175518;0.432713;0.0588495
0.0233505;0.418068;0.0661719
0.0209577;0.425391;0.0661719
0.0186553;0.432713;0.0661719
0.0244973;0.418068;0.0734942
0.0220589;0.425391;0.0734942
0.0197251;0.432713;0.0734942
0.0162937;0.436975;0.0588495
0.0142165;0.444297;0.0588495
0.0122522;0.451619;0.0588495
0.0173653;0.436975;0.0661719
0.0152302;0.444297;0.0661719
0.0131643;0.451619;0.0661719
0.0184004;0.436975;0.0734942
0.0161762;0.444297;0.0734942
0.014014;0.451619;0.0734942
0.0804016;0.304631;0.0777558
0.0755086;0.311953;0.0777558
0.0709223;0.319275;0.0777558
0.0793127;0.304631;0.0850781
0.0748184;0.311953;0.0850781
0.0703969;0.319275;0.0850781
0.0783699;0.304631;0.0924005
0.0740592;0.311953;0.0924005
0.0699942;0.319275;0.0924005
0.0683174;0.323537;0.0777558
0.0639553;0.330859;0.0777558
0.0598651;0.338182;0.0777558
0.0679345;0.323537;0.0850781
0.0638976;0.330859;0.0850781
0.0599371;0.338182;0.0850781
0.0676774;0.323537;0.0924005
0.0637852;0.330859;0.0924005
0.0601067;0.338182;0.0924005
0.0778195;0.304631;0.096662
0.0736759;0.311953;0.096662
0.0697594;0.319275;0.096662
0.0768928;0.304631;0.103984
0.0731106;0.311953;0.103984
0.0693707;0.319275;0.103984
0.0761253;0.304631;0.111307
0.0725318;0.311953;0.111307
0.0690987;0.319275;0.111307
0.0675245;0.323537;0.096662
0.0637649;0.330859;0.096662
0.0602009;0.338182;0.096662
0.0672707;0.323537;0.103984
0.0637947;0.330859;0.103984
0.0603641;0.338182;0.103984
0.0671288;0.323537;0.111307
0.0637965;0.330859;0.111307
0.0605965;0.338182;0.111307
0.0575459;0.342443;0.0777558
0.0536689;0.349766;0.0777558
0.0500299;0.357088;0.0777558
0.0577297;0.342443;0.0850781
0.0541067;0.349766;0.0850781
0.0505622;0.357088;0.0850781
0.0580119;0.342443;0.0924005
0.0544951;0.349766;0.0924005
0.0511599;0.357088;0.0924005
0.04797;0.36135;0.0777558
0.044532;0.368672;0.0777558
0.041298;0.375994;0.0777558
0.0485835;0.36135;0.0850781
0.0453289;0.368672;0.0850781
0.0421522;0.375994;0.0850781
0.0492611;0.36135;0.0924005
0.0460731;0.368672;0.0924005
0.0430337;0.375994;0.0924005
0.0581684;0.342443;0.096662
0.0547503;0.349766;0.096662
0.0514963;0.357088;0.096662
0.0584321;0.342443;0.103984
0.0552226;0.349766;0.103984
0.0520586;0.357088;0.103984
0.0587593;0.342443;0.111307
0.0556491;0.349766;0.111307
0.0526426;0.357088;0.111307
0.0496403;0.36135;0.096662
0.0465174;0.368672;0.096662
0.0435262;0.375994;0.096662
0.0502694;0.36135;0.103984
0.0472824;0.368672;0.103984
0.0443374;0.375994;0.103984
0.0509141;0.36135;0.111307
0.0479823;0.368672;0.111307
0.0451252;0.375994;0.111307
0.0756973;0.304631;0.115568
0.0722527;0.311953;0.115568
0.0689498;0.319275;0.115568
0.0750095;0.304631;0.122891
0.0718596;0.311953;0.122891
0.0687206;0.319275;0.122891
0.0744637;0.304631;0.130213
0.071484;0.311953;0.130213
0.0685792;0.319275;0.130213
0.0670508;0.323537;0.115568
0.0638315;0.330859;0.115568
0.0607267;0.338182;0.115568
0.0669346;0.323537;0.122891
0.0639347;0.330859;0.122891
0.0609477;0.338182;0.122891
0.066896;0.323537;0.130213
0.0640205;0.330859;0.130213
0.061197;0.338182;0.130213
0.0741719;0.304631;0.134475
0.0713102;0.311953;0.134475
0.0685064;0.319275;0.134475
0.0737234;0.304631;0.141797
0.0710722;0.311953;0.141797
0.0684034;0.319275;0.141797
0.0733732;0.304631;0.149119
0.0708589;0.311953;0.149119
0.0683415;0.319275;0.149119
0.0668772;0.323537;0.134475
0.0640862;0.330859;0.134475
0.0613314;0.338182;0.134475
0.0668572;0.323537;0.141797
0.0642103;0.330859;0.141797
0.0615476;0.338182;0.141797
0.0668656;0.323537;0.149119
0.0643147;0.330859;0.149119
0.0617434;0.338182;0.149119
0.0589401;0.342443;0.115568
0.0559082;0.349766;0.115568
0.0529633;0.357088;0.115568
0.0592401;0.342443;0.122891
0.0563561;0.349766;0.122891
0.0534841;0.357088;0.122891
0.0595587;0.342443;0.130213
0.0567551;0.349766;0.130213
0.0539801;0.357088;0.130213
0.0512658;0.36135;0.115568
0.0483789;0.368672;0.115568
0.0455513;0.375994;0.115568
0.0518331;0.36135;0.122891
0.0490269;0.368672;0.122891
0.0462285;0.375994;0.122891
0.0523667;0.36135;0.130213
0.0495987;0.368672;0.130213
0.0468362;0.375994;0.130213
0.0597284;0.342443;0.134475
0.0569774;0.349766;0.134475
0.0542408;0.357088;0.134475
0.0599971;0.342443;0.141797
0.0573284;0.349766;0.141797
0.0546429;0.357088;0.141797
0.0602345;0.342443;0.149119
0.0576231;0.349766;0.149119
0.0549737;0.357088;0.149119
0.0526452;0.36135;0.134475
0.0498999;0.368672;0.134475
0.0471477;0.375994;0.134475
0.0530714;0.36135;0.141797
0.0503518;0.368672;0.141797
0.0476117;0.375994;0.141797
0.053417;0.36135;0.149119
0.0507183;0.368672;0.149119
0.0479641;0.375994;0.149119
0.0394696;0.380256;0.0777558
0.0364203;0.387578;0.0777558
0.0335395;0.3949;0.0777558
0.0403735;0.380256;0.0850781
0.0374368;0.387578;0.0850781
0.0345731;0.3949;0.0850781
0.0413019;0.380256;0.0924005
0.0383906;0.387578;0.0924005
0.0355937;0.3949;0.0924005
0.0319107;0.399162;0.0777558
0.0291924;0.406484;0.0777558
0.026605;0.413807;0.0777558
0.0329621;0.399162;0.0850781
0.0302859;0.406484;0.0850781
0.0276722;0.413807;0.0850781
0.0339964;0.399162;0.0924005
0.0313025;0.406484;0.0924005
0.0286876;0.413807;0.0924005
0.0418178;0.380256;0.096662
0.0389381;0.387578;0.096662
0.0361569;0.3949;0.096662
0.042663;0.380256;0.103984
0.0398494;0.387578;0.103984
0.0370704;0.3949;0.103984
0.0434783;0.380256;0.111307
0.0406765;0.387578;0.111307
0.0379204;0.3949;0.111307
0.034564;0.399162;0.096662
0.031869;0.406484;0.096662
0.0292382;0.413807;0.096662
0.0354795;0.399162;0.103984
0.0327853;0.406484;0.103984
0.0301129;0.413807;0.103984
0.0363255;0.399162;0.111307
0.0336003;0.406484;0.111307
0.0308921;0.413807;0.111307
0.0251384;0.418068;0.0777558
0.0226819;0.425391;0.0777558
0.020316;0.432713;0.0777558
0.0261905;0.418068;0.0850781
0.0237073;0.425391;0.0850781
0.0212712;0.432713;0.0850781
0.0271869;0.418068;0.0924005
0.0246427;0.425391;0.0924005
0.0221435;0.432713;0.0924005
0.0189677;0.436975;0.0777558
0.0166946;0.444297;0.0777558
0.0144704;0.451619;0.0777558
0.019878;0.436975;0.0850781
0.0175176;0.444297;0.0850781
0.0151781;0.451619;0.0850781
0.0207017;0.436975;0.0924005
0.0182374;0.444297;0.0924005
0.015778;0.451619;0.0924005
0.0277236;0.418068;0.096662
0.0251474;0.425391;0.096662
0.0226031;0.432713;0.096662
0.0285705;0.418068;0.103984
0.0259362;0.425391;0.103984
0.023308;0.432713;0.103984
0.0293165;0.418068;0.111307
0.0266103;0.425391;0.111307
0.0238956;0.432713;0.111307
0.0211307;0.436975;0.096662
0.0186059;0.444297;0.096662
0.0160747;0.451619;0.096662
0.0217799;0.436975;0.103984
0.019146;0.444297;0.103984
0.0164936;0.451619;0.103984
0.022307;0.436975;0.111307
0.0195605;0.444297;0.111307
0.0167817;0.451619;0.111307
0.0439168;0.380256;0.115568
0.0411281;0.387578;0.115568
0.0383712;0.3949;0.115568
0.0446099;0.380256;0.122891
0.0418402;0.387578;0.122891
0.0390704;0.3949;0.122891
0.0452253;0.380256;0.130213
0.0424535;0.387578;0.130213
0.0396644;0.3949;0.130213
0.0367713;0.399162;0.115568
0.0340293;0.406484;0.115568
0.0312923;0.413807;0.115568
0.0374581;0.399162;0.122891
0.0346798;0.406484;0.122891
0.0318889;0.413807;0.122891
0.0380327;0.399162;0.130213
0.0352145;0.406484;0.130213
0.0323571;0.413807;0.130213
0.0455383;0.380256;0.134475
0.0427612;0.387578;0.134475
0.0399568;0.3949;0.134475
0.0460005;0.380256;0.141797
0.0431978;0.387578;0.141797
0.0403683;0.3949;0.141797
0.0463432;0.380256;0.149119
0.0435276;0.387578;0.149119
0.0406394;0.3949;0.149119
0.038312;0.399162;0.134475
0.0354641;0.406484;0.134475
0.0325688;0.413807;0.134475
0.0386983;0.399162;0.141797
0.0357807;0.406484;0.141797
0.0328256;0.413807;0.141797
0.038936;0.399162;0.149119
0.0359718;0.406484;0.149119
0.03292;0.413807;0.149119
0.029696;0.418068;0.115568
0.0269466;0.425391;0.115568
0.0241775;0.432713;0.115568
0.0302549;0.418068;0.122891
0.0274216;0.425391;0.122891
0.0245587;0.432713;0.122891
0.0306778;0.418068;0.130213
0.0277659;0.425391;0.130213
0.0247974;0.432713;0.130213
0.0225538;0.436975;0.115568
0.01974;0.444297;0.115568
0.0168832;0.451619;0.115568
0.0228745;0.436975;0.122891
0.0199386;0.444297;0.122891
0.0169515;0.451619;0.122891
0.0230446;0.436975;0.130213
0.0199956;0.444297;0.130213
0.0168827;0.451619;0.130213
0.0308625;0.418068;0.134475
0.0278962;0.425391;0.134475
0.0248676;0.432713;0.134475
0.031074;0.418068;0.141797
0.0279999;0.425391;0.141797
0.0248732;0.432713;0.141797
0.0311172;0.418068;0.149119
0.0279706;0.425391;0.149119
0.0247159;0.432713;0.149119
0.0230775;0.436975;0.134475
0.0199569;0.444297;0.134475
0.0167643;0.451619;0.134475
0.0230217;0.436975;0.141797
0.0197677;0.444297;0.141797
0.0164324;0.451619;0.141797
0.0227901;0.436975;0.149119
0.0194315;0.444297;0.149119
0.0159576;0.451619;0.149119
0.00516352;0.455881;0.00213077
0.00373158;0.463203;0.00213077
0.00252877;0.470525;0.00213077
0.00541885;0.455881;0.00945312
0.00402622;0.463203;0.00945312
0.00281893;0.470525;0.00945312
0.00599577;0.455881;0.0167755
0.00458274;0.463203;0.0167755
0.00338348;0.470525;0.0167755
0.00193764;0.474787;0.00213077
0.00111478;0.482109;0.00213077
0.000517298;0.489432;0.00213077
0.00222685;0.474787;0.00945312
0.00141466;0.482109;0.00945312
0.000798959;0.489432;0.00945312
0.00278324;0.474787;0.0167755
0.00190986;0.482109;0.0167755
0.00119754;0.489432;0.0167755
0.00642072;0.455881;0.021037
0.00500076;0.463203;0.021037
0.00378116;0.470525;0.021037
0.00725264;0.455881;0.0283594
0.00581427;0.463203;0.0283594
0.00452279;0.470525;0.0283594
0.00818702;0.455881;0.0356817
0.00666787;0.463203;0.0356817
0.00528967;0.470525;0.0356817
0.00316023;0.474787;0.021037
0.00223167;0.482109;0.021037
0.0014389;0.489432;0.021037
0.00384564;0.474787;0.0283594
0.00279758;0.482109;0.0283594
0.00184563;0.489432;0.0283594
0.00454566;0.474787;0.0356817
0.00334829;0.482109;0.0356817
0.00221752;0.489432;0.0356817
0.000329126;0.492509;0.00213077
0.000163547;0.495761;0.00213077
5.91077e-05;0.499013;0.00213077
0.000594329;0.492493;0.00945312
0.000411683;0.495692;0.00945312
0.000263108;0.49889;0.00945312
0.000938919;0.492478;0.0167755
0.000689893;0.495623;0.0167755
0.000458383;0.498767;0.0167755
0.00114141;0.492459;0.021037
0.000851973;0.495542;0.021037
0.000574023;0.498624;0.021037
0.00147835;0.492413;0.0283594
0.00112538;0.495334;0.0283594
0.000776661;0.498255;0.0283594
0.00177616;0.492366;0.0356817
0.00136417;0.495126;0.0356817
0.000952934;0.497886;0.0356817
0.00874087;0.455881;0.0399433
0.00717327;0.463203;0.0399433
0.00572996;0.470525;0.0399433
0.00968969;0.455881;0.0472656
0.00803367;0.463203;0.0472656
0.00646365;0.470525;0.0472656
0.0106264;0.455881;0.054588
0.00885106;0.463203;0.054588
0.00714969;0.470525;0.054588
0.00494018;0.474787;0.0399433
0.0036513;0.482109;0.0399433
0.00241545;0.489432;0.0399433
0.00558756;0.474787;0.0472656
0.004132;0.482109;0.0472656
0.00271141;0.489432;0.0472656
0.00618546;0.474787;0.054588
0.004554;0.482109;0.054588
0.00293097;0.489432;0.054588
0.0111472;0.455881;0.0588495
0.00930328;0.463203;0.0588495
0.00751833;0.470525;0.0588495
0.0119944;0.455881;0.0661719
0.0100276;0.463203;0.0661719
0.00809191;0.470525;0.0661719
0.0127741;0.455881;0.0734942
0.0106673;0.463203;0.0734942
0.00857917;0.470525;0.0734942
0.0064996;0.474787;0.0588495
0.00476557;0.482109;0.0588495
0.0030286;0.489432;0.0588495
0.00697607;0.474787;0.0661719
0.00506522;0.482109;0.0661719
0.00314571;0.489432;0.0661719
0.00736667;0.474787;0.0734942
0.0052783;0.482109;0.0734942
0.00316934;0.489432;0.0734942
0.00193417;0.492329;0.0399433
0.00149634;0.494964;0.0399433
0.00105797;0.497599;0.0399433
0.00216825;0.492251;0.0472656
0.00170852;0.494617;0.0472656
0.00124581;0.496983;0.0472656
0.00232306;0.492172;0.054588
0.00185945;0.494269;0.054588
0.00139124;0.496365;0.054588
0.00238953;0.492118;0.0588495
0.00193906;0.494025;0.0588495
0.00148334;0.495933;0.0588495
0.00246698;0.492008;0.0661719
0.00206414;0.493537;0.0661719
0.00165686;0.495067;0.0661719
0.00245195;0.491897;0.0734942
0.00211408;0.493048;0.0734942
0.00177392;0.494198;0.0734942
0.0131865;0.455881;0.0777558
0.0109958;0.463203;0.0777558
0.00881812;0.470525;0.0777558
0.0138183;0.455881;0.0850781
0.011483;0.463203;0.0850781
0.00914666;0.470525;0.0850781
0.0143423;0.455881;0.0924005
0.0118639;0.463203;0.0924005
0.0093614;0.470525;0.0924005
0.00753534;0.474787;0.0773793
0.00535337;0.482109;0.0773793
0.0031416;0.489432;0.0773793
0.0077399;0.474787;0.0834081
0.00541275;0.482109;0.0834081
0.0030414;0.489432;0.0834081
0.00786617;0.474787;0.0894368
0.00539383;0.482109;0.0894368
0.00286304;0.489432;0.0894368
0.00789343;0.47478;0.0915676
0.00537866;0.482077;0.0915676
0.00280102;0.489374;0.0915676
0.00791196;0.474754;0.0928612
0.0053971;0.481964;0.0928612
0.00281811;0.489174;0.0928612
0.00792665;0.474729;0.0941548
0.00541252;0.481852;0.0941548
0.00283312;0.488975;0.0941548
0.014593;0.455881;0.096662
0.0120294;0.463203;0.096662
0.00943451;0.470525;0.096662
0.0149328;0.455881;0.103984
0.0122187;0.463203;0.103984
0.00947063;0.470525;0.103984
0.0151429;0.455881;0.111307
0.0122866;0.463203;0.111307
0.00937734;0.470525;0.111307
0.0079565;0.474671;0.096662
0.00545752;0.481594;0.096662
0.00289162;0.488517;0.096662
0.00796745;0.474496;0.103984
0.00553501;0.480817;0.103984
0.00303643;0.487139;0.103984
0.00784899;0.47432;0.111307
0.00550747;0.480036;0.111307
0.00310676;0.485752;0.111307
0.00240716;0.491831;0.0773793
0.00211998;0.492754;0.0773793
0.00183145;0.493677;0.0773793
0.0022899;0.491714;0.0834081
0.00211259;0.492235;0.0834081
0.00193496;0.492756;0.0834081
0.00210179;0.491597;0.0894368
0.00205794;0.491714;0.0894368
0.0020141;0.491832;0.0894368
0.0151996;0.455881;0.115568
0.0122646;0.463203;0.115568
0.0092635;0.470525;0.115568
0.0151863;0.455881;0.122891
0.0120989;0.463203;0.122891
0.00894094;0.470525;0.122891
0.0150254;0.455881;0.130213
0.0117636;0.463203;0.130213
0.00843894;0.470525;0.130213
0.00772846;0.474208;0.115568
0.00546763;0.479539;0.115568
0.00315426;0.484871;0.115568
0.00741658;0.473999;0.122891
0.00535595;0.478614;0.122891
0.00325142;0.483228;0.122891
0.00693727;0.473789;0.130213
0.00512017;0.477681;0.130213
0.00326455;0.481573;0.130213
0.0148616;0.455881;0.134475
0.0115162;0.463203;0.134475
0.00809039;0.470525;0.134475
0.0144604;0.455881;0.141797
0.0109934;0.463203;0.141797
0.00740239;0.470525;0.141797
0.0138938;0.455881;0.149119
0.0102757;0.463203;0.149119
0.00653585;0.470525;0.149119
0.00660594;0.473657;0.134475
0.00496302;0.477096;0.134475
0.00328542;0.480536;0.134475
0.00595785;0.473414;0.141797
0.00465571;0.476018;0.141797
0.00333707;0.478622;0.141797
0.00515256;0.473169;0.149119
0.00421764;0.474931;0.149119
0.00328231;0.476693;0.149119
0.0731902;0.304631;0.153381
0.0707574;0.311953;0.153381
0.0683074;0.319275;0.153381
0.0729151;0.304631;0.160703
0.0706049;0.311953;0.160703
0.0682546;0.319275;0.160703
0.0726779;0.304631;0.168025
0.0704664;0.311953;0.168025
0.0681866;0.319275;0.168025
0.0668666;0.323537;0.153381
0.0643687;0.330859;0.153381
0.0618378;0.338182;0.153381
0.0668645;0.323537;0.160703
0.0644357;0.330859;0.160703
0.0619688;0.338182;0.160703
0.0668349;0.323537;0.168025
0.0644721;0.330859;0.168025
0.0620287;0.338182;0.168025
0.0725477;0.304631;0.172287
0.0703818;0.311953;0.172287
0.068137;0.319275;0.172287
0.0723382;0.304631;0.179609
0.0702143;0.311953;0.179609
0.0680352;0.319275;0.179609
0.0721009;0.304631;0.186932
0.0700403;0.311953;0.186932
0.0678607;0.319275;0.186932
0.0668023;0.323537;0.172287
0.0644631;0.330859;0.172287
0.0620341;0.338182;0.172287
0.0667214;0.323537;0.179609
0.0643841;0.330859;0.179609
0.0619939;0.338182;0.179609
0.0665575;0.323537;0.186932
0.0642599;0.330859;0.186932
0.0618344;0.338182;0.186932
0.0603485;0.342443;0.153381
0.0577635;0.349766;0.153381
0.0551297;0.357088;0.153381
0.0605053;0.342443;0.160703
0.05794;0.349766;0.160703
0.0553364;0.357088;0.160703
0.0605811;0.342443;0.168025
0.0580511;0.349766;0.168025
0.0554276;0.357088;0.168025
0.0535779;0.36135;0.153381
0.0508807;0.368672;0.153381
0.0481194;0.375994;0.153381
0.0537877;0.36135;0.160703
0.0510651;0.368672;0.160703
0.0483021;0.375994;0.160703
0.0538737;0.36135;0.168025
0.0511579;0.368672;0.168025
0.0483356;0.375994;0.168025
0.0605914;0.342443;0.172287
0.0580642;0.349766;0.172287
0.0554362;0.357088;0.172287
0.0605533;0.342443;0.179609
0.0579907;0.349766;0.179609
0.0553759;0.357088;0.179609
0.0603878;0.342443;0.186932
0.0578426;0.349766;0.186932
0.0551597;0.357088;0.186932
0.0538761;0.36135;0.172287
0.0511439;0.368672;0.172287
0.0482998;0.375994;0.172287
0.0538004;0.36135;0.179609
0.0509986;0.368672;0.179609
0.0481435;0.375994;0.179609
0.0535625;0.36135;0.186932
0.0507565;0.368672;0.186932
0.0478026;0.375994;0.186932
0.0719541;0.304631;0.191193
0.069908;0.311953;0.191193
0.0677357;0.319275;0.191193
0.0716868;0.304631;0.198516
0.0696155;0.311953;0.198516
0.0674807;0.319275;0.198516
0.0713297;0.304631;0.205838
0.0692926;0.311953;0.205838
0.0670998;0.319275;0.205838
0.0664341;0.323537;0.191193
0.0641349;0.330859;0.191193
0.061702;0.338182;0.191193
0.066175;0.323537;0.198516
0.0638222;0.330859;0.198516
0.0614081;0.338182;0.198516
0.0657827;0.323537;0.205838
0.0634489;0.330859;0.205838
0.0609514;0.338182;0.205838
0.0710962;0.304631;0.2101
0.0690491;0.311953;0.2101
0.0668416;0.319275;0.2101
0.0706514;0.304631;0.217422
0.0685273;0.311953;0.217422
0.0663361;0.319275;0.217422
0.0700638;0.304631;0.224744
0.0679517;0.311953;0.224744
0.0656584;0.319275;0.224744
0.0655141;0.323537;0.2101
0.0631591;0.330859;0.2101
0.0606373;0.338182;0.2101
0.0649847;0.323537;0.217422
0.0625326;0.330859;0.217422
0.0600155;0.338182;0.217422
0.0642795;0.323537;0.224744
0.0618312;0.330859;0.224744
0.0591927;0.338182;0.224744
0.0602485;0.342443;0.191193
0.0576866;0.349766;0.191193
0.0549826;0.357088;0.191193
0.0599369;0.342443;0.198516
0.0572941;0.349766;0.198516
0.054591;0.357088;0.198516
0.0594571;0.342443;0.205838
0.0568182;0.349766;0.205838
0.0540075;0.357088;0.205838
0.0533699;0.36135;0.191193
0.0505321;0.368672;0.191193
0.0475441;0.375994;0.191193
0.0529478;0.36135;0.198516
0.0500027;0.368672;0.198516
0.0469979;0.375994;0.198516
0.0523299;0.36135;0.205838
0.0493742;0.368672;0.205838
0.0462373;0.375994;0.205838
0.0591264;0.342443;0.2101
0.0564551;0.349766;0.2101
0.0536102;0.357088;0.2101
0.0584715;0.342443;0.217422
0.0556826;0.349766;0.217422
0.0528304;0.357088;0.217422
0.0576129;0.342443;0.224744
0.0548199;0.349766;0.224744
0.0518278;0.357088;0.224744
0.0519106;0.36135;0.2101
0.0489123;0.368672;0.2101
0.0457306;0.375994;0.2101
0.051089;0.36135;0.217422
0.0479541;0.368672;0.217422
0.0447529;0.375994;0.217422
0.0500414;0.36135;0.224744
0.0468928;0.368672;0.224744
0.0435372;0.375994;0.224744
0.0464904;0.380256;0.153381
0.0436539;0.387578;0.153381
0.0407381;0.3949;0.153381
0.0466553;0.380256;0.160703
0.0437537;0.387578;0.160703
0.0408059;0.3949;0.160703
0.0466639;0.380256;0.168025
0.0437416;0.387578;0.168025
0.0406997;0.3949;0.168025
0.0390137;0.399162;0.153381
0.0360062;0.406484;0.153381
0.0329079;0.413807;0.153381
0.0390448;0.399162;0.160703
0.0359358;0.406484;0.160703
0.0327758;0.413807;0.160703
0.0388967;0.399162;0.168025
0.0357436;0.406484;0.168025
0.03246;0.413807;0.168025
0.0466112;0.380256;0.172287
0.0436536;0.387578;0.172287
0.0405741;0.3949;0.172287
0.0464237;0.380256;0.179609
0.0433647;0.387578;0.179609
0.0402497;0.3949;0.179609
0.0460474;0.380256;0.186932
0.0429663;0.387578;0.186932
0.0397233;0.3949;0.186932
0.038746;0.399162;0.172287
0.0355435;0.406484;0.172287
0.0322089;0.413807;0.172287
0.0383756;0.399162;0.179609
0.0350449;0.406484;0.179609
0.0316523;0.413807;0.179609
0.0377961;0.399162;0.186932
0.0344185;0.406484;0.186932
0.0308728;0.413807;0.186932
0.0310752;0.418068;0.153381
0.0278717;0.425391;0.153381
0.0245581;0.432713;0.153381
0.0308901;0.418068;0.160703
0.0275592;0.425391;0.160703
0.0241617;0.432713;0.160703
0.0305135;0.418068;0.168025
0.0271079;0.425391;0.168025
0.0235613;0.432713;0.168025
0.0225897;0.436975;0.153381
0.0191485;0.444297;0.153381
0.0155983;0.451619;0.153381
0.0221253;0.436975;0.160703
0.018518;0.444297;0.160703
0.0148336;0.451619;0.160703
0.0214485;0.436975;0.168025
0.0177452;0.444297;0.168025
0.01391;0.451619;0.168025
0.0302272;0.418068;0.172287
0.0267516;0.425391;0.172287
0.0231341;0.432713;0.172287
0.0296127;0.418068;0.179609
0.0259858;0.425391;0.179609
0.0222824;0.432713;0.179609
0.0287695;0.418068;0.186932
0.0250881;0.425391;0.186932
0.0212325;0.432713;0.186932
0.0209785;0.436975;0.172287
0.0172028;0.444297;0.172287
0.0133003;0.451619;0.172287
0.0200566;0.436975;0.179609
0.0161143;0.444297;0.179609
0.0120999;0.451619;0.179609
0.018926;0.436975;0.186932
0.0148791;0.444297;0.186932
0.0106894;0.451619;0.186932
0.045766;0.380256;0.191193
0.0426411;0.387578;0.191193
0.0393541;0.3949;0.191193
0.0451766;0.380256;0.198516
0.0419206;0.387578;0.198516
0.0386048;0.3949;0.198516
0.0443696;0.380256;0.205838
0.041087;0.387578;0.205838
0.0376153;0.3949;0.205838
0.0373932;0.399162;0.191193
0.0339486;0.406484;0.191193
0.0303449;0.413807;0.191193
0.0365908;0.399162;0.198516
0.0329846;0.406484;0.198516
0.0293197;0.413807;0.198516
0.0355566;0.399162;0.205838
0.0319275;0.406484;0.205838
0.0280613;0.413807;0.205838
0.0438335;0.380256;0.2101
0.0404966;0.387578;0.2101
0.0369721;0.3949;0.2101
0.0428025;0.380256;0.217422
0.0393069;0.387578;0.217422
0.035755;0.3949;0.217422
0.0415332;0.380256;0.224744
0.0380078;0.387578;0.224744
0.0342799;0.3949;0.224744
0.0348826;0.399162;0.2101
0.0312015;0.406484;0.2101
0.0272866;0.413807;0.2101
0.0336003;0.399162;0.217422
0.0297447;0.406484;0.217422
0.0258297;0.413807;0.217422
0.0320627;0.399162;0.224744
0.0281599;0.406484;0.224744
0.0240339;0.413807;0.224744
0.0282093;0.418068;0.191193
0.0244632;0.425391;0.191193
0.0205351;0.432713;0.191193
0.0271262;0.418068;0.198516
0.0232214;0.425391;0.198516
0.0192108;0.432713;0.198516
0.0257877;0.418068;0.205838
0.0218586;0.425391;0.205838
0.0177116;0.432713;0.205838
0.018193;0.436975;0.191193
0.0140751;0.444297;0.191193
0.00977487;0.451619;0.191193
0.0167992;0.436975;0.198516
0.0125011;0.444297;0.198516
0.00806397;0.451619;0.198516
0.0151703;0.436975;0.205838
0.0106943;0.444297;0.205838
0.00616757;0.451619;0.205838
0.0249584;0.418068;0.2101
0.0209198;0.425391;0.2101
0.0167124;0.432713;0.2101
0.0234261;0.418068;0.217422
0.0191168;0.425391;0.217422
0.0148041;0.432713;0.217422
0.0215836;0.418068;0.224744
0.0172855;0.425391;0.224744
0.0127565;0.432713;0.224744
0.0145983;0.436975;0.208193
0.0100685;0.444297;0.208193
0.005516;0.451619;0.208193
0.0144166;0.436975;0.208965
0.00987758;0.444297;0.208965
0.00529532;0.451619;0.208965
0.0142319;0.436975;0.209736
0.00968394;0.444297;0.209736
0.00507338;0.451619;0.209736
0.0137704;0.436872;0.211867
0.00942265;0.443841;0.211867
0.00497683;0.45081;0.211867
0.0122358;0.436516;0.218418
0.00861494;0.442261;0.218418
0.00488827;0.448006;0.218418
0.0104938;0.436155;0.224969
0.00761098;0.440663;0.224969
0.00468804;0.44517;0.224969
0.0696805;0.304631;0.229006
0.0675405;0.311953;0.229006
0.0652162;0.319275;0.229006
0.0689529;0.304631;0.236328
0.0666984;0.311953;0.236328
0.0643754;0.319275;0.236328
0.06804;0.304631;0.24365
0.0657809;0.311953;0.24365
0.063324;0.319275;0.24365
0.0638176;0.323537;0.229006
0.0613335;0.330859;0.229006
0.0586583;0.338182;0.229006
0.0629379;0.323537;0.236328
0.0603235;0.330859;0.236328
0.0576445;0.338182;0.236328
0.0618477;0.323537;0.24365
0.0592262;0.330859;0.24365
0.056395;0.338182;0.24365
0.0674535;0.304631;0.247912
0.0651544;0.311953;0.247912
0.0626546;0.319275;0.247912
0.0663549;0.304631;0.255234
0.0639163;0.311953;0.255234
0.0614076;0.319275;0.255234
0.0650389;0.304631;0.262557
0.0625818;0.311953;0.262557
0.059919;0.319275;0.262557
0.0611518;0.323537;0.247912
0.058484;0.330859;0.247912
0.0556063;0.338182;0.247912
0.0598549;0.323537;0.255234
0.0570327;0.330859;0.255234
0.0541464;0.338182;0.255234
0.0583212;0.323537;0.262557
0.0554836;0.330859;0.262557
0.052422;0.338182;0.262557
0.0570545;0.342443;0.229006
0.0542169;0.349766;0.229006
0.0511815;0.357088;0.229006
0.055996;0.342443;0.236328
0.0530113;0.349766;0.236328
0.0499636;0.357088;0.236328
0.0547035;0.342443;0.24365
0.0517127;0.349766;0.24365
0.048494;0.357088;0.24365
0.0493675;0.36135;0.229006
0.0461668;0.368672;0.229006
0.0427606;0.375994;0.229006
0.0480985;0.36135;0.236328
0.0447351;0.368672;0.236328
0.0413066;0.375994;0.236328
0.0465743;0.36135;0.24365
0.0431967;0.368672;0.24365
0.0395885;0.375994;0.24365
0.0538851;0.342443;0.247912
0.0508426;0.349766;0.247912
0.0475785;0.357088;0.247912
0.0523686;0.342443;0.255234
0.0491547;0.349766;0.255234
0.0458895;0.357088;0.255234
0.0505947;0.342443;0.262557
0.0473689;0.349766;0.262557
0.0439029;0.357088;0.262557
0.0456227;0.36135;0.247912
0.0421737;0.368672;0.247912
0.0385119;0.375994;0.247912
0.043878;0.36135;0.255234
0.0402311;0.368672;0.255234
0.0365327;0.375994;0.255234
0.0418549;0.36135;0.262557
0.0382266;0.368672;0.262557
0.0342673;0.375994;0.262557
0.0642055;0.304631;0.266818
0.0617006;0.311953;0.266818
0.0589857;0.319275;0.266818
0.0626634;0.304631;0.274141
0.0600049;0.311953;0.274141
0.0572715;0.319275;0.274141
0.0608817;0.304631;0.281463
0.0581904;0.311953;0.281463
0.0552937;0.319275;0.281463
0.0573576;0.323537;0.266818
0.0544688;0.330859;0.266818
0.0513523;0.338182;0.266818
0.0555854;0.323537;0.274141
0.0525294;0.330859;0.274141
0.0494034;0.338182;0.274141
0.0535569;0.323537;0.281463
0.0504748;0.330859;0.281463
0.0471677;0.338182;0.281463
0.059766;0.304631;0.285725
0.0570223;0.311953;0.285725
0.0540646;0.319275;0.285725
0.0577214;0.304631;0.293047
0.0548194;0.311953;0.293047
0.0518293;0.319275;0.293047
0.0554215;0.304631;0.300369
0.0524732;0.311953;0.300369
0.0493217;0.319275;0.300369
0.0522944;0.323537;0.285725
0.0491596;0.330859;0.285725
0.0457921;0.338182;0.285725
0.0499941;0.323537;0.293047
0.046688;0.330859;0.293047
0.0433058;0.338182;0.293047
0.047428;0.323537;0.300369
0.0440745;0.330859;0.300369
0.0405177;0.338182;0.300369
0.04949;0.342443;0.266818
0.0462044;0.349766;0.266818
0.0426843;0.357088;0.266818
0.0474754;0.342443;0.274141
0.0439973;0.349766;0.274141
0.04048;0.357088;0.274141
0.0451908;0.342443;0.281463
0.0416934;0.349766;0.281463
0.0379503;0.357088;0.281463
0.0406036;0.36135;0.266818
0.036925;0.368672;0.266818
0.0329337;0.375994;0.266818
0.0383222;0.36135;0.274141
0.0344392;0.368672;0.274141
0.0305381;0.375994;0.274141
0.0357336;0.36135;0.281463
0.0318526;0.368672;0.281463
0.0277126;0.375994;0.281463
0.0437816;0.342443;0.285725
0.0402252;0.349766;0.285725
0.0364091;0.357088;0.285725
0.0412286;0.342443;0.293047
0.0374766;0.349766;0.293047
0.0336516;0.357088;0.293047
0.0383911;0.342443;0.300369
0.0346057;0.349766;0.300369
0.0305606;0.357088;0.300369
0.0341507;0.36135;0.285725
0.0301975;0.368672;0.285725
0.025968;0.375994;0.285725
0.0313165;0.36135;0.293047
0.02714;0.368672;0.293047
0.0229229;0.375994;0.293047
0.028179;0.36135;0.300369
0.0240385;0.368672;0.300369
0.0196328;0.375994;0.300369
0.040728;0.380256;0.229006
0.0371444;0.387578;0.229006
0.0333432;0.3949;0.229006
0.039222;0.380256;0.236328
0.0354713;0.387578;0.236328
0.0316314;0.3949;0.236328
0.0374389;0.380256;0.24365
0.0336726;0.387578;0.24365
0.0296912;0.3949;0.24365
0.0310881;0.399162;0.229006
0.0271247;0.406484;0.229006
0.0229169;0.413807;0.229006
0.0293029;0.399162;0.236328
0.0251527;0.406484;0.236328
0.0209309;0.413807;0.236328
0.0272815;0.399162;0.24365
0.0230438;0.406484;0.24365
0.0186832;0.413807;0.24365
0.036335;0.380256;0.247912
0.0325053;0.387578;0.247912
0.028443;0.3949;0.247912
0.0343073;0.380256;0.255234
0.0303044;0.387578;0.255234
0.0261655;0.3949;0.255234
0.0319519;0.380256;0.262557
0.0279915;0.387578;0.262557
0.0237541;0.3949;0.262557
0.0260127;0.399162;0.247912
0.0217378;0.406484;0.247912
0.0172498;0.413807;0.247912
0.023691;0.399162;0.255234
0.0192634;0.406484;0.255234
0.0146031;0.413807;0.255234
0.021139;0.399162;0.262557
0.0164943;0.406484;0.262557
0.0117315;0.413807;0.262557
0.020432;0.418068;0.229006
0.0160831;0.425391;0.229006
0.0114582;0.432713;0.229006
0.0183579;0.418068;0.236328
0.0137358;0.425391;0.236328
0.00903717;0.432713;0.236328
0.0160234;0.418068;0.24365
0.0112764;0.425391;0.24365
0.00645594;0.432713;0.24365
0.0093721;0.435923;0.229006
0.00697496;0.439632;0.229006
0.0045274;0.443341;0.229006
0.00723626;0.435484;0.236328
0.00578561;0.437685;0.236328
0.00431849;0.439885;0.236328
0.00489909;0.435039;0.24365
0.00441976;0.435711;0.24365
0.0039456;0.436382;0.24365
0.0152557;0.418068;0.245893
0.0104989;0.425391;0.245893
0.00562945;0.432713;0.245893
0.0151225;0.418068;0.246278
0.0103638;0.425391;0.246278
0.00547847;0.432713;0.246278
0.0149886;0.418068;0.246663
0.0102281;0.425391;0.246663
0.00532772;0.432713;0.246663
0.0143212;0.417935;0.248793
0.00985814;0.424799;0.248793
0.00522172;0.431663;0.248793
0.0120352;0.417472;0.255731
0.008605;0.422746;0.255731
0.00507061;0.428019;0.255731
0.00956588;0.417003;0.262669
0.00713135;0.420663;0.262669
0.00471607;0.424323;0.262669
0.00414857;0.434901;0.245893
0.00400104;0.435099;0.245893
0.00385425;0.435296;0.245893
0.00400869;0.434876;0.246278
0.00392453;0.434987;0.246278
0.00384059;0.435099;0.246278
0.0038699;0.434851;0.246663
0.00385069;0.434876;0.246663
0.0038315;0.434901;0.246663
0.0305555;0.380256;0.266818
0.0264676;0.387578;0.266818
0.0222073;0.3949;0.266818
0.0280877;0.380256;0.274141
0.0236429;0.387578;0.274141
0.0192956;0.3949;0.274141
0.0252299;0.380256;0.281463
0.0208509;0.387578;0.281463
0.0162297;0.3949;0.281463
0.0198236;0.399162;0.266118
0.0150811;0.406484;0.266118
0.0102842;0.413807;0.266118
0.017927;0.399162;0.271035
0.0131252;0.406484;0.271035
0.00825988;0.413807;0.271035
0.0159009;0.399162;0.275952
0.0110705;0.406484;0.275952
0.00612212;0.413807;0.275952
0.0150167;0.399109;0.278082
0.0103045;0.406251;0.278082
0.00544707;0.413393;0.278082
0.0140674;0.398928;0.280488
0.00978028;0.405446;0.280488
0.00533487;0.411964;0.280488
0.0130853;0.398746;0.282894
0.00923395;0.404637;0.282894
0.00521635;0.410528;0.282894
0.0234663;0.380256;0.285725
0.0190546;0.387578;0.285725
0.0142941;0.3949;0.285725
0.0203238;0.380256;0.293047
0.0155845;0.387578;0.293047
0.0107634;0.3949;0.293047
0.0168694;0.380256;0.300369
0.0119844;0.387578;0.300369
0.00714973;0.3949;0.300369
0.0119206;0.398522;0.285725
0.00859724;0.403645;0.285725
0.00503198;0.408769;0.285725
0.00878106;0.397931;0.293047
0.00679589;0.401022;0.293047
0.00473789;0.404113;0.293047
0.00553362;0.397329;0.300369
0.00479398;0.398353;0.300369
0.00407526;0.399377;0.300369
0.00830407;0.416762;0.266118
0.00634954;0.419593;0.266118
0.00442264;0.422425;0.266118
0.00649397;0.416404;0.271035
0.00533743;0.418008;0.271035
0.0041893;0.419612;0.271035
0.00458321;0.416043;0.275952
0.00432106;0.416407;0.275952
0.0040595;0.41677;0.275952
0.0135685;0.455881;0.152557
0.00987557;0.463203;0.152557
0.00606922;0.470525;0.152557
0.0130862;0.455881;0.15705
0.00930162;0.463203;0.15705
0.00540263;0.470525;0.15705
0.0125346;0.455881;0.161543
0.00865262;0.463203;0.161543
0.0046589;0.470525;0.161543
0.012265;0.455849;0.163673
0.00839425;0.463063;0.163673
0.00441809;0.470276;0.163673
0.0119188;0.45574;0.166503
0.00819066;0.462578;0.166503
0.00437326;0.469417;0.166503
0.0115461;0.45563;0.169333
0.00796455;0.462092;0.169333
0.00430996;0.468554;0.169333
0.0047243;0.473048;0.152557
0.00398448;0.474394;0.152557
0.00324693;0.475739;0.152557
0.00411777;0.472878;0.15705
0.00367837;0.473638;0.15705
0.00324067;0.474398;0.15705
0.0034449;0.472706;0.161543
0.0033408;0.472878;0.161543
0.00323686;0.47305;0.161543
0.0111662;0.455507;0.172287
0.0077683;0.461545;0.172287
0.00429217;0.467583;0.172287
0.0100993;0.455191;0.179609
0.00723631;0.460141;0.179609
0.00429541;0.465092;0.179609
0.00879196;0.454871;0.186932
0.0065222;0.458722;0.186932
0.00420311;0.462574;0.186932
0.00794449;0.454675;0.191193
0.00604705;0.457852;0.191193
0.00410793;0.46103;0.191193
0.00639363;0.45432;0.198516
0.00517699;0.456279;0.198516
0.00395356;0.458239;0.198516
0.00469868;0.453961;0.205838
0.00421191;0.454688;0.205838
0.00373027;0.455415;0.205838
0.00412207;0.453844;0.208193
0.00389626;0.454169;0.208193
0.00367207;0.454493;0.208193
0.00391605;0.453803;0.208965
0.00378549;0.453986;0.208965
0.00365544;0.454169;0.208965
0.00371116;0.453762;0.209736
0.003681;0.453803;0.209736
0.00365086;0.453844;0.209736
0.0839063;0.00213077;0.304631
0.0842432;0.00945312;0.304631
0.0844943;0.0167755;0.304631
0.0853061;0.00213077;0.311953
0.0854682;0.00945312;0.311953
0.0857578;0.0167755;0.311953
0.086222;0.00213077;0.319275
0.0864368;0.00945312;0.319275
0.0865722;0.0167755;0.319275
0.0846735;0.021037;0.304631
0.085042;0.0283594;0.304631
0.0853183;0.0356817;0.304631
0.085897;0.021037;0.311953
0.0860816;0.0283594;0.311953
0.0863742;0.0356817;0.311953
0.0866726;0.021037;0.319275
0.0868868;0.0283594;0.319275
0.0870168;0.0356817;0.319275
0.0865964;0.00213077;0.323537
0.0867904;0.00945312;0.323537
0.086894;0.0167755;0.323537
0.0870108;0.00213077;0.330859
0.0870707;0.00945312;0.330859
0.0872246;0.0167755;0.330859
0.0869742;0.00213077;0.338182
0.0870929;0.00945312;0.338182
0.087128;0.0167755;0.338182
0.086976;0.021037;0.323537
0.0871599;0.0283594;0.323537
0.0872496;0.0356817;0.323537
0.0872815;0.021037;0.330859
0.087321;0.0283594;0.330859
0.0874405;0.0356817;0.330859
0.0871591;0.021037;0.338182
0.087237;0.0283594;0.338182
0.0872281;0.0356817;0.338182
0.0855037;0.0399433;0.304631
0.0858676;0.0472656;0.304631
0.0861317;0.054588;0.304631
0.0865118;0.0399433;0.311953
0.0866875;0.0472656;0.311953
0.0869505;0.054588;0.311953
0.0871077;0.0399433;0.319275
0.0872939;0.0472656;0.319275
0.0873898;0.054588;0.319275
0.0863013;0.0588495;0.304631
0.0866224;0.0661719;0.304631
0.0868356;0.0734942;0.304631
0.0870669;0.0588495;0.311953
0.0871996;0.0661719;0.311953
0.0873983;0.0734942;0.311953
0.087454;0.0588495;0.319275
0.0875818;0.0661719;0.319275
0.0876124;0.0734942;0.319275
0.0873175;0.0399433;0.323537
0.0874658;0.0472656;0.323537
0.0875148;0.054588;0.323537
0.0874751;0.0399433;0.330859
0.0874722;0.0472656;0.330859
0.0875334;0.054588;0.330859
0.087229;0.0399433;0.338182
0.0872463;0.0472656;0.338182
0.0871726;0.054588;0.338182
0.0875524;0.0588495;0.323537
0.0876366;0.0661719;0.323537
0.0876156;0.0734942;0.323537
0.0875314;0.0588495;0.330859
0.0874605;0.0661719;0.330859
0.087437;0.0734942;0.330859
0.0871305;0.0588495;0.338182
0.0870642;0.0661719;0.338182
0.0869017;0.0734942;0.338182
0.0868;0.00213077;0.342443
0.0869084;0.00945312;0.342443
0.0869225;0.0167755;0.342443
0.0862792;0.00213077;0.349766
0.0862832;0.00945312;0.349766
0.0863503;0.0167755;0.349766
0.085339;0.00213077;0.357088
0.0854008;0.00945312;0.357088
0.0853751;0.0167755;0.357088
0.0869416;0.021037;0.342443
0.0870002;0.0283594;0.342443
0.0869621;0.0356817;0.342443
0.0863536;0.021037;0.349766
0.0862974;0.0283594;0.349766
0.086294;0.0356817;0.349766
0.0853609;0.021037;0.357088
0.0853446;0.0283594;0.357088
0.0852387;0.0356817;0.357088
0.0846441;0.00213077;0.36135
0.0847018;0.00945312;0.36135
0.0846618;0.0167755;0.36135
0.0832341;0.00213077;0.368672
0.0832095;0.00945312;0.368672
0.0832201;0.0167755;0.368672
0.081431;0.00213077;0.375994
0.0814592;0.00945312;0.375994
0.0813965;0.0167755;0.375994
0.0846396;0.021037;0.36135
0.084611;0.0283594;0.36135
0.0844831;0.0356817;0.36135
0.0831876;0.021037;0.368672
0.0830666;0.0283594;0.368672
0.0829729;0.0356817;0.368672
0.0813517;0.021037;0.375994
0.0812678;0.0283594;0.375994
0.0810913;0.0356817;0.375994
0.0869466;0.0399433;0.342443
0.086937;0.0472656;0.342443
0.0868273;0.054588;0.342443
0.0862548;0.0399433;0.349766
0.0861224;0.0472656;0.349766
0.0860307;0.054588;0.349766
0.0851744;0.0399433;0.357088
0.0850653;0.0472656;0.357088
0.0848636;0.054588;0.357088
0.086765;0.0588495;0.342443
0.0866655;0.0661719;0.342443
0.0864615;0.0734942;0.342443
0.0859381;0.0588495;0.349766
0.0857102;0.0661719;0.349766
0.0855094;0.0734942;0.349766
0.0847394;0.0588495;0.357088
0.0845198;0.0661719;0.357088
0.0842035;0.0734942;0.357088
0.0844065;0.0399433;0.36135
0.0842779;0.0472656;0.36135
0.0840475;0.054588;0.36135
0.0828788;0.0399433;0.368672
0.0826494;0.0472656;0.368672
0.0824379;0.054588;0.368672
0.0809778;0.0399433;0.375994
0.0807706;0.0472656;0.375994
0.0804683;0.054588;0.375994
0.0839073;0.0588495;0.36135
0.0836617;0.0661719;0.36135
0.083311;0.0734942;0.36135
0.0822737;0.0588495;0.368672
0.0819208;0.0661719;0.368672
0.0815747;0.0734942;0.368672
0.0802783;0.0588495;0.375994
0.0799333;0.0661719;0.375994
0.0794903;0.0734942;0.375994
0.0869669;0.0777558;0.304631
0.0872069;0.0850781;0.304631
0.087331;0.0924005;0.304631
0.0874733;0.0777558;0.311953
0.0875278;0.0850781;0.311953
0.0876274;0.0924005;0.311953
0.0876314;0.0777558;0.319275
0.0876688;0.0850781;0.319275
0.0876019;0.0924005;0.319275
0.0874021;0.096662;0.304631
0.0875239;0.103984;0.304631
0.087522;0.111307;0.304631
0.0876405;0.096662;0.311953
0.087582;0.103984;0.311953
0.0875483;0.111307;0.311953
0.087557;0.096662;0.319275
0.0874718;0.103984;0.319275
0.0872752;0.111307;0.319275
0.0876056;0.0777558;0.323537
0.0875955;0.0850781;0.323537
0.0874738;0.0924005;0.323537
0.0873826;0.0777558;0.330859
0.0872161;0.0850781;0.330859
0.0870797;0.0924005;0.330859
0.0868023;0.0777558;0.338182
0.086627;0.0850781;0.338182
0.0863498;0.0924005;0.338182
0.0873982;0.096662;0.323537
0.087263;0.103984;0.323537
0.0870094;0.111307;0.323537
0.0869562;0.096662;0.330859
0.0866654;0.103984;0.330859
0.0863871;0.111307;0.330859
0.0861776;0.096662;0.338182
0.0858666;0.103984;0.338182
0.0854477;0.111307;0.338182
0.0875119;0.115568;0.304631
0.0874805;0.122891;0.304631
0.0873179;0.130213;0.304631
0.0874799;0.115568;0.311953
0.0872746;0.122891;0.311953
0.087075;0.130213;0.311953
0.0871477;0.115568;0.319275
0.0869084;0.122891;0.319275
0.0865506;0.130213;0.319275
0.087207;0.134475;0.304631
0.0869898;0.141797;0.304631
0.0866344;0.149119;0.304631
0.0869061;0.134475;0.311953
0.086522;0.141797;0.311953
0.0861256;0.149119;0.311953
0.0863225;0.134475;0.319275
0.0858984;0.141797;0.319275
0.0853492;0.149119;0.319275
0.0868503;0.115568;0.323537
0.0865594;0.122891;0.323537
0.0861435;0.130213;0.323537
0.0861778;0.115568;0.330859
0.0857335;0.122891;0.330859
0.0852847;0.130213;0.330859
0.0851869;0.115568;0.338182
0.0847127;0.122891;0.338182
0.0841246;0.130213;0.338182
0.0858832;0.134475;0.323537
0.0854069;0.141797;0.323537
0.0847989;0.149119;0.323537
0.0849727;0.134475;0.330859
0.0843461;0.141797;0.330859
0.0836984;0.149119;0.330859
0.0837593;0.134475;0.338182
0.0830946;0.141797;0.338182
0.0823098;0.149119;0.338182
0.0863387;0.0777558;0.342443
0.0861253;0.0850781;0.342443
0.0858022;0.0924005;0.342443
0.085351;0.0777558;0.349766
0.0850055;0.0850781;0.349766
0.0846727;0.0924005;0.349766
0.084008;0.0777558;0.357088
0.0836572;0.0850781;0.357088
0.0832051;0.0924005;0.357088
0.0856044;0.096662;0.342443
0.0852514;0.103984;0.342443
0.0847831;0.111307;0.342443
0.0844348;0.096662;0.349766
0.0839478;0.103984;0.349766
0.0834585;0.111307;0.349766
0.0829256;0.096662;0.357088
0.0824212;0.103984;0.357088
0.0818106;0.111307;0.357088
0.0830962;0.0777558;0.36135
0.0827141;0.0850781;0.36135
0.0822227;0.0924005;0.36135
0.0813303;0.0777558;0.368672
0.080836;0.0850781;0.368672
0.0803361;0.0924005;0.368672
0.0792144;0.0777558;0.375994
0.0787148;0.0850781;0.375994
0.0781133;0.0924005;0.375994
0.0819212;0.096662;0.36135
0.081381;0.103984;0.36135
0.0807268;0.111307;0.36135
0.0800002;0.096662;0.368672
0.0793443;0.103984;0.368672
0.0786698;0.111307;0.368672
0.077741;0.096662;0.375994
0.0770675;0.103984;0.375994
0.0762881;0.111307;0.375994
0.0844949;0.115568;0.342443
0.0839758;0.122891;0.342443
0.0833357;0.130213;0.342443
0.0831267;0.115568;0.349766
0.0824733;0.122891;0.349766
0.0818022;0.130213;0.349766
0.0814335;0.115568;0.357088
0.0807518;0.122891;0.357088
0.0799586;0.130213;0.357088
0.0829415;0.134475;0.342443
0.0822297;0.141797;0.342443
0.081391;0.149119;0.342443
0.0813617;0.134475;0.349766
0.0805162;0.141797;0.349766
0.0796376;0.149119;0.349766
0.0794697;0.134475;0.357088
0.0785861;0.141797;0.357088
0.0775858;0.149119;0.357088
0.0803254;0.115568;0.36135
0.0796041;0.122891;0.36135
0.078764;0.130213;0.36135
0.0782299;0.115568;0.368672
0.0773908;0.122891;0.368672
0.0765193;0.130213;0.368672
0.0758074;0.115568;0.375994
0.0749393;0.122891;0.375994
0.0739607;0.130213;0.375994
0.0782489;0.134475;0.36135
0.0773226;0.141797;0.36135
0.0762722;0.149119;0.36135
0.0759623;0.134475;0.368672
0.0749172;0.141797;0.368672
0.0738254;0.149119;0.368672
0.0733592;0.134475;0.375994
0.0722744;0.141797;0.375994
0.0710746;0.149119;0.375994
0.0802372;0.00213077;0.380256
0.0802649;0.00945312;0.380256
0.0801918;0.0167755;0.380256
0.0779721;0.00213077;0.387578
0.0779343;0.00945312;0.387578
0.0779065;0.0167755;0.387578
0.0753339;0.00213077;0.3949
0.0753419;0.00945312;0.3949
0.0752555;0.0167755;0.3949
0.0801414;0.021037;0.380256
0.0800494;0.0283594;0.380256
0.0798555;0.0356817;0.380256
0.0778491;0.021037;0.387578
0.0776818;0.0283594;0.387578
0.0775185;0.0356817;0.387578
0.0751888;0.021037;0.3949
0.0750535;0.0283594;0.3949
0.0748225;0.0356817;0.3949
0.0736555;0.00213077;0.399162
0.0736645;0.00945312;0.399162
0.0735699;0.0167755;0.399162
0.0705559;0.00213077;0.406484
0.0705124;0.00945312;0.406484
0.0704562;0.0167755;0.406484
0.0670965;0.00213077;0.413807
0.0670907;0.00945312;0.413807
0.0669871;0.0167755;0.413807
0.073499;0.021037;0.399162
0.0733578;0.0283594;0.399162
0.0731122;0.0356817;0.399162
0.0703796;0.021037;0.406484
0.0701764;0.0283594;0.406484
0.069956;0.0356817;0.406484
0.066903;0.021037;0.413807
0.0667253;0.0283594;0.413807
0.0664486;0.0356817;0.413807
0.0797324;0.0399433;0.380256
0.0795102;0.0472656;0.380256
0.0791842;0.054588;0.380256
0.0773816;0.0399433;0.387578
0.0770757;0.0472656;0.387578
0.0767662;0.054588;0.387578
0.0746696;0.0399433;0.3949
0.0743821;0.0472656;0.3949
0.073997;0.054588;0.3949
0.0789809;0.0588495;0.380256
0.0786148;0.0661719;0.380256
0.0781422;0.0734942;0.380256
0.0765431;0.0588495;0.387578
0.0760863;0.0661719;0.387578
0.0756166;0.0734942;0.387578
0.0737517;0.0588495;0.3949
0.0733001;0.0661719;0.3949
0.0727483;0.0734942;0.3949
0.0729514;0.0399433;0.399162
0.0726516;0.0472656;0.399162
0.0722457;0.054588;0.399162
0.0697835;0.0399433;0.406484
0.0694134;0.0472656;0.406484
0.0690195;0.054588;0.406484
0.0662621;0.0399433;0.413807
0.0659051;0.0472656;0.413807
0.0654475;0.054588;0.413807
0.0719889;0.0588495;0.399162
0.0715191;0.0661719;0.399162
0.070941;0.0734942;0.399162
0.0687451;0.0588495;0.406484
0.0681978;0.0661719;0.406484
0.0676188;0.0734942;0.406484
0.0651531;0.0588495;0.413807
0.0646062;0.0661719;0.413807
0.0639569;0.0734942;0.413807
0.0649393;0.00213077;0.418068
0.064935;0.00945312;0.418068
0.0648243;0.0167755;0.418068
0.0610116;0.00213077;0.425391
0.0609648;0.00945312;0.425391
0.0608848;0.0167755;0.425391
0.056731;0.00213077;0.432713
0.0567135;0.00945312;0.432713
0.0565945;0.0167755;0.432713
0.0647366;0.021037;0.418068
0.0645539;0.0283594;0.418068
0.0642641;0.0356817;0.418068
0.0607921;0.021037;0.425391
0.0605575;0.0283594;0.425391
0.0602863;0.0356817;0.425391
0.0564949;0.021037;0.432713
0.0562791;0.0283594;0.432713
0.0559601;0.0356817;0.432713
0.0540929;0.00213077;0.436975
0.0540764;0.00945312;0.436975
0.0539508;0.0167755;0.436975
0.0493297;0.00213077;0.444297
0.0492784;0.00945312;0.444297
0.0491758;0.0167755;0.444297
0.0442141;0.00213077;0.451619
0.0441845;0.00945312;0.451619
0.0440485;0.0167755;0.451619
0.0538476;0.021037;0.436975
0.0536267;0.0283594;0.436975
0.0532955;0.0356817;0.436975
0.0490671;0.021037;0.444297
0.0488019;0.0283594;0.444297
0.0484828;0.0356817;0.444297
0.043933;0.021037;0.451619
0.0436799;0.0283594;0.451619
0.043319;0.0356817;0.451619
0.0640705;0.0399433;0.418068
0.0637025;0.0472656;0.418068
0.0632261;0.054588;0.418068
0.0600817;0.0399433;0.425391
0.0596537;0.0472656;0.425391
0.0591839;0.054588;0.425391
0.0557423;0.0399433;0.432713
0.0553212;0.0472656;0.432713
0.0547966;0.054588;0.432713
0.0629215;0.0588495;0.418068
0.0623581;0.0661719;0.418068
0.0616841;0.0734942;0.418068
0.0588634;0.0588495;0.425391
0.0582335;0.0661719;0.425391
0.0575533;0.0734942;0.425391
0.0544572;0.0588495;0.432713
0.0538223;0.0661719;0.432713
0.053082;0.0734942;0.432713
0.0530711;0.0399433;0.436975
0.052639;0.0472656;0.436975
0.0520957;0.054588;0.436975
0.0482482;0.0399433;0.444297
0.0477639;0.0472656;0.444297
0.0472192;0.054588;0.444297
0.0430715;0.0399433;0.451619
0.042589;0.0472656;0.451619
0.0419961;0.054588;0.451619
0.0517461;0.0588495;0.436975
0.051095;0.0661719;0.436975
0.0503312;0.0734942;0.436975
0.0468528;0.0588495;0.444297
0.0461422;0.0661719;0.444297
0.0453659;0.0734942;0.444297
0.0416096;0.0588495;0.451619
0.040886;0.0661719;0.451619
0.0400576;0.0734942;0.451619
0.0778498;0.0777558;0.380256
0.0773235;0.0850781;0.380256
0.0766873;0.0924005;0.380256
0.0752987;0.0777558;0.387578
0.0746762;0.0850781;0.387578
0.07403;0.0924005;0.387578
0.0724027;0.0777558;0.3949
0.0717724;0.0850781;0.3949
0.0710389;0.0924005;0.3949
0.0762955;0.096662;0.380256
0.0755905;0.103984;0.380256
0.0747718;0.111307;0.380256
0.0736077;0.096662;0.387578
0.0728022;0.103984;0.387578
0.0719615;0.111307;0.387578
0.0705837;0.096662;0.3949
0.0697582;0.103984;0.3949
0.068826;0.111307;0.3949
0.0705807;0.0777558;0.399162
0.0699268;0.0850781;0.399162
0.0691618;0.0924005;0.399162
0.0672356;0.0777558;0.406484
0.0664985;0.0850781;0.406484
0.0657202;0.0924005;0.406484
0.0635482;0.0777558;0.413807
0.0627988;0.0850781;0.413807
0.0619447;0.0924005;0.413807
0.068689;0.096662;0.399162
0.0678348;0.103984;0.399162
0.0668662;0.111307;0.399162
0.0652194;0.096662;0.406484
0.0642772;0.103984;0.406484
0.0632832;0.111307;0.406484
0.0614135;0.096662;0.413807
0.0604473;0.103984;0.413807
0.0593727;0.111307;0.413807
0.0742693;0.115568;0.380256
0.0733654;0.122891;0.380256
0.0723436;0.130213;0.380256
0.071424;0.115568;0.387578
0.0704165;0.122891;0.387578
0.0693611;0.130213;0.387578
0.068251;0.115568;0.3949
0.0672119;0.122891;0.3949
0.0660621;0.130213;0.3949
0.0717179;0.134475;0.380256
0.0705936;0.141797;0.380256
0.0693469;0.149119;0.380256
0.0686965;0.134475;0.387578
0.0674665;0.141797;0.387578
0.0661753;0.149119;0.387578
0.0653558;0.134475;0.3949
0.0640829;0.141797;0.3949
0.0626953;0.149119;0.3949
0.0662709;0.115568;0.399162
0.0651985;0.122891;0.399162
0.0640082;0.130213;0.399162
0.0626551;0.115568;0.406484
0.0614907;0.122891;0.406484
0.0602636;0.130213;0.406484
0.0587094;0.115568;0.413807
0.0575097;0.122891;0.413807
0.0561982;0.130213;0.413807
0.0632793;0.134475;0.399162
0.061969;0.141797;0.399162
0.0605367;0.149119;0.399162
0.0594982;0.134475;0.406484
0.0580933;0.141797;0.406484
0.0566124;0.149119;0.406484
0.055393;0.134475;0.413807
0.0539418;0.141797;0.413807
0.0523748;0.149119;0.413807
0.0612616;0.0777558;0.418068
0.0604903;0.0850781;0.418068
0.0596061;0.0924005;0.418068
0.0571091;0.0777558;0.425391
0.056265;0.0850781;0.425391
0.0553624;0.0924005;0.425391
0.0526138;0.0777558;0.432713
0.0517521;0.0850781;0.432713
0.0507838;0.0924005;0.432713
0.0590582;0.096662;0.418068
0.0580651;0.103984;0.418068
0.0569564;0.111307;0.418068
0.0547875;0.096662;0.425391
0.0537163;0.103984;0.425391
0.0525779;0.111307;0.425391
0.0501802;0.096662;0.432713
0.0490795;0.103984;0.432713
0.0478688;0.111307;0.432713
0.0498506;0.0777558;0.436975
0.0489692;0.0850781;0.436975
0.0479727;0.0924005;0.436975
0.0448648;0.0777558;0.444297
0.0439205;0.0850781;0.444297
0.0429008;0.0924005;0.444297
0.0395313;0.0777558;0.451619
0.0385594;0.0850781;0.451619
0.0374833;0.0924005;0.451619
0.0473532;0.096662;0.436975
0.0462271;0.103984;0.436975
0.044983;0.111307;0.436975
0.0422562;0.096662;0.444297
0.0410619;0.103984;0.444297
0.0397828;0.111307;0.444297
0.0368123;0.096662;0.451619
0.0355828;0.103984;0.451619
0.0342378;0.111307;0.451619
0.0562738;0.115568;0.418068
0.0550423;0.122891;0.418068
0.0536918;0.130213;0.418068
0.0518643;0.115568;0.425391
0.0505501;0.122891;0.425391
0.0491574;0.130213;0.425391
0.0471215;0.115568;0.432713
0.0457675;0.122891;0.432713
0.044297;0.130213;0.432713
0.0528647;0.134475;0.418068
0.0513774;0.141797;0.418068
0.0497678;0.149119;0.418068
0.048294;0.134475;0.425391
0.0467202;0.141797;0.425391
0.0450575;0.149119;0.425391
0.043394;0.134475;0.432713
0.0417683;0.141797;0.432713
0.0400262;0.149119;0.432713
0.0442164;0.115568;0.436975
0.0428306;0.122891;0.436975
0.0413229;0.130213;0.436975
0.0389843;0.115568;0.444297
0.0375228;0.122891;0.444297
0.0359701;0.130213;0.444297
0.0334074;0.115568;0.451619
0.031903;0.122891;0.451619
0.030278;0.130213;0.451619
0.0403984;0.134475;0.436975
0.0387358;0.141797;0.436975
0.036951;0.149119;0.436975
0.0350115;0.134475;0.444297
0.0332701;0.141797;0.444297
0.0314262;0.149119;0.444297
0.0292822;0.134475;0.451619
0.0274903;0.141797;0.451619
0.0255746;0.149119;0.451619
0.0864047;0.153381;0.304631
0.0859715;0.160703;0.304631
0.0853936;0.168025;0.304631
0.0858386;0.153381;0.311953
0.0852455;0.160703;0.311953
0.0846235;0.168025;0.311953
0.0850033;0.153381;0.319275
0.0843655;0.160703;0.319275
0.0835959;0.168025;0.319275
0.0850282;0.172287;0.304631
0.0843514;0.179609;0.304631
0.0835235;0.186932;0.304631
0.0842018;0.172287;0.311953
0.0833715;0.179609;0.311953
0.0824971;0.186932;0.311953
0.0831158;0.172287;0.319275
0.0822368;0.179609;0.319275
0.0812198;0.186932;0.319275
0.0844206;0.153381;0.323537
0.0837302;0.160703;0.323537
0.0829017;0.168025;0.323537
0.0832673;0.153381;0.330859
0.0824304;0.160703;0.330859
0.0815563;0.168025;0.330859
0.081824;0.153381;0.338182
0.0809417;0.160703;0.338182
0.0799334;0.168025;0.338182
0.0823891;0.172287;0.323537
0.0814575;0.179609;0.323537
0.0803813;0.186932;0.323537
0.0809902;0.172287;0.330859
0.0799157;0.179609;0.330859
0.078789;0.186932;0.330859
0.0793116;0.172287;0.338182
0.0781854;0.179609;0.338182
0.0769271;0.186932;0.338182
0.0830073;0.191193;0.304631
0.0820615;0.198516;0.304631
0.0809583;0.205838;0.304631
0.0819252;0.191193;0.311953
0.0808313;0.198516;0.311953
0.0796796;0.205838;0.311953
0.08059;0.191193;0.319275
0.0794439;0.198516;0.319275
0.0781536;0.205838;0.319275
0.0802769;0.2101;0.304631
0.0790387;0.217422;0.304631
0.0776365;0.224744;0.304631
0.0789429;0.2101;0.311953
0.0775606;0.217422;0.311953
0.0761082;0.224744;0.311953
0.0773595;0.2101;0.319275
0.0759219;0.217422;0.319275
0.0743339;0.224744;0.319275
0.079719;0.191193;0.323537
0.0785203;0.198516;0.323537
0.0771706;0.205838;0.323537
0.0780726;0.191193;0.330859
0.0767344;0.198516;0.330859
0.0753297;0.205838;0.330859
0.0761543;0.191193;0.338182
0.0747585;0.198516;0.338182
0.0732248;0.205838;0.338182
0.076344;0.2101;0.323537
0.0748537;0.217422;0.323537
0.0732058;0.224744;0.323537
0.0744483;0.2101;0.330859
0.0728212;0.217422;0.330859
0.0711144;0.224744;0.330859
0.0722863;0.2101;0.338182
0.0705963;0.217422;0.338182
0.0687627;0.224744;0.338182
0.0808753;0.153381;0.342443
0.0799443;0.160703;0.342443
0.0788803;0.168025;0.342443
0.0790734;0.153381;0.349766
0.07801;0.160703;0.349766
0.0768984;0.168025;0.349766
0.0769707;0.153381;0.357088
0.0758604;0.160703;0.357088
0.0746279;0.168025;0.357088
0.0782278;0.172287;0.342443
0.0770516;0.179609;0.342443
0.0757362;0.186932;0.342443
0.0761955;0.172287;0.349766
0.0748886;0.179609;0.349766
0.0735185;0.186932;0.349766
0.0738721;0.172287;0.357088
0.07251;0.179609;0.357088
0.0710204;0.186932;0.357088
0.0756293;0.153381;0.36135
0.0744737;0.160703;0.36135
0.0731885;0.168025;0.36135
0.0731376;0.153381;0.368672
0.0718629;0.160703;0.368672
0.070527;0.168025;0.368672
0.0703389;0.153381;0.375994
0.0690145;0.160703;0.375994
0.0675703;0.168025;0.375994
0.0724036;0.172287;0.36135
0.070994;0.179609;0.36135
0.0694494;0.186932;0.36135
0.0696945;0.172287;0.368672
0.0681663;0.179609;0.368672
0.0665622;0.186932;0.368672
0.0666871;0.172287;0.375994
0.0650994;0.179609;0.375994
0.0633875;0.186932;0.375994
0.074932;0.191193;0.342443
0.0734851;0.198516;0.342443
0.071893;0.205838;0.342443
0.0726622;0.191193;0.349766
0.0710864;0.198516;0.349766
0.069433;0.205838;0.349766
0.0701093;0.191193;0.357088
0.0684705;0.198516;0.357088
0.0666989;0.205838;0.357088
0.0709223;0.2101;0.342443
0.0691803;0.217422;0.342443
0.0672869;0.224744;0.342443
0.0684088;0.2101;0.349766
0.0665394;0.217422;0.349766
0.0645784;0.224744;0.349766
0.0656182;0.2101;0.357088
0.0636784;0.217422;0.357088
0.0616004;0.224744;0.357088
0.0685081;0.191193;0.36135
0.0668199;0.198516;0.36135
0.064991;0.205838;0.36135
0.0655709;0.191193;0.368672
0.0637649;0.198516;0.368672
0.0618683;0.205838;0.368672
0.0623428;0.191193;0.375994
0.060468;0.198516;0.375994
0.0584643;0.205838;0.375994
0.0638788;0.2101;0.36135
0.0618877;0.217422;0.36135
0.0597502;0.224744;0.36135
0.0607038;0.2101;0.368672
0.0585952;0.217422;0.368672
0.0563817;0.224744;0.368672
0.0572444;0.2101;0.375994
0.0550582;0.217422;0.375994
0.0527369;0.224744;0.375994
0.0767768;0.229006;0.304631
0.0752242;0.236328;0.304631
0.0735007;0.24365;0.304631
0.0751932;0.229006;0.311953
0.0734991;0.236328;0.311953
0.071724;0.24365;0.311953
0.0733617;0.229006;0.319275
0.0716091;0.236328;0.319275
0.0697;0.24365;0.319275
0.0724503;0.247912;0.304631
0.0705628;0.255234;0.304631
0.0684968;0.262557;0.304631
0.0706176;0.247912;0.311953
0.0685891;0.255234;0.311953
0.0664705;0.262557;0.311953
0.0685364;0.247912;0.319275
0.0664466;0.255234;0.319275
0.0641934;0.262557;0.319275
0.072201;0.229006;0.323537
0.0703956;0.236328;0.323537
0.0684255;0.24365;0.323537
0.070054;0.229006;0.330859
0.0681137;0.236328;0.330859
0.066081;0.24365;0.330859
0.0676443;0.229006;0.338182
0.065636;0.236328;0.338182
0.0634783;0.24365;0.338182
0.0672289;0.247912;0.323537
0.0650861;0.255234;0.323537
0.0627705;0.262557;0.323537
0.0648276;0.247912;0.330859
0.0625502;0.255234;0.330859
0.0601692;0.262557;0.330859
0.0621657;0.247912;0.338182
0.0598145;0.255234;0.338182
0.0573088;0.262557;0.338182
0.0672441;0.266818;0.304631
0.0650028;0.274141;0.304631
0.0625736;0.281463;0.304631
0.0651603;0.266818;0.311953
0.0627761;0.274141;0.311953
0.060295;0.281463;0.311953
0.0628255;0.266818;0.319275
0.0603775;0.274141;0.319275
0.0577587;0.281463;0.319275
0.0611069;0.285725;0.304631
0.0584929;0.293047;0.304631
0.0556817;0.300369;0.304631
0.0587691;0.285725;0.311953
0.0560074;0.293047;0.311953
0.0531444;0.300369;0.311953
0.0561754;0.285725;0.319275
0.0533498;0.293047;0.319275
0.0503426;0.300369;0.319275
0.061369;0.266818;0.323537
0.0588671;0.274141;0.323537
0.0561839;0.281463;0.323537
0.0587091;0.266818;0.330859
0.0560709;0.274141;0.330859
0.0533202;0.281463;0.330859
0.0557889;0.266818;0.338182
0.0530717;0.274141;0.338182
0.0501934;0.281463;0.338182
0.0545663;0.285725;0.323537
0.0516867;0.293047;0.323537
0.0486138;0.300369;0.323537
0.0516409;0.285725;0.330859
0.0486213;0.293047;0.330859
0.0454835;0.300369;0.330859
0.0484532;0.285725;0.338182
0.0453509;0.293047;0.338182
0.0420803;0.300369;0.338182
0.0661359;0.229006;0.342443
0.0640747;0.236328;0.342443
0.0618554;0.24365;0.342443
0.0633725;0.229006;0.349766
0.0611856;0.236328;0.349766
0.0588931;0.24365;0.349766
0.0603362;0.229006;0.357088
0.0580725;0.236328;0.357088
0.0556658;0.24365;0.357088
0.0605098;0.247912;0.342443
0.0581048;0.255234;0.342443
0.0555345;0.262557;0.342443
0.0574913;0.247912;0.349766
0.0549618;0.255234;0.349766
0.0523114;0.262557;0.349766
0.0542038;0.247912;0.357088
0.0515891;0.255234;0.357088
0.048828;0.262557;0.357088
0.0584532;0.229006;0.36135
0.0561364;0.236328;0.36135
0.0536693;0.24365;0.36135
0.0550299;0.229006;0.368672
0.0525959;0.236328;0.368672
0.050045;0.24365;0.368672
0.0513272;0.229006;0.375994
0.0488069;0.236328;0.375994
0.0461474;0.24365;0.375994
0.0521747;0.247912;0.36135
0.0495051;0.255234;0.36135
0.0466765;0.262557;0.36135
0.0484967;0.247912;0.368672
0.0457139;0.255234;0.368672
0.0427861;0.262557;0.368672
0.0445385;0.247912;0.375994
0.0416669;0.255234;0.375994
0.0386439;0.262557;0.375994
0.0539806;0.266818;0.342443
0.0512095;0.274141;0.342443
0.0482636;0.281463;0.342443
0.0506985;0.266818;0.349766
0.0478029;0.274141;0.349766
0.0447742;0.281463;0.349766
0.047152;0.266818;0.357088
0.0441602;0.274141;0.357088
0.0410241;0.281463;0.357088
0.0464872;0.285725;0.342443
0.0433289;0.293047;0.342443
0.0399902;0.300369;0.342443
0.0429351;0.285725;0.349766
0.0396469;0.293047;0.349766
0.0362235;0.300369;0.349766
0.0391252;0.285725;0.357088
0.0357324;0.293047;0.357088
0.0321832;0.300369;0.357088
0.0449668;0.266818;0.36135
0.0419235;0.274141;0.36135
0.0387192;0.281463;0.36135
0.0410155;0.266818;0.368672
0.0378597;0.274141;0.368672
0.0345532;0.281463;0.368672
0.0367963;0.266818;0.375994
0.0335073;0.274141;0.375994
0.0301167;0.281463;0.375994
0.0367867;0.285725;0.36135
0.0333403;0.293047;0.36135
0.02971;0.300369;0.36135
0.0325629;0.285725;0.368672
0.0290102;0.293047;0.368672
0.0252696;0.300369;0.368672
0.028067;0.285725;0.375994
0.0243891;0.293047;0.375994
0.0205636;0.300369;0.375994
0.0685852;0.153381;0.380256
0.0672181;0.160703;0.380256
0.0657238;0.168025;0.380256
0.0653713;0.153381;0.387578
0.0638972;0.160703;0.387578
0.062348;0.168025;0.387578
0.0618456;0.153381;0.3949
0.0603176;0.160703;0.3949
0.0586711;0.168025;0.3949
0.0648127;0.172287;0.380256
0.0631795;0.179609;0.380256
0.0614143;0.186932;0.380256
0.0613916;0.172287;0.387578
0.0596512;0.179609;0.387578
0.0578208;0.186932;0.387578
0.0576657;0.172287;0.3949
0.0558611;0.179609;0.3949
0.053934;0.186932;0.3949
0.059662;0.153381;0.399162
0.0580928;0.160703;0.399162
0.0563978;0.168025;0.399162
0.0556972;0.153381;0.406484
0.0540311;0.160703;0.406484
0.0522756;0.168025;0.406484
0.0514157;0.153381;0.413807
0.0496915;0.160703;0.413807
0.0478478;0.168025;0.413807
0.0553653;0.172287;0.399162
0.0535166;0.179609;0.399162
0.0515383;0.186932;0.399162
0.0511987;0.172287;0.406484
0.0492519;0.179609;0.406484
0.047203;0.186932;0.406484
0.0467226;0.172287;0.413807
0.044705;0.179609;0.413807
0.0425668;0.186932;0.413807
0.0603402;0.191193;0.380256
0.0584175;0.198516;0.380256
0.0563576;0.205838;0.380256
0.0566984;0.191193;0.387578
0.0546684;0.198516;0.387578
0.0525337;0.205838;0.387578
0.0527593;0.191193;0.3949
0.0506538;0.198516;0.3949
0.0484227;0.205838;0.3949
0.0551069;0.2101;0.380256
0.0528707;0.217422;0.380256
0.050491;0.224744;0.380256
0.0512316;0.2101;0.387578
0.0488885;0.217422;0.387578
0.0464266;0.224744;0.387578
0.0470651;0.2101;0.3949
0.0446353;0.217422;0.3949
0.0420772;0.224744;0.3949
0.0503355;0.191193;0.399162
0.0481828;0.198516;0.399162
0.045895;0.205838;0.399162
0.0459543;0.191193;0.406484
0.0437051;0.198516;0.406484
0.041333;0.205838;0.406484
0.0412663;0.191193;0.413807
0.0389376;0.198516;0.413807
0.0364816;0.205838;0.413807
0.0445069;0.2101;0.399162
0.0420281;0.217422;0.399162
0.0394105;0.224744;0.399162
0.0398934;0.2101;0.406484
0.0373173;0.217422;0.406484
0.034607;0.224744;0.406484
0.0349837;0.2101;0.413807
0.0323064;0.217422;0.413807
0.0295147;0.224744;0.413807
0.0487852;0.153381;0.418068
0.0470218;0.160703;0.418068
0.0451313;0.168025;0.418068
0.0440359;0.153381;0.425391
0.0421851;0.160703;0.425391
0.0402304;0.168025;0.425391
0.0389599;0.153381;0.432713
0.0370438;0.160703;0.432713
0.0350103;0.168025;0.432713
0.0439795;0.172287;0.418068
0.0419177;0.179609;0.418068
0.0397276;0.186932;0.418068
0.0390364;0.172287;0.425391
0.0368857;0.179609;0.425391
0.0346167;0.186932;0.425391
0.0337714;0.172287;0.432713
0.0315479;0.179609;0.432713
0.029197;0.186932;0.432713
0.0358616;0.153381;0.436975
0.033907;0.160703;0.436975
0.031826;0.168025;0.436975
0.0302987;0.153381;0.444297
0.0282628;0.160703;0.444297
0.0261056;0.168025;0.444297
0.0243987;0.153381;0.451619
0.0222829;0.160703;0.451619
0.0200467;0.168025;0.451619
0.0305597;0.172287;0.436975
0.0282927;0.179609;0.436975
0.025895;0.186932;0.436975
0.0247927;0.172287;0.444297
0.022443;0.179609;0.444297
0.0199681;0.186932;0.444297
0.0186892;0.172287;0.451619
0.0162635;0.179609;0.451619
0.0137114;0.186932;0.451619
0.0383968;0.191193;0.418068
0.0360192;0.198516;0.418068
0.0335121;0.205838;0.418068
0.0332371;0.191193;0.425391
0.0307648;0.198516;0.425391
0.0281636;0.205838;0.425391
0.0277687;0.191193;0.432713
0.0252096;0.198516;0.432713
0.0225102;0.205838;0.432713
0.0319883;0.2101;0.418068
0.0292614;0.217422;0.418068
0.0263995;0.224744;0.418068
0.026597;0.2101;0.425391
0.0237896;0.217422;0.425391
0.0208049;0.224744;0.425391
0.0208752;0.2101;0.432713
0.0179679;0.217422;0.432713
0.0149291;0.224744;0.432713
0.024435;0.191193;0.436975
0.0218228;0.198516;0.436975
0.0190814;0.205838;0.436975
0.0184552;0.191193;0.444297
0.0157499;0.198516;0.444297
0.0129396;0.205838;0.444297
0.0121573;0.191193;0.451619
0.00937097;0.198516;0.451619
0.00645218;0.205838;0.451619
0.0181704;0.208193;0.436975
0.0120116;0.208193;0.444297
0.00548485;0.208193;0.451619
0.0178668;0.208965;0.436975
0.0117021;0.208965;0.444297
0.00516626;0.208965;0.451619
0.0175619;0.209736;0.436975
0.0113909;0.209736;0.444297
0.00484581;0.209736;0.451619
0.0167976;0.211867;0.436872
0.010919;0.211867;0.443841
0.00469677;0.211867;0.45081
0.0144233;0.218418;0.436516
0.0095499;0.218418;0.442261
0.00444224;0.218418;0.448006
0.0119687;0.224969;0.436155
0.00809928;0.224969;0.440663
0.00409341;0.224969;0.44517
0.0490483;0.229006;0.380256
0.0464741;0.236328;0.380256
0.0437539;0.24365;0.380256
0.04493;0.229006;0.387578
0.0422474;0.236328;0.387578
0.039435;0.24365;0.387578
0.0405262;0.229006;0.3949
0.0377511;0.236328;0.3949
0.0348343;0.24365;0.3949
0.042108;0.247912;0.380256
0.0391779;0.255234;0.380256
0.0361025;0.262557;0.380256
0.0377309;0.247912;0.387578
0.0346877;0.255234;0.387578
0.0315068;0.262557;0.387578
0.0330791;0.247912;0.3949
0.0299456;0.255234;0.3949
0.0266333;0.262557;0.3949
0.0378272;0.229006;0.399162
0.0350028;0.236328;0.399162
0.0320292;0.24365;0.399162
0.0329669;0.229006;0.406484
0.0300435;0.236328;0.406484
0.0269802;0.24365;0.406484
0.0278171;0.229006;0.413807
0.024776;0.236328;0.413807
0.021613;0.24365;0.413807
0.0302319;0.247912;0.399162
0.0270287;0.255234;0.399162
0.0236667;0.262557;0.399162
0.0251083;0.247912;0.406484
0.021775;0.255234;0.406484
0.0183496;0.262557;0.406484
0.0197027;0.247912;0.413807
0.0162933;0.255234;0.413807
0.0127414;0.262557;0.413807
0.0342319;0.266818;0.380256
0.0308865;0.274141;0.380256
0.0273992;0.281463;0.380256
0.0296;0.266818;0.387578
0.0261744;0.274141;0.387578
0.02252;0.281463;0.387578
0.0246209;0.266818;0.3949
0.0210636;0.274141;0.3949
0.0173904;0.281463;0.3949
0.0253053;0.285725;0.380256
0.0215934;0.293047;0.380256
0.0177261;0.300369;0.380256
0.0203631;0.285725;0.387578
0.0166088;0.293047;0.387578
0.0126252;0.300369;0.387578
0.0152133;0.285725;0.3949
0.011315;0.293047;0.3949
0.00715367;0.300369;0.3949
0.0219652;0.266118;0.399162
0.0166425;0.266118;0.406484
0.0109541;0.266118;0.413807
0.0195536;0.271035;0.399162
0.0142003;0.271035;0.406484
0.00842433;0.271035;0.413807
0.0170909;0.275952;0.399162
0.0116584;0.275952;0.406484
0.00583982;0.275952;0.413807
0.0160455;0.278082;0.399109
0.0107052;0.278082;0.406251
0.0050409;0.278082;0.413393
0.0149448;0.280488;0.398928
0.0100257;0.280488;0.405446
0.00489478;0.280488;0.411964
0.0138383;0.282894;0.398746
0.00933141;0.282894;0.404637
0.00471371;0.282894;0.410528
0.0125172;0.285725;0.398522
0.0085242;0.285725;0.403645
0.00450064;0.285725;0.408769
0.00900569;0.293047;0.397931
0.00655151;0.293047;0.401022
0.00406828;0.293047;0.404113
0.00527425;0.300369;0.397329
0.00452163;0.300369;0.398353
0.00375314;0.300369;0.399377
0.0246679;0.229006;0.418068
0.0215842;0.236328;0.418068
0.0183645;0.24365;0.418068
0.0190209;0.229006;0.425391
0.0158796;0.236328;0.425391
0.0125591;0.24365;0.425391
0.0131026;0.229006;0.432713
0.00984043;0.236328;0.432713
0.00640043;0.24365;0.432713
0.0173501;0.245893;0.418068
0.0115053;0.245893;0.425391
0.00531153;0.245893;0.432713
0.0171744;0.246278;0.418068
0.0113226;0.246278;0.425391
0.00512631;0.246278;0.432713
0.0169983;0.246663;0.418068
0.0111395;0.246663;0.425391
0.00494037;0.246663;0.432713
0.0161198;0.248793;0.417935
0.0106067;0.248793;0.424799
0.00481012;0.248793;0.431663
0.0132017;0.255731;0.417472
0.00892073;0.255731;0.422746
0.00446348;0.255731;0.428019
0.0101531;0.262669;0.417003
0.00717979;0.262669;0.420663
0.00408768;0.262669;0.424323
0.0104068;0.229006;0.435923
0.00719166;0.229006;0.439632
0.00389497;0.229006;0.443341
0.00746582;0.236328;0.435484
0.00554619;0.236328;0.437685
0.00359313;0.236328;0.439885
0.00437491;0.24365;0.435039
0.00380347;0.24365;0.435711
0.00322632;0.24365;0.436382
0.00339395;0.245893;0.434901
0.00322881;0.245893;0.435099
0.00306307;0.245893;0.435296
0.00322987;0.246278;0.434876
0.00313722;0.246278;0.434987
0.00304437;0.246278;0.435099
0.0030648;0.246663;0.434851
0.00304401;0.246663;0.434876
0.00302321;0.246663;0.434901
0.00857787;0.266118;0.416762
0.00628948;0.266118;0.419593
0.00391727;0.266118;0.422425
0.00628953;0.271035;0.416404
0.00499008;0.271035;0.418008
0.00366199;0.271035;0.419612
0.00398523;0.275952;0.416043
0.00368495;0.275952;0.416407
0.00338328;0.275952;0.41677
0.0410851;0.00213077;0.455881
0.0410555;0.00945312;0.455881
0.0409131;0.0167755;0.455881
0.0354655;0.00213077;0.463203
0.0354064;0.00945312;0.463203
0.0352802;0.0167755;0.463203
0.029487;0.00213077;0.470525
0.0294421;0.00945312;0.470525
0.0292858;0.0167755;0.470525
0.0407938;0.021037;0.455881
0.0405347;0.0283594;0.455881
0.040162;0.0356817;0.455881
0.0351548;0.021037;0.463203
0.0348566;0.0283594;0.463203
0.0344893;0.0356817;0.463203
0.0291538;0.021037;0.470525
0.0288624;0.0283594;0.470525
0.0284552;0.0356817;0.470525
0.0258483;0.00213077;0.474787
0.0258018;0.00945312;0.474787
0.0256388;0.0167755;0.474787
0.0193361;0.00213077;0.482109
0.0192635;0.00945312;0.482109
0.0191104;0.0167755;0.482109
0.0124537;0.00213077;0.489432
0.0123885;0.00945312;0.489432
0.0122041;0.0167755;0.489432
0.0255026;0.021037;0.474787
0.025204;0.0283594;0.474787
0.024785;0.0356817;0.474787
0.0189663;0.021037;0.482109
0.0186313;0.0283594;0.482109
0.0182148;0.0356817;0.482109
0.0120517;0.021037;0.489432
0.0117198;0.0283594;0.489432
0.0112663;0.0356817;0.489432
0.0399075;0.0399433;0.455881
0.0394133;0.0472656;0.455881
0.0388037;0.054588;0.455881
0.0342236;0.0399433;0.463203
0.0336825;0.0472656;0.463203
0.0330682;0.054588;0.463203
0.0281759;0.0399433;0.470525
0.0276332;0.0472656;0.470525
0.0269761;0.054588;0.470525
0.0384085;0.0588495;0.455881
0.0376693;0.0661719;0.455881
0.0368156;0.0734942;0.455881
0.0326603;0.0588495;0.463203
0.0318718;0.0661719;0.463203
0.0309971;0.0734942;0.463203
0.0265475;0.0588495;0.470525
0.0257434;0.0661719;0.470525
0.0248301;0.0734942;0.470525
0.0244974;0.0399433;0.474787
0.0239411;0.0472656;0.474787
0.0232713;0.054588;0.474787
0.0179148;0.0399433;0.482109
0.0173115;0.0472656;0.482109
0.0166322;0.054588;0.482109
0.010956;0.0399433;0.489432
0.010347;0.0472656;0.489432
0.00960857;0.054588;0.489432
0.0228324;0.0588495;0.474787
0.0220041;0.0661719;0.474787
0.0210652;0.0734942;0.474787
0.0161779;0.0588495;0.482109
0.0152936;0.0661719;0.482109
0.0143179;0.0734942;0.482109
0.00913039;0.0588495;0.489432
0.00824048;0.0661719;0.489432
0.00723097;0.0734942;0.489432
0.00944844;0.00213077;0.492509
0.00620743;0.00213077;0.495761
0.00289424;0.00213077;0.499013
0.00940502;0.00945312;0.492493
0.00621332;0.00945312;0.495692
0.00295515;0.00945312;0.49889
0.00921751;0.0167755;0.492478
0.00607498;0.0167755;0.495623
0.00287019;0.0167755;0.498767
0.0090797;0.021037;0.492459
0.00599772;0.021037;0.495542
0.00285657;0.021037;0.498624
0.00880057;0.0283594;0.492413
0.00587573;0.0283594;0.495334
0.00289805;0.0283594;0.498255
0.00837316;0.0356817;0.492366
0.00560285;0.0356817;0.495126
0.00278432;0.0356817;0.497886
0.0080951;0.0399433;0.492329
0.00544624;0.0399433;0.494964
0.00275245;0.0399433;0.497599
0.00756911;0.0472656;0.492251
0.00518754;0.0472656;0.494617
0.00276581;0.0472656;0.496983
0.006883;0.054588;0.492172
0.00477324;0.054588;0.494269
0.00262533;0.054588;0.496365
0.00645175;0.0588495;0.492118
0.00453408;0.0588495;0.494025
0.00258061;0.0588495;0.495933
0.00567874;0.0661719;0.492008
0.00414083;0.0661719;0.493537
0.00257521;0.0661719;0.495067
0.00476746;0.0734942;0.491897
0.00360461;0.0734942;0.493048
0.00242319;0.0734942;0.494198
0.0362766;0.0777558;0.455881
0.0352852;0.0850781;0.455881
0.0341784;0.0924005;0.455881
0.0304376;0.0777558;0.463203
0.0293904;0.0850781;0.463203
0.0282466;0.0924005;0.463203
0.0242432;0.0777558;0.470525
0.0231512;0.0850781;0.470525
0.0219552;0.0924005;0.470525
0.0334899;0.096662;0.455881
0.0322341;0.103984;0.455881
0.030857;0.111307;0.455881
0.027528;0.096662;0.463203
0.0262094;0.103984;0.463203
0.024792;0.111307;0.463203
0.0212122;0.096662;0.470525
0.0198517;0.103984;0.470525
0.01837;0.111307;0.470525
0.0205219;0.0773793;0.474787
0.0137615;0.0773793;0.482109
0.00664795;0.0773793;0.489432
0.0196213;0.0834081;0.474787
0.0128358;0.0834081;0.482109
0.00568335;0.0834081;0.489432
0.0186436;0.0894368;0.474787
0.011826;0.0894368;0.482109
0.0046345;0.0894368;0.489432
0.0182855;0.0915676;0.47478
0.0114796;0.0915676;0.482077
0.00430136;0.0915676;0.489374
0.018082;0.0928612;0.474754
0.0113526;0.0928612;0.481964
0.00425956;0.0928612;0.489174
0.0178747;0.0941548;0.474729
0.0112217;0.0941548;0.481852
0.00421392;0.0941548;0.488975
0.0174808;0.096662;0.474671
0.0110053;0.096662;0.481594
0.00420133;0.096662;0.488517
0.0162564;0.103984;0.474496
0.0103176;0.103984;0.480817
0.0041157;0.103984;0.487139
0.0149017;0.111307;0.47432
0.00950678;0.111307;0.480036
0.00389414;0.111307;0.485752
0.0300075;0.115568;0.455881
0.0284717;0.122891;0.455881
0.0268125;0.130213;0.455881
0.0239097;0.115568;0.463203
0.0223026;0.122891;0.463203
0.020597;0.130213;0.463203
0.0174558;0.115568;0.470525
0.0158008;0.122891;0.470525
0.0140206;0.130213;0.470525
0.0257943;0.134475;0.455881
0.0239617;0.141797;0.455881
0.0220052;0.149119;0.455881
0.0195419;0.134475;0.463203
0.0176251;0.141797;0.463203
0.0156042;0.149119;0.463203
0.0129293;0.134475;0.470525
0.0109651;0.141797;0.470525
0.00887383;0.149119;0.470525
0.0140757;0.115568;0.474208
0.0090328;0.115568;0.479539
0.0038002;0.115568;0.484871
0.0125952;0.122891;0.473999
0.00821339;0.122891;0.478614
0.00368867;0.122891;0.483228
0.0109771;0.130213;0.473789
0.0072646;0.130213;0.477681
0.00344056;0.130213;0.481573
0.00999571;0.134475;0.473657
0.00670949;0.134475;0.477096
0.00333208;0.134475;0.480536
0.0082476;0.141797;0.473414
0.00574945;0.141797;0.476018
0.00319537;0.141797;0.478622
0.00636171;0.149119;0.473169
0.00466033;0.149119;0.474931
0.0029293;0.149119;0.476693
0.00423877;0.0773793;0.491831
0.00330174;0.0773793;0.492754
0.00235178;0.0773793;0.493677
0.00337555;0.0834081;0.491714
0.00284008;0.0834081;0.492235
0.00230018;0.0834081;0.492756
0.00243312;0.0894368;0.491597
0.00230945;0.0894368;0.491714
0.00218554;0.0894368;0.491832
0.021042;0.152557;0.455881
0.0146163;0.152557;0.463203
0.00784781;0.152557;0.470525
0.019743;0.15705;0.455881
0.0132813;0.15705;0.463203
0.00646718;0.15705;0.470525
0.0183982;0.161543;0.455881
0.0118969;0.161543;0.463203
0.00503622;0.161543;0.470525
0.0177715;0.163673;0.455849
0.0113511;0.163673;0.463063
0.00458005;0.163673;0.470276
0.0169809;0.166503;0.45574
0.010882;0.166503;0.462578
0.00446651;0.166503;0.469417
0.0161721;0.169333;0.45563
0.0103961;0.169333;0.462092
0.00433689;0.169333;0.468554
0.0153175;0.172287;0.455507
0.00990825;0.172287;0.461545
0.0042598;0.172287;0.467583
0.0131289;0.179609;0.455191
0.00865998;0.179609;0.460141
0.00403854;0.179609;0.465092
0.0108235;0.186932;0.454871
0.00731403;0.186932;0.458722
0.00370661;0.186932;0.462574
0.00543598;0.152557;0.473048
0.00413322;0.152557;0.474394
0.00281213;0.152557;0.475739
0.00420182;0.15705;0.472878
0.00346238;0.15705;0.473638
0.00271711;0.15705;0.474398
0.00292109;0.161543;0.472706
0.00275226;0.161543;0.472878
0.00258313;0.161543;0.47305
0.00942907;0.191193;0.454675
0.00652059;0.191193;0.457852
0.00354388;0.191193;0.46103
0.00693825;0.198516;0.45432
0.00514204;0.198516;0.456279
0.00331453;0.198516;0.458239
0.00430706;0.205838;0.453961
0.00364859;0.205838;0.454688
0.00298361;0.205838;0.455415
0.0034301;0.208193;0.453844
0.00313877;0.208193;0.454169
0.00284595;0.208193;0.454493
0.00314533;0.208965;0.453803
0.00298179;0.208965;0.453986
0.00281777;0.208965;0.454169
0.00285863;0.209736;0.453762
0.00282192;0.209736;0.453803
0.00278517;0.209736;0.453844
0.0539925;0.304631;0.304631
0.0509905;0.311953;0.304631
0.0477741;0.319275;0.304631
0.0513923;0.304631;0.311953
0.0482352;0.311953;0.311953
0.0449732;0.319275;0.311953
0.0485302;0.304631;0.319275
0.0453069;0.311953;0.319275
0.0418931;0.319275;0.319275
0.045845;0.323537;0.304631
0.0424323;0.330859;0.304631
0.0388014;0.338182;0.304631
0.0429797;0.323537;0.311953
0.0393979;0.330859;0.311953
0.0357167;0.338182;0.311953
0.039841;0.323537;0.319275
0.0361971;0.330859;0.319275
0.0323487;0.338182;0.319275
0.0467655;0.304631;0.323537
0.0434844;0.311953;0.323537
0.0400011;0.319275;0.323537
0.0435724;0.304631;0.330859
0.0401443;0.311953;0.330859
0.0365948;0.319275;0.330859
0.0401101;0.304631;0.338182
0.0366037;0.311953;0.338182
0.0329132;0.319275;0.338182
0.0379142;0.323537;0.323537
0.0342136;0.330859;0.323537
0.0302866;0.338182;0.323537
0.0344446;0.323537;0.330859
0.0305941;0.330859;0.330859
0.026601;0.338182;0.330859
0.030701;0.323537;0.338182
0.0267829;0.330859;0.338182
0.0226656;0.338182;0.338182
0.0366457;0.342443;0.304631
0.0328138;0.349766;0.304631
0.0286751;0.357088;0.304631
0.0334909;0.342443;0.311953
0.0294931;0.349766;0.311953
0.0253447;0.357088;0.311953
0.0300414;0.342443;0.319275
0.0259829;0.349766;0.319275
0.0217496;0.357088;0.319275
0.0262489;0.36135;0.304631
0.0220492;0.368672;0.304631
0.0175373;0.375994;0.304631
0.0228174;0.36135;0.311953
0.0183109;0.368672;0.311953
0.0136954;0.375994;0.311953
0.0191606;0.36135;0.319275
0.0145112;0.368672;0.319275
0.00970376;0.375994;0.319275
0.0279393;0.342443;0.323537
0.0238219;0.349766;0.323537
0.0195074;0.357088;0.323537
0.02419;0.342443;0.330859
0.0198902;0.349766;0.330859
0.0154318;0.357088;0.330859
0.0201678;0.342443;0.338182
0.015728;0.349766;0.338182
0.0111256;0.357088;0.338182
0.0177055;0.36135;0.322045
0.0130401;0.368672;0.322045
0.00816222;0.375994;0.322045
0.0165002;0.36135;0.324241
0.0118158;0.368672;0.324241
0.00694835;0.375994;0.324241
0.0152745;0.36135;0.326437
0.0105718;0.368672;0.326437
0.00571467;0.375994;0.326437
0.0141599;0.361201;0.328568
0.00977468;0.368014;0.328568
0.00527956;0.374827;0.328568
0.0115036;0.360687;0.333694
0.00823371;0.365733;0.333694
0.00493335;0.370779;0.333694
0.00874401;0.360166;0.338821
0.0066119;0.36342;0.338821
0.00447843;0.366675;0.338821
0.0379844;0.304631;0.342443
0.0344203;0.311953;0.342443
0.0306549;0.319275;0.342443
0.0341545;0.304631;0.349766
0.0304578;0.311953;0.349766
0.0266043;0.319275;0.349766
0.0300557;0.304631;0.357088
0.0262752;0.311953;0.357088
0.0223025;0.319275;0.357088
0.0284036;0.323537;0.342443
0.0244265;0.330859;0.342443
0.0202334;0.338182;0.342443
0.0242779;0.323537;0.349766
0.0201363;0.330859;0.349766
0.0158309;0.338182;0.349766
0.0198985;0.323537;0.357088
0.0156297;0.330859;0.357088
0.0111933;0.338182;0.357088
0.0275421;0.304631;0.36135
0.0237119;0.311953;0.36135
0.0196748;0.319275;0.36135
0.0230286;0.304631;0.368672
0.0190745;0.311953;0.368672
0.0149361;0.319275;0.368672
0.0182667;0.304631;0.375994
0.0141805;0.311953;0.375994
0.00991129;0.319275;0.375994
0.0180941;0.322045;0.36135
0.0133209;0.322045;0.368672
0.00824921;0.322045;0.375994
0.0168252;0.324241;0.36135
0.0120189;0.324241;0.368672
0.00691086;0.324241;0.375994
0.0155411;0.326437;0.36135
0.0107005;0.326437;0.368672
0.00554985;0.326437;0.375994
0.0143759;0.328568;0.361201
0.00985658;0.328568;0.368014
0.00505832;0.328568;0.374827
0.011619;0.333694;0.360687
0.00826202;0.333694;0.365733
0.00472895;0.333694;0.370779
0.00878638;0.338821;0.360166
0.00662698;0.338821;0.36342
0.00437899;0.338821;0.366675
0.0184603;0.342443;0.341149
0.0139822;0.349766;0.341149
0.00931997;0.357088;0.341149
0.0167689;0.342443;0.344023
0.0122693;0.349766;0.344023
0.00755304;0.357088;0.344023
0.0150353;0.342443;0.346897
0.0105082;0.349766;0.346897
0.00575014;0.357088;0.346897
0.0138095;0.342299;0.349027
0.00957658;0.349128;0.349027
0.00514397;0.355956;0.349027
0.0112988;0.341801;0.353476
0.00810841;0.346918;0.353476
0.00482271;0.352034;0.353476
0.00870121;0.341297;0.357924
0.00655937;0.344679;0.357924
0.00439219;0.348062;0.357924
0.00746208;0.359924;0.341149
0.00586127;0.362348;0.341149
0.00426204;0.364771;0.341149
0.0058715;0.359618;0.344023
0.00495194;0.360989;0.344023
0.00403412;0.36236;0.344023
0.00425995;0.359309;0.346897
0.00404821;0.359619;0.346897
0.00383666;0.359929;0.346897
0.00747286;0.341149;0.359924
0.00586816;0.341149;0.362348
0.00421026;0.341149;0.364771
0.00583664;0.344023;0.359618
0.00492829;0.344023;0.360989
0.00400217;0.344023;0.36236
0.00419199;0.346897;0.359309
0.00398618;0.346897;0.359619
0.00377944;0.346897;0.359929
0.0157297;0.380256;0.302657
0.0108377;0.387578;0.302657
0.00599504;0.3949;0.302657
0.0154702;0.380256;0.303197
0.0105872;0.387578;0.303197
0.00570405;0.3949;0.303197
0.0152088;0.380256;0.303736
0.0103346;0.387578;0.303736
0.00541551;0.3949;0.303736
0.0142712;0.380081;0.305867
0.0098388;0.386801;0.305867
0.00525684;0.393522;0.305867
0.0111011;0.379472;0.31265
0.0081257;0.384103;0.31265
0.00509149;0.388734;0.31265
0.00767522;0.378854;0.319433
0.00596887;0.381358;0.319433
0.00433378;0.383862;0.319433
0.00450983;0.397139;0.302657
0.00421917;0.397507;0.302657
0.00393331;0.397876;0.302657
0.00423262;0.397092;0.303197
0.00406184;0.3973;0.303197
0.00389258;0.397508;0.303197
0.00396332;0.397045;0.303736
0.00392323;0.397092;0.303736
0.00388322;0.397139;0.303736
0.00634306;0.37861;0.322045
0.00513813;0.380279;0.322045
0.00398145;0.381947;0.322045
0.00528765;0.378399;0.324241
0.0045764;0.379342;0.324241
0.00387989;0.380285;0.324241
0.0042231;0.378187;0.326437
0.00405488;0.3784;0.326437
0.00388749;0.378613;0.326437
0.0164835;0.302657;0.380256
0.0113318;0.302657;0.387578
0.00580205;0.302657;0.3949
0.0161838;0.303197;0.380256
0.0110199;0.303197;0.387578
0.00548843;0.303197;0.3949
0.0158834;0.303736;0.380256
0.010707;0.303736;0.387578
0.00517241;0.303736;0.3949
0.0148105;0.305867;0.380081
0.0100335;0.305867;0.386801
0.00497388;0.305867;0.393522
0.0113644;0.31265;0.379472
0.00802778;0.31265;0.384103
0.0045232;0.31265;0.388734
0.00779795;0.319433;0.378854
0.00601964;0.319433;0.381358
0.0041539;0.319433;0.383862
0.00638722;0.322045;0.37861
0.00522861;0.322045;0.380279
0.00402305;0.322045;0.381947
0.00518425;0.324241;0.378399
0.00454874;0.324241;0.379342
0.00389697;0.324241;0.380285
0.00395145;0.326437;0.378187
0.00381266;0.326437;0.3784
0.00367296;0.326437;0.378613
0.00404667;0.302657;0.397139
0.00379104;0.302657;0.397507
0.00353271;0.302657;0.397876
0.00376757;0.303197;0.397092
0.00362646;0.303197;0.3973
0.00348444;0.303197;0.397508
0.00348432;0.303736;0.397045
0.00345321;0.303736;0.397092
0.00342205;0.303736;0.397139
