3.09094;-0.303736;-0.397139
3.09057;-0.303736;-0.397092
3.09021;-0.303736;-0.397045
3.09035;-0.303197;-0.397508
3.08873;-0.303197;-0.3973
3.08711;-0.303197;-0.397092
3.08974;-0.302657;-0.397876
3.08688;-0.302657;-0.397507
3.08402;-0.302657;-0.397139
3.07712;-0.326437;-0.378613
3.0751;-0.326437;-0.3784
3.07308;-0.326437;-0.378187
3.07868;-0.324241;-0.380285
3.06989;-0.324241;-0.379342
3.06105;-0.324241;-0.378399
3.0799;-0.322045;-0.381947
3.06456;-0.322045;-0.380279
3.04906;-0.322045;-0.37861
3.07333;-0.303736;-0.3949
3.0136;-0.303736;-0.387578
2.95075;-0.303736;-0.380256
3.0699;-0.303197;-0.3949
3.01026;-0.303197;-0.387578
2.9475;-0.303197;-0.380256
3.06647;-0.302657;-0.3949
3.00692;-0.302657;-0.387578
2.94425;-0.302657;-0.380256
3.08047;-0.319433;-0.383862
3.05783;-0.319433;-0.381358
3.03482;-0.319433;-0.378854
3.07956;-0.31265;-0.388734
3.03949;-0.31265;-0.384103
2.99819;-0.31265;-0.379472
3.07589;-0.305867;-0.393522
3.02031;-0.305867;-0.386801
2.9621;-0.305867;-0.380081
2.80013;-0.378613;-0.326437
2.79889;-0.3784;-0.326437
2.79765;-0.378187;-0.326437
2.78059;-0.380285;-0.324241
2.77515;-0.379342;-0.324241
2.76972;-0.378399;-0.324241
2.76071;-0.381947;-0.322045
2.75116;-0.380279;-0.322045
2.74166;-0.37861;-0.322045
2.59254;-0.397139;-0.303736
2.59229;-0.397092;-0.303736
2.59203;-0.397045;-0.303736
2.58694;-0.397508;-0.303197
2.58582;-0.3973;-0.303197
2.5847;-0.397092;-0.303197
2.58132;-0.397876;-0.302657
2.57934;-0.397507;-0.302657
2.57736;-0.397139;-0.302657
2.58051;-0.3949;-0.303736
2.54174;-0.387578;-0.303736
2.50389;-0.380256;-0.303736
2.57296;-0.3949;-0.303197
2.53432;-0.387578;-0.303197
2.49659;-0.380256;-0.303197
2.56541;-0.3949;-0.302657
2.5269;-0.387578;-0.302657
2.4893;-0.380256;-0.302657
2.73633;-0.383862;-0.319433
2.72215;-0.381358;-0.319433
2.70808;-0.378854;-0.319433
2.67085;-0.388734;-0.31265
2.64536;-0.384103;-0.31265
2.62025;-0.379472;-0.31265
2.60287;-0.393522;-0.305867
2.56695;-0.386801;-0.305867
2.53181;-0.380081;-0.305867
3.01609;-0.346897;-0.359929
3.01267;-0.346897;-0.359619
3.00925;-0.346897;-0.359309
3.02448;-0.344023;-0.36236
3.00961;-0.344023;-0.360989
2.99465;-0.344023;-0.359618
3.03213;-0.341149;-0.364771
3.00627;-0.341149;-0.362348
2.98012;-0.341149;-0.359924
2.94719;-0.359929;-0.346897
2.94528;-0.359619;-0.346897
2.94337;-0.359309;-0.346897
2.92732;-0.36236;-0.344023
2.91896;-0.360989;-0.344023
2.91064;-0.359618;-0.344023
2.90668;-0.364771;-0.341149
2.89205;-0.362348;-0.341149
2.87753;-0.359924;-0.341149
2.92978;-0.357088;-0.346897
2.88564;-0.349766;-0.346897
2.84249;-0.342443;-0.346897
2.89539;-0.357088;-0.344023
2.85191;-0.349766;-0.344023
2.8094;-0.342443;-0.344023
2.86068;-0.357088;-0.341149
2.81786;-0.349766;-0.341149
2.77601;-0.342443;-0.341149
3.00119;-0.348062;-0.357924
2.98011;-0.344679;-0.357924
2.95924;-0.341297;-0.357924
2.97564;-0.352034;-0.353476
2.94413;-0.346918;-0.353476
2.91312;-0.341801;-0.353476
2.94811;-0.355956;-0.349027
2.9066;-0.349128;-0.349027
2.86596;-0.342299;-0.349027
3.05217;-0.326437;-0.375994
2.98042;-0.326437;-0.368672
2.90589;-0.326437;-0.36135
3.03826;-0.324241;-0.375994
2.96694;-0.324241;-0.368672
2.89285;-0.324241;-0.36135
3.02444;-0.322045;-0.375994
2.95355;-0.322045;-0.368672
2.8799;-0.322045;-0.36135
3.03741;-0.338821;-0.366675
3.00315;-0.338821;-0.36342
2.96837;-0.338821;-0.360166
3.04698;-0.333694;-0.370779
2.99544;-0.333694;-0.365733
2.9426;-0.333694;-0.360687
3.05445;-0.328568;-0.374827
2.98696;-0.328568;-0.368014
2.91708;-0.328568;-0.361201
3.00715;-0.319275;-0.375994
2.96213;-0.311953;-0.375994
2.91811;-0.304631;-0.375994
2.93679;-0.319275;-0.368672
2.89317;-0.311953;-0.368672
2.85052;-0.304631;-0.368672
2.8637;-0.319275;-0.36135
2.82152;-0.311953;-0.36135
2.78028;-0.304631;-0.36135
2.93113;-0.338182;-0.357088
2.88731;-0.330859;-0.357088
2.84447;-0.323537;-0.357088
2.85016;-0.338182;-0.349766
2.80792;-0.330859;-0.349766
2.76663;-0.323537;-0.349766
2.767;-0.338182;-0.342443
2.72636;-0.330859;-0.342443
2.68663;-0.323537;-0.342443
2.81999;-0.319275;-0.357088
2.77866;-0.311953;-0.357088
2.73826;-0.304631;-0.357088
2.74303;-0.319275;-0.349766
2.7032;-0.311953;-0.349766
2.66427;-0.304631;-0.349766
2.66393;-0.319275;-0.342443
2.62562;-0.311953;-0.342443
2.58818;-0.304631;-0.342443
2.78493;-0.375994;-0.326437
2.7431;-0.368672;-0.326437
2.70222;-0.36135;-0.326437
2.75594;-0.375994;-0.324241
2.71464;-0.368672;-0.324241
2.67429;-0.36135;-0.324241
2.72686;-0.375994;-0.322045
2.68609;-0.368672;-0.322045
2.64626;-0.36135;-0.322045
2.88919;-0.366675;-0.338821
2.8697;-0.36342;-0.338821
2.85041;-0.360166;-0.338821
2.84875;-0.370779;-0.333694
2.81909;-0.365733;-0.333694
2.78989;-0.360687;-0.333694
2.80614;-0.374827;-0.328568
2.76685;-0.368014;-0.328568
2.72839;-0.361201;-0.328568
2.82454;-0.357088;-0.338182
2.78241;-0.349766;-0.338182
2.74124;-0.342443;-0.338182
2.73416;-0.357088;-0.330859
2.69373;-0.349766;-0.330859
2.65422;-0.342443;-0.330859
2.64235;-0.357088;-0.323537
2.60362;-0.349766;-0.323537
2.56579;-0.342443;-0.323537
2.69006;-0.375994;-0.319275
2.64996;-0.368672;-0.319275
2.61079;-0.36135;-0.319275
2.59231;-0.375994;-0.311953
2.55396;-0.368672;-0.311953
2.5165;-0.36135;-0.311953
2.49425;-0.375994;-0.304631
2.4576;-0.368672;-0.304631
2.42182;-0.36135;-0.304631
2.58841;-0.357088;-0.319275
2.55066;-0.349766;-0.319275
2.51379;-0.342443;-0.319275
2.49511;-0.357088;-0.311953
2.45903;-0.349766;-0.311953
2.4238;-0.342443;-0.311953
2.40139;-0.357088;-0.304631
2.36694;-0.349766;-0.304631
2.33331;-0.342443;-0.304631
2.7177;-0.338182;-0.338182
2.678;-0.330859;-0.338182
2.63919;-0.323537;-0.338182
2.63165;-0.338182;-0.330859
2.59356;-0.330859;-0.330859
2.55635;-0.323537;-0.330859
2.54417;-0.338182;-0.323537
2.5077;-0.330859;-0.323537
2.47208;-0.323537;-0.323537
2.61702;-0.319275;-0.338182
2.5796;-0.311953;-0.338182
2.54304;-0.304631;-0.338182
2.53509;-0.319275;-0.330859
2.49922;-0.311953;-0.330859
2.46417;-0.304631;-0.330859
2.45173;-0.319275;-0.323537
2.4174;-0.311953;-0.323537
2.38387;-0.304631;-0.323537
2.49273;-0.338182;-0.319275
2.4572;-0.330859;-0.319275
2.4225;-0.323537;-0.319275
2.40368;-0.338182;-0.311953
2.36974;-0.330859;-0.311953
2.33661;-0.323537;-0.311953
2.31411;-0.338182;-0.304631
2.28174;-0.330859;-0.304631
2.25014;-0.323537;-0.304631
2.40267;-0.319275;-0.319275
2.36924;-0.311953;-0.319275
2.33659;-0.304631;-0.319275
2.31769;-0.319275;-0.311953
2.28578;-0.311953;-0.311953
2.25463;-0.304631;-0.311953
2.2321;-0.319275;-0.304631
2.20169;-0.311953;-0.304631
2.17201;-0.304631;-0.304631
2.82111;-0.209736;-0.453844
2.82099;-0.209736;-0.453803
2.82087;-0.209736;-0.453762
2.81777;-0.208965;-0.454169
2.81725;-0.208965;-0.453986
2.81673;-0.208965;-0.453803
2.81444;-0.208193;-0.454493
2.81352;-0.208193;-0.454169
2.8126;-0.208193;-0.453844
2.80406;-0.205838;-0.455415
2.80205;-0.205838;-0.454688
2.80001;-0.205838;-0.453961
2.77176;-0.198516;-0.458239
2.7667;-0.198516;-0.456279
2.76141;-0.198516;-0.45432
2.73948;-0.191193;-0.46103
2.73185;-0.191193;-0.457852
2.72363;-0.191193;-0.454675
2.61145;-0.161543;-0.47305
2.6112;-0.161543;-0.472878
2.61094;-0.161543;-0.472706
2.59157;-0.15705;-0.474398
2.5905;-0.15705;-0.473638
2.5894;-0.15705;-0.472878
2.57182;-0.152557;-0.475739
2.57003;-0.152557;-0.474394
2.56814;-0.152557;-0.473048
2.72059;-0.186932;-0.462574
2.71171;-0.186932;-0.458722
2.70199;-0.186932;-0.454871
2.68801;-0.179609;-0.465092
2.67738;-0.179609;-0.460141
2.66538;-0.179609;-0.455191
2.65565;-0.172287;-0.467583
2.6436;-0.172287;-0.461545
2.62955;-0.172287;-0.455507
2.60755;-0.161543;-0.470525
2.59428;-0.161543;-0.463203
2.57814;-0.161543;-0.455881
2.58579;-0.15705;-0.470525
2.57269;-0.15705;-0.463203
2.55676;-0.15705;-0.455881
2.56433;-0.152557;-0.470525
2.5514;-0.152557;-0.463203
2.53566;-0.152557;-0.455881
2.64262;-0.169333;-0.468554
2.6301;-0.169333;-0.462092
2.6153;-0.169333;-0.45563
2.63007;-0.166503;-0.469417
2.61717;-0.166503;-0.462578
2.60175;-0.166503;-0.45574
2.61756;-0.163673;-0.470276
2.60434;-0.163673;-0.463063
2.58831;-0.163673;-0.455849
2.30975;-0.0894368;-0.491832
2.30971;-0.0894368;-0.491714
2.30966;-0.0894368;-0.491597
2.28636;-0.0834081;-0.492756
2.28618;-0.0834081;-0.492235
2.286;-0.0834081;-0.491714
2.26334;-0.0773793;-0.493677
2.26307;-0.0773793;-0.492754
2.26276;-0.0773793;-0.491831
2.55672;-0.149119;-0.476693
2.55447;-0.149119;-0.474931
2.55204;-0.149119;-0.473169
2.52479;-0.141797;-0.478622
2.52172;-0.141797;-0.476018
2.5183;-0.141797;-0.473414
2.4933;-0.134475;-0.480536
2.4896;-0.134475;-0.477096
2.48529;-0.134475;-0.473657
2.47513;-0.130213;-0.481573
2.47114;-0.130213;-0.477681
2.4664;-0.130213;-0.473789
2.44418;-0.122891;-0.483228
2.43985;-0.122891;-0.478614
2.43447;-0.122891;-0.473999
2.41375;-0.115568;-0.484871
2.40917;-0.115568;-0.479539
2.40323;-0.115568;-0.474208
2.54811;-0.149119;-0.470525
2.51411;-0.141797;-0.470525
2.48085;-0.134475;-0.470525
2.5353;-0.149119;-0.463203
2.50156;-0.141797;-0.463203
2.46856;-0.134475;-0.463203
2.51971;-0.149119;-0.455881
2.4863;-0.141797;-0.455881
2.45361;-0.134475;-0.455881
2.46184;-0.130213;-0.470525
2.42973;-0.122891;-0.470525
2.39833;-0.115568;-0.470525
2.44969;-0.130213;-0.463203
2.41784;-0.122891;-0.463203
2.38668;-0.115568;-0.463203
2.43492;-0.130213;-0.455881
2.40337;-0.122891;-0.455881
2.37251;-0.115568;-0.455881
2.39623;-0.111307;-0.485752
2.39156;-0.111307;-0.480036
2.38535;-0.111307;-0.47432
2.36647;-0.103984;-0.487139
2.36173;-0.103984;-0.480817
2.35514;-0.103984;-0.474496
2.33725;-0.096662;-0.488517
2.33251;-0.096662;-0.481594
2.32559;-0.096662;-0.474671
2.30874;-0.0894368;-0.489432
2.30406;-0.0894368;-0.482109
2.297;-0.0894368;-0.474787
2.28505;-0.0834081;-0.489432
2.28045;-0.0834081;-0.482109
2.2735;-0.0834081;-0.474787
2.26179;-0.0773793;-0.489432
2.25727;-0.0773793;-0.482109
2.25044;-0.0773793;-0.474787
2.32736;-0.0941548;-0.488975
2.32264;-0.0941548;-0.481852
2.31562;-0.0941548;-0.474729
2.32227;-0.0928612;-0.489174
2.31755;-0.0928612;-0.481964
2.3105;-0.0928612;-0.474754
2.31719;-0.0915676;-0.489374
2.31249;-0.0915676;-0.482077
2.30539;-0.0915676;-0.47478
2.38037;-0.111307;-0.470525
2.35006;-0.103984;-0.470525
2.32041;-0.096662;-0.470525
2.36886;-0.111307;-0.463203
2.33878;-0.103984;-0.463203
2.30936;-0.096662;-0.463203
2.35486;-0.111307;-0.455881
2.32506;-0.103984;-0.455881
2.29593;-0.096662;-0.455881
2.30345;-0.0924005;-0.470525
2.27482;-0.0850781;-0.470525
2.24682;-0.0777558;-0.470525
2.29254;-0.0924005;-0.463203
2.26413;-0.0850781;-0.463203
2.23635;-0.0777558;-0.463203
2.27926;-0.0924005;-0.455881
2.25113;-0.0850781;-0.455881
2.22362;-0.0777558;-0.455881
2.24869;-0.0734942;-0.494198
2.24838;-0.0734942;-0.493048
2.24801;-0.0734942;-0.491897
2.22149;-0.0661719;-0.495067
2.22112;-0.0661719;-0.493537
2.22066;-0.0661719;-0.492008
2.19485;-0.0588495;-0.495933
2.19445;-0.0588495;-0.494025
2.19391;-0.0588495;-0.492118
2.17959;-0.054588;-0.496365
2.17919;-0.054588;-0.494269
2.17861;-0.054588;-0.492172
2.15379;-0.0472656;-0.496983
2.15339;-0.0472656;-0.494617
2.15277;-0.0472656;-0.492251
2.12854;-0.0399433;-0.497599
2.12815;-0.0399433;-0.494964
2.1275;-0.0399433;-0.492329
2.11408;-0.0356817;-0.497886
2.11371;-0.0356817;-0.495126
2.11305;-0.0356817;-0.492366
2.08967;-0.0283594;-0.498255
2.08931;-0.0283594;-0.495334
2.08864;-0.0283594;-0.492413
2.06578;-0.021037;-0.498624
2.06545;-0.021037;-0.495542
2.06476;-0.021037;-0.492459
2.05211;-0.0167755;-0.498767
2.05179;-0.0167755;-0.495623
2.05111;-0.0167755;-0.492478
2.02903;-0.00945312;-0.49889
2.02872;-0.00945312;-0.495692
2.02805;-0.00945312;-0.492493
2.00646;-0.00213077;-0.499013
2.00616;-0.00213077;-0.495761
2.00549;-0.00213077;-0.492509
2.24702;-0.0734942;-0.489432
2.21965;-0.0661719;-0.489432
2.19289;-0.0588495;-0.489432
2.24255;-0.0734942;-0.482109
2.21528;-0.0661719;-0.482109
2.1886;-0.0588495;-0.482109
2.23579;-0.0734942;-0.474787
2.20866;-0.0661719;-0.474787
2.18212;-0.0588495;-0.474787
2.17758;-0.054588;-0.489432
2.15174;-0.0472656;-0.489432
2.12647;-0.0399433;-0.489432
2.17335;-0.054588;-0.482109
2.14759;-0.0472656;-0.482109
2.1224;-0.0399433;-0.482109
2.16694;-0.054588;-0.474787
2.14132;-0.0472656;-0.474787
2.11626;-0.0399433;-0.474787
2.23081;-0.0734942;-0.470525
2.20378;-0.0661719;-0.470525
2.17734;-0.0588495;-0.470525
2.22047;-0.0734942;-0.463203
2.19365;-0.0661719;-0.463203
2.16742;-0.0588495;-0.463203
2.20788;-0.0734942;-0.455881
2.18132;-0.0661719;-0.455881
2.15534;-0.0588495;-0.455881
2.16222;-0.054588;-0.470525
2.1367;-0.0472656;-0.470525
2.11173;-0.0399433;-0.470525
2.15241;-0.054588;-0.463203
2.12709;-0.0472656;-0.463203
2.10232;-0.0399433;-0.463203
2.14048;-0.054588;-0.455881
2.1154;-0.0472656;-0.455881
2.09087;-0.0399433;-0.455881
2.11202;-0.0356817;-0.489432
2.08761;-0.0283594;-0.489432
2.06375;-0.021037;-0.489432
2.108;-0.0356817;-0.482109
2.08368;-0.0283594;-0.482109
2.05989;-0.021037;-0.482109
2.10193;-0.0356817;-0.474787
2.07773;-0.0283594;-0.474787
2.05407;-0.021037;-0.474787
2.0501;-0.0167755;-0.489432
2.02706;-0.00945312;-0.489432
2.00452;-0.00213077;-0.489432
2.04629;-0.0167755;-0.482109
2.02333;-0.00945312;-0.482109
2.00087;-0.00213077;-0.482109
2.04054;-0.0167755;-0.474787
2.01769;-0.00945312;-0.474787
1.99534;-0.00213077;-0.474787
2.09745;-0.0356817;-0.470525
2.07335;-0.0283594;-0.470525
2.04978;-0.021037;-0.470525
2.08816;-0.0356817;-0.463203
2.06424;-0.0283594;-0.463203
2.04086;-0.021037;-0.463203
2.07685;-0.0356817;-0.455881
2.05316;-0.0283594;-0.455881
2.03;-0.021037;-0.455881
2.03629;-0.0167755;-0.470525
2.01353;-0.00945312;-0.470525
1.99127;-0.00213077;-0.470525
2.02748;-0.0167755;-0.463203
2.0049;-0.00945312;-0.463203
1.98282;-0.00213077;-0.463203
2.01676;-0.0167755;-0.455881
1.9944;-0.00945312;-0.455881
1.97253;-0.00213077;-0.455881
3.05;-0.275952;-0.41677
3.04781;-0.275952;-0.416407
3.04561;-0.275952;-0.416043
3.03605;-0.271035;-0.419612
3.02674;-0.271035;-0.418008
3.01727;-0.271035;-0.416404
3.02142;-0.266118;-0.422425
3.00561;-0.266118;-0.419593
2.98929;-0.266118;-0.416762
2.965;-0.246663;-0.434901
2.96489;-0.246663;-0.434876
2.96478;-0.246663;-0.434851
2.96358;-0.246278;-0.435099
2.96309;-0.246278;-0.434987
2.96259;-0.246278;-0.434876
2.96215;-0.245893;-0.435296
2.96128;-0.245893;-0.435099
2.96041;-0.245893;-0.434901
2.9535;-0.24365;-0.436382
2.9506;-0.24365;-0.435711
2.94767;-0.24365;-0.435039
2.9248;-0.236328;-0.439885
2.91587;-0.236328;-0.437685
2.90664;-0.236328;-0.435484
2.89552;-0.229006;-0.443341
2.8814;-0.229006;-0.439632
2.86644;-0.229006;-0.435923
2.95517;-0.246663;-0.432713
2.92007;-0.246663;-0.425391
2.88169;-0.246663;-0.418068
2.95288;-0.246278;-0.432713
2.91782;-0.246278;-0.425391
2.87948;-0.246278;-0.418068
2.95059;-0.245893;-0.432713
2.91557;-0.245893;-0.425391
2.87727;-0.245893;-0.418068
3.01048;-0.262669;-0.424323
2.99058;-0.262669;-0.420663
2.96983;-0.262669;-0.417003
2.98723;-0.255731;-0.428019
2.96007;-0.255731;-0.422746
2.93118;-0.255731;-0.417472
2.96304;-0.248793;-0.431663
2.92959;-0.248793;-0.424799
2.89324;-0.248793;-0.417935
2.93732;-0.24365;-0.432713
2.89459;-0.236328;-0.432713
2.85281;-0.229006;-0.432713
2.90252;-0.24365;-0.425391
2.8605;-0.236328;-0.425391
2.81942;-0.229006;-0.425391
2.86445;-0.24365;-0.418068
2.82321;-0.236328;-0.418068
2.78289;-0.229006;-0.418068
3.08657;-0.300369;-0.399377
3.07877;-0.300369;-0.398353
3.0709;-0.300369;-0.397329
3.07471;-0.293047;-0.404113
3.05235;-0.293047;-0.401022
3.02939;-0.293047;-0.397931
3.06056;-0.285725;-0.408769
3.0254;-0.285725;-0.403645
2.98862;-0.285725;-0.398522
3.0319;-0.275952;-0.413807
2.98478;-0.275952;-0.406484
2.93439;-0.275952;-0.399162
3.00159;-0.271035;-0.413807
2.95512;-0.271035;-0.406484
2.90541;-0.271035;-0.399162
2.97173;-0.266118;-0.413807
2.92589;-0.266118;-0.406484
2.87687;-0.266118;-0.399162
3.05438;-0.282894;-0.410528
3.01478;-0.282894;-0.404637
2.97304;-0.282894;-0.398746
3.04858;-0.280488;-0.411964
3.00551;-0.280488;-0.405446
2.95983;-0.280488;-0.398928
3.04258;-0.278082;-0.413393
2.99621;-0.278082;-0.406251
2.94671;-0.278082;-0.399109
3.05199;-0.300369;-0.3949
3.00632;-0.293047;-0.3949
2.96167;-0.285725;-0.3949
2.99281;-0.300369;-0.387578
2.94834;-0.293047;-0.387578
2.90486;-0.285725;-0.387578
2.93054;-0.300369;-0.380256
2.88732;-0.293047;-0.380256
2.84505;-0.285725;-0.380256
2.93614;-0.281463;-0.3949
2.89304;-0.274141;-0.3949
2.8509;-0.266818;-0.3949
2.87999;-0.281463;-0.387578
2.83802;-0.274141;-0.387578
2.79699;-0.266818;-0.387578
2.82089;-0.281463;-0.380256
2.7801;-0.274141;-0.380256
2.74023;-0.266818;-0.380256
2.95037;-0.262557;-0.413807
2.9072;-0.255234;-0.413807
2.86497;-0.247912;-0.413807
2.905;-0.262557;-0.406484
2.86274;-0.255234;-0.406484
2.82142;-0.247912;-0.406484
2.85646;-0.262557;-0.399162
2.81518;-0.255234;-0.399162
2.77482;-0.247912;-0.399162
2.84083;-0.24365;-0.413807
2.80007;-0.236328;-0.413807
2.76022;-0.229006;-0.413807
2.79779;-0.24365;-0.406484
2.75791;-0.236328;-0.406484
2.7189;-0.229006;-0.406484
2.75175;-0.24365;-0.399162
2.71279;-0.236328;-0.399162
2.6747;-0.229006;-0.399162
2.8268;-0.262557;-0.3949
2.78613;-0.255234;-0.3949
2.74635;-0.247912;-0.3949
2.77352;-0.262557;-0.387578
2.73392;-0.255234;-0.387578
2.69519;-0.247912;-0.387578
2.71743;-0.262557;-0.380256
2.67894;-0.255234;-0.380256
2.64132;-0.247912;-0.380256
2.72361;-0.24365;-0.3949
2.68522;-0.236328;-0.3949
2.64769;-0.229006;-0.3949
2.67305;-0.24365;-0.387578
2.63568;-0.236328;-0.387578
2.59914;-0.229006;-0.387578
2.61981;-0.24365;-0.380256
2.5835;-0.236328;-0.380256
2.548;-0.229006;-0.380256
2.81457;-0.209736;-0.451619
2.79096;-0.209736;-0.444297
2.7642;-0.209736;-0.436975
2.81032;-0.208965;-0.451619
2.78677;-0.208965;-0.444297
2.76006;-0.208965;-0.436975
2.80609;-0.208193;-0.451619
2.78258;-0.208193;-0.444297
2.75593;-0.208193;-0.436975
2.87897;-0.224969;-0.44517
2.8624;-0.224969;-0.440663
2.84459;-0.224969;-0.436155
2.85153;-0.218418;-0.448006
2.83156;-0.218418;-0.442261
2.80961;-0.218418;-0.436516
2.82389;-0.211867;-0.45081
2.80102;-0.211867;-0.443841
2.77528;-0.211867;-0.436872
2.79321;-0.205838;-0.451619
2.75376;-0.198516;-0.451619
2.71518;-0.191193;-0.451619
2.76986;-0.205838;-0.444297
2.73089;-0.198516;-0.444297
2.69278;-0.191193;-0.444297
2.74339;-0.205838;-0.436975
2.70496;-0.198516;-0.436975
2.66738;-0.191193;-0.436975
2.82891;-0.224744;-0.432713
2.78858;-0.217422;-0.432713
2.74913;-0.2101;-0.432713
2.79592;-0.224744;-0.425391
2.75626;-0.217422;-0.425391
2.71747;-0.2101;-0.425391
2.75983;-0.224744;-0.418068
2.7209;-0.217422;-0.418068
2.68283;-0.2101;-0.418068
2.72657;-0.205838;-0.432713
2.68849;-0.198516;-0.432713
2.65124;-0.191193;-0.432713
2.69529;-0.205838;-0.425391
2.65784;-0.198516;-0.425391
2.62122;-0.191193;-0.425391
2.66106;-0.205838;-0.418068
2.62431;-0.198516;-0.418068
2.58837;-0.191193;-0.418068
2.69312;-0.186932;-0.451619
2.65587;-0.179609;-0.451619
2.61945;-0.172287;-0.451619
2.67099;-0.186932;-0.444297
2.6342;-0.179609;-0.444297
2.59821;-0.172287;-0.444297
2.64589;-0.186932;-0.436975
2.60961;-0.179609;-0.436975
2.57413;-0.172287;-0.436975
2.59862;-0.168025;-0.451619
2.56345;-0.160703;-0.451619
2.52905;-0.153381;-0.451619
2.57763;-0.168025;-0.444297
2.54289;-0.160703;-0.444297
2.50892;-0.153381;-0.444297
2.55384;-0.168025;-0.436975
2.51959;-0.160703;-0.436975
2.48609;-0.153381;-0.436975
2.62994;-0.186932;-0.432713
2.59399;-0.179609;-0.432713
2.55883;-0.172287;-0.432713
2.60028;-0.186932;-0.425391
2.56493;-0.179609;-0.425391
2.53036;-0.172287;-0.425391
2.56782;-0.186932;-0.418068
2.53313;-0.179609;-0.418068
2.49921;-0.172287;-0.418068
2.53872;-0.168025;-0.432713
2.50477;-0.160703;-0.432713
2.47158;-0.153381;-0.432713
2.51059;-0.168025;-0.425391
2.47722;-0.160703;-0.425391
2.44458;-0.153381;-0.425391
2.47981;-0.168025;-0.418068
2.44706;-0.160703;-0.418068
2.41504;-0.153381;-0.418068
2.73742;-0.224744;-0.413807
2.69895;-0.217422;-0.413807
2.66133;-0.2101;-0.413807
2.6966;-0.224744;-0.406484
2.65896;-0.217422;-0.406484
2.62214;-0.2101;-0.406484
2.65292;-0.224744;-0.399162
2.61616;-0.217422;-0.399162
2.58021;-0.2101;-0.399162
2.63981;-0.205838;-0.413807
2.60349;-0.198516;-0.413807
2.56798;-0.191193;-0.413807
2.60109;-0.205838;-0.406484
2.56556;-0.198516;-0.406484
2.53081;-0.191193;-0.406484
2.55965;-0.205838;-0.399162
2.52496;-0.198516;-0.399162
2.49103;-0.191193;-0.399162
2.62623;-0.224744;-0.3949
2.59;-0.217422;-0.3949
2.55458;-0.2101;-0.3949
2.57825;-0.224744;-0.387578
2.54299;-0.217422;-0.387578
2.50851;-0.2101;-0.387578
2.52771;-0.224744;-0.380256
2.49345;-0.217422;-0.380256
2.45996;-0.2101;-0.380256
2.53432;-0.205838;-0.3949
2.50014;-0.198516;-0.3949
2.46671;-0.191193;-0.3949
2.48879;-0.205838;-0.387578
2.45552;-0.198516;-0.387578
2.42299;-0.191193;-0.387578
2.44082;-0.205838;-0.380256
2.4085;-0.198516;-0.380256
2.37691;-0.191193;-0.380256
2.54767;-0.186932;-0.413807
2.51339;-0.179609;-0.413807
2.47987;-0.172287;-0.413807
2.51094;-0.186932;-0.406484
2.47741;-0.179609;-0.406484
2.44461;-0.172287;-0.406484
2.47163;-0.186932;-0.399162
2.43889;-0.179609;-0.399162
2.40687;-0.172287;-0.399162
2.4607;-0.168025;-0.413807
2.42834;-0.160703;-0.413807
2.39669;-0.153381;-0.413807
2.42586;-0.168025;-0.406484
2.39421;-0.160703;-0.406484
2.36325;-0.153381;-0.406484
2.38856;-0.168025;-0.399162
2.35766;-0.160703;-0.399162
2.32745;-0.153381;-0.399162
2.4476;-0.186932;-0.3949
2.41534;-0.179609;-0.3949
2.38379;-0.172287;-0.3949
2.40439;-0.186932;-0.387578
2.373;-0.179609;-0.387578
2.3423;-0.172287;-0.387578
2.35885;-0.186932;-0.380256
2.32837;-0.179609;-0.380256
2.29856;-0.172287;-0.380256
2.36576;-0.168025;-0.3949
2.33532;-0.160703;-0.3949
2.30555;-0.153381;-0.3949
2.32475;-0.168025;-0.387578
2.29513;-0.160703;-0.387578
2.26618;-0.153381;-0.387578
2.28153;-0.168025;-0.380256
2.25277;-0.160703;-0.380256
2.22466;-0.153381;-0.380256
2.89295;-0.300369;-0.375994
2.85047;-0.293047;-0.375994
2.80894;-0.285725;-0.375994
2.82614;-0.300369;-0.368672
2.78499;-0.293047;-0.368672
2.74476;-0.285725;-0.368672
2.75671;-0.300369;-0.36135
2.71692;-0.293047;-0.36135
2.67803;-0.285725;-0.36135
2.7852;-0.281463;-0.375994
2.74512;-0.274141;-0.375994
2.70594;-0.266818;-0.375994
2.72176;-0.281463;-0.368672
2.68294;-0.274141;-0.368672
2.64499;-0.266818;-0.368672
2.6558;-0.281463;-0.36135
2.61828;-0.274141;-0.36135
2.58161;-0.266818;-0.36135
2.71517;-0.300369;-0.357088
2.6762;-0.293047;-0.357088
2.63811;-0.285725;-0.357088
2.64201;-0.300369;-0.349766
2.60447;-0.293047;-0.349766
2.56777;-0.285725;-0.349766
2.56679;-0.300369;-0.342443
2.53069;-0.293047;-0.342443
2.4954;-0.285725;-0.342443
2.61633;-0.281463;-0.357088
2.57959;-0.274141;-0.357088
2.54367;-0.266818;-0.357088
2.54679;-0.281463;-0.349766
2.51139;-0.274141;-0.349766
2.4768;-0.266818;-0.349766
2.47524;-0.281463;-0.342443
2.44122;-0.274141;-0.342443
2.40798;-0.266818;-0.342443
2.68354;-0.262557;-0.375994
2.64573;-0.255234;-0.375994
2.60877;-0.247912;-0.375994
2.6233;-0.262557;-0.368672
2.58668;-0.255234;-0.368672
2.55089;-0.247912;-0.368672
2.56064;-0.262557;-0.36135
2.52526;-0.255234;-0.36135
2.49068;-0.247912;-0.36135
2.58764;-0.24365;-0.375994
2.55197;-0.236328;-0.375994
2.5171;-0.229006;-0.375994
2.53043;-0.24365;-0.368672
2.49589;-0.236328;-0.368672
2.46214;-0.229006;-0.368672
2.47091;-0.24365;-0.36135
2.43755;-0.236328;-0.36135
2.40494;-0.229006;-0.36135
2.52314;-0.262557;-0.357088
2.48849;-0.255234;-0.357088
2.45463;-0.247912;-0.357088
2.45703;-0.262557;-0.349766
2.42367;-0.255234;-0.349766
2.39106;-0.247912;-0.349766
2.38898;-0.262557;-0.342443
2.35693;-0.255234;-0.342443
2.32561;-0.247912;-0.342443
2.43527;-0.24365;-0.357088
2.4026;-0.236328;-0.357088
2.37068;-0.229006;-0.357088
2.37243;-0.24365;-0.349766
2.34098;-0.236328;-0.349766
2.31025;-0.229006;-0.349766
2.30771;-0.24365;-0.342443
2.27751;-0.236328;-0.342443
2.248;-0.229006;-0.342443
2.52215;-0.300369;-0.338182
2.4869;-0.293047;-0.338182
2.45245;-0.285725;-0.338182
2.44414;-0.300369;-0.330859
2.41036;-0.293047;-0.330859
2.37736;-0.285725;-0.330859
2.36471;-0.300369;-0.323537
2.3324;-0.293047;-0.323537
2.30085;-0.285725;-0.323537
2.43276;-0.281463;-0.338182
2.39955;-0.274141;-0.338182
2.3671;-0.266818;-0.338182
2.3585;-0.281463;-0.330859
2.32669;-0.274141;-0.330859
2.29561;-0.266818;-0.330859
2.28282;-0.281463;-0.323537
2.25242;-0.274141;-0.323537
2.22272;-0.266818;-0.323537
2.31794;-0.300369;-0.319275
2.28649;-0.293047;-0.319275
2.25577;-0.285725;-0.319275
2.23684;-0.300369;-0.311953
2.20684;-0.293047;-0.311953
2.17756;-0.285725;-0.311953
2.15506;-0.300369;-0.304631
2.1265;-0.293047;-0.304631
2.09863;-0.285725;-0.304631
2.23823;-0.281463;-0.319275
2.20864;-0.274141;-0.319275
2.17975;-0.266818;-0.319275
2.16084;-0.281463;-0.311953
2.13265;-0.274141;-0.311953
2.10513;-0.266818;-0.311953
2.08272;-0.281463;-0.304631
2.05591;-0.274141;-0.304631
2.02974;-0.266818;-0.304631
2.34856;-0.262557;-0.338182
2.31728;-0.255234;-0.338182
2.28672;-0.247912;-0.338182
2.27786;-0.262557;-0.330859
2.24791;-0.255234;-0.330859
2.21866;-0.247912;-0.330859
2.20576;-0.262557;-0.323537
2.17716;-0.255234;-0.323537
2.14922;-0.247912;-0.323537
2.26925;-0.24365;-0.338182
2.23979;-0.236328;-0.338182
2.211;-0.229006;-0.338182
2.20195;-0.24365;-0.330859
2.17376;-0.236328;-0.330859
2.14622;-0.229006;-0.330859
2.13326;-0.24365;-0.323537
2.10636;-0.236328;-0.323537
2.08008;-0.229006;-0.323537
2.16325;-0.262557;-0.319275
2.13542;-0.255234;-0.319275
2.10826;-0.247912;-0.319275
2.08942;-0.262557;-0.311953
2.06293;-0.255234;-0.311953
2.03707;-0.247912;-0.311953
2.01481;-0.262557;-0.304631
1.98964;-0.255234;-0.304631
1.96509;-0.247912;-0.304631
2.09274;-0.24365;-0.319275
2.06658;-0.236328;-0.319275
2.04104;-0.229006;-0.319275
2.02231;-0.24365;-0.311953
1.99743;-0.236328;-0.311953
1.97314;-0.229006;-0.311953
1.95107;-0.24365;-0.304631
1.92746;-0.236328;-0.304631
1.90442;-0.229006;-0.304631
2.49717;-0.224744;-0.375994
2.46352;-0.217422;-0.375994
2.43063;-0.2101;-0.375994
2.44284;-0.224744;-0.368672
2.41027;-0.217422;-0.368672
2.37843;-0.2101;-0.368672
2.3863;-0.224744;-0.36135
2.35484;-0.217422;-0.36135
2.32409;-0.2101;-0.36135
2.41182;-0.205838;-0.375994
2.38008;-0.198516;-0.375994
2.34906;-0.191193;-0.375994
2.36023;-0.205838;-0.368672
2.32951;-0.198516;-0.368672
2.29949;-0.191193;-0.368672
2.30652;-0.205838;-0.36135
2.27686;-0.198516;-0.36135
2.24787;-0.191193;-0.36135
2.35243;-0.224744;-0.357088
2.32164;-0.217422;-0.357088
2.29154;-0.2101;-0.357088
2.29269;-0.224744;-0.349766
2.26306;-0.217422;-0.349766
2.2341;-0.2101;-0.349766
2.23114;-0.224744;-0.342443
2.2027;-0.217422;-0.342443
2.17491;-0.2101;-0.342443
2.27434;-0.205838;-0.357088
2.24531;-0.198516;-0.357088
2.21694;-0.191193;-0.357088
2.21756;-0.205838;-0.349766
2.18963;-0.198516;-0.349766
2.16235;-0.191193;-0.349766
2.15903;-0.205838;-0.342443
2.13223;-0.198516;-0.342443
2.10606;-0.191193;-0.342443
2.33132;-0.186932;-0.375994
2.30138;-0.179609;-0.375994
2.27212;-0.172287;-0.375994
2.28233;-0.186932;-0.368672
2.25336;-0.179609;-0.368672
2.22505;-0.172287;-0.368672
2.2313;-0.186932;-0.36135
2.20335;-0.179609;-0.36135
2.17602;-0.172287;-0.36135
2.25539;-0.168025;-0.375994
2.22716;-0.160703;-0.375994
2.19955;-0.153381;-0.375994
2.20887;-0.168025;-0.368672
2.18155;-0.160703;-0.368672
2.15486;-0.153381;-0.368672
2.1604;-0.168025;-0.36135
2.13404;-0.160703;-0.36135
2.10828;-0.153381;-0.36135
2.20073;-0.186932;-0.357088
2.17337;-0.179609;-0.357088
2.14663;-0.172287;-0.357088
2.14676;-0.186932;-0.349766
2.12045;-0.179609;-0.349766
2.09474;-0.172287;-0.349766
2.0911;-0.186932;-0.342443
2.06587;-0.179609;-0.342443
2.04122;-0.172287;-0.342443
2.13135;-0.168025;-0.357088
2.10556;-0.160703;-0.357088
2.08036;-0.153381;-0.357088
2.08005;-0.168025;-0.349766
2.05527;-0.160703;-0.349766
2.03105;-0.153381;-0.349766
2.02713;-0.168025;-0.342443
2.00338;-0.160703;-0.342443
1.98016;-0.153381;-0.342443
2.19456;-0.224744;-0.338182
2.16681;-0.217422;-0.338182
2.13971;-0.2101;-0.338182
2.13049;-0.224744;-0.330859
2.10396;-0.217422;-0.330859
2.07805;-0.2101;-0.330859
2.06507;-0.224744;-0.323537
2.03976;-0.217422;-0.323537
2.01505;-0.2101;-0.323537
2.12422;-0.205838;-0.338182
2.09809;-0.198516;-0.338182
2.07257;-0.191193;-0.338182
2.06324;-0.205838;-0.330859
2.03828;-0.198516;-0.330859
2.01389;-0.191193;-0.330859
2.00094;-0.205838;-0.323537
1.97714;-0.198516;-0.323537
1.9539;-0.191193;-0.323537
2.02645;-0.224744;-0.319275
2.00185;-0.217422;-0.319275
1.97784;-0.2101;-0.319275
1.95928;-0.224744;-0.311953
1.93591;-0.217422;-0.311953
1.91311;-0.2101;-0.311953
1.89127;-0.224744;-0.304631
1.86912;-0.217422;-0.304631
1.84751;-0.2101;-0.304631
1.96413;-0.205838;-0.319275
1.94102;-0.198516;-0.319275
1.91845;-0.191193;-0.319275
1.90009;-0.205838;-0.311953
1.87814;-0.198516;-0.311953
1.85673;-0.191193;-0.311953
1.83518;-0.205838;-0.304631
1.8144;-0.198516;-0.304631
1.79414;-0.191193;-0.304631
2.05799;-0.186932;-0.338182
2.03339;-0.179609;-0.338182
2.00937;-0.172287;-0.338182
1.99996;-0.186932;-0.330859
1.97647;-0.179609;-0.330859
1.95353;-0.172287;-0.330859
1.94063;-0.186932;-0.323537
1.91826;-0.179609;-0.323537
1.89641;-0.172287;-0.323537
1.99564;-0.168025;-0.338182
1.97249;-0.160703;-0.338182
1.94987;-0.153381;-0.338182
1.94042;-0.168025;-0.330859
1.91833;-0.160703;-0.330859
1.89674;-0.153381;-0.330859
1.88394;-0.168025;-0.323537
1.86291;-0.160703;-0.323537
1.84237;-0.153381;-0.323537
1.90557;-0.186932;-0.319275
1.88385;-0.179609;-0.319275
1.86264;-0.172287;-0.319275
1.84451;-0.186932;-0.311953
1.82391;-0.179609;-0.311953
1.80381;-0.172287;-0.311953
1.78258;-0.186932;-0.304631
1.7631;-0.179609;-0.304631
1.74411;-0.172287;-0.304631
1.85054;-0.168025;-0.319275
1.83013;-0.160703;-0.319275
1.81021;-0.153381;-0.319275
1.79234;-0.168025;-0.311953
1.77301;-0.160703;-0.311953
1.75415;-0.153381;-0.311953
1.73327;-0.168025;-0.304631
1.71501;-0.160703;-0.304631
1.69721;-0.153381;-0.304631
2.50938;-0.149119;-0.451619
2.47618;-0.141797;-0.451619
2.4437;-0.134475;-0.451619
2.48949;-0.149119;-0.444297
2.45669;-0.141797;-0.444297
2.42461;-0.134475;-0.444297
2.46693;-0.149119;-0.436975
2.43459;-0.141797;-0.436975
2.40297;-0.134475;-0.436975
2.42513;-0.130213;-0.451619
2.39377;-0.122891;-0.451619
2.36311;-0.115568;-0.451619
2.40627;-0.130213;-0.444297
2.3753;-0.122891;-0.444297
2.34501;-0.115568;-0.444297
2.38488;-0.130213;-0.436975
2.35435;-0.122891;-0.436975
2.32449;-0.115568;-0.436975
2.45259;-0.149119;-0.432713
2.42055;-0.141797;-0.432713
2.38921;-0.134475;-0.432713
2.42592;-0.149119;-0.425391
2.39442;-0.141797;-0.425391
2.36361;-0.134475;-0.425391
2.39673;-0.149119;-0.418068
2.36582;-0.141797;-0.418068
2.33559;-0.134475;-0.418068
2.37129;-0.130213;-0.432713
2.34103;-0.122891;-0.432713
2.31144;-0.115568;-0.432713
2.34599;-0.130213;-0.425391
2.31625;-0.122891;-0.425391
2.28717;-0.115568;-0.425391
2.31831;-0.130213;-0.418068
2.28913;-0.122891;-0.418068
2.2606;-0.115568;-0.418068
2.34557;-0.111307;-0.451619
2.31597;-0.103984;-0.451619
2.28702;-0.096662;-0.451619
2.3277;-0.111307;-0.444297
2.29846;-0.103984;-0.444297
2.26986;-0.096662;-0.444297
2.30741;-0.111307;-0.436975
2.27859;-0.103984;-0.436975
2.2504;-0.096662;-0.436975
2.27046;-0.0924005;-0.451619
2.24251;-0.0850781;-0.451619
2.21517;-0.0777558;-0.451619
2.25351;-0.0924005;-0.444297
2.2259;-0.0850781;-0.444297
2.1989;-0.0777558;-0.444297
2.23428;-0.0924005;-0.436975
2.20707;-0.0850781;-0.436975
2.18045;-0.0777558;-0.436975
2.29452;-0.111307;-0.432713
2.26596;-0.103984;-0.432713
2.23803;-0.096662;-0.432713
2.27054;-0.111307;-0.425391
2.24246;-0.103984;-0.425391
2.21501;-0.096662;-0.425391
2.24428;-0.111307;-0.418068
2.21674;-0.103984;-0.418068
2.18981;-0.096662;-0.418068
2.22206;-0.0924005;-0.432713
2.19509;-0.0850781;-0.432713
2.16872;-0.0777558;-0.432713
2.19931;-0.0924005;-0.425391
2.17281;-0.0850781;-0.425391
2.14689;-0.0777558;-0.425391
2.17441;-0.0924005;-0.418068
2.14841;-0.0850781;-0.418068
2.12299;-0.0777558;-0.418068
2.3786;-0.149119;-0.413807
2.34806;-0.141797;-0.413807
2.31819;-0.134475;-0.413807
2.34556;-0.149119;-0.406484
2.31568;-0.141797;-0.406484
2.28647;-0.134475;-0.406484
2.31017;-0.149119;-0.399162
2.28101;-0.141797;-0.399162
2.2525;-0.134475;-0.399162
2.30111;-0.130213;-0.413807
2.27228;-0.122891;-0.413807
2.24409;-0.115568;-0.413807
2.26977;-0.130213;-0.406484
2.24157;-0.122891;-0.406484
2.214;-0.115568;-0.406484
2.2362;-0.130213;-0.399162
2.20868;-0.122891;-0.399162
2.18177;-0.115568;-0.399162
2.28853;-0.149119;-0.3949
2.25981;-0.141797;-0.3949
2.23172;-0.134475;-0.3949
2.24962;-0.149119;-0.387578
2.22168;-0.141797;-0.387578
2.19436;-0.134475;-0.387578
2.20859;-0.149119;-0.380256
2.18147;-0.141797;-0.380256
2.15495;-0.134475;-0.380256
2.21567;-0.130213;-0.3949
2.18856;-0.122891;-0.3949
2.16206;-0.115568;-0.3949
2.17874;-0.130213;-0.387578
2.15237;-0.122891;-0.387578
2.1266;-0.115568;-0.387578
2.13979;-0.130213;-0.380256
2.11421;-0.122891;-0.380256
2.0892;-0.115568;-0.380256
2.22797;-0.111307;-0.413807
2.20076;-0.103984;-0.413807
2.17416;-0.096662;-0.413807
2.19824;-0.111307;-0.406484
2.17163;-0.103984;-0.406484
2.14561;-0.096662;-0.406484
2.16639;-0.111307;-0.399162
2.14043;-0.103984;-0.399162
2.11504;-0.096662;-0.399162
2.15894;-0.0924005;-0.413807
2.13326;-0.0850781;-0.413807
2.10815;-0.0777558;-0.413807
2.13074;-0.0924005;-0.406484
2.10563;-0.0850781;-0.406484
2.08107;-0.0777558;-0.406484
2.10052;-0.0924005;-0.399162
2.07602;-0.0850781;-0.399162
2.05207;-0.0777558;-0.399162
2.14691;-0.111307;-0.3949
2.12134;-0.103984;-0.3949
2.09633;-0.096662;-0.3949
2.11187;-0.111307;-0.387578
2.087;-0.103984;-0.387578
2.06268;-0.096662;-0.387578
2.0749;-0.111307;-0.380256
2.05077;-0.103984;-0.380256
2.02719;-0.096662;-0.380256
2.08204;-0.0924005;-0.3949
2.05791;-0.0850781;-0.3949
2.03432;-0.0777558;-0.3949
2.04878;-0.0924005;-0.387578
2.02532;-0.0850781;-0.387578
2.00239;-0.0777558;-0.387578
2.0137;-0.0924005;-0.380256
1.99094;-0.0850781;-0.380256
1.9687;-0.0777558;-0.380256
2.19954;-0.0734942;-0.451619
2.17314;-0.0661719;-0.451619
2.14733;-0.0588495;-0.451619
2.18347;-0.0734942;-0.444297
2.1574;-0.0661719;-0.444297
2.13191;-0.0588495;-0.444297
2.16523;-0.0734942;-0.436975
2.13954;-0.0661719;-0.436975
2.11441;-0.0588495;-0.436975
2.13257;-0.054588;-0.451619
2.10765;-0.0472656;-0.451619
2.08328;-0.0399433;-0.451619
2.11733;-0.054588;-0.444297
2.09273;-0.0472656;-0.444297
2.06866;-0.0399433;-0.444297
2.10005;-0.054588;-0.436975
2.07579;-0.0472656;-0.436975
2.05207;-0.0399433;-0.436975
2.15364;-0.0734942;-0.432713
2.12819;-0.0661719;-0.432713
2.10329;-0.0588495;-0.432713
2.13207;-0.0734942;-0.425391
2.10706;-0.0661719;-0.425391
2.08259;-0.0588495;-0.425391
2.10846;-0.0734942;-0.418068
2.08392;-0.0661719;-0.418068
2.05993;-0.0588495;-0.418068
2.08906;-0.054588;-0.432713
2.06503;-0.0472656;-0.432713
2.04152;-0.0399433;-0.432713
2.0686;-0.054588;-0.425391
2.04499;-0.0472656;-0.425391
2.0219;-0.0399433;-0.425391
2.04621;-0.054588;-0.418068
2.02305;-0.0472656;-0.418068
2.0004;-0.0399433;-0.418068
2.06935;-0.0356817;-0.451619
2.04582;-0.0283594;-0.451619
2.02281;-0.021037;-0.451619
2.0549;-0.0356817;-0.444297
2.03167;-0.0283594;-0.444297
2.00894;-0.021037;-0.444297
2.03851;-0.0356817;-0.436975
2.01561;-0.0283594;-0.436975
1.99322;-0.021037;-0.436975
2.00965;-0.0167755;-0.451619
1.98743;-0.00945312;-0.451619
1.96571;-0.00213077;-0.451619
1.99595;-0.0167755;-0.444297
1.97402;-0.00945312;-0.444297
1.95256;-0.00213077;-0.444297
1.98041;-0.0167755;-0.436975
1.95879;-0.00945312;-0.436975
1.93765;-0.00213077;-0.436975
2.02809;-0.0356817;-0.432713
2.0054;-0.0283594;-0.432713
1.98322;-0.021037;-0.432713
2.00869;-0.0356817;-0.425391
1.9864;-0.0283594;-0.425391
1.9646;-0.021037;-0.425391
1.98745;-0.0356817;-0.418068
1.96559;-0.0283594;-0.418068
1.94422;-0.021037;-0.418068
1.97053;-0.0167755;-0.432713
1.94911;-0.00945312;-0.432713
1.92817;-0.00213077;-0.432713
1.95214;-0.0167755;-0.425391
1.9311;-0.00945312;-0.425391
1.91052;-0.00213077;-0.425391
1.932;-0.0167755;-0.418068
1.91136;-0.00945312;-0.418068
1.89119;-0.00213077;-0.418068
2.09379;-0.0734942;-0.413807
2.06955;-0.0661719;-0.413807
2.04585;-0.0588495;-0.413807
2.06703;-0.0734942;-0.406484
2.04334;-0.0661719;-0.406484
2.02016;-0.0588495;-0.406484
2.03837;-0.0734942;-0.399162
2.01525;-0.0661719;-0.399162
1.99265;-0.0588495;-0.399162
2.03229;-0.054588;-0.413807
2.00942;-0.0472656;-0.413807
1.98705;-0.0399433;-0.413807
2.00692;-0.054588;-0.406484
1.98455;-0.0472656;-0.406484
1.96269;-0.0399433;-0.406484
1.97973;-0.054588;-0.399162
1.95791;-0.0472656;-0.399162
1.93659;-0.0399433;-0.399162
2.02083;-0.0734942;-0.3949
1.99807;-0.0661719;-0.3949
1.97581;-0.0588495;-0.3949
1.98928;-0.0734942;-0.387578
1.96715;-0.0661719;-0.387578
1.94551;-0.0588495;-0.387578
1.95598;-0.0734942;-0.380256
1.93452;-0.0661719;-0.380256
1.91354;-0.0588495;-0.380256
1.96309;-0.054588;-0.3949
1.94161;-0.0472656;-0.3949
1.92061;-0.0399433;-0.3949
1.93315;-0.054588;-0.387578
1.91227;-0.0472656;-0.387578
1.89187;-0.0399433;-0.387578
1.90155;-0.054588;-0.380256
1.88131;-0.0472656;-0.380256
1.86152;-0.0399433;-0.380256
1.97426;-0.0356817;-0.413807
1.95267;-0.0283594;-0.413807
1.93155;-0.021037;-0.413807
1.95019;-0.0356817;-0.406484
1.92908;-0.0283594;-0.406484
1.90845;-0.021037;-0.406484
1.92439;-0.0356817;-0.399162
1.90381;-0.0283594;-0.399162
1.88369;-0.021037;-0.399162
1.91948;-0.0167755;-0.413807
1.8991;-0.00945312;-0.413807
1.87918;-0.00213077;-0.413807
1.89665;-0.0167755;-0.406484
1.87674;-0.00945312;-0.406484
1.85727;-0.00213077;-0.406484
1.87219;-0.0167755;-0.399162
1.85277;-0.00945312;-0.399162
1.83378;-0.00213077;-0.399162
1.90861;-0.0356817;-0.3949
1.88835;-0.0283594;-0.3949
1.86854;-0.021037;-0.3949
1.8802;-0.0356817;-0.387578
1.86051;-0.0283594;-0.387578
1.84126;-0.021037;-0.387578
1.85022;-0.0356817;-0.380256
1.83113;-0.0283594;-0.380256
1.81247;-0.021037;-0.380256
1.85721;-0.0167755;-0.3949
1.8381;-0.00945312;-0.3949
1.81941;-0.00213077;-0.3949
1.83026;-0.0167755;-0.387578
1.81169;-0.00945312;-0.387578
1.79353;-0.00213077;-0.387578
1.80181;-0.0167755;-0.380256
1.78381;-0.00945312;-0.380256
1.76622;-0.00213077;-0.380256
2.18378;-0.149119;-0.375994
2.15715;-0.141797;-0.375994
2.13111;-0.134475;-0.375994
2.1396;-0.149119;-0.368672
2.11385;-0.141797;-0.368672
2.08867;-0.134475;-0.368672
2.09356;-0.149119;-0.36135
2.06872;-0.141797;-0.36135
2.04444;-0.134475;-0.36135
2.11623;-0.130213;-0.375994
2.09112;-0.122891;-0.375994
2.06657;-0.115568;-0.375994
2.07429;-0.130213;-0.368672
2.05001;-0.122891;-0.368672
2.02627;-0.115568;-0.368672
2.03056;-0.130213;-0.36135
2.00715;-0.122891;-0.36135
1.98426;-0.115568;-0.36135
2.06596;-0.149119;-0.357088
2.04166;-0.141797;-0.357088
2.01791;-0.134475;-0.357088
2.01721;-0.149119;-0.349766
1.99386;-0.141797;-0.349766
1.97105;-0.134475;-0.349766
1.9669;-0.149119;-0.342443
1.94453;-0.141797;-0.342443
1.92268;-0.134475;-0.342443
2.00434;-0.130213;-0.357088
1.98144;-0.122891;-0.357088
1.95906;-0.115568;-0.357088
1.95802;-0.130213;-0.349766
1.93602;-0.122891;-0.349766
1.91454;-0.115568;-0.349766
1.91019;-0.130213;-0.342443
1.88913;-0.122891;-0.342443
1.86855;-0.115568;-0.342443
2.05254;-0.111307;-0.375994
2.02886;-0.103984;-0.375994
2.00571;-0.096662;-0.375994
2.01271;-0.111307;-0.368672
1.98982;-0.103984;-0.368672
1.96745;-0.096662;-0.368672
1.97118;-0.111307;-0.36135
1.94912;-0.103984;-0.36135
1.92755;-0.096662;-0.36135
1.99247;-0.0924005;-0.375994
1.97014;-0.0850781;-0.375994
1.94831;-0.0777558;-0.375994
1.95466;-0.0924005;-0.368672
1.93308;-0.0850781;-0.368672
1.91199;-0.0777558;-0.368672
1.91522;-0.0924005;-0.36135
1.89442;-0.0850781;-0.36135
1.8741;-0.0777558;-0.36135
1.94627;-0.111307;-0.357088
1.9247;-0.103984;-0.357088
1.90361;-0.096662;-0.357088
1.90226;-0.111307;-0.349766
1.88154;-0.103984;-0.349766
1.86131;-0.096662;-0.349766
1.8568;-0.111307;-0.342443
1.83697;-0.103984;-0.342443
1.8176;-0.096662;-0.342443
1.89156;-0.0924005;-0.357088
1.87123;-0.0850781;-0.357088
1.85136;-0.0777558;-0.357088
1.84974;-0.0924005;-0.349766
1.83023;-0.0850781;-0.349766
1.81118;-0.0777558;-0.349766
1.80654;-0.0924005;-0.342443
1.78788;-0.0850781;-0.342443
1.76965;-0.0777558;-0.342443
1.93695;-0.149119;-0.338182
1.91516;-0.141797;-0.338182
1.89387;-0.134475;-0.338182
1.88442;-0.149119;-0.330859
1.86363;-0.141797;-0.330859
1.84333;-0.134475;-0.330859
1.83065;-0.149119;-0.323537
1.81088;-0.141797;-0.323537
1.79158;-0.134475;-0.323537
1.88171;-0.130213;-0.338182
1.8612;-0.122891;-0.338182
1.84116;-0.115568;-0.338182
1.83173;-0.130213;-0.330859
1.81218;-0.122891;-0.330859
1.79309;-0.115568;-0.330859
1.78056;-0.130213;-0.323537
1.76198;-0.122891;-0.323537
1.74385;-0.115568;-0.323537
1.79884;-0.149119;-0.319275
1.77966;-0.141797;-0.319275
1.76095;-0.134475;-0.319275
1.74338;-0.149119;-0.311953
1.72524;-0.141797;-0.311953
1.70755;-0.134475;-0.311953
1.68705;-0.149119;-0.304631
1.66995;-0.141797;-0.304631
1.65326;-0.134475;-0.304631
1.75027;-0.130213;-0.319275
1.73226;-0.122891;-0.319275
1.71469;-0.115568;-0.319275
1.69745;-0.130213;-0.311953
1.68043;-0.122891;-0.311953
1.66383;-0.115568;-0.311953
1.64375;-0.130213;-0.304631
1.62772;-0.122891;-0.304631
1.61209;-0.115568;-0.304631
1.82972;-0.111307;-0.338182
1.81042;-0.103984;-0.338182
1.79156;-0.096662;-0.338182
1.78219;-0.111307;-0.330859
1.7638;-0.103984;-0.330859
1.74585;-0.096662;-0.330859
1.73349;-0.111307;-0.323537
1.71604;-0.103984;-0.323537
1.699;-0.096662;-0.323537
1.78079;-0.0924005;-0.338182
1.76263;-0.0850781;-0.338182
1.74489;-0.0777558;-0.338182
1.7356;-0.0924005;-0.330859
1.71831;-0.0850781;-0.330859
1.70143;-0.0777558;-0.330859
1.68927;-0.0924005;-0.323537
1.67287;-0.0850781;-0.323537
1.65686;-0.0777558;-0.323537
1.70466;-0.111307;-0.319275
1.68775;-0.103984;-0.319275
1.67125;-0.096662;-0.319275
1.65435;-0.111307;-0.311953
1.63839;-0.103984;-0.311953
1.62282;-0.096662;-0.311953
1.60318;-0.111307;-0.304631
1.58817;-0.103984;-0.304631
1.57353;-0.096662;-0.304631
1.66183;-0.0924005;-0.319275
1.64595;-0.0850781;-0.319275
1.63046;-0.0777558;-0.319275
1.61393;-0.0924005;-0.311953
1.59896;-0.0850781;-0.311953
1.58436;-0.0777558;-0.311953
1.56518;-0.0924005;-0.304631
1.55112;-0.0850781;-0.304631
1.53742;-0.0777558;-0.304631
1.93583;-0.0734942;-0.375994
1.91477;-0.0661719;-0.375994
1.89419;-0.0588495;-0.375994
1.89993;-0.0734942;-0.368672
1.87959;-0.0661719;-0.368672
1.85971;-0.0588495;-0.368672
1.86248;-0.0734942;-0.36135
1.84289;-0.0661719;-0.36135
1.82373;-0.0588495;-0.36135
1.88242;-0.054588;-0.375994
1.86257;-0.0472656;-0.375994
1.84316;-0.0399433;-0.375994
1.84834;-0.054588;-0.368672
1.82917;-0.0472656;-0.368672
1.81043;-0.0399433;-0.368672
1.81279;-0.054588;-0.36135
1.79432;-0.0472656;-0.36135
1.77627;-0.0399433;-0.36135
1.84001;-0.0734942;-0.357088
1.82086;-0.0661719;-0.357088
1.80214;-0.0588495;-0.357088
1.80029;-0.0734942;-0.349766
1.78191;-0.0661719;-0.349766
1.76397;-0.0588495;-0.349766
1.75923;-0.0734942;-0.342443
1.74167;-0.0661719;-0.342443
1.72451;-0.0588495;-0.342443
1.79145;-0.054588;-0.357088
1.7734;-0.0472656;-0.357088
1.75577;-0.0399433;-0.357088
1.75371;-0.054588;-0.349766
1.73641;-0.0472656;-0.349766
1.71951;-0.0399433;-0.349766
1.71471;-0.054588;-0.342443
1.69817;-0.0472656;-0.342443
1.68203;-0.0399433;-0.342443
1.83206;-0.0356817;-0.375994
1.81334;-0.0283594;-0.375994
1.79504;-0.021037;-0.375994
1.79971;-0.0356817;-0.368672
1.78164;-0.0283594;-0.368672
1.76397;-0.021037;-0.368672
1.76596;-0.0356817;-0.36135
1.74856;-0.0283594;-0.36135
1.73155;-0.021037;-0.36135
1.78458;-0.0167755;-0.375994
1.76693;-0.00945312;-0.375994
1.74968;-0.00213077;-0.375994
1.75388;-0.0167755;-0.368672
1.73684;-0.00945312;-0.368672
1.72019;-0.00213077;-0.368672
1.72183;-0.0167755;-0.36135
1.70544;-0.00945312;-0.36135
1.68942;-0.00213077;-0.36135
1.74569;-0.0356817;-0.357088
1.72869;-0.0283594;-0.357088
1.71209;-0.021037;-0.357088
1.70986;-0.0356817;-0.349766
1.69357;-0.0283594;-0.349766
1.67766;-0.021037;-0.349766
1.6728;-0.0356817;-0.342443
1.65724;-0.0283594;-0.342443
1.64205;-0.021037;-0.342443
1.70259;-0.0167755;-0.357088
1.68658;-0.00945312;-0.357088
1.67094;-0.00213077;-0.357088
1.66856;-0.0167755;-0.349766
1.65323;-0.00945312;-0.349766
1.63825;-0.00213077;-0.349766
1.63337;-0.0167755;-0.342443
1.61873;-0.00945312;-0.342443
1.60443;-0.00213077;-0.342443
1.73476;-0.0734942;-0.338182
1.71767;-0.0661719;-0.338182
1.70098;-0.0588495;-0.338182
1.69179;-0.0734942;-0.330859
1.67554;-0.0661719;-0.330859
1.65967;-0.0588495;-0.330859
1.64773;-0.0734942;-0.323537
1.63232;-0.0661719;-0.323537
1.61729;-0.0588495;-0.323537
1.69145;-0.054588;-0.338182
1.67537;-0.0472656;-0.338182
1.65967;-0.0399433;-0.338182
1.6506;-0.054588;-0.330859
1.63532;-0.0472656;-0.330859
1.6204;-0.0399433;-0.330859
1.6087;-0.054588;-0.323537
1.59423;-0.0472656;-0.323537
1.58011;-0.0399433;-0.323537
1.62162;-0.0734942;-0.319275
1.60671;-0.0661719;-0.319275
1.59217;-0.0588495;-0.319275
1.57603;-0.0734942;-0.311953
1.56199;-0.0661719;-0.311953
1.5483;-0.0588495;-0.311953
1.5296;-0.0734942;-0.304631
1.51644;-0.0661719;-0.304631
1.50361;-0.0588495;-0.304631
1.58387;-0.054588;-0.319275
1.56988;-0.0472656;-0.319275
1.55622;-0.0399433;-0.319275
1.54049;-0.054588;-0.311953
1.52732;-0.0472656;-0.311953
1.51449;-0.0399433;-0.311953
1.49629;-0.054588;-0.304631
1.48397;-0.0472656;-0.304631
1.47195;-0.0399433;-0.304631
1.65071;-0.0356817;-0.338182
1.63558;-0.0283594;-0.338182
1.62081;-0.021037;-0.338182
1.61188;-0.0356817;-0.330859
1.59752;-0.0283594;-0.330859
1.5835;-0.021037;-0.330859
1.57205;-0.0356817;-0.323537
1.55846;-0.0283594;-0.323537
1.5452;-0.021037;-0.323537
1.61238;-0.0167755;-0.338182
1.59815;-0.00945312;-0.338182
1.58426;-0.00213077;-0.338182
1.57549;-0.0167755;-0.330859
1.56199;-0.00945312;-0.330859
1.54881;-0.00213077;-0.330859
1.53763;-0.0167755;-0.323537
1.52486;-0.00945312;-0.323537
1.51241;-0.00213077;-0.323537
1.54843;-0.0356817;-0.319275
1.5353;-0.0283594;-0.319275
1.52249;-0.021037;-0.319275
1.50716;-0.0356817;-0.311953
1.49483;-0.0283594;-0.311953
1.48279;-0.021037;-0.311953
1.4651;-0.0356817;-0.304631
1.45357;-0.0283594;-0.304631
1.44233;-0.021037;-0.304631
1.51517;-0.0167755;-0.319275
1.50285;-0.00945312;-0.319275
1.49082;-0.00213077;-0.319275
1.47593;-0.0167755;-0.311953
1.46436;-0.00945312;-0.311953
1.45308;-0.00213077;-0.311953
1.43591;-0.0167755;-0.304631
1.42512;-0.00945312;-0.304631
1.4146;-0.00213077;-0.304631
1.84666;-0.453844;-0.209736
1.84643;-0.453803;-0.209736
1.8462;-0.453762;-0.209736
1.84614;-0.454169;-0.208965
1.84511;-0.453986;-0.208965
1.84409;-0.453803;-0.208965
1.84577;-0.454493;-0.208193
1.84394;-0.454169;-0.208193
1.84212;-0.453844;-0.208193
1.84527;-0.455415;-0.205838
1.84111;-0.454688;-0.205838
1.83696;-0.453961;-0.205838
1.85305;-0.458239;-0.198516
1.84122;-0.456279;-0.198516
1.82947;-0.45432;-0.198516
1.87504;-0.46103;-0.191193
1.85475;-0.457852;-0.191193
1.8347;-0.454675;-0.191193
1.89377;-0.462574;-0.186932
1.86835;-0.458722;-0.186932
1.8433;-0.454871;-0.186932
1.93546;-0.465092;-0.179609
1.90092;-0.460141;-0.179609
1.86699;-0.455191;-0.179609
1.98916;-0.467583;-0.172287
1.94466;-0.461545;-0.172287
1.90109;-0.455507;-0.172287
2.10193;-0.47305;-0.161543
2.10054;-0.472878;-0.161543
2.09915;-0.472706;-0.161543
2.14779;-0.474398;-0.15705
2.14143;-0.473638;-0.15705
2.13509;-0.472878;-0.15705
2.19646;-0.475739;-0.152557
2.18488;-0.474394;-0.152557
2.17334;-0.473048;-0.152557
2.08153;-0.470525;-0.161543
2.02334;-0.463203;-0.161543
1.96659;-0.455881;-0.161543
2.11558;-0.470525;-0.15705
2.05582;-0.463203;-0.15705
1.99751;-0.455881;-0.15705
2.15187;-0.470525;-0.152557
2.09054;-0.463203;-0.152557
2.03069;-0.455881;-0.152557
2.01374;-0.468554;-0.169333
1.96506;-0.462092;-0.169333
1.91748;-0.45563;-0.169333
2.03831;-0.469417;-0.166503
1.98575;-0.462578;-0.166503
1.93443;-0.45574;-0.166503
2.06429;-0.470276;-0.163673
2.00774;-0.463063;-0.163673
1.95258;-0.455849;-0.163673
2.30358;-0.41677;-0.275952
2.3018;-0.416407;-0.275952
2.30002;-0.416043;-0.275952
2.25071;-0.419612;-0.271035
2.24297;-0.418008;-0.271035
2.23527;-0.416404;-0.271035
2.19906;-0.422425;-0.266118
2.18559;-0.419593;-0.266118
2.17224;-0.416762;-0.266118
2.55711;-0.399377;-0.300369
2.55166;-0.398353;-0.300369
2.54624;-0.397329;-0.300369
2.47862;-0.404113;-0.293047
2.4627;-0.401022;-0.293047
2.44695;-0.397931;-0.293047
2.39941;-0.408769;-0.285725
2.37382;-0.403645;-0.285725
2.34868;-0.398522;-0.285725
2.53344;-0.3949;-0.300369
2.49547;-0.387578;-0.300369
2.45839;-0.380256;-0.300369
2.43166;-0.3949;-0.293047
2.39534;-0.387578;-0.293047
2.35991;-0.380256;-0.293047
2.33116;-0.3949;-0.285725
2.2964;-0.387578;-0.285725
2.2625;-0.380256;-0.285725
2.28911;-0.413807;-0.275952
2.25398;-0.406484;-0.275952
2.21973;-0.399162;-0.275952
2.22289;-0.413807;-0.271035
2.18861;-0.406484;-0.271035
2.15521;-0.399162;-0.271035
2.15846;-0.413807;-0.266118
2.12494;-0.406484;-0.266118
2.09229;-0.399162;-0.266118
2.36869;-0.410528;-0.282894
2.3396;-0.404637;-0.282894
2.3111;-0.398746;-0.282894
2.34242;-0.411964;-0.280488
2.31054;-0.405446;-0.280488
2.27936;-0.398928;-0.280488
2.31626;-0.413393;-0.278082
2.28165;-0.406251;-0.278082
2.24788;-0.399109;-0.278082
2.27353;-0.3949;-0.281463
2.23962;-0.387578;-0.281463
2.20655;-0.380256;-0.281463
2.17644;-0.3949;-0.274141
2.14387;-0.387578;-0.274141
2.11213;-0.380256;-0.274141
2.08247;-0.3949;-0.266818
2.05106;-0.387578;-0.266818
2.02047;-0.380256;-0.266818
2.02275;-0.434901;-0.246663
2.02263;-0.434876;-0.246663
2.02252;-0.434851;-0.246663
2.01951;-0.435099;-0.246278
2.01898;-0.434987;-0.246278
2.01845;-0.434876;-0.246278
2.01629;-0.435296;-0.245893
2.01535;-0.435099;-0.245893
2.01441;-0.434901;-0.245893
2.01241;-0.432713;-0.246663
1.9784;-0.425391;-0.246663
1.94534;-0.418068;-0.246663
2.00823;-0.432713;-0.246278
1.97424;-0.425391;-0.246278
1.94119;-0.418068;-0.246278
2.00407;-0.432713;-0.245893
1.9701;-0.425391;-0.245893
1.93706;-0.418068;-0.245893
2.16351;-0.424323;-0.262669
2.14623;-0.420663;-0.262669
2.12918;-0.417003;-0.262669
2.09467;-0.428019;-0.255731
2.07007;-0.422746;-0.255731
2.04595;-0.417472;-0.255731
2.03099;-0.431663;-0.248793
1.99912;-0.424799;-0.248793
1.96807;-0.417935;-0.248793
1.99765;-0.436382;-0.24365
1.99446;-0.435711;-0.24365
1.99127;-0.435039;-0.24365
1.94255;-0.439885;-0.236328
1.93196;-0.437685;-0.236328
1.92146;-0.435484;-0.236328
1.89754;-0.443341;-0.229006
1.87929;-0.439632;-0.229006
1.8613;-0.435923;-0.229006
1.9803;-0.432713;-0.24365
1.94639;-0.425391;-0.24365
1.91342;-0.418068;-0.24365
1.90836;-0.432713;-0.236328
1.87444;-0.425391;-0.236328
1.84149;-0.418068;-0.236328
1.84594;-0.432713;-0.229006
1.81165;-0.425391;-0.229006
1.77836;-0.418068;-0.229006
2.11306;-0.413807;-0.262557
2.08002;-0.406484;-0.262557
2.04785;-0.399162;-0.262557
2.02357;-0.413807;-0.255234
1.99135;-0.406484;-0.255234
1.96;-0.399162;-0.255234
1.94009;-0.413807;-0.247912
1.90841;-0.406484;-0.247912
1.87761;-0.399162;-0.247912
2.02953;-0.3949;-0.262557
1.9987;-0.387578;-0.262557
1.9687;-0.380256;-0.262557
1.94215;-0.3949;-0.255234
1.91215;-0.387578;-0.255234
1.88298;-0.380256;-0.255234
1.86009;-0.3949;-0.247912
1.83066;-0.387578;-0.247912
1.80206;-0.380256;-0.247912
1.89467;-0.413807;-0.24365
1.86316;-0.406484;-0.24365
1.83255;-0.399162;-0.24365
1.82275;-0.413807;-0.236328
1.79129;-0.406484;-0.236328
1.76075;-0.399162;-0.236328
1.75943;-0.413807;-0.229006
1.72768;-0.406484;-0.229006
1.69687;-0.399162;-0.229006
1.81514;-0.3949;-0.24365
1.78591;-0.387578;-0.24365
1.75753;-0.380256;-0.24365
1.74339;-0.3949;-0.236328
1.71427;-0.387578;-0.236328
1.68602;-0.380256;-0.236328
1.67938;-0.3949;-0.229006
1.65004;-0.387578;-0.229006
1.6216;-0.380256;-0.229006
2.43723;-0.375994;-0.300369
2.40154;-0.368672;-0.300369
2.36671;-0.36135;-0.300369
2.33968;-0.375994;-0.293047
2.30559;-0.368672;-0.293047
2.27233;-0.36135;-0.293047
2.24316;-0.375994;-0.285725
2.21057;-0.368672;-0.285725
2.17879;-0.36135;-0.285725
2.34682;-0.357088;-0.300369
2.3133;-0.349766;-0.300369
2.28058;-0.342443;-0.300369
2.25334;-0.357088;-0.293047
2.22136;-0.349766;-0.293047
2.19015;-0.342443;-0.293047
2.16066;-0.357088;-0.285725
2.13012;-0.349766;-0.285725
2.10035;-0.342443;-0.285725
2.18769;-0.375994;-0.281463
2.15592;-0.368672;-0.281463
2.12495;-0.36135;-0.281463
2.09403;-0.375994;-0.274141
2.06357;-0.368672;-0.274141
2.03389;-0.36135;-0.274141
2.00304;-0.375994;-0.266818
1.97373;-0.368672;-0.266818
1.94519;-0.36135;-0.266818
2.10729;-0.357088;-0.281463
2.07755;-0.349766;-0.281463
2.04856;-0.342443;-0.281463
2.01697;-0.357088;-0.274141
1.98851;-0.349766;-0.274141
1.96078;-0.342443;-0.274141
1.92893;-0.357088;-0.266818
1.90159;-0.349766;-0.266818
1.87498;-0.342443;-0.266818
2.2619;-0.338182;-0.300369
2.23041;-0.330859;-0.300369
2.19969;-0.323537;-0.300369
2.17234;-0.338182;-0.293047
2.14234;-0.330859;-0.293047
2.11307;-0.323537;-0.293047
2.08336;-0.338182;-0.285725
2.05476;-0.330859;-0.285725
2.02688;-0.323537;-0.285725
2.18215;-0.319275;-0.300369
2.1526;-0.311953;-0.300369
2.12375;-0.304631;-0.300369
2.09637;-0.319275;-0.293047
2.06823;-0.311953;-0.293047
2.0408;-0.304631;-0.293047
2.01097;-0.319275;-0.285725
1.9842;-0.311953;-0.285725
1.9581;-0.304631;-0.285725
2.03203;-0.338182;-0.281463
2.0042;-0.330859;-0.281463
1.97709;-0.323537;-0.281463
1.94498;-0.338182;-0.274141
1.91839;-0.330859;-0.274141
1.8925;-0.323537;-0.274141
1.85983;-0.338182;-0.266818
1.83436;-0.330859;-0.266818
1.80958;-0.323537;-0.266818
1.96163;-0.319275;-0.281463
1.9356;-0.311953;-0.281463
1.91024;-0.304631;-0.281463
1.87775;-0.319275;-0.274141
1.85294;-0.311953;-0.274141
1.82879;-0.304631;-0.274141
1.79547;-0.319275;-0.266818
1.77175;-0.311953;-0.266818
1.74869;-0.304631;-0.266818
1.95161;-0.375994;-0.262557
1.92287;-0.368672;-0.262557
1.89492;-0.36135;-0.262557
1.86637;-0.375994;-0.255234
1.83847;-0.368672;-0.255234
1.81135;-0.36135;-0.255234
1.7858;-0.375994;-0.247912
1.7585;-0.368672;-0.247912
1.73199;-0.36135;-0.247912
1.879;-0.357088;-0.262557
1.85224;-0.349766;-0.262557
1.82621;-0.342443;-0.262557
1.79592;-0.357088;-0.255234
1.77;-0.349766;-0.255234
1.74482;-0.342443;-0.255234
1.71692;-0.357088;-0.247912
1.69163;-0.349766;-0.247912
1.66709;-0.342443;-0.247912
1.7414;-0.375994;-0.24365
1.71432;-0.368672;-0.24365
1.68805;-0.36135;-0.24365
1.66997;-0.375994;-0.236328
1.64307;-0.368672;-0.236328
1.61699;-0.36135;-0.236328
1.60546;-0.375994;-0.229006
1.57842;-0.368672;-0.229006
1.55223;-0.36135;-0.229006
1.67313;-0.357088;-0.24365
1.64809;-0.349766;-0.24365
1.62382;-0.342443;-0.24365
1.60218;-0.357088;-0.236328
1.57738;-0.349766;-0.236328
1.55335;-0.342443;-0.236328
1.53738;-0.357088;-0.229006
1.51251;-0.349766;-0.229006
1.48846;-0.342443;-0.229006
1.81139;-0.338182;-0.262557
1.7865;-0.330859;-0.262557
1.76229;-0.323537;-0.262557
1.7305;-0.338182;-0.255234
1.70646;-0.330859;-0.255234
1.68311;-0.323537;-0.255234
1.65315;-0.338182;-0.247912
1.62976;-0.330859;-0.247912
1.60708;-0.323537;-0.247912
1.74852;-0.319275;-0.262557
1.72537;-0.311953;-0.262557
1.70289;-0.304631;-0.262557
1.66984;-0.319275;-0.255234
1.64756;-0.311953;-0.255234
1.62594;-0.304631;-0.255234
1.5942;-0.319275;-0.247912
1.57261;-0.311953;-0.247912
1.55168;-0.304631;-0.247912
1.61003;-0.338182;-0.24365
1.58693;-0.330859;-0.24365
1.56454;-0.323537;-0.24365
1.53972;-0.338182;-0.236328
1.5169;-0.330859;-0.236328
1.49482;-0.323537;-0.236328
1.47483;-0.338182;-0.229006
1.45203;-0.330859;-0.229006
1.43001;-0.323537;-0.229006
1.55183;-0.319275;-0.24365
1.53054;-0.311953;-0.24365
1.50993;-0.304631;-0.24365
1.48231;-0.319275;-0.236328
1.46136;-0.311953;-0.236328
1.44112;-0.304631;-0.236328
1.41753;-0.319275;-0.229006
1.39669;-0.311953;-0.229006
1.37657;-0.304631;-0.229006
1.8343;-0.451619;-0.209736
1.79439;-0.444297;-0.209736
1.75562;-0.436975;-0.209736
1.83191;-0.451619;-0.208965
1.79183;-0.444297;-0.208965
1.7529;-0.436975;-0.208965
1.82965;-0.451619;-0.208193
1.7894;-0.444297;-0.208193
1.7503;-0.436975;-0.208193
1.8773;-0.44517;-0.224969
1.85475;-0.440663;-0.224969
1.8326;-0.436155;-0.224969
1.85196;-0.448006;-0.218418
1.82226;-0.442261;-0.218418
1.79324;-0.436516;-0.218418
1.83723;-0.45081;-0.211867
1.79976;-0.443841;-0.211867
1.76332;-0.436872;-0.211867
1.81438;-0.432713;-0.224744
1.7797;-0.425391;-0.224744
1.74604;-0.418068;-0.224744
1.76888;-0.432713;-0.217422
1.73325;-0.425391;-0.217422
1.69868;-0.418068;-0.217422
1.73495;-0.432713;-0.2101
1.69803;-0.425391;-0.2101
1.66221;-0.418068;-0.2101
1.82366;-0.451619;-0.205838
1.78286;-0.444297;-0.205838
1.74323;-0.436975;-0.205838
1.81342;-0.451619;-0.198516
1.77076;-0.444297;-0.198516
1.7293;-0.436975;-0.198516
1.81564;-0.451619;-0.191193
1.77087;-0.444297;-0.191193
1.72735;-0.436975;-0.191193
1.7207;-0.432713;-0.205838
1.68288;-0.425391;-0.205838
1.64618;-0.418068;-0.205838
1.70572;-0.432713;-0.198516
1.66613;-0.425391;-0.198516
1.6277;-0.418068;-0.198516
1.70258;-0.432713;-0.191193
1.66098;-0.425391;-0.191193
1.62058;-0.418068;-0.191193
1.72691;-0.413807;-0.224744
1.69482;-0.406484;-0.224744
1.66371;-0.399162;-0.224744
1.67904;-0.413807;-0.217422
1.6461;-0.406484;-0.217422
1.61417;-0.399162;-0.217422
1.64186;-0.413807;-0.2101
1.60773;-0.406484;-0.2101
1.57465;-0.399162;-0.2101
1.64604;-0.3949;-0.224744
1.61642;-0.387578;-0.224744
1.58772;-0.380256;-0.224744
1.59605;-0.3949;-0.217422
1.56568;-0.387578;-0.217422
1.53627;-0.380256;-0.217422
1.55588;-0.3949;-0.2101
1.52442;-0.387578;-0.2101
1.49397;-0.380256;-0.2101
1.62533;-0.413807;-0.205838
1.59036;-0.406484;-0.205838
1.55647;-0.399162;-0.205838
1.60586;-0.413807;-0.198516
1.56922;-0.406484;-0.198516
1.5337;-0.399162;-0.198516
1.59761;-0.413807;-0.191193
1.55906;-0.406484;-0.191193
1.52167;-0.399162;-0.191193
1.53723;-0.3949;-0.205838
1.505;-0.387578;-0.205838
1.47379;-0.380256;-0.205838
1.51353;-0.3949;-0.198516
1.47973;-0.387578;-0.198516
1.44701;-0.380256;-0.198516
1.50043;-0.3949;-0.191193
1.46482;-0.387578;-0.191193
1.43032;-0.380256;-0.191193
1.82242;-0.451619;-0.186932
1.77634;-0.444297;-0.186932
1.73153;-0.436975;-0.186932
1.84289;-0.451619;-0.179609
1.79445;-0.444297;-0.179609
1.74732;-0.436975;-0.179609
1.87353;-0.451619;-0.172287
1.82265;-0.444297;-0.172287
1.77311;-0.436975;-0.172287
1.70602;-0.432713;-0.186932
1.66317;-0.425391;-0.186932
1.62153;-0.418068;-0.186932
1.72048;-0.432713;-0.179609
1.67536;-0.425391;-0.179609
1.63149;-0.418068;-0.179609
1.74488;-0.432713;-0.172287
1.6974;-0.425391;-0.172287
1.6512;-0.418068;-0.172287
1.89555;-0.451619;-0.168025
1.84323;-0.444297;-0.168025
1.79226;-0.436975;-0.168025
1.93964;-0.451619;-0.160703
1.88484;-0.444297;-0.160703
1.83141;-0.436975;-0.160703
1.99046;-0.451619;-0.153381
1.93318;-0.444297;-0.153381
1.87731;-0.436975;-0.153381
1.76321;-0.432713;-0.168025
1.71434;-0.425391;-0.168025
1.66676;-0.418068;-0.168025
1.80095;-0.432713;-0.160703
1.74966;-0.425391;-0.160703
1.6997;-0.418068;-0.160703
1.84544;-0.432713;-0.153381
1.79176;-0.425391;-0.153381
1.73943;-0.418068;-0.153381
1.59785;-0.413807;-0.186932
1.5581;-0.406484;-0.186932
1.51952;-0.399162;-0.186932
1.60652;-0.413807;-0.179609
1.56459;-0.406484;-0.179609
1.52386;-0.399162;-0.179609
1.62489;-0.413807;-0.172287
1.58068;-0.406484;-0.172287
1.5377;-0.399162;-0.172287
1.49761;-0.3949;-0.186932
1.46085;-0.387578;-0.186932
1.42522;-0.380256;-0.186932
1.5007;-0.3949;-0.179609
1.46185;-0.387578;-0.179609
1.42415;-0.380256;-0.179609
1.51325;-0.3949;-0.172287
1.47218;-0.387578;-0.172287
1.43231;-0.380256;-0.172287
1.63965;-0.413807;-0.168025
1.59409;-0.406484;-0.168025
1.54977;-0.399162;-0.168025
1.67122;-0.413807;-0.160703
1.62332;-0.406484;-0.160703
1.57669;-0.399162;-0.160703
1.70959;-0.413807;-0.153381
1.65936;-0.406484;-0.153381
1.61042;-0.399162;-0.153381
1.52454;-0.3949;-0.168025
1.48216;-0.387578;-0.168025
1.44099;-0.380256;-0.168025
1.55013;-0.3949;-0.160703
1.50547;-0.387578;-0.160703
1.46205;-0.380256;-0.160703
1.58253;-0.3949;-0.153381
1.53561;-0.387578;-0.153381
1.48995;-0.380256;-0.153381
1.57144;-0.375994;-0.224744
1.54417;-0.368672;-0.224744
1.51778;-0.36135;-0.224744
1.51959;-0.375994;-0.217422
1.49167;-0.368672;-0.217422
1.46467;-0.36135;-0.217422
1.47671;-0.375994;-0.2101
1.44781;-0.368672;-0.2101
1.41987;-0.36135;-0.2101
1.50282;-0.357088;-0.224744
1.47778;-0.349766;-0.224744
1.45357;-0.342443;-0.224744
1.44937;-0.357088;-0.217422
1.42379;-0.349766;-0.217422
1.39907;-0.342443;-0.217422
1.40405;-0.357088;-0.2101
1.3776;-0.349766;-0.2101
1.35207;-0.342443;-0.2101
1.4561;-0.375994;-0.205838
1.42649;-0.368672;-0.205838
1.39787;-0.36135;-0.205838
1.42845;-0.375994;-0.198516
1.39739;-0.368672;-0.198516
1.36735;-0.36135;-0.198516
1.41074;-0.375994;-0.191193
1.37797;-0.368672;-0.191193
1.34626;-0.36135;-0.191193
1.38166;-0.357088;-0.205838
1.35456;-0.349766;-0.205838
1.32841;-0.342443;-0.205838
1.35034;-0.357088;-0.198516
1.3219;-0.349766;-0.198516
1.29446;-0.342443;-0.198516
1.3283;-0.357088;-0.191193
1.29826;-0.349766;-0.191193
1.26925;-0.342443;-0.191193
1.43986;-0.338182;-0.224744
1.41695;-0.330859;-0.224744
1.39482;-0.323537;-0.224744
1.38509;-0.338182;-0.217422
1.36173;-0.330859;-0.217422
1.3392;-0.323537;-0.217422
1.33763;-0.338182;-0.2101
1.31352;-0.330859;-0.2101
1.29029;-0.323537;-0.2101
1.3823;-0.319275;-0.224744
1.36139;-0.311953;-0.224744
1.34122;-0.304631;-0.224744
1.32646;-0.319275;-0.217422
1.30522;-0.311953;-0.217422
1.28476;-0.304631;-0.217422
1.27716;-0.319275;-0.2101
1.25528;-0.311953;-0.2101
1.23424;-0.304631;-0.2101
1.31362;-0.338182;-0.205838
1.28894;-0.330859;-0.205838
1.26516;-0.323537;-0.205838
1.27893;-0.338182;-0.198516
1.25303;-0.330859;-0.198516
1.22807;-0.323537;-0.198516
1.25284;-0.338182;-0.191193
1.22544;-0.330859;-0.191193
1.19903;-0.323537;-0.191193
1.25172;-0.319275;-0.205838
1.22934;-0.311953;-0.205838
1.20782;-0.304631;-0.205838
1.21398;-0.319275;-0.198516
1.1905;-0.311953;-0.198516
1.16793;-0.304631;-0.198516
1.18412;-0.319275;-0.191193
1.15927;-0.311953;-0.191193
1.13538;-0.304631;-0.191193
1.405;-0.375994;-0.186932
1.37113;-0.368672;-0.186932
1.33835;-0.36135;-0.186932
1.40274;-0.375994;-0.179609
1.36685;-0.368672;-0.179609
1.33209;-0.36135;-0.179609
1.40964;-0.375994;-0.172287
1.37162;-0.368672;-0.172287
1.33475;-0.36135;-0.172287
1.31977;-0.357088;-0.186932
1.28869;-0.349766;-0.186932
1.25866;-0.342443;-0.186932
1.31238;-0.357088;-0.179609
1.27937;-0.349766;-0.179609
1.24745;-0.342443;-0.179609
1.31382;-0.357088;-0.172287
1.27875;-0.349766;-0.172287
1.24481;-0.342443;-0.172287
1.41758;-0.375994;-0.168025
1.37828;-0.368672;-0.168025
1.34015;-0.36135;-0.168025
1.43733;-0.375994;-0.160703
1.39582;-0.368672;-0.160703
1.3555;-0.36135;-0.160703
1.46394;-0.375994;-0.153381
1.42021;-0.368672;-0.153381
1.37769;-0.36135;-0.153381
1.3185;-0.357088;-0.168025
1.28219;-0.349766;-0.168025
1.24702;-0.342443;-0.168025
1.33257;-0.357088;-0.160703
1.2941;-0.349766;-0.160703
1.25679;-0.342443;-0.160703
1.3535;-0.357088;-0.153381
1.31287;-0.349766;-0.153381
1.27341;-0.342443;-0.153381
1.24167;-0.338182;-0.186932
1.21329;-0.330859;-0.186932
1.18594;-0.323537;-0.186932
1.22938;-0.338182;-0.179609
1.19916;-0.330859;-0.179609
1.17001;-0.323537;-0.179609
1.22556;-0.338182;-0.172287
1.19336;-0.330859;-0.172287
1.16226;-0.323537;-0.172287
1.17048;-0.319275;-0.186932
1.14472;-0.311953;-0.186932
1.11995;-0.304631;-0.186932
1.15353;-0.319275;-0.179609
1.12603;-0.311953;-0.179609
1.09957;-0.304631;-0.179609
1.14465;-0.319275;-0.172287
1.11526;-0.311953;-0.172287
1.08693;-0.304631;-0.172287
1.22706;-0.338182;-0.168025
1.19366;-0.330859;-0.168025
1.16137;-0.323537;-0.168025
1.2356;-0.338182;-0.160703
1.20009;-0.330859;-0.160703
1.16571;-0.323537;-0.160703
1.25097;-0.338182;-0.153381
1.21334;-0.330859;-0.153381
1.17686;-0.323537;-0.153381
1.14309;-0.319275;-0.168025
1.11252;-0.311953;-0.168025
1.08305;-0.304631;-0.168025
1.14622;-0.319275;-0.160703
1.1136;-0.311953;-0.160703
1.08209;-0.304631;-0.160703
1.15614;-0.319275;-0.153381
1.12144;-0.311953;-0.153381
1.08786;-0.304631;-0.153381
2.23478;-0.476693;-0.149119
2.21929;-0.474931;-0.149119
2.20389;-0.473169;-0.149119
2.31965;-0.478622;-0.141797
2.29573;-0.476018;-0.141797
2.27202;-0.473414;-0.141797
2.40884;-0.480536;-0.134475
2.37593;-0.477096;-0.134475
2.34338;-0.473657;-0.134475
2.18094;-0.470525;-0.149119
2.11843;-0.463203;-0.149119
2.05741;-0.455881;-0.149119
2.24594;-0.470525;-0.141797
2.18094;-0.463203;-0.141797
2.11746;-0.455881;-0.141797
2.31406;-0.470525;-0.134475
2.24662;-0.463203;-0.134475
2.18077;-0.455881;-0.134475
2.46155;-0.481573;-0.130213
2.42346;-0.477681;-0.130213
2.38583;-0.473789;-0.130213
2.55257;-0.483228;-0.122891
2.50573;-0.478614;-0.122891
2.45957;-0.473999;-0.122891
2.64467;-0.484871;-0.115568
2.58868;-0.479539;-0.115568
2.53361;-0.474208;-0.115568
2.35465;-0.470525;-0.130213
2.28584;-0.463203;-0.130213
2.21863;-0.455881;-0.130213
2.42527;-0.470525;-0.122891
2.35417;-0.463203;-0.122891
2.2847;-0.455881;-0.122891
2.49611;-0.470525;-0.115568
2.42282;-0.463203;-0.115568
2.35119;-0.455881;-0.115568
2.98203;-0.491832;-0.0894368
2.98064;-0.491714;-0.0894368
2.97925;-0.491597;-0.0894368
3.04845;-0.492756;-0.0834081
3.04217;-0.492235;-0.0834081
3.03589;-0.491714;-0.0834081
3.11251;-0.493677;-0.0773793
3.10118;-0.492754;-0.0773793
3.08987;-0.491831;-0.0773793
2.69762;-0.485752;-0.111307
2.63646;-0.480036;-0.111307
2.57638;-0.47432;-0.111307
2.78676;-0.487139;-0.103984
2.71706;-0.480817;-0.103984
2.64872;-0.474496;-0.103984
2.87447;-0.488517;-0.096662
2.79598;-0.481594;-0.096662
2.71915;-0.474671;-0.096662
2.53709;-0.470525;-0.111307
2.46256;-0.463203;-0.111307
2.38972;-0.455881;-0.111307
2.60647;-0.470525;-0.103984
2.52991;-0.463203;-0.103984
2.45507;-0.455881;-0.103984
2.67393;-0.470525;-0.096662
2.59545;-0.463203;-0.096662
2.51872;-0.455881;-0.096662
2.95373;-0.489432;-0.0894368
2.86867;-0.482109;-0.0894368
2.7855;-0.474787;-0.0894368
3.00852;-0.489432;-0.0834081
2.922;-0.482109;-0.0834081
2.83739;-0.474787;-0.0834081
3.06064;-0.489432;-0.0773793
2.97274;-0.482109;-0.0773793
2.88678;-0.474787;-0.0773793
2.90389;-0.488975;-0.0941548
2.8224;-0.481852;-0.0941548
2.74269;-0.474729;-0.0941548
2.91854;-0.489174;-0.0928612
2.83569;-0.481964;-0.0928612
2.75465;-0.474754;-0.0928612
2.9331;-0.489374;-0.0915676
2.84888;-0.482077;-0.0915676
2.76653;-0.47478;-0.0915676
2.71203;-0.470525;-0.0924005
2.63249;-0.463203;-0.0924005
2.55472;-0.455881;-0.0924005
2.7751;-0.470525;-0.0850781
2.69383;-0.463203;-0.0850781
2.61436;-0.455881;-0.0850781
2.83468;-0.470525;-0.0777558
2.7518;-0.463203;-0.0777558
2.67075;-0.455881;-0.0777558
3.15152;-0.494198;-0.0734942
3.13724;-0.493048;-0.0734942
3.12301;-0.491897;-0.0734942
3.22033;-0.495067;-0.0661719
3.20098;-0.493537;-0.0661719
3.18173;-0.492008;-0.0661719
3.28438;-0.495933;-0.0588495
3.25986;-0.494025;-0.0588495
3.23547;-0.492118;-0.0588495
3.31839;-0.496365;-0.054588
3.2912;-0.494269;-0.054588
3.26419;-0.492172;-0.054588
3.37091;-0.496983;-0.0472656
3.33982;-0.494617;-0.0472656
3.30895;-0.492251;-0.0472656
3.41768;-0.497599;-0.0399433
3.38265;-0.494964;-0.0399433
3.3479;-0.492329;-0.0399433
3.09268;-0.489432;-0.0734942
3.00394;-0.482109;-0.0734942
2.91717;-0.474787;-0.0734942
3.14952;-0.489432;-0.0661719
3.05931;-0.482109;-0.0661719
2.97109;-0.474787;-0.0661719
3.20138;-0.489432;-0.0588495
3.10984;-0.482109;-0.0588495
3.02032;-0.474787;-0.0588495
2.86755;-0.470525;-0.0734942
2.78379;-0.463203;-0.0734942
2.70189;-0.455881;-0.0734942
2.92064;-0.470525;-0.0661719
2.83549;-0.463203;-0.0661719
2.75221;-0.455881;-0.0661719
2.96913;-0.470525;-0.0588495
2.88271;-0.463203;-0.0588495
2.7982;-0.455881;-0.0588495
3.22913;-0.489432;-0.054588
3.13689;-0.482109;-0.054588
3.04668;-0.474787;-0.054588
3.27245;-0.489432;-0.0472656
3.17911;-0.482109;-0.0472656
3.08782;-0.474787;-0.0472656
3.31001;-0.489432;-0.0399433
3.21573;-0.482109;-0.0399433
3.12351;-0.474787;-0.0399433
2.99509;-0.470525;-0.054588
2.908;-0.463203;-0.054588
2.82283;-0.455881;-0.054588
3.03562;-0.470525;-0.0472656
2.94749;-0.463203;-0.0472656
2.8613;-0.455881;-0.0472656
3.07078;-0.470525;-0.0399433
2.98176;-0.463203;-0.0399433
2.89469;-0.455881;-0.0399433
3.44119;-0.497886;-0.0356817
3.40429;-0.495126;-0.0356817
3.3677;-0.492366;-0.0356817
3.47503;-0.498255;-0.0283594
3.43565;-0.495334;-0.0283594
3.39662;-0.492413;-0.0283594
3.50249;-0.498624;-0.021037
3.46066;-0.495542;-0.021037
3.41923;-0.492459;-0.021037
3.51449;-0.498767;-0.0167755
3.4717;-0.495623;-0.0167755
3.42931;-0.492478;-0.0167755
3.52819;-0.49889;-0.00945312
3.48453;-0.495692;-0.00945312
3.44129;-0.492493;-0.00945312
3.53521;-0.499013;-0.00213077
3.49074;-0.495761;-0.00213077
3.4467;-0.492509;-0.00213077
3.32913;-0.489432;-0.0356817
3.23437;-0.482109;-0.0356817
3.14169;-0.474787;-0.0356817
3.35714;-0.489432;-0.0283594
3.26168;-0.482109;-0.0283594
3.16832;-0.474787;-0.0283594
3.3789;-0.489432;-0.021037
3.2829;-0.482109;-0.021037
3.18901;-0.474787;-0.021037
3.08869;-0.470525;-0.0356817
2.99921;-0.463203;-0.0356817
2.91169;-0.455881;-0.0356817
3.11492;-0.470525;-0.0283594
3.02478;-0.463203;-0.0283594
2.93662;-0.455881;-0.0283594
3.13531;-0.470525;-0.021037
3.04466;-0.463203;-0.021037
2.95599;-0.455881;-0.021037
3.38864;-0.489432;-0.0167755
3.2924;-0.482109;-0.0167755
3.19827;-0.474787;-0.0167755
3.40029;-0.489432;-0.00945312
3.30375;-0.482109;-0.00945312
3.20934;-0.474787;-0.00945312
3.40544;-0.489432;-0.00213077
3.30878;-0.482109;-0.00213077
3.21424;-0.474787;-0.00213077
3.14444;-0.470525;-0.0167755
3.05355;-0.463203;-0.0167755
2.96466;-0.455881;-0.0167755
3.15535;-0.470525;-0.00945312
3.06419;-0.463203;-0.00945312
2.97503;-0.455881;-0.00945312
3.16018;-0.470525;-0.00213077
3.0689;-0.463203;-0.00213077
2.97962;-0.455881;-0.00213077
2.02257;-0.451619;-0.149119
1.96387;-0.444297;-0.149119
1.9066;-0.436975;-0.149119
2.08122;-0.451619;-0.141797
2.02011;-0.444297;-0.141797
1.96048;-0.436975;-0.141797
2.14315;-0.451619;-0.134475
2.07971;-0.444297;-0.134475
2.01777;-0.436975;-0.134475
1.87392;-0.432713;-0.149119
1.81886;-0.425391;-0.149119
1.76517;-0.418068;-0.149119
1.92643;-0.432713;-0.141797
1.86905;-0.425391;-0.141797
1.81307;-0.418068;-0.141797
1.9824;-0.432713;-0.134475
1.92278;-0.425391;-0.134475
1.86457;-0.418068;-0.134475
2.18023;-0.451619;-0.130213
2.11548;-0.444297;-0.130213
2.05224;-0.436975;-0.130213
2.24501;-0.451619;-0.122891
2.17805;-0.444297;-0.122891
2.11264;-0.436975;-0.122891
2.31026;-0.451619;-0.115568
2.24119;-0.444297;-0.115568
2.17371;-0.436975;-0.115568
2.01612;-0.432713;-0.130213
1.95522;-0.425391;-0.130213
1.89576;-0.418068;-0.130213
2.07528;-0.432713;-0.122891
2.01226;-0.425391;-0.122891
1.95071;-0.418068;-0.122891
2.13516;-0.432713;-0.115568
2.07011;-0.425391;-0.115568
2.00657;-0.418068;-0.115568
1.73455;-0.413807;-0.149119
1.68298;-0.406484;-0.149119
1.63272;-0.399162;-0.149119
1.78112;-0.413807;-0.141797
1.72731;-0.406484;-0.141797
1.67482;-0.399162;-0.141797
1.83135;-0.413807;-0.134475
1.77535;-0.406484;-0.134475
1.72071;-0.399162;-0.134475
1.60407;-0.3949;-0.149119
1.55585;-0.387578;-0.149119
1.50889;-0.380256;-0.149119
1.64489;-0.3949;-0.141797
1.59447;-0.387578;-0.141797
1.54535;-0.380256;-0.141797
1.68953;-0.3949;-0.134475
1.637;-0.387578;-0.134475
1.58577;-0.380256;-0.134475
1.86181;-0.413807;-0.130213
1.80458;-0.406484;-0.130213
1.74872;-0.399162;-0.130213
1.91556;-0.413807;-0.122891
1.85628;-0.406484;-0.122891
1.7984;-0.399162;-0.122891
1.97027;-0.413807;-0.115568
1.90904;-0.406484;-0.115568
1.84924;-0.399162;-0.115568
1.71684;-0.3949;-0.130213
1.66311;-0.387578;-0.130213
1.6107;-0.380256;-0.130213
1.76536;-0.3949;-0.122891
1.70965;-0.387578;-0.122891
1.65528;-0.380256;-0.122891
1.81508;-0.3949;-0.115568
1.75749;-0.387578;-0.115568
1.70125;-0.380256;-0.115568
2.34809;-0.451619;-0.111307
2.27785;-0.444297;-0.111307
2.20921;-0.436975;-0.111307
2.4123;-0.451619;-0.103984
2.34011;-0.444297;-0.103984
2.26956;-0.436975;-0.103984
2.47486;-0.451619;-0.096662
2.40085;-0.444297;-0.096662
2.32849;-0.436975;-0.096662
2.16998;-0.432713;-0.111307
2.10381;-0.425391;-0.111307
2.03915;-0.418068;-0.111307
2.22924;-0.432713;-0.103984
2.1612;-0.425391;-0.103984
2.0947;-0.418068;-0.103984
2.28713;-0.432713;-0.096662
2.21734;-0.425391;-0.096662
2.14912;-0.418068;-0.096662
2.51026;-0.451619;-0.0924005
2.43523;-0.444297;-0.0924005
2.36187;-0.436975;-0.0924005
2.56893;-0.451619;-0.0850781
2.49224;-0.444297;-0.0850781
2.41726;-0.436975;-0.0850781
2.62442;-0.451619;-0.0777558
2.5462;-0.444297;-0.0777558
2.46972;-0.436975;-0.0777558
2.31994;-0.432713;-0.0924005
2.24918;-0.425391;-0.0924005
2.18;-0.418068;-0.0924005
2.3744;-0.432713;-0.0850781
2.30206;-0.425391;-0.0850781
2.23134;-0.418068;-0.0850781
2.426;-0.432713;-0.0777558
2.3522;-0.425391;-0.0777558
2.28004;-0.418068;-0.0777558
2.0022;-0.413807;-0.111307
1.93989;-0.406484;-0.111307
1.87901;-0.399162;-0.111307
2.05671;-0.413807;-0.103984
1.9926;-0.406484;-0.103984
1.92996;-0.399162;-0.103984
2.11013;-0.413807;-0.096662
2.04434;-0.406484;-0.096662
1.98004;-0.399162;-0.096662
1.84424;-0.3949;-0.111307
1.78559;-0.387578;-0.111307
1.72832;-0.380256;-0.111307
1.89417;-0.3949;-0.103984
1.8338;-0.387578;-0.103984
1.77482;-0.380256;-0.103984
1.94329;-0.3949;-0.096662
1.8813;-0.387578;-0.096662
1.82072;-0.380256;-0.096662
2.14046;-0.413807;-0.0924005
2.07374;-0.406484;-0.0924005
2.00853;-0.399162;-0.0924005
2.19091;-0.413807;-0.0850781
2.12268;-0.406484;-0.0850781
2.05598;-0.399162;-0.0850781
2.23879;-0.413807;-0.0777558
2.16916;-0.406484;-0.0777558
2.10109;-0.399162;-0.0777558
1.97126;-0.3949;-0.0924005
1.90837;-0.387578;-0.0924005
1.84691;-0.380256;-0.0924005
2.01786;-0.3949;-0.0850781
1.95352;-0.387578;-0.0850781
1.89063;-0.380256;-0.0850781
2.06218;-0.3949;-0.0777558
1.9965;-0.387578;-0.0777558
1.9323;-0.380256;-0.0777558
1.48214;-0.375994;-0.149119
1.43714;-0.368672;-0.149119
1.39337;-0.36135;-0.149119
1.51734;-0.375994;-0.141797
1.4702;-0.368672;-0.141797
1.4243;-0.36135;-0.141797
1.55655;-0.375994;-0.134475
1.50734;-0.368672;-0.134475
1.45939;-0.36135;-0.134475
1.36844;-0.357088;-0.149119
1.32656;-0.349766;-0.149119
1.28586;-0.342443;-0.149119
1.39815;-0.357088;-0.141797
1.35417;-0.349766;-0.141797
1.31138;-0.342443;-0.141797
1.43205;-0.357088;-0.134475
1.38604;-0.349766;-0.134475
1.34124;-0.342443;-0.134475
1.5808;-0.375994;-0.130213
1.53042;-0.368672;-0.130213
1.48132;-0.36135;-0.130213
1.62424;-0.375994;-0.122891
1.57194;-0.368672;-0.122891
1.52092;-0.36135;-0.122891
1.66914;-0.375994;-0.115568
1.61501;-0.368672;-0.115568
1.56217;-0.36135;-0.115568
1.45331;-0.357088;-0.130213
1.40616;-0.349766;-0.130213
1.36022;-0.342443;-0.130213
1.4918;-0.357088;-0.122891
1.44277;-0.349766;-0.122891
1.39496;-0.342443;-0.122891
1.53201;-0.357088;-0.115568
1.48118;-0.349766;-0.115568
1.4316;-0.342443;-0.115568
1.26271;-0.338182;-0.149119
1.22386;-0.330859;-0.149119
1.18615;-0.323537;-0.149119
1.28702;-0.338182;-0.141797
1.2461;-0.330859;-0.141797
1.20633;-0.323537;-0.141797
1.31571;-0.338182;-0.134475
1.27279;-0.330859;-0.134475
1.23104;-0.323537;-0.134475
1.16473;-0.319275;-0.149119
1.12882;-0.311953;-0.149119
1.09404;-0.304631;-0.149119
1.18372;-0.319275;-0.141797
1.14577;-0.311953;-0.141797
1.10896;-0.304631;-0.141797
1.20727;-0.319275;-0.134475
1.16734;-0.311953;-0.134475
1.12856;-0.304631;-0.134475
1.33404;-0.338182;-0.130213
1.28999;-0.330859;-0.130213
1.24712;-0.323537;-0.130213
1.36769;-0.338182;-0.122891
1.32179;-0.330859;-0.122891
1.27707;-0.323537;-0.122891
1.40331;-0.338182;-0.115568
1.35565;-0.330859;-0.115568
1.30919;-0.323537;-0.115568
1.22271;-0.319275;-0.130213
1.18167;-0.311953;-0.130213
1.14177;-0.304631;-0.130213
1.25159;-0.319275;-0.122891
1.20871;-0.311953;-0.122891
1.16698;-0.304631;-0.122891
1.28269;-0.319275;-0.115568
1.23809;-0.311953;-0.115568
1.19463;-0.304631;-0.115568
1.69561;-0.375994;-0.111307
1.64045;-0.368672;-0.111307
1.58661;-0.36135;-0.111307
1.74113;-0.375994;-0.103984
1.6843;-0.368672;-0.103984
1.62881;-0.36135;-0.103984
1.78611;-0.375994;-0.096662
1.72772;-0.368672;-0.096662
1.67068;-0.36135;-0.096662
1.55586;-0.357088;-0.111307
1.50404;-0.349766;-0.111307
1.45348;-0.342443;-0.111307
1.59711;-0.357088;-0.103984
1.54367;-0.349766;-0.103984
1.49149;-0.342443;-0.103984
1.63809;-0.357088;-0.096662
1.58313;-0.349766;-0.096662
1.52945;-0.342443;-0.096662
1.8118;-0.375994;-0.0924005
1.75254;-0.368672;-0.0924005
1.69465;-0.36135;-0.0924005
1.85469;-0.375994;-0.0850781
1.79405;-0.368672;-0.0850781
1.73478;-0.36135;-0.0850781
1.8956;-0.375994;-0.0777558
1.83367;-0.368672;-0.0777558
1.77314;-0.36135;-0.0777558
1.66158;-0.357088;-0.0924005
1.60578;-0.349766;-0.0924005
1.55128;-0.342443;-0.0924005
1.70091;-0.357088;-0.0850781
1.64377;-0.349766;-0.0850781
1.58793;-0.342443;-0.0850781
1.73854;-0.357088;-0.0777558
1.68016;-0.349766;-0.0777558
1.6231;-0.342443;-0.0777558
1.42461;-0.338182;-0.111307
1.37599;-0.330859;-0.111307
1.32856;-0.323537;-0.111307
1.4617;-0.338182;-0.103984
1.41148;-0.330859;-0.103984
1.36248;-0.323537;-0.103984
1.4988;-0.338182;-0.096662
1.4471;-0.330859;-0.096662
1.39663;-0.323537;-0.096662
1.3015;-0.319275;-0.111307
1.25593;-0.311953;-0.111307
1.21153;-0.304631;-0.111307
1.33451;-0.319275;-0.103984
1.28738;-0.311953;-0.103984
1.24142;-0.304631;-0.103984
1.36781;-0.319275;-0.096662
1.31924;-0.311953;-0.096662
1.27183;-0.304631;-0.096662
1.52014;-0.338182;-0.0924005
1.46764;-0.330859;-0.0924005
1.41636;-0.323537;-0.0924005
1.55603;-0.338182;-0.0850781
1.50222;-0.330859;-0.0850781
1.44965;-0.323537;-0.0850781
1.59049;-0.338182;-0.0777558
1.53547;-0.330859;-0.0777558
1.48172;-0.323537;-0.0777558
1.38708;-0.319275;-0.0924005
1.33771;-0.311953;-0.0924005
1.28952;-0.304631;-0.0924005
1.41961;-0.319275;-0.0850781
1.36897;-0.311953;-0.0850781
1.31951;-0.304631;-0.0850781
1.451;-0.319275;-0.0777558
1.39918;-0.311953;-0.0777558
1.34856;-0.304631;-0.0777558
2.65506;-0.451619;-0.0734942
2.57601;-0.444297;-0.0734942
2.49872;-0.436975;-0.0734942
2.7046;-0.451619;-0.0661719
2.62422;-0.444297;-0.0661719
2.54562;-0.436975;-0.0661719
2.74987;-0.451619;-0.0588495
2.66829;-0.444297;-0.0588495
2.58851;-0.436975;-0.0588495
2.45452;-0.432713;-0.0734942
2.37993;-0.425391;-0.0734942
2.30699;-0.418068;-0.0734942
2.50068;-0.432713;-0.0661719
2.42481;-0.425391;-0.0661719
2.35063;-0.418068;-0.0661719
2.5429;-0.432713;-0.0588495
2.46589;-0.425391;-0.0588495
2.39058;-0.418068;-0.0588495
2.77413;-0.451619;-0.054588
2.69191;-0.444297;-0.054588
2.61151;-0.436975;-0.054588
2.81202;-0.451619;-0.0472656
2.72881;-0.444297;-0.0472656
2.64744;-0.436975;-0.0472656
2.8449;-0.451619;-0.0399433
2.76084;-0.444297;-0.0399433
2.67864;-0.436975;-0.0399433
2.56553;-0.432713;-0.054588
2.48792;-0.425391;-0.054588
2.41202;-0.418068;-0.054588
2.60091;-0.432713;-0.0472656
2.52235;-0.425391;-0.0472656
2.44553;-0.418068;-0.0472656
2.63163;-0.432713;-0.0399433
2.55226;-0.425391;-0.0399433
2.47464;-0.418068;-0.0399433
2.26529;-0.413807;-0.0734942
2.1949;-0.406484;-0.0734942
2.12609;-0.399162;-0.0734942
2.30821;-0.413807;-0.0661719
2.23662;-0.406484;-0.0661719
2.16661;-0.399162;-0.0661719
2.34752;-0.413807;-0.0588495
2.27484;-0.406484;-0.0588495
2.20376;-0.399162;-0.0588495
2.08675;-0.3949;-0.0734942
2.02034;-0.387578;-0.0734942
1.95543;-0.380256;-0.0734942
2.12659;-0.3949;-0.0661719
2.05903;-0.387578;-0.0661719
1.99297;-0.380256;-0.0661719
2.16312;-0.3949;-0.0588495
2.09452;-0.387578;-0.0588495
2.02744;-0.380256;-0.0588495
2.36862;-0.413807;-0.054588
2.29535;-0.406484;-0.054588
2.22371;-0.399162;-0.054588
2.4016;-0.413807;-0.0472656
2.32744;-0.406484;-0.0472656
2.25491;-0.399162;-0.0472656
2.43026;-0.413807;-0.0399433
2.35533;-0.406484;-0.0399433
2.28205;-0.399162;-0.0399433
2.18274;-0.3949;-0.054588
2.11359;-0.387578;-0.054588
2.04597;-0.380256;-0.054588
2.21344;-0.3949;-0.0472656
2.14343;-0.387578;-0.0472656
2.07497;-0.380256;-0.0472656
2.24014;-0.3949;-0.0399433
2.1694;-0.387578;-0.0399433
2.10022;-0.380256;-0.0399433
2.86165;-0.451619;-0.0356817
2.77716;-0.444297;-0.0356817
2.69453;-0.436975;-0.0356817
2.8862;-0.451619;-0.0283594
2.80109;-0.444297;-0.0283594
2.71784;-0.436975;-0.0283594
2.90529;-0.451619;-0.021037
2.81968;-0.444297;-0.021037
2.73596;-0.436975;-0.021037
2.64728;-0.432713;-0.0356817
2.5675;-0.425391;-0.0356817
2.48948;-0.418068;-0.0356817
2.67023;-0.432713;-0.0283594
2.58986;-0.425391;-0.0283594
2.51125;-0.418068;-0.0283594
2.68808;-0.432713;-0.021037
2.60724;-0.425391;-0.021037
2.52818;-0.418068;-0.021037
2.91383;-0.451619;-0.0167755
2.82801;-0.444297;-0.0167755
2.74407;-0.436975;-0.0167755
2.92404;-0.451619;-0.00945312
2.83796;-0.444297;-0.00945312
2.75377;-0.436975;-0.00945312
2.92857;-0.451619;-0.00213077
2.84237;-0.444297;-0.00213077
2.75806;-0.436975;-0.00213077
2.69607;-0.432713;-0.0167755
2.61503;-0.425391;-0.0167755
2.53576;-0.418068;-0.0167755
2.70562;-0.432713;-0.00945312
2.62433;-0.425391;-0.00945312
2.54483;-0.418068;-0.00945312
2.70985;-0.432713;-0.00213077
2.62846;-0.425391;-0.00213077
2.54884;-0.418068;-0.00213077
2.44487;-0.413807;-0.0356817
2.36955;-0.406484;-0.0356817
2.29588;-0.399162;-0.0356817
2.4663;-0.413807;-0.0283594
2.39041;-0.406484;-0.0283594
2.31619;-0.399162;-0.0283594
2.48297;-0.413807;-0.021037
2.40664;-0.406484;-0.021037
2.33198;-0.399162;-0.021037
2.25376;-0.3949;-0.0356817
2.18264;-0.387578;-0.0356817
2.1131;-0.380256;-0.0356817
2.27374;-0.3949;-0.0283594
2.20209;-0.387578;-0.0283594
2.132;-0.380256;-0.0283594
2.28929;-0.3949;-0.021037
2.21721;-0.387578;-0.021037
2.14672;-0.380256;-0.021037
2.49044;-0.413807;-0.0167755
2.41391;-0.406484;-0.0167755
2.33906;-0.399162;-0.0167755
2.49936;-0.413807;-0.00945312
2.4226;-0.406484;-0.00945312
2.34752;-0.399162;-0.00945312
2.50332;-0.413807;-0.00213077
2.42645;-0.406484;-0.00213077
2.35127;-0.399162;-0.00213077
2.29626;-0.3949;-0.0167755
2.22399;-0.387578;-0.0167755
2.15331;-0.380256;-0.0167755
2.30459;-0.3949;-0.00945312
2.2321;-0.387578;-0.00945312
2.1612;-0.380256;-0.00945312
2.30828;-0.3949;-0.00213077
2.23569;-0.387578;-0.00213077
2.1647;-0.380256;-0.00213077
1.91832;-0.375994;-0.0734942
1.85569;-0.368672;-0.0734942
1.79447;-0.36135;-0.0734942
1.95521;-0.375994;-0.0661719
1.89147;-0.368672;-0.0661719
1.82915;-0.36135;-0.0661719
1.98909;-0.375994;-0.0588495
1.92435;-0.368672;-0.0588495
1.86106;-0.36135;-0.0588495
1.75948;-0.357088;-0.0734942
1.70042;-0.349766;-0.0734942
1.6427;-0.342443;-0.0734942
1.79353;-0.357088;-0.0661719
1.73341;-0.349766;-0.0661719
1.67463;-0.342443;-0.0661719
1.82487;-0.357088;-0.0588495
1.76379;-0.349766;-0.0588495
1.70407;-0.342443;-0.0588495
2.0073;-0.375994;-0.054588
1.94204;-0.368672;-0.054588
1.87822;-0.36135;-0.054588
2.03583;-0.375994;-0.0472656
1.96974;-0.368672;-0.0472656
1.90512;-0.36135;-0.0472656
2.06066;-0.375994;-0.0399433
1.99387;-0.368672;-0.0399433
1.92856;-0.36135;-0.0399433
1.84173;-0.357088;-0.054588
1.78014;-0.349766;-0.054588
1.71992;-0.342443;-0.054588
1.86817;-0.357088;-0.0472656
1.8058;-0.349766;-0.0472656
1.74481;-0.342443;-0.0472656
1.89121;-0.357088;-0.0399433
1.82816;-0.349766;-0.0399433
1.76651;-0.342443;-0.0399433
1.60971;-0.338182;-0.0734942
1.55404;-0.330859;-0.0734942
1.49964;-0.323537;-0.0734942
1.64104;-0.338182;-0.0661719
1.58434;-0.330859;-0.0661719
1.52892;-0.323537;-0.0661719
1.66993;-0.338182;-0.0588495
1.61231;-0.330859;-0.0588495
1.55598;-0.323537;-0.0588495
1.46856;-0.319275;-0.0734942
1.41611;-0.311953;-0.0734942
1.36486;-0.304631;-0.0734942
1.49725;-0.319275;-0.0661719
1.4438;-0.311953;-0.0661719
1.39156;-0.304631;-0.0661719
1.52377;-0.319275;-0.0588495
1.46943;-0.311953;-0.0588495
1.41631;-0.304631;-0.0588495
1.6855;-0.338182;-0.054588
1.62739;-0.330859;-0.054588
1.57057;-0.323537;-0.054588
1.70994;-0.338182;-0.0472656
1.65107;-0.330859;-0.0472656
1.59352;-0.323537;-0.0472656
1.73126;-0.338182;-0.0399433
1.67175;-0.330859;-0.0399433
1.61355;-0.323537;-0.0399433
1.5381;-0.319275;-0.054588
1.48328;-0.311953;-0.054588
1.42969;-0.304631;-0.054588
1.56061;-0.319275;-0.0472656
1.50507;-0.311953;-0.0472656
1.45076;-0.304631;-0.0472656
1.58028;-0.319275;-0.0399433
1.52411;-0.311953;-0.0399433
1.46919;-0.304631;-0.0399433
2.07333;-0.375994;-0.0356817
2.00618;-0.368672;-0.0356817
1.94052;-0.36135;-0.0356817
2.09193;-0.375994;-0.0283594
2.02427;-0.368672;-0.0283594
1.9581;-0.36135;-0.0283594
2.10641;-0.375994;-0.021037
2.03835;-0.368672;-0.021037
1.97178;-0.36135;-0.021037
1.90298;-0.357088;-0.0356817
1.83959;-0.349766;-0.0356817
1.7776;-0.342443;-0.0356817
1.92026;-0.357088;-0.0283594
1.85638;-0.349766;-0.0283594
1.7939;-0.342443;-0.0283594
1.93372;-0.357088;-0.021037
1.86945;-0.349766;-0.021037
1.8066;-0.342443;-0.021037
2.1129;-0.375994;-0.0167755
2.04466;-0.368672;-0.0167755
1.97792;-0.36135;-0.0167755
2.12066;-0.375994;-0.00945312
2.05221;-0.368672;-0.00945312
1.98526;-0.36135;-0.00945312
2.1241;-0.375994;-0.00213077
2.05555;-0.368672;-0.00213077
1.98851;-0.36135;-0.00213077
1.93975;-0.357088;-0.0167755
1.87532;-0.349766;-0.0167755
1.8123;-0.342443;-0.0167755
1.94697;-0.357088;-0.00945312
1.88233;-0.349766;-0.00945312
1.81911;-0.342443;-0.00945312
1.95017;-0.357088;-0.00213077
1.88544;-0.349766;-0.00213077
1.82213;-0.342443;-0.00213077
1.74216;-0.338182;-0.0356817
1.68232;-0.330859;-0.0356817
1.6238;-0.323537;-0.0356817
1.75818;-0.338182;-0.0283594
1.69786;-0.330859;-0.0283594
1.63888;-0.323537;-0.0283594
1.77066;-0.338182;-0.021037
1.70998;-0.330859;-0.021037
1.65063;-0.323537;-0.021037
1.59035;-0.319275;-0.0356817
1.53386;-0.311953;-0.0356817
1.47863;-0.304631;-0.0356817
1.60515;-0.319275;-0.0283594
1.54821;-0.311953;-0.0283594
1.49252;-0.304631;-0.0283594
1.6167;-0.319275;-0.021037
1.5594;-0.311953;-0.021037
1.50337;-0.304631;-0.021037
1.77626;-0.338182;-0.0167755
1.71541;-0.330859;-0.0167755
1.65591;-0.323537;-0.0167755
1.78296;-0.338182;-0.00945312
1.72192;-0.330859;-0.00945312
1.66222;-0.323537;-0.00945312
1.78593;-0.338182;-0.00213077
1.7248;-0.330859;-0.00213077
1.66502;-0.323537;-0.00213077
1.62188;-0.319275;-0.0167755
1.56443;-0.311953;-0.0167755
1.50824;-0.304631;-0.0167755
1.62808;-0.319275;-0.00945312
1.57044;-0.311953;-0.00945312
1.51407;-0.304631;-0.00945312
1.63083;-0.319275;-0.00213077
1.57311;-0.311953;-0.00213077
1.51665;-0.304631;-0.00213077
2.10729;-0.300369;-0.300369
2.07955;-0.293047;-0.300369
2.05249;-0.285725;-0.300369
2.02514;-0.300369;-0.293047
1.99877;-0.293047;-0.293047
1.97306;-0.285725;-0.293047
1.94321;-0.300369;-0.285725
1.91816;-0.293047;-0.285725
1.89374;-0.285725;-0.285725
2.03704;-0.281463;-0.300369
2.01102;-0.274141;-0.300369
1.98563;-0.266818;-0.300369
1.95839;-0.281463;-0.293047
1.93369;-0.274141;-0.293047
1.9096;-0.266818;-0.293047
1.87982;-0.281463;-0.285725
1.85639;-0.274141;-0.285725
1.83356;-0.266818;-0.285725
1.89579;-0.300369;-0.281463
1.87147;-0.293047;-0.281463
1.84777;-0.285725;-0.281463
1.81503;-0.300369;-0.274141
1.79189;-0.293047;-0.274141
1.76937;-0.285725;-0.274141
1.73556;-0.300369;-0.266818
1.7135;-0.293047;-0.266818
1.69206;-0.285725;-0.266818
1.83427;-0.281463;-0.281463
1.81154;-0.274141;-0.281463
1.78941;-0.266818;-0.281463
1.75654;-0.281463;-0.274141
1.73498;-0.274141;-0.274141
1.714;-0.266818;-0.274141
1.67986;-0.281463;-0.266818
1.65936;-0.274141;-0.266818
1.63944;-0.266818;-0.266818
1.97114;-0.262557;-0.300369
1.94673;-0.255234;-0.300369
1.92292;-0.247912;-0.300369
1.89586;-0.262557;-0.293047
1.87273;-0.255234;-0.293047
1.85018;-0.247912;-0.293047
1.82054;-0.262557;-0.285725
1.79864;-0.255234;-0.285725
1.7773;-0.247912;-0.285725
1.90934;-0.24365;-0.300369
1.88645;-0.236328;-0.300369
1.86413;-0.229006;-0.300369
1.83731;-0.24365;-0.293047
1.81566;-0.236328;-0.293047
1.79455;-0.229006;-0.293047
1.76513;-0.24365;-0.285725
1.74467;-0.236328;-0.285725
1.72473;-0.229006;-0.285725
1.7768;-0.262557;-0.281463
1.75559;-0.255234;-0.281463
1.73493;-0.247912;-0.281463
1.70205;-0.262557;-0.274141
1.68197;-0.255234;-0.274141
1.66243;-0.247912;-0.274141
1.6281;-0.262557;-0.266818
1.60907;-0.255234;-0.266818
1.59058;-0.247912;-0.266818
1.72316;-0.24365;-0.281463
1.70337;-0.236328;-0.281463
1.6841;-0.229006;-0.281463
1.65131;-0.24365;-0.274141
1.63262;-0.236328;-0.274141
1.61445;-0.229006;-0.274141
1.58006;-0.24365;-0.266818
1.56241;-0.236328;-0.266818
1.54526;-0.229006;-0.266818
1.69009;-0.300369;-0.262557
1.66861;-0.293047;-0.262557
1.64773;-0.285725;-0.262557
1.61365;-0.300369;-0.255234
1.59304;-0.293047;-0.255234
1.57304;-0.285725;-0.255234
1.5398;-0.300369;-0.247912
1.5199;-0.293047;-0.247912
1.50062;-0.285725;-0.247912
1.63586;-0.281463;-0.262557
1.61594;-0.274141;-0.262557
1.59658;-0.266818;-0.262557
1.56168;-0.281463;-0.255234
1.54263;-0.274141;-0.255234
1.52416;-0.266818;-0.255234
1.48968;-0.281463;-0.247912
1.47137;-0.274141;-0.247912
1.45364;-0.266818;-0.247912
1.49823;-0.300369;-0.24365
1.47866;-0.293047;-0.24365
1.45972;-0.285725;-0.24365
1.42965;-0.300369;-0.236328
1.41048;-0.293047;-0.236328
1.39196;-0.285725;-0.236328
1.36519;-0.300369;-0.229006
1.34619;-0.293047;-0.229006
1.32788;-0.285725;-0.229006
1.44898;-0.281463;-0.24365
1.43102;-0.274141;-0.24365
1.41365;-0.266818;-0.24365
1.38148;-0.281463;-0.236328
1.36397;-0.274141;-0.236328
1.34708;-0.266818;-0.236328
1.31753;-0.281463;-0.229006
1.30027;-0.274141;-0.229006
1.28366;-0.266818;-0.229006
1.58558;-0.262557;-0.262557
1.56712;-0.255234;-0.262557
1.54919;-0.247912;-0.262557
1.51367;-0.262557;-0.255234
1.49609;-0.255234;-0.255234
1.47906;-0.247912;-0.255234
1.44359;-0.262557;-0.247912
1.42676;-0.255234;-0.247912
1.41049;-0.247912;-0.247912
1.539;-0.24365;-0.262557
1.52191;-0.236328;-0.262557
1.50533;-0.229006;-0.262557
1.46939;-0.24365;-0.255234
1.45319;-0.236328;-0.255234
1.43749;-0.229006;-0.255234
1.40127;-0.24365;-0.247912
1.38584;-0.236328;-0.247912
1.37093;-0.229006;-0.247912
1.40381;-0.262557;-0.24365
1.38736;-0.255234;-0.24365
1.37147;-0.247912;-0.24365
1.33753;-0.262557;-0.236328
1.32158;-0.255234;-0.236328
1.30622;-0.247912;-0.236328
1.27428;-0.262557;-0.229006
1.25865;-0.255234;-0.229006
1.24363;-0.247912;-0.229006
1.36247;-0.24365;-0.24365
1.34743;-0.236328;-0.24365
1.33292;-0.229006;-0.24365
1.29753;-0.24365;-0.236328
1.28305;-0.236328;-0.236328
1.26911;-0.229006;-0.236328
1.23516;-0.24365;-0.229006
1.22106;-0.236328;-0.229006
1.20753;-0.229006;-0.229006
1.85139;-0.224744;-0.300369
1.82994;-0.217422;-0.300369
1.80902;-0.2101;-0.300369
1.78251;-0.224744;-0.293047
1.76224;-0.217422;-0.293047
1.74249;-0.2101;-0.293047
1.71337;-0.224744;-0.285725
1.69426;-0.217422;-0.285725
1.67565;-0.2101;-0.285725
1.79709;-0.205838;-0.300369
1.77699;-0.198516;-0.300369
1.75739;-0.191193;-0.300369
1.73123;-0.205838;-0.293047
1.71227;-0.198516;-0.293047
1.6938;-0.191193;-0.293047
1.66504;-0.205838;-0.285725
1.6472;-0.198516;-0.285725
1.62983;-0.191193;-0.285725
1.67312;-0.224744;-0.281463
1.65466;-0.217422;-0.281463
1.63669;-0.2101;-0.281463
1.60411;-0.224744;-0.274141
1.58672;-0.217422;-0.274141
1.56983;-0.2101;-0.274141
1.53551;-0.224744;-0.266818
1.51915;-0.217422;-0.266818
1.50327;-0.2101;-0.266818
1.62646;-0.205838;-0.281463
1.60925;-0.198516;-0.281463
1.5925;-0.191193;-0.281463
1.56021;-0.205838;-0.274141
1.54405;-0.198516;-0.274141
1.52835;-0.191193;-0.274141
1.49424;-0.205838;-0.266818
1.47908;-0.198516;-0.266818
1.46438;-0.191193;-0.266818
1.74621;-0.186932;-0.300369
1.72738;-0.179609;-0.300369
1.70902;-0.172287;-0.300369
1.68327;-0.186932;-0.293047
1.66554;-0.179609;-0.293047
1.64827;-0.172287;-0.293047
1.61993;-0.186932;-0.285725
1.60328;-0.179609;-0.285725
1.58708;-0.172287;-0.285725
1.69855;-0.168025;-0.300369
1.68092;-0.160703;-0.300369
1.66373;-0.153381;-0.300369
1.63842;-0.168025;-0.293047
1.62185;-0.160703;-0.293047
1.60571;-0.153381;-0.293047
1.57785;-0.168025;-0.285725
1.56232;-0.160703;-0.285725
1.54721;-0.153381;-0.285725
1.58297;-0.186932;-0.281463
1.56693;-0.179609;-0.281463
1.55134;-0.172287;-0.281463
1.51942;-0.186932;-0.274141
1.50442;-0.179609;-0.274141
1.48984;-0.172287;-0.274141
1.45602;-0.186932;-0.266818
1.442;-0.179609;-0.266818
1.4284;-0.172287;-0.266818
1.54246;-0.168025;-0.281463
1.52753;-0.160703;-0.281463
1.51301;-0.153381;-0.281463
1.48155;-0.168025;-0.274141
1.46762;-0.160703;-0.274141
1.45409;-0.153381;-0.274141
1.42067;-0.168025;-0.266818
1.4077;-0.160703;-0.266818
1.39513;-0.153381;-0.266818
1.49591;-0.224744;-0.262557
1.4801;-0.217422;-0.262557
1.46477;-0.2101;-0.262557
1.42859;-0.224744;-0.255234
1.41368;-0.217422;-0.255234
1.39924;-0.2101;-0.255234
1.36249;-0.224744;-0.247912
1.34837;-0.217422;-0.247912
1.33473;-0.2101;-0.247912
1.45607;-0.205838;-0.262557
1.44147;-0.198516;-0.262557
1.42731;-0.191193;-0.262557
1.39105;-0.205838;-0.255234
1.37734;-0.198516;-0.255234
1.36408;-0.191193;-0.255234
1.32701;-0.205838;-0.247912
1.3141;-0.198516;-0.247912
1.30165;-0.191193;-0.247912
1.32471;-0.224744;-0.24365
1.311;-0.217422;-0.24365
1.29777;-0.2101;-0.24365
1.26124;-0.224744;-0.236328
1.24812;-0.217422;-0.236328
1.23551;-0.2101;-0.236328
1.19991;-0.224744;-0.229006
1.18724;-0.217422;-0.229006
1.1751;-0.2101;-0.229006
1.29029;-0.205838;-0.24365
1.27781;-0.198516;-0.24365
1.26579;-0.191193;-0.24365
1.22839;-0.205838;-0.236328
1.21655;-0.198516;-0.236328
1.20517;-0.191193;-0.236328
1.16827;-0.205838;-0.229006
1.15693;-0.198516;-0.229006
1.14608;-0.191193;-0.229006
1.41927;-0.186932;-0.262557
1.4058;-0.179609;-0.262557
1.39274;-0.172287;-0.262557
1.35656;-0.186932;-0.255234
1.34398;-0.179609;-0.255234
1.33181;-0.172287;-0.255234
1.2946;-0.186932;-0.247912
1.28284;-0.179609;-0.247912
1.27149;-0.172287;-0.247912
1.38533;-0.168025;-0.262557
1.37291;-0.160703;-0.262557
1.36087;-0.153381;-0.262557
1.32491;-0.168025;-0.255234
1.31338;-0.160703;-0.255234
1.30223;-0.153381;-0.255234
1.26507;-0.168025;-0.247912
1.25435;-0.160703;-0.247912
1.24402;-0.153381;-0.247912
1.25899;-0.186932;-0.24365
1.24766;-0.179609;-0.24365
1.23675;-0.172287;-0.24365
1.19876;-0.186932;-0.236328
1.1881;-0.179609;-0.236328
1.17786;-0.172287;-0.236328
1.13998;-0.186932;-0.229006
1.12987;-0.179609;-0.229006
1.12021;-0.172287;-0.229006
1.23059;-0.168025;-0.24365
1.22032;-0.160703;-0.24365
1.21044;-0.153381;-0.24365
1.1721;-0.168025;-0.236328
1.16253;-0.160703;-0.236328
1.15336;-0.153381;-0.236328
1.11479;-0.168025;-0.229006
1.10582;-0.160703;-0.229006
1.09726;-0.153381;-0.229006
1.32983;-0.300369;-0.224744
1.31082;-0.293047;-0.224744
1.29251;-0.285725;-0.224744
1.27321;-0.300369;-0.217422
1.25396;-0.293047;-0.217422
1.23547;-0.285725;-0.217422
1.22237;-0.300369;-0.2101
1.20262;-0.293047;-0.2101
1.18366;-0.285725;-0.2101
1.28218;-0.281463;-0.224744
1.26496;-0.274141;-0.224744
1.2484;-0.266818;-0.224744
1.22504;-0.281463;-0.217422
1.20769;-0.274141;-0.217422
1.19105;-0.266818;-0.217422
1.17298;-0.281463;-0.2101
1.15525;-0.274141;-0.2101
1.13826;-0.266818;-0.2101
1.19569;-0.300369;-0.205838
1.17551;-0.293047;-0.205838
1.15615;-0.285725;-0.205838
1.15522;-0.300369;-0.198516
1.13407;-0.293047;-0.198516
1.1138;-0.285725;-0.198516
1.12192;-0.300369;-0.191193
1.09953;-0.293047;-0.191193
1.07807;-0.285725;-0.191193
1.14525;-0.281463;-0.205838
1.12716;-0.274141;-0.205838
1.10985;-0.266818;-0.205838
1.10239;-0.281463;-0.198516
1.08348;-0.274141;-0.198516
1.06539;-0.266818;-0.198516
1.066;-0.281463;-0.191193
1.04598;-0.274141;-0.191193
1.02685;-0.266818;-0.191193
1.23907;-0.262557;-0.224744
1.22353;-0.255234;-0.224744
1.20862;-0.247912;-0.224744
1.18169;-0.262557;-0.217422
1.16613;-0.255234;-0.217422
1.15123;-0.247912;-0.217422
1.12872;-0.262557;-0.2101
1.11289;-0.255234;-0.2101
1.09777;-0.247912;-0.2101
1.20022;-0.24365;-0.224744
1.18626;-0.236328;-0.224744
1.17289;-0.229006;-0.224744
1.14286;-0.24365;-0.217422
1.12897;-0.236328;-0.217422
1.11571;-0.229006;-0.217422
1.08929;-0.24365;-0.2101
1.07525;-0.236328;-0.2101
1.06189;-0.229006;-0.2101
1.10014;-0.262557;-0.205838
1.08403;-0.255234;-0.205838
1.06866;-0.247912;-0.205838
1.05525;-0.262557;-0.198516
1.03846;-0.255234;-0.198516
1.02246;-0.247912;-0.198516
1.01612;-0.262557;-0.191193
0.998375;-0.255234;-0.191193
0.981481;-0.247912;-0.191193
1.06006;-0.24365;-0.205838
1.04583;-0.236328;-0.205838
1.03229;-0.229006;-0.205838
1.01351;-0.24365;-0.198516
0.998741;-0.236328;-0.198516
0.984721;-0.229006;-0.198516
0.972036;-0.24365;-0.191193
0.956461;-0.236328;-0.191193
0.941699;-0.229006;-0.191193
1.10598;-0.300369;-0.186932
1.08275;-0.293047;-0.186932
1.06048;-0.285725;-0.186932
1.08464;-0.300369;-0.179609
1.05978;-0.293047;-0.179609
1.03593;-0.285725;-0.179609
1.07092;-0.300369;-0.172287
1.04426;-0.293047;-0.172287
1.01864;-0.285725;-0.172287
1.04795;-0.281463;-0.186932
1.02717;-0.274141;-0.186932
1.00731;-0.266818;-0.186932
1.02251;-0.281463;-0.179609
1.00023;-0.274141;-0.179609
0.978919;-0.266818;-0.179609
1.00421;-0.281463;-0.172287
0.980216;-0.274141;-0.172287
0.957247;-0.266818;-0.172287
1.06639;-0.300369;-0.168025
1.0386;-0.293047;-0.168025
1.01188;-0.285725;-0.168025
1.06426;-0.300369;-0.160703
1.03448;-0.293047;-0.160703
1.00579;-0.285725;-0.160703
1.06883;-0.300369;-0.153381
1.03701;-0.293047;-0.153381
1.00629;-0.285725;-0.153381
0.996819;-0.281463;-0.168025
0.971762;-0.274141;-0.168025
0.947747;-0.266818;-0.168025
0.98959;-0.281463;-0.160703
0.962604;-0.274141;-0.160703
0.936689;-0.266818;-0.160703
0.98892;-0.281463;-0.153381
0.959935;-0.274141;-0.153381
0.93204;-0.266818;-0.153381
0.996171;-0.262557;-0.186932
0.977745;-0.255234;-0.186932
0.960207;-0.247912;-0.186932
0.966963;-0.262557;-0.179609
0.947174;-0.255234;-0.179609
0.92833;-0.247912;-0.179609
0.944345;-0.262557;-0.172287
0.922971;-0.255234;-0.172287
0.902593;-0.247912;-0.172287
0.950403;-0.24365;-0.186932
0.93424;-0.236328;-0.186932
0.918926;-0.229006;-0.186932
0.917793;-0.24365;-0.179609
0.900418;-0.236328;-0.179609
0.883955;-0.229006;-0.179609
0.891188;-0.24365;-0.172287
0.872366;-0.236328;-0.172287
0.854514;-0.229006;-0.172287
0.934246;-0.262557;-0.168025
0.911864;-0.255234;-0.168025
0.890503;-0.247912;-0.168025
0.922098;-0.262557;-0.160703
0.897868;-0.255234;-0.160703
0.874695;-0.247912;-0.160703
0.916306;-0.262557;-0.153381
0.89013;-0.255234;-0.153381
0.865036;-0.247912;-0.153381
0.878539;-0.24365;-0.168025
0.858778;-0.236328;-0.168025
0.840018;-0.229006;-0.168025
0.861694;-0.24365;-0.160703
0.840186;-0.236328;-0.160703
0.819722;-0.229006;-0.160703
0.85093;-0.24365;-0.153381
0.827544;-0.236328;-0.153381
0.805237;-0.229006;-0.153381
1.16537;-0.224744;-0.224744
1.15288;-0.217422;-0.224744
1.14094;-0.2101;-0.224744
1.10827;-0.224744;-0.217422
1.09596;-0.217422;-0.217422
1.08422;-0.2101;-0.217422
1.05441;-0.224744;-0.2101
1.04206;-0.217422;-0.2101
1.03033;-0.2101;-0.2101
1.13424;-0.205838;-0.224744
1.12312;-0.198516;-0.224744
1.11251;-0.191193;-0.224744
1.07765;-0.205838;-0.217422
1.06679;-0.198516;-0.217422
1.05647;-0.191193;-0.217422
1.02379;-0.205838;-0.2101
1.01301;-0.198516;-0.2101
1.0028;-0.191193;-0.2101
1.02473;-0.224744;-0.205838
1.01226;-0.217422;-0.205838
1.00044;-0.2101;-0.205838
0.9769;-0.224744;-0.198516
0.964034;-0.217422;-0.198516
0.951874;-0.2101;-0.198516
0.933475;-0.224744;-0.191193
0.919964;-0.217422;-0.191193
0.907221;-0.2101;-0.191193
0.99385;-0.205838;-0.205838
0.983023;-0.198516;-0.205838
0.9728;-0.191193;-0.205838
0.945114;-0.205838;-0.198516
0.934034;-0.198516;-0.198516
0.923613;-0.191193;-0.198516
0.900152;-0.205838;-0.191193
0.888588;-0.198516;-0.191193
0.877745;-0.191193;-0.191193
1.10656;-0.186932;-0.224744
1.09672;-0.179609;-0.224744
1.08734;-0.172287;-0.224744
1.05071;-0.186932;-0.217422
1.0412;-0.179609;-0.217422
1.03219;-0.172287;-0.217422
0.997125;-0.186932;-0.2101
0.9878;-0.179609;-0.2101
0.979006;-0.172287;-0.2101
1.08208;-0.168025;-0.224744
1.07341;-0.160703;-0.224744
1.06516;-0.153381;-0.224744
1.02717;-0.168025;-0.217422
1.01891;-0.160703;-0.217422
1.0111;-0.153381;-0.217422
0.974126;-0.168025;-0.2101
0.966138;-0.160703;-0.2101
0.958637;-0.153381;-0.2101
0.967122;-0.186932;-0.205838
0.957819;-0.179609;-0.205838
0.949074;-0.172287;-0.205838
0.917844;-0.186932;-0.198516
0.908427;-0.179609;-0.198516
0.899619;-0.172287;-0.198516
0.871758;-0.186932;-0.191193
0.862016;-0.179609;-0.191193
0.852943;-0.172287;-0.191193
0.944235;-0.168025;-0.205838
0.936335;-0.160703;-0.205838
0.928947;-0.153381;-0.205838
0.894766;-0.168025;-0.198516
0.886882;-0.160703;-0.198516
0.879558;-0.153381;-0.198516
0.847963;-0.168025;-0.191193
0.839909;-0.160703;-0.191193
0.832471;-0.153381;-0.191193
0.910399;-0.224744;-0.186932
0.896395;-0.217422;-0.186932
0.883198;-0.2101;-0.186932
0.874788;-0.224744;-0.179609
0.859738;-0.217422;-0.179609
0.845561;-0.2101;-0.179609
0.844566;-0.224744;-0.172287
0.828224;-0.217422;-0.172287
0.812821;-0.2101;-0.172287
0.875882;-0.205838;-0.186932
0.863925;-0.198516;-0.186932
0.852728;-0.191193;-0.186932
0.837705;-0.205838;-0.179609
0.824877;-0.198516;-0.179609
0.812878;-0.191193;-0.179609
0.804284;-0.205838;-0.172287
0.790337;-0.198516;-0.172287
0.777293;-0.191193;-0.172287
0.829556;-0.224744;-0.168025
0.812359;-0.217422;-0.168025
0.796136;-0.2101;-0.168025
0.808291;-0.224744;-0.160703
0.789468;-0.217422;-0.160703
0.771673;-0.2101;-0.160703
0.792749;-0.224744;-0.153381
0.772141;-0.217422;-0.153381
0.752605;-0.2101;-0.153381
0.787139;-0.205838;-0.168025
0.772433;-0.198516;-0.168025
0.758669;-0.191193;-0.168025
0.761788;-0.205838;-0.160703
0.745605;-0.198516;-0.160703
0.730429;-0.191193;-0.160703
0.741727;-0.205838;-0.153381
0.723879;-0.198516;-0.153381
0.707093;-0.191193;-0.153381
0.846553;-0.186932;-0.186932
0.836518;-0.179609;-0.186932
0.827192;-0.172287;-0.186932
0.80627;-0.186932;-0.179609
0.795546;-0.179609;-0.179609
0.785603;-0.172287;-0.179609
0.770109;-0.186932;-0.172287
0.758456;-0.179609;-0.172287
0.747659;-0.172287;-0.172287
0.822082;-0.168025;-0.186932
0.813834;-0.160703;-0.186932
0.806241;-0.153381;-0.186932
0.780167;-0.168025;-0.179609
0.771416;-0.160703;-0.179609
0.76339;-0.153381;-0.179609
0.741762;-0.168025;-0.172287
0.73228;-0.160703;-0.172287
0.723601;-0.153381;-0.172287
0.751087;-0.186932;-0.168025
0.738782;-0.179609;-0.168025
0.727379;-0.172287;-0.168025
0.722056;-0.186932;-0.160703
0.708451;-0.179609;-0.160703
0.695821;-0.172287;-0.160703
0.69781;-0.186932;-0.153381
0.682692;-0.179609;-0.153381
0.668618;-0.172287;-0.153381
0.72115;-0.168025;-0.168025
0.711135;-0.160703;-0.168025
0.70197;-0.153381;-0.168025
0.688914;-0.168025;-0.160703
0.677798;-0.160703;-0.160703
0.667615;-0.153381;-0.160703
0.660904;-0.168025;-0.153381
0.64846;-0.160703;-0.153381
0.637032;-0.153381;-0.153381
1.65392;-0.149119;-0.300369
1.63742;-0.141797;-0.300369
1.62132;-0.134475;-0.300369
1.59651;-0.149119;-0.293047
1.58102;-0.141797;-0.293047
1.56594;-0.134475;-0.293047
1.5386;-0.149119;-0.285725
1.52413;-0.141797;-0.285725
1.51004;-0.134475;-0.285725
1.61215;-0.130213;-0.300369
1.5967;-0.122891;-0.300369
1.58164;-0.115568;-0.300369
1.55734;-0.130213;-0.293047
1.54288;-0.122891;-0.293047
1.52879;-0.115568;-0.293047
1.50202;-0.130213;-0.285725
1.48853;-0.122891;-0.285725
1.4754;-0.115568;-0.285725
1.50474;-0.149119;-0.281463
1.49084;-0.141797;-0.281463
1.47733;-0.134475;-0.281463
1.4464;-0.149119;-0.274141
1.43348;-0.141797;-0.274141
1.42093;-0.134475;-0.274141
1.38799;-0.149119;-0.266818
1.37602;-0.141797;-0.266818
1.36441;-0.134475;-0.266818
1.46964;-0.130213;-0.281463
1.45671;-0.122891;-0.281463
1.44414;-0.115568;-0.281463
1.41379;-0.130213;-0.274141
1.40181;-0.122891;-0.274141
1.39018;-0.115568;-0.274141
1.35781;-0.130213;-0.266818
1.34676;-0.122891;-0.266818
1.33604;-0.115568;-0.266818
1.57305;-0.111307;-0.300369
1.55859;-0.103984;-0.300369
1.5445;-0.096662;-0.300369
1.52076;-0.111307;-0.293047
1.50725;-0.103984;-0.293047
1.4941;-0.096662;-0.293047
1.46793;-0.111307;-0.285725
1.45536;-0.103984;-0.285725
1.44314;-0.096662;-0.285725
1.53646;-0.0924005;-0.300369
1.52294;-0.0850781;-0.300369
1.50976;-0.0777558;-0.300369
1.4866;-0.0924005;-0.293047
1.47399;-0.0850781;-0.293047
1.4617;-0.0777558;-0.293047
1.43618;-0.0924005;-0.285725
1.42447;-0.0850781;-0.285725
1.41309;-0.0777558;-0.285725
1.43699;-0.111307;-0.281463
1.42496;-0.103984;-0.281463
1.41327;-0.096662;-0.281463
1.38357;-0.111307;-0.274141
1.37247;-0.103984;-0.274141
1.36169;-0.096662;-0.274141
1.32996;-0.111307;-0.266818
1.31976;-0.103984;-0.266818
1.30987;-0.096662;-0.266818
1.40662;-0.0924005;-0.281463
1.39545;-0.0850781;-0.281463
1.38458;-0.0777558;-0.281463
1.35557;-0.0924005;-0.274141
1.34528;-0.0850781;-0.274141
1.3353;-0.0777558;-0.274141
1.30426;-0.0924005;-0.266818
1.29486;-0.0850781;-0.266818
1.28575;-0.0777558;-0.266818
1.35404;-0.149119;-0.262557
1.3426;-0.141797;-0.262557
1.33152;-0.134475;-0.262557
1.29591;-0.149119;-0.255234
1.28535;-0.141797;-0.255234
1.27514;-0.134475;-0.255234
1.23819;-0.149119;-0.247912
1.22845;-0.141797;-0.247912
1.21907;-0.134475;-0.247912
1.32523;-0.130213;-0.262557
1.3147;-0.122891;-0.262557
1.3045;-0.115568;-0.262557
1.26936;-0.130213;-0.255234
1.2597;-0.122891;-0.255234
1.25037;-0.115568;-0.255234
1.21377;-0.130213;-0.247912
1.20493;-0.122891;-0.247912
1.19642;-0.115568;-0.247912
1.20486;-0.149119;-0.24365
1.19557;-0.141797;-0.24365
1.18665;-0.134475;-0.24365
1.14819;-0.149119;-0.236328
1.13963;-0.141797;-0.236328
1.13143;-0.134475;-0.236328
1.09246;-0.149119;-0.229006
1.08453;-0.141797;-0.229006
1.07698;-0.134475;-0.229006
1.18161;-0.130213;-0.24365
1.17323;-0.122891;-0.24365
1.16518;-0.115568;-0.24365
1.12682;-0.130213;-0.236328
1.11917;-0.122891;-0.236328
1.11186;-0.115568;-0.236328
1.07276;-0.130213;-0.229006
1.06578;-0.122891;-0.229006
1.05915;-0.115568;-0.229006
1.29872;-0.111307;-0.262557
1.28903;-0.103984;-0.262557
1.27966;-0.096662;-0.262557
1.24508;-0.111307;-0.255234
1.23626;-0.103984;-0.255234
1.22774;-0.096662;-0.255234
1.19162;-0.111307;-0.247912
1.18362;-0.103984;-0.247912
1.17591;-0.096662;-0.247912
1.27434;-0.0924005;-0.262557
1.26544;-0.0850781;-0.262557
1.25683;-0.0777558;-0.262557
1.22291;-0.0924005;-0.255234
1.21486;-0.0850781;-0.255234
1.20708;-0.0777558;-0.255234
1.17157;-0.0924005;-0.247912
1.16433;-0.0850781;-0.247912
1.15736;-0.0777558;-0.247912
1.16065;-0.111307;-0.24365
1.1531;-0.103984;-0.24365
1.14585;-0.096662;-0.24365
1.10776;-0.111307;-0.236328
1.10096;-0.103984;-0.236328
1.09447;-0.096662;-0.236328
1.05544;-0.111307;-0.229006
1.04934;-0.103984;-0.229006
1.04354;-0.096662;-0.229006
1.14177;-0.0924005;-0.24365
1.13499;-0.0850781;-0.24365
1.12849;-0.0777558;-0.24365
1.09083;-0.0924005;-0.236328
1.0848;-0.0850781;-0.236328
1.07905;-0.0777558;-0.236328
1.04031;-0.0924005;-0.229006
1.03499;-0.0850781;-0.229006
1.02996;-0.0777558;-0.229006
1.50224;-0.0734942;-0.300369
1.48959;-0.0661719;-0.300369
1.47726;-0.0588495;-0.300369
1.45471;-0.0734942;-0.293047
1.44293;-0.0661719;-0.293047
1.43147;-0.0588495;-0.293047
1.40661;-0.0734942;-0.285725
1.39571;-0.0661719;-0.285725
1.38511;-0.0588495;-0.285725
1.47023;-0.054588;-0.300369
1.4584;-0.0472656;-0.300369
1.44687;-0.0399433;-0.300369
1.42494;-0.054588;-0.293047
1.41395;-0.0472656;-0.293047
1.40325;-0.0399433;-0.293047
1.37908;-0.054588;-0.285725
1.36894;-0.0472656;-0.285725
1.35907;-0.0399433;-0.285725
1.3784;-0.0734942;-0.281463
1.36801;-0.0661719;-0.281463
1.35791;-0.0588495;-0.281463
1.32963;-0.0734942;-0.274141
1.32011;-0.0661719;-0.274141
1.31087;-0.0588495;-0.274141
1.28058;-0.0734942;-0.266818
1.27192;-0.0661719;-0.266818
1.26352;-0.0588495;-0.266818
1.35217;-0.054588;-0.281463
1.34252;-0.0472656;-0.281463
1.33314;-0.0399433;-0.281463
1.30562;-0.054588;-0.274141
1.29681;-0.0472656;-0.274141
1.28826;-0.0399433;-0.274141
1.25876;-0.054588;-0.266818
1.25078;-0.0472656;-0.266818
1.24305;-0.0399433;-0.266818
1.44029;-0.0356817;-0.300369
1.42923;-0.0283594;-0.300369
1.41845;-0.021037;-0.300369
1.39716;-0.0356817;-0.293047
1.38691;-0.0283594;-0.293047
1.37693;-0.021037;-0.293047
1.35346;-0.0356817;-0.285725
1.34402;-0.0283594;-0.285725
1.33484;-0.021037;-0.285725
1.4123;-0.0167755;-0.300369
1.40196;-0.00945312;-0.300369
1.39188;-0.00213077;-0.300369
1.37124;-0.0167755;-0.293047
1.36167;-0.00945312;-0.293047
1.35236;-0.00213077;-0.293047
1.32962;-0.0167755;-0.285725
1.32084;-0.00945312;-0.285725
1.3123;-0.00213077;-0.285725
1.3278;-0.0356817;-0.281463
1.31884;-0.0283594;-0.281463
1.31013;-0.021037;-0.281463
1.2834;-0.0356817;-0.274141
1.27525;-0.0283594;-0.274141
1.26733;-0.021037;-0.274141
1.23867;-0.0356817;-0.266818
1.23132;-0.0283594;-0.266818
1.22421;-0.021037;-0.266818
1.30517;-0.0167755;-0.281463
1.29685;-0.00945312;-0.281463
1.28876;-0.00213077;-0.281463
1.26284;-0.0167755;-0.274141
1.2553;-0.00945312;-0.274141
1.24798;-0.00213077;-0.274141
1.22017;-0.0167755;-0.266818
1.21341;-0.00945312;-0.266818
1.20686;-0.00213077;-0.266818
1.25195;-0.0734942;-0.262557
1.24378;-0.0661719;-0.262557
1.23587;-0.0588495;-0.262557
1.20269;-0.0734942;-0.255234
1.19534;-0.0661719;-0.255234
1.18826;-0.0588495;-0.255234
1.15344;-0.0734942;-0.247912
1.1469;-0.0661719;-0.247912
1.14061;-0.0588495;-0.247912
1.23139;-0.054588;-0.262557
1.22389;-0.0472656;-0.262557
1.21663;-0.0399433;-0.262557
1.18425;-0.054588;-0.255234
1.17756;-0.0472656;-0.255234
1.17111;-0.0399433;-0.255234
1.13707;-0.054588;-0.247912
1.13117;-0.0472656;-0.247912
1.12551;-0.0399433;-0.247912
1.12483;-0.0734942;-0.24365
1.11874;-0.0661719;-0.24365
1.11291;-0.0588495;-0.24365
1.07583;-0.0734942;-0.236328
1.07051;-0.0661719;-0.236328
1.06543;-0.0588495;-0.236328
1.02716;-0.0734942;-0.229006
1.02255;-0.0661719;-0.229006
1.0182;-0.0588495;-0.229006
1.10963;-0.054588;-0.24365
1.10418;-0.0472656;-0.24365
1.09897;-0.0399433;-0.24365
1.06259;-0.054588;-0.236328
1.0579;-0.0472656;-0.236328
1.05344;-0.0399433;-0.236328
1.01578;-0.054588;-0.229006
1.01182;-0.0472656;-0.229006
1.00808;-0.0399433;-0.229006
1.21252;-0.0356817;-0.262557
1.20564;-0.0283594;-0.262557
1.19898;-0.021037;-0.262557
1.16746;-0.0356817;-0.255234
1.16137;-0.0283594;-0.255234
1.1555;-0.021037;-0.255234
1.12231;-0.0356817;-0.247912
1.117;-0.0283594;-0.247912
1.1119;-0.021037;-0.247912
1.19521;-0.0167755;-0.262557
1.18891;-0.00945312;-0.262557
1.18281;-0.00213077;-0.262557
1.15218;-0.0167755;-0.255234
1.14665;-0.00945312;-0.255234
1.14131;-0.00213077;-0.255234
1.10903;-0.0167755;-0.247912
1.10426;-0.00945312;-0.247912
1.09967;-0.00213077;-0.247912
1.09604;-0.0356817;-0.24365
1.09117;-0.0283594;-0.24365
1.08651;-0.021037;-0.24365
1.05095;-0.0356817;-0.236328
1.04683;-0.0283594;-0.236328
1.04292;-0.021037;-0.236328
1.00601;-0.0356817;-0.229006
1.00262;-0.0283594;-0.229006
0.999429;-0.021037;-0.229006
1.0839;-0.0167755;-0.24365
1.07956;-0.00945312;-0.24365
1.07541;-0.00213077;-0.24365
1.04073;-0.0167755;-0.236328
1.03713;-0.00945312;-0.236328
1.03372;-0.00213077;-0.236328
0.997666;-0.0167755;-0.229006
0.994786;-0.00945312;-0.229006
0.99209;-0.00213077;-0.229006
1.06055;-0.149119;-0.224744
1.05294;-0.141797;-0.224744
1.04573;-0.134475;-0.224744
1.00675;-0.149119;-0.217422
0.999629;-0.141797;-0.217422
0.992917;-0.134475;-0.217422
0.954489;-0.149119;-0.2101
0.947724;-0.141797;-0.2101
0.941402;-0.134475;-0.2101
1.04171;-0.130213;-0.224744
1.03508;-0.122891;-0.224744
1.02881;-0.115568;-0.224744
0.989195;-0.130213;-0.217422
0.983105;-0.122891;-0.217422
0.977389;-0.115568;-0.217422
0.93792;-0.130213;-0.2101
0.932265;-0.122891;-0.2101
0.92701;-0.115568;-0.2101
0.924875;-0.149119;-0.205838
0.918258;-0.141797;-0.205838
0.912105;-0.134475;-0.205838
0.875546;-0.149119;-0.198516
0.869066;-0.141797;-0.198516
0.863094;-0.134475;-0.198516
0.828418;-0.149119;-0.191193
0.821912;-0.141797;-0.191193
0.815967;-0.134475;-0.191193
0.908731;-0.130213;-0.205838
0.903277;-0.122891;-0.205838
0.898242;-0.115568;-0.205838
0.859845;-0.130213;-0.198516
0.854637;-0.122891;-0.198516
0.849887;-0.115568;-0.198516
0.812757;-0.130213;-0.191193
0.807656;-0.122891;-0.191193
0.80306;-0.115568;-0.191193
1.02532;-0.111307;-0.224744
1.01959;-0.103984;-0.224744
1.01417;-0.096662;-0.224744
0.974229;-0.111307;-0.217422
0.969076;-0.103984;-0.217422
0.964259;-0.096662;-0.217422
0.924129;-0.111307;-0.2101
0.919474;-0.103984;-0.2101
0.915178;-0.096662;-0.2101
1.01116;-0.0924005;-0.224744
1.00623;-0.0850781;-0.224744
1.00159;-0.0777558;-0.224744
0.961605;-0.0924005;-0.217422
0.957293;-0.0850781;-0.217422
0.953283;-0.0777558;-0.217422
0.912836;-0.0924005;-0.2101
0.909075;-0.0850781;-0.2101
0.905634;-0.0777558;-0.2101
0.895497;-0.111307;-0.205838
0.891089;-0.103984;-0.205838
0.887055;-0.096662;-0.205838
0.847325;-0.111307;-0.198516
0.843259;-0.103984;-0.198516
0.839601;-0.096662;-0.198516
0.800609;-0.111307;-0.191193
0.796769;-0.103984;-0.191193
0.793378;-0.096662;-0.191193
0.884874;-0.0924005;-0.205838
0.881399;-0.0850781;-0.205838
0.878256;-0.0777558;-0.205838
0.837652;-0.0924005;-0.198516
0.834601;-0.0850781;-0.198516
0.831909;-0.0777558;-0.198516
0.791603;-0.0924005;-0.191193
0.78888;-0.0850781;-0.191193
0.786553;-0.0777558;-0.191193
0.802114;-0.149119;-0.186932
0.79551;-0.141797;-0.186932
0.789503;-0.134475;-0.186932
0.759043;-0.149119;-0.179609
0.752118;-0.141797;-0.179609
0.745857;-0.134475;-0.179609
0.71891;-0.149119;-0.172287
0.711455;-0.141797;-0.172287
0.704742;-0.134475;-0.172287
0.786272;-0.130213;-0.186932
0.781162;-0.122891;-0.186932
0.77659;-0.115568;-0.186932
0.74251;-0.130213;-0.179609
0.737252;-0.122891;-0.179609
0.732594;-0.115568;-0.179609
0.701167;-0.130213;-0.172287
0.695576;-0.122891;-0.172287
0.69066;-0.115568;-0.172287
0.697019;-0.149119;-0.168025
0.689155;-0.141797;-0.168025
0.682081;-0.134475;-0.168025
0.662111;-0.149119;-0.160703
0.653364;-0.141797;-0.160703
0.645496;-0.134475;-0.160703
0.630841;-0.149119;-0.153381
0.620984;-0.141797;-0.153381
0.612096;-0.134475;-0.153381
0.678318;-0.130213;-0.168025
0.672443;-0.122891;-0.168025
0.66729;-0.115568;-0.168025
0.641311;-0.130213;-0.160703
0.634782;-0.122891;-0.160703
0.629064;-0.115568;-0.160703
0.60736;-0.130213;-0.153381
0.599959;-0.122891;-0.153381
0.593464;-0.115568;-0.153381
0.774167;-0.111307;-0.186932
0.770399;-0.103984;-0.186932
0.767108;-0.096662;-0.186932
0.73015;-0.111307;-0.179609
0.726392;-0.103984;-0.179609
0.723169;-0.096662;-0.179609
0.688099;-0.111307;-0.172287
0.684195;-0.103984;-0.172287
0.680893;-0.096662;-0.172287
0.765404;-0.0924005;-0.186932
0.762824;-0.0850781;-0.186932
0.760663;-0.0777558;-0.186932
0.72153;-0.0924005;-0.179609
0.719102;-0.0850781;-0.179609
0.717143;-0.0777558;-0.179609
0.679238;-0.0924005;-0.172287
0.676833;-0.0850781;-0.172287
0.674957;-0.0777558;-0.172287
0.664613;-0.111307;-0.168025
0.660545;-0.103984;-0.168025
0.657124;-0.096662;-0.168025
0.626098;-0.111307;-0.160703
0.621602;-0.103984;-0.160703
0.61784;-0.096662;-0.160703
0.59009;-0.111307;-0.153381
0.58497;-0.103984;-0.153381
0.580679;-0.096662;-0.153381
0.65542;-0.0924005;-0.168025
0.652963;-0.0850781;-0.168025
0.651075;-0.0777558;-0.168025
0.615975;-0.0924005;-0.160703
0.613305;-0.0850781;-0.160703
0.611283;-0.0777558;-0.160703
0.57855;-0.0924005;-0.153381
0.575499;-0.0850781;-0.153381
0.573186;-0.0777558;-0.153381
0.999018;-0.0734942;-0.224744
0.994811;-0.0661719;-0.224744
0.990863;-0.0588495;-0.224744
0.951083;-0.0734942;-0.217422
0.947524;-0.0661719;-0.217422
0.944233;-0.0588495;-0.217422
0.903772;-0.0734942;-0.2101
0.900806;-0.0661719;-0.2101
0.898122;-0.0588495;-0.2101
0.988681;-0.054588;-0.224744
0.985122;-0.0472656;-0.224744
0.981795;-0.0399433;-0.224744
0.942436;-0.054588;-0.217422
0.939546;-0.0472656;-0.217422
0.936892;-0.0399433;-0.217422
0.896685;-0.054588;-0.2101
0.894419;-0.0472656;-0.2101
0.892401;-0.0399433;-0.2101
0.876574;-0.0734942;-0.205838
0.873925;-0.0661719;-0.205838
0.871569;-0.0588495;-0.205838
0.830502;-0.0734942;-0.198516
0.828344;-0.0661719;-0.198516
0.8265;-0.0588495;-0.198516
0.785372;-0.0734942;-0.191193
0.783629;-0.0661719;-0.191193
0.782229;-0.0588495;-0.191193
0.870326;-0.054588;-0.205838
0.868402;-0.0472656;-0.205838
0.866733;-0.0399433;-0.205838
0.825566;-0.054588;-0.198516
0.824186;-0.0472656;-0.198516
0.823079;-0.0399433;-0.198516
0.781565;-0.054588;-0.191193
0.78067;-0.0472656;-0.191193
0.78007;-0.0399433;-0.191193
0.979961;-0.0356817;-0.224744
0.976979;-0.0283594;-0.224744
0.974204;-0.021037;-0.224744
0.935453;-0.0356817;-0.217422
0.933153;-0.0283594;-0.217422
0.931062;-0.021037;-0.217422
0.891335;-0.0356817;-0.2101
0.889682;-0.0283594;-0.2101
0.888245;-0.021037;-0.2101
0.972679;-0.0167755;-0.224744
0.970211;-0.00945312;-0.224744
0.967924;-0.00213077;-0.224744
0.929937;-0.0167755;-0.217422
0.928155;-0.00945312;-0.217422
0.926556;-0.00213077;-0.217422
0.887503;-0.0167755;-0.2101
0.886383;-0.00945312;-0.2101
0.885449;-0.00213077;-0.2101
0.865873;-0.0356817;-0.205838
0.86458;-0.0283594;-0.205838
0.863508;-0.021037;-0.205838
0.822553;-0.0356817;-0.198516
0.821845;-0.0283594;-0.198516
0.82137;-0.021037;-0.198516
0.77985;-0.0356817;-0.191193
0.779681;-0.0283594;-0.191193
0.779762;-0.021037;-0.191193
0.862981;-0.0167755;-0.205838
0.862232;-0.00945312;-0.205838
0.861673;-0.00213077;-0.205838
0.821196;-0.0167755;-0.198516
0.821061;-0.00945312;-0.198516
0.821124;-0.00213077;-0.198516
0.779918;-0.0167755;-0.191193
0.780362;-0.00945312;-0.191193
0.781016;-0.00213077;-0.191193
0.759591;-0.0734942;-0.186932
0.75805;-0.0661719;-0.186932
0.756873;-0.0588495;-0.186932
0.716209;-0.0734942;-0.179609
0.714943;-0.0661719;-0.179609
0.714081;-0.0588495;-0.179609
0.674098;-0.0734942;-0.172287
0.673002;-0.0661719;-0.172287
0.672362;-0.0588495;-0.172287
0.756347;-0.054588;-0.186932
0.755704;-0.0472656;-0.186932
0.755372;-0.0399433;-0.186932
0.713757;-0.054588;-0.179609
0.713489;-0.0472656;-0.179609
0.713565;-0.0399433;-0.179609
0.672189;-0.054588;-0.172287
0.672216;-0.0472656;-0.172287
0.672628;-0.0399433;-0.172287
0.650226;-0.0734942;-0.168025
0.649177;-0.0661719;-0.168025
0.648619;-0.0588495;-0.168025
0.610391;-0.0734942;-0.160703
0.609323;-0.0661719;-0.160703
0.608814;-0.0588495;-0.160703
0.572164;-0.0734942;-0.153381
0.570941;-0.0661719;-0.153381
0.570357;-0.0588495;-0.153381
0.648508;-0.054588;-0.168025
0.648665;-0.0472656;-0.168025
0.649237;-0.0399433;-0.168025
0.608762;-0.054588;-0.160703
0.609068;-0.0472656;-0.160703
0.609845;-0.0399433;-0.160703
0.570296;-0.054588;-0.153381
0.570644;-0.0472656;-0.153381
0.571532;-0.0399433;-0.153381
0.755315;-0.0356817;-0.186932
0.755436;-0.0283594;-0.186932
0.75582;-0.021037;-0.186932
0.71376;-0.0356817;-0.179609
0.714336;-0.0283594;-0.179609
0.715201;-0.021037;-0.179609
0.673036;-0.0356817;-0.172287
0.674008;-0.0283594;-0.172287
0.6753;-0.021037;-0.172287
0.756157;-0.0167755;-0.186932
0.756921;-0.00945312;-0.186932
0.757903;-0.00213077;-0.186932
0.71583;-0.0167755;-0.179609
0.71711;-0.00945312;-0.179609
0.718628;-0.00213077;-0.179609
0.676191;-0.0167755;-0.172287
0.677943;-0.00945312;-0.172287
0.679957;-0.00213077;-0.172287
0.64975;-0.0356817;-0.168025
0.65092;-0.0283594;-0.168025
0.652435;-0.021037;-0.168025
0.610501;-0.0356817;-0.160703
0.611958;-0.0283594;-0.160703
0.613803;-0.021037;-0.160703
0.572282;-0.0356817;-0.153381
0.573946;-0.0283594;-0.153381
0.576053;-0.021037;-0.153381
0.653464;-0.0167755;-0.168025
0.655468;-0.00945312;-0.168025
0.657752;-0.00213077;-0.168025
0.615043;-0.0167755;-0.160703
0.617441;-0.00945312;-0.160703
0.620152;-0.00213077;-0.160703
0.577469;-0.0167755;-0.153381
0.580205;-0.00945312;-0.153381
0.583295;-0.00213077;-0.153381
1.07432;-0.300369;-0.149119
1.0413;-0.293047;-0.149119
1.0094;-0.285725;-0.149119
1.08805;-0.300369;-0.141797
1.05301;-0.293047;-0.141797
1.01909;-0.285725;-0.141797
1.1065;-0.300369;-0.134475
1.0695;-0.293047;-0.134475
1.03362;-0.285725;-0.134475
0.991337;-0.281463;-0.149119
0.961176;-0.274141;-0.149119
0.932112;-0.266818;-0.149119
0.999855;-0.281463;-0.141797
0.967686;-0.274141;-0.141797
0.93662;-0.266818;-0.141797
1.01324;-0.281463;-0.134475
0.979113;-0.274141;-0.134475
0.946087;-0.266818;-0.134475
1.11907;-0.300369;-0.130213
1.08096;-0.293047;-0.130213
1.04397;-0.285725;-0.130213
1.14322;-0.300369;-0.122891
1.10329;-0.293047;-0.122891
1.06447;-0.285725;-0.122891
1.16987;-0.300369;-0.115568
1.12821;-0.293047;-0.115568
1.08767;-0.285725;-0.115568
1.02296;-0.281463;-0.130213
0.98772;-0.274141;-0.130213
0.953586;-0.266818;-0.130213
1.04239;-0.281463;-0.122891
1.00532;-0.274141;-0.122891
0.969358;-0.266818;-0.122891
1.06459;-0.281463;-0.115568
1.0258;-0.274141;-0.115568
0.988108;-0.266818;-0.115568
0.915702;-0.262557;-0.149119
0.88837;-0.255234;-0.149119
0.862129;-0.247912;-0.149119
0.919048;-0.262557;-0.141797
0.889724;-0.255234;-0.141797
0.8615;-0.247912;-0.141797
0.927374;-0.262557;-0.134475
0.89609;-0.255234;-0.134475
0.865906;-0.247912;-0.134475
0.84736;-0.24365;-0.149119
0.822845;-0.236328;-0.149119
0.799421;-0.229006;-0.149119
0.84558;-0.24365;-0.141797
0.819098;-0.236328;-0.141797
0.793718;-0.229006;-0.141797
0.848845;-0.24365;-0.134475
0.820403;-0.236328;-0.134475
0.793065;-0.229006;-0.134475
0.934226;-0.262557;-0.130213
0.901831;-0.255234;-0.130213
0.870532;-0.247912;-0.130213
0.94893;-0.262557;-0.122891
0.914693;-0.255234;-0.122891
0.881545;-0.247912;-0.122891
0.966672;-0.262557;-0.115568
0.930696;-0.255234;-0.115568
0.8958;-0.247912;-0.115568
0.852822;-0.24365;-0.130213
0.82326;-0.236328;-0.130213
0.7948;-0.229006;-0.130213
0.862755;-0.24365;-0.122891
0.83133;-0.236328;-0.122891
0.800996;-0.229006;-0.122891
0.875987;-0.24365;-0.115568
0.842796;-0.236328;-0.115568
0.810682;-0.229006;-0.115568
1.18621;-0.300369;-0.111307
1.1436;-0.293047;-0.111307
1.10211;-0.285725;-0.111307
1.2152;-0.300369;-0.103984
1.17105;-0.293047;-0.103984
1.12802;-0.285725;-0.103984
1.24478;-0.300369;-0.096662
1.19919;-0.293047;-0.096662
1.15473;-0.285725;-0.096662
1.07848;-0.281463;-0.111307
1.03873;-0.274141;-0.111307
1.00009;-0.266818;-0.111307
1.10349;-0.281463;-0.103984
1.0622;-0.274141;-0.103984
1.02201;-0.266818;-0.103984
1.12937;-0.281463;-0.096662
1.08666;-0.274141;-0.096662
1.04504;-0.266818;-0.096662
1.26201;-0.300369;-0.0924005
1.21564;-0.293047;-0.0924005
1.1704;-0.285725;-0.0924005
1.29126;-0.300369;-0.0850781
1.24364;-0.293047;-0.0850781
1.19715;-0.285725;-0.0850781
1.31965;-0.300369;-0.0777558
1.27087;-0.293047;-0.0777558
1.22325;-0.285725;-0.0777558
1.14458;-0.281463;-0.0924005
1.1011;-0.274141;-0.0924005
1.0587;-0.266818;-0.0924005
1.17061;-0.281463;-0.0850781
1.12588;-0.274141;-0.0850781
1.08224;-0.266818;-0.0850781
1.19605;-0.281463;-0.0777558
1.15018;-0.274141;-0.0777558
1.10541;-0.266818;-0.0777558
0.978094;-0.262557;-0.111307
0.941159;-0.255234;-0.111307
0.905298;-0.247912;-0.111307
0.999114;-0.262557;-0.103984
0.960623;-0.255234;-0.103984
0.9232;-0.247912;-0.103984
1.02131;-0.262557;-0.096662
0.981386;-0.255234;-0.096662
0.942521;-0.247912;-0.096662
0.884921;-0.24365;-0.111307
0.850753;-0.236328;-0.111307
0.817655;-0.229006;-0.111307
0.901908;-0.24365;-0.103984
0.866159;-0.236328;-0.103984
0.831464;-0.229006;-0.103984
0.920387;-0.24365;-0.096662
0.883181;-0.236328;-0.096662
0.847016;-0.229006;-0.096662
1.03452;-0.262557;-0.0924005
0.993818;-0.255234;-0.0924005
0.954171;-0.247912;-0.0924005
1.05733;-0.262557;-0.0850781
1.01539;-0.255234;-0.0850781
0.974493;-0.247912;-0.0850781
1.07985;-0.262557;-0.0777558
1.03678;-0.255234;-0.0777558
0.994754;-0.247912;-0.0777558
0.931579;-0.24365;-0.0924005
0.893584;-0.236328;-0.0924005
0.856622;-0.229006;-0.0924005
0.951172;-0.24365;-0.0850781
0.911917;-0.236328;-0.0850781
0.873686;-0.229006;-0.0850781
0.970773;-0.24365;-0.0777558
0.930381;-0.236328;-0.0777558
0.891004;-0.229006;-0.0777558
0.78629;-0.224744;-0.149119
0.76459;-0.217422;-0.149119
0.743981;-0.2101;-0.149119
0.779456;-0.224744;-0.141797
0.755826;-0.217422;-0.141797
0.733306;-0.2101;-0.141797
0.777665;-0.224744;-0.134475
0.752083;-0.217422;-0.134475
0.727618;-0.2101;-0.134475
0.732488;-0.205838;-0.149119
0.713602;-0.198516;-0.149119
0.695803;-0.191193;-0.149119
0.720713;-0.205838;-0.141797
0.699958;-0.198516;-0.141797
0.680323;-0.191193;-0.141797
0.713897;-0.205838;-0.134475
0.691214;-0.198516;-0.134475
0.669667;-0.191193;-0.134475
0.778745;-0.224744;-0.130213
0.752037;-0.217422;-0.130213
0.726444;-0.2101;-0.130213
0.783846;-0.224744;-0.122891
0.755247;-0.217422;-0.122891
0.727754;-0.2101;-0.122891
0.79249;-0.224744;-0.115568
0.762087;-0.217422;-0.115568
0.732772;-0.2101;-0.115568
0.712066;-0.205838;-0.130213
0.688255;-0.198516;-0.130213
0.665582;-0.191193;-0.130213
0.712265;-0.205838;-0.122891
0.686539;-0.198516;-0.122891
0.661945;-0.191193;-0.122891
0.716215;-0.205838;-0.115568
0.68864;-0.198516;-0.115568
0.662179;-0.191193;-0.115568
0.685945;-0.186932;-0.149119
0.669861;-0.179609;-0.149119
0.654857;-0.172287;-0.149119
0.669413;-0.186932;-0.141797
0.651557;-0.179609;-0.141797
0.634827;-0.172287;-0.141797
0.657653;-0.186932;-0.134475
0.637921;-0.179609;-0.134475
0.619346;-0.172287;-0.134475
0.646619;-0.168025;-0.149119
0.633307;-0.160703;-0.149119
0.621054;-0.153381;-0.149119
0.625609;-0.168025;-0.141797
0.610661;-0.160703;-0.141797
0.596838;-0.153381;-0.141797
0.609071;-0.168025;-0.134475
0.592341;-0.160703;-0.134475
0.576785;-0.153381;-0.134475
0.652915;-0.186932;-0.130213
0.632065;-0.179609;-0.130213
0.612382;-0.172287;-0.130213
0.648157;-0.186932;-0.122891
0.625381;-0.179609;-0.122891
0.603773;-0.172287;-0.122891
0.647297;-0.186932;-0.115568
0.622628;-0.179609;-0.115568
0.599115;-0.172287;-0.115568
0.601468;-0.168025;-0.130213
0.583653;-0.160703;-0.130213
0.567032;-0.153381;-0.130213
0.591743;-0.168025;-0.122891
0.572018;-0.160703;-0.122891
0.553506;-0.153381;-0.122891
0.585971;-0.168025;-0.115568
0.564327;-0.160703;-0.115568
0.543893;-0.153381;-0.115568
0.798884;-0.224744;-0.111307
0.76748;-0.217422;-0.111307
0.737153;-0.2101;-0.111307
0.811756;-0.224744;-0.103984
0.778727;-0.217422;-0.103984
0.746754;-0.2101;-0.103984
0.826445;-0.224744;-0.096662
0.791919;-0.217422;-0.096662
0.758428;-0.2101;-0.096662
0.720001;-0.205838;-0.111307
0.691393;-0.198516;-0.111307
0.663886;-0.191193;-0.111307
0.728634;-0.205838;-0.103984
0.698342;-0.198516;-0.103984
0.669124;-0.191193;-0.103984
0.739414;-0.205838;-0.096662
0.707566;-0.198516;-0.096662
0.676763;-0.191193;-0.096662
0.835584;-0.224744;-0.0924005
0.800247;-0.217422;-0.0924005
0.765933;-0.2101;-0.0924005
0.851904;-0.224744;-0.0850781
0.815276;-0.217422;-0.0850781
0.779655;-0.2101;-0.0850781
0.868551;-0.224744;-0.0777558
0.830761;-0.217422;-0.0777558
0.793962;-0.2101;-0.0777558
0.746434;-0.205838;-0.0924005
0.713742;-0.198516;-0.0924005
0.682079;-0.191193;-0.0924005
0.759385;-0.205838;-0.0850781
0.725351;-0.198516;-0.0850781
0.692319;-0.191193;-0.0850781
0.773;-0.205838;-0.0777558
0.737758;-0.198516;-0.0777558
0.703497;-0.191193;-0.0777558
0.648388;-0.186932;-0.111307
0.622652;-0.179609;-0.111307
0.598057;-0.172287;-0.111307
0.652618;-0.186932;-0.103984
0.625125;-0.179609;-0.103984
0.598744;-0.172287;-0.103984
0.659321;-0.186932;-0.096662
0.630192;-0.179609;-0.096662
0.602141;-0.172287;-0.096662
0.584276;-0.168025;-0.111307
0.561532;-0.160703;-0.111307
0.539988;-0.153381;-0.111307
0.58391;-0.168025;-0.103984
0.559332;-0.160703;-0.103984
0.535927;-0.153381;-0.103984
0.586319;-0.168025;-0.096662
0.560011;-0.160703;-0.096662
0.534836;-0.153381;-0.096662
0.664128;-0.186932;-0.0924005
0.63411;-0.179609;-0.0924005
0.605148;-0.172287;-0.0924005
0.673559;-0.186932;-0.0850781
0.642124;-0.179609;-0.0850781
0.611708;-0.172287;-0.0850781
0.684008;-0.186932;-0.0777558
0.651299;-0.179609;-0.0777558
0.619575;-0.172287;-0.0777558
0.588784;-0.168025;-0.0924005
0.561528;-0.160703;-0.0924005
0.53538;-0.153381;-0.0924005
0.594481;-0.168025;-0.0850781
0.565706;-0.160703;-0.0850781
0.537993;-0.153381;-0.0850781
0.60157;-0.168025;-0.0777558
0.571424;-0.160703;-0.0777558
0.542295;-0.153381;-0.0777558
1.33559;-0.300369;-0.0734942
1.2862;-0.293047;-0.0734942
1.23796;-0.285725;-0.0734942
1.36171;-0.300369;-0.0661719
1.31135;-0.293047;-0.0661719
1.26214;-0.285725;-0.0661719
1.38595;-0.300369;-0.0588495
1.33471;-0.293047;-0.0588495
1.28464;-0.285725;-0.0588495
1.2104;-0.281463;-0.0734942
1.16393;-0.274141;-0.0734942
1.11855;-0.266818;-0.0734942
1.23402;-0.281463;-0.0661719
1.18659;-0.274141;-0.0661719
1.14026;-0.266818;-0.0661719
1.25602;-0.281463;-0.0588495
1.20774;-0.274141;-0.0588495
1.16056;-0.266818;-0.0588495
1.39906;-0.300369;-0.054588
1.34737;-0.293047;-0.054588
1.29684;-0.285725;-0.054588
1.41971;-0.300369;-0.0472656
1.36731;-0.293047;-0.0472656
1.31608;-0.285725;-0.0472656
1.43779;-0.300369;-0.0399433
1.38478;-0.293047;-0.0399433
1.33296;-0.285725;-0.0399433
1.26796;-0.281463;-0.054588
1.21923;-0.274141;-0.054588
1.1716;-0.266818;-0.054588
1.2868;-0.281463;-0.0472656
1.23737;-0.274141;-0.0472656
1.18906;-0.266818;-0.0472656
1.30333;-0.281463;-0.0399433
1.25331;-0.274141;-0.0399433
1.20442;-0.266818;-0.0399433
1.09264;-0.262557;-0.0734942
1.04896;-0.255234;-0.0734942
1.00633;-0.247912;-0.0734942
1.11379;-0.262557;-0.0661719
1.06916;-0.255234;-0.0661719
1.02558;-0.247912;-0.0661719
1.1336;-0.262557;-0.0588495
1.08812;-0.255234;-0.0588495
1.0437;-0.247912;-0.0588495
0.982;-0.24365;-0.0734942
0.940999;-0.236328;-0.0734942
0.901011;-0.229006;-0.0734942
1.00069;-0.24365;-0.0661719
0.958739;-0.236328;-0.0661719
0.917792;-0.229006;-0.0661719
1.01832;-0.24365;-0.0588495
0.975523;-0.236328;-0.0588495
0.93373;-0.229006;-0.0588495
1.14438;-0.262557;-0.054588
1.09846;-0.255234;-0.054588
1.0536;-0.247912;-0.054588
1.16145;-0.262557;-0.0472656
1.11485;-0.255234;-0.0472656
1.0693;-0.247912;-0.0472656
1.17646;-0.262557;-0.0399433
1.12928;-0.255234;-0.0399433
1.08316;-0.247912;-0.0399433
1.02796;-0.24365;-0.054588
0.984722;-0.236328;-0.054588
0.942487;-0.229006;-0.054588
1.04327;-0.24365;-0.0472656
0.999358;-0.236328;-0.0472656
0.956447;-0.229006;-0.0472656
1.0568;-0.24365;-0.0399433
1.01231;-0.236328;-0.0399433
0.968825;-0.229006;-0.0399433
1.44705;-0.300369;-0.0356817
1.39374;-0.293047;-0.0356817
1.34161;-0.285725;-0.0356817
1.46068;-0.300369;-0.0283594
1.40693;-0.293047;-0.0283594
1.35436;-0.285725;-0.0283594
1.47133;-0.300369;-0.021037
1.41723;-0.293047;-0.021037
1.36433;-0.285725;-0.021037
1.3118;-0.281463;-0.0356817
1.26149;-0.274141;-0.0356817
1.2123;-0.266818;-0.0356817
1.3243;-0.281463;-0.0283594
1.27356;-0.274141;-0.0283594
1.22394;-0.266818;-0.0283594
1.33408;-0.281463;-0.021037
1.283;-0.274141;-0.021037
1.23306;-0.266818;-0.021037
1.47611;-0.300369;-0.0167755
1.42186;-0.293047;-0.0167755
1.3688;-0.285725;-0.0167755
1.48183;-0.300369;-0.00945312
1.4274;-0.293047;-0.00945312
1.37417;-0.285725;-0.00945312
1.48437;-0.300369;-0.00213077
1.42986;-0.293047;-0.00213077
1.37654;-0.285725;-0.00213077
1.33846;-0.281463;-0.0167755
1.28724;-0.274141;-0.0167755
1.23715;-0.266818;-0.0167755
1.34372;-0.281463;-0.00945312
1.29233;-0.274141;-0.00945312
1.24206;-0.266818;-0.00945312
1.34606;-0.281463;-0.00213077
1.29458;-0.274141;-0.00213077
1.24424;-0.266818;-0.00213077
1.18418;-0.262557;-0.0356817
1.13671;-0.255234;-0.0356817
1.0903;-0.247912;-0.0356817
1.19557;-0.262557;-0.0283594
1.14768;-0.255234;-0.0283594
1.10085;-0.247912;-0.0283594
1.20449;-0.262557;-0.021037
1.15628;-0.255234;-0.021037
1.10913;-0.247912;-0.021037
1.06377;-0.24365;-0.0356817
1.01899;-0.236328;-0.0356817
0.975219;-0.229006;-0.0356817
1.07408;-0.24365;-0.0283594
1.02888;-0.236328;-0.0283594
0.984693;-0.229006;-0.0283594
1.08216;-0.24365;-0.021037
1.03665;-0.236328;-0.021037
0.992139;-0.229006;-0.021037
1.20851;-0.262557;-0.0167755
1.16014;-0.255234;-0.0167755
1.11285;-0.247912;-0.0167755
1.21331;-0.262557;-0.00945312
1.16478;-0.255234;-0.00945312
1.11732;-0.247912;-0.00945312
1.21545;-0.262557;-0.00213077
1.16684;-0.255234;-0.00213077
1.1193;-0.247912;-0.00213077
1.0858;-0.24365;-0.0167755
1.04015;-0.236328;-0.0167755
0.995495;-0.229006;-0.0167755
1.09017;-0.24365;-0.00945312
1.04434;-0.236328;-0.00945312
0.999524;-0.229006;-0.00945312
1.09211;-0.24365;-0.00213077
1.04621;-0.236328;-0.00213077
1.00131;-0.229006;-0.00213077
0.8782;-0.224744;-0.0734942
0.83979;-0.217422;-0.0734942
0.802365;-0.2101;-0.0734942
0.894421;-0.224744;-0.0661719
0.855041;-0.217422;-0.0661719
0.816636;-0.2101;-0.0661719
0.909864;-0.224744;-0.0588495
0.86963;-0.217422;-0.0588495
0.830363;-0.2101;-0.0588495
0.781034;-0.205838;-0.0734942
0.745151;-0.198516;-0.0734942
0.710236;-0.191193;-0.0734942
0.794729;-0.205838;-0.0661719
0.757844;-0.198516;-0.0661719
0.721911;-0.191193;-0.0661719
0.807951;-0.205838;-0.0588495
0.770187;-0.198516;-0.0588495
0.733361;-0.191193;-0.0588495
0.918362;-0.224744;-0.054588
0.877683;-0.217422;-0.054588
0.837967;-0.2101;-0.054588
0.931928;-0.224744;-0.0472656
0.890568;-0.217422;-0.0472656
0.850166;-0.2101;-0.0472656
0.943972;-0.224744;-0.0399433
0.902035;-0.217422;-0.0399433
0.861055;-0.2101;-0.0399433
0.81529;-0.205838;-0.054588
0.77707;-0.198516;-0.054588
0.739779;-0.191193;-0.054588
0.827088;-0.205838;-0.0472656
0.788172;-0.198516;-0.0472656
0.750175;-0.191193;-0.0472656
0.837638;-0.205838;-0.0399433
0.798134;-0.198516;-0.0399433
0.759543;-0.191193;-0.0399433
0.690361;-0.186932;-0.0734942
0.656975;-0.179609;-0.0734942
0.624557;-0.172287;-0.0734942
0.701433;-0.186932;-0.0661719
0.666993;-0.179609;-0.0661719
0.633493;-0.172287;-0.0661719
0.712356;-0.186932;-0.0588495
0.676993;-0.179609;-0.0588495
0.642548;-0.172287;-0.0588495
0.606137;-0.168025;-0.0734942
0.575264;-0.160703;-0.0734942
0.54538;-0.153381;-0.0734942
0.61443;-0.168025;-0.0661719
0.582421;-0.160703;-0.0661719
0.551363;-0.153381;-0.0661719
0.622922;-0.168025;-0.0588495
0.589924;-0.160703;-0.0588495
0.55784;-0.153381;-0.0588495
0.7185;-0.186932;-0.054588
0.682659;-0.179609;-0.054588
0.647724;-0.172287;-0.054588
0.72848;-0.186932;-0.0472656
0.691913;-0.179609;-0.0472656
0.656235;-0.172287;-0.0472656
0.737497;-0.186932;-0.0399433
0.70032;-0.179609;-0.0399433
0.664018;-0.172287;-0.0399433
0.627808;-0.168025;-0.054588
0.594296;-0.160703;-0.054588
0.561681;-0.153381;-0.054588
0.635877;-0.168025;-0.0472656
0.601588;-0.160703;-0.0472656
0.56817;-0.153381;-0.0472656
0.643289;-0.168025;-0.0399433
0.60835;-0.160703;-0.0399433
0.57426;-0.153381;-0.0399433
0.950197;-0.224744;-0.0356817
0.907973;-0.217422;-0.0356817
0.866703;-0.2101;-0.0356817
0.95943;-0.224744;-0.0283594
0.916788;-0.217422;-0.0283594
0.875099;-0.2101;-0.0283594
0.96669;-0.224744;-0.021037
0.923728;-0.217422;-0.021037
0.881719;-0.2101;-0.021037
0.843116;-0.205838;-0.0356817
0.803319;-0.198516;-0.0356817
0.764431;-0.191193;-0.0356817
0.851268;-0.205838;-0.0283594
0.811047;-0.198516;-0.0283594
0.771732;-0.191193;-0.0283594
0.8577;-0.205838;-0.021037
0.817156;-0.198516;-0.021037
0.777513;-0.191193;-0.021037
0.969963;-0.224744;-0.0167755
0.926859;-0.217422;-0.0167755
0.884708;-0.2101;-0.0167755
0.973894;-0.224744;-0.00945312
0.930622;-0.217422;-0.00945312
0.888301;-0.2101;-0.00945312
0.975641;-0.224744;-0.00213077
0.932295;-0.217422;-0.00213077
0.8899;-0.2101;-0.00213077
0.860606;-0.205838;-0.0167755
0.819918;-0.198516;-0.0167755
0.780131;-0.191193;-0.0167755
0.864101;-0.205838;-0.00945312
0.823243;-0.198516;-0.00945312
0.783284;-0.191193;-0.00945312
0.865656;-0.205838;-0.00213077
0.824723;-0.198516;-0.00213077
0.784688;-0.191193;-0.00213077
0.742211;-0.186932;-0.0356817
0.704729;-0.179609;-0.0356817
0.668117;-0.172287;-0.0356817
0.74926;-0.186932;-0.0283594
0.71134;-0.179609;-0.0283594
0.674282;-0.172287;-0.0283594
0.75485;-0.186932;-0.021037
0.716596;-0.179609;-0.021037
0.679198;-0.172287;-0.021037
0.647204;-0.168025;-0.0356817
0.611942;-0.160703;-0.0356817
0.577518;-0.153381;-0.0356817
0.653105;-0.168025;-0.0283594
0.617378;-0.160703;-0.0283594
0.582476;-0.153381;-0.0283594
0.657819;-0.168025;-0.021037
0.62174;-0.160703;-0.021037
0.586474;-0.153381;-0.021037
0.757382;-0.186932;-0.0167755
0.718981;-0.179609;-0.0167755
0.681432;-0.172287;-0.0167755
0.760435;-0.186932;-0.00945312
0.721858;-0.179609;-0.00945312
0.684131;-0.172287;-0.00945312
0.761794;-0.186932;-0.00213077
0.723141;-0.179609;-0.00213077
0.685336;-0.172287;-0.00213077
0.659965;-0.168025;-0.0167755
0.62373;-0.160703;-0.0167755
0.588303;-0.153381;-0.0167755
0.662558;-0.168025;-0.00945312
0.626139;-0.160703;-0.00945312
0.590522;-0.153381;-0.00945312
0.663716;-0.168025;-0.00213077
0.627215;-0.160703;-0.00213077
0.591515;-0.153381;-0.00213077
0.614405;-0.149119;-0.149119
0.603799;-0.141797;-0.149119
0.594214;-0.134475;-0.149119
0.589308;-0.149119;-0.141797
0.57725;-0.141797;-0.141797
0.566298;-0.134475;-0.141797
0.568273;-0.149119;-0.134475
0.554579;-0.141797;-0.134475
0.542063;-0.134475;-0.134475
0.589098;-0.130213;-0.149119
0.581086;-0.122891;-0.149119
0.574039;-0.115568;-0.149119
0.560427;-0.130213;-0.141797
0.551193;-0.122891;-0.141797
0.543022;-0.115568;-0.141797
0.535318;-0.130213;-0.134475
0.524652;-0.122891;-0.134475
0.515144;-0.115568;-0.134475
0.557912;-0.149119;-0.130213
0.543196;-0.141797;-0.130213
0.529692;-0.134475;-0.130213
0.543297;-0.149119;-0.122891
0.526736;-0.141797;-0.122891
0.51143;-0.134475;-0.122891
0.532568;-0.149119;-0.115568
0.514098;-0.141797;-0.115568
0.496901;-0.134475;-0.115568
0.52239;-0.130213;-0.130213
0.510803;-0.122891;-0.130213
0.500422;-0.115568;-0.130213
0.503103;-0.130213;-0.122891
0.489804;-0.122891;-0.122891
0.477784;-0.115568;-0.122891
0.487488;-0.130213;-0.115568
0.472351;-0.122891;-0.115568
0.458544;-0.115568;-0.115568
0.570371;-0.111307;-0.149119
0.564792;-0.103984;-0.149119
0.560101;-0.096662;-0.149119
0.538748;-0.111307;-0.141797
0.53221;-0.103984;-0.141797
0.526669;-0.096662;-0.141797
0.510136;-0.111307;-0.134475
0.502423;-0.103984;-0.134475
0.495817;-0.096662;-0.134475
0.557767;-0.0924005;-0.149119
0.554411;-0.0850781;-0.149119
0.55185;-0.0777558;-0.149119
0.523889;-0.0924005;-0.141797
0.519854;-0.0850781;-0.141797
0.516724;-0.0777558;-0.141797
0.49247;-0.0924005;-0.134475
0.487554;-0.0850781;-0.134475
0.483659;-0.0777558;-0.134475
0.494933;-0.111307;-0.130213
0.486438;-0.103984;-0.130213
0.479114;-0.096662;-0.130213
0.471378;-0.111307;-0.122891
0.461382;-0.103984;-0.122891
0.452659;-0.096662;-0.122891
0.451126;-0.111307;-0.115568
0.439452;-0.103984;-0.115568
0.429138;-0.096662;-0.115568
0.47538;-0.0924005;-0.130213
0.469853;-0.0850781;-0.130213
0.46542;-0.0777558;-0.130213
0.448162;-0.0924005;-0.122891
0.441419;-0.0850781;-0.122891
0.435896;-0.0777558;-0.122891
0.423762;-0.0924005;-0.115568
0.415596;-0.0850781;-0.115568
0.408773;-0.0777558;-0.115568
0.528013;-0.149119;-0.111307
0.508424;-0.141797;-0.111307
0.490108;-0.134475;-0.111307
0.522856;-0.149119;-0.103984
0.501367;-0.141797;-0.103984
0.481134;-0.134475;-0.103984
0.520719;-0.149119;-0.096662
0.4974;-0.141797;-0.096662
0.475301;-0.134475;-0.096662
0.480046;-0.130213;-0.111307
0.463802;-0.122891;-0.111307
0.448906;-0.115568;-0.111307
0.469951;-0.130213;-0.103984
0.45178;-0.122891;-0.103984
0.434963;-0.115568;-0.103984
0.463018;-0.130213;-0.096662
0.442934;-0.122891;-0.096662
0.424185;-0.115568;-0.096662
0.520683;-0.149119;-0.0924005
0.496347;-0.141797;-0.0924005
0.473204;-0.134475;-0.0924005
0.522363;-0.149119;-0.0850781
0.496383;-0.141797;-0.0850781
0.47154;-0.134475;-0.0850781
0.525817;-0.149119;-0.0777558
0.498338;-0.141797;-0.0777558
0.471938;-0.134475;-0.0777558
0.4603;-0.130213;-0.0924005
0.439132;-0.122891;-0.0924005
0.419275;-0.115568;-0.0924005
0.457622;-0.130213;-0.0850781
0.434666;-0.122891;-0.0850781
0.412968;-0.115568;-0.0850781
0.457085;-0.130213;-0.0777558
0.43247;-0.122891;-0.0777558
0.409046;-0.115568;-0.0777558
0.440866;-0.111307;-0.111307
0.428148;-0.103984;-0.111307
0.41683;-0.096662;-0.111307
0.425815;-0.111307;-0.103984
0.411219;-0.103984;-0.103984
0.398072;-0.096662;-0.103984
0.413908;-0.111307;-0.096662
0.397373;-0.103984;-0.096662
0.382305;-0.096662;-0.096662
0.410893;-0.0924005;-0.111307
0.40181;-0.0850781;-0.111307
0.394135;-0.0777558;-0.111307
0.3911;-0.0924005;-0.103984
0.380303;-0.0850781;-0.103984
0.371016;-0.0777558;-0.103984
0.37423;-0.0924005;-0.096662
0.36158;-0.0850781;-0.096662
0.350513;-0.0777558;-0.096662
0.408344;-0.111307;-0.0924005
0.390676;-0.103984;-0.0924005
0.374469;-0.096662;-0.0924005
0.400943;-0.111307;-0.0850781
0.381359;-0.103984;-0.0850781
0.3632;-0.096662;-0.0850781
0.395984;-0.111307;-0.0777558
0.374566;-0.103984;-0.0777558
0.354511;-0.096662;-0.0777558
0.365733;-0.0924005;-0.0924005
0.351958;-0.0850781;-0.0924005
0.339793;-0.0777558;-0.0924005
0.353317;-0.0924005;-0.0850781
0.337568;-0.0850781;-0.0850781
0.323444;-0.0777558;-0.0850781
0.343499;-0.0924005;-0.0777558
0.325774;-0.0850781;-0.0777558
0.309647;-0.0777558;-0.0777558
0.55071;-0.0734942;-0.149119
0.549328;-0.0661719;-0.149119
0.548637;-0.0588495;-0.149119
0.515302;-0.0734942;-0.141797
0.513517;-0.0661719;-0.141797
0.512526;-0.0588495;-0.141797
0.481847;-0.0734942;-0.134475
0.479485;-0.0661719;-0.134475
0.478032;-0.0588495;-0.134475
0.548537;-0.054588;-0.149119
0.548857;-0.0472656;-0.149119
0.549762;-0.0399433;-0.149119
0.512296;-0.054588;-0.141797
0.512467;-0.0472656;-0.141797
0.51331;-0.0399433;-0.141797
0.477586;-0.054588;-0.134475
0.477469;-0.0472656;-0.134475
0.478129;-0.0399433;-0.134475
0.463329;-0.0734942;-0.130213
0.460545;-0.0661719;-0.130213
0.458743;-0.0588495;-0.130213
0.43323;-0.0734942;-0.122891
0.429565;-0.0661719;-0.122891
0.427018;-0.0588495;-0.122891
0.405411;-0.0734942;-0.115568
0.40066;-0.0661719;-0.115568
0.397171;-0.0588495;-0.115568
0.458127;-0.054588;-0.130213
0.457773;-0.0472656;-0.130213
0.458265;-0.0399433;-0.130213
0.426029;-0.054588;-0.122891
0.425143;-0.0472656;-0.122891
0.425229;-0.0399433;-0.122891
0.395702;-0.054588;-0.115568
0.394107;-0.0472656;-0.115568
0.393632;-0.0399433;-0.115568
0.550541;-0.0356817;-0.149119
0.552286;-0.0283594;-0.149119
0.554511;-0.021037;-0.149119
0.514093;-0.0356817;-0.141797
0.515905;-0.0283594;-0.141797
0.51827;-0.021037;-0.141797
0.478849;-0.0356817;-0.134475
0.480629;-0.0283594;-0.134475
0.483046;-0.021037;-0.134475
0.556012;-0.0167755;-0.149119
0.558917;-0.00945312;-0.149119
0.562204;-0.00213077;-0.149119
0.519882;-0.0167755;-0.141797
0.523028;-0.00945312;-0.141797
0.526612;-0.00213077;-0.141797
0.484726;-0.0167755;-0.134475
0.488045;-0.00945312;-0.134475
0.491868;-0.00213077;-0.134475
0.458917;-0.0356817;-0.130213
0.460627;-0.0283594;-0.130213
0.463032;-0.021037;-0.130213
0.425703;-0.0356817;-0.122891
0.4272;-0.0283594;-0.122891
0.429504;-0.021037;-0.122891
0.393844;-0.0356817;-0.115568
0.395001;-0.0283594;-0.115568
0.397092;-0.021037;-0.115568
0.464729;-0.0167755;-0.130213
0.468115;-0.00945312;-0.130213
0.47205;-0.00213077;-0.130213
0.431189;-0.0167755;-0.122891
0.434631;-0.00945312;-0.122891
0.438708;-0.00213077;-0.122891
0.39871;-0.0167755;-0.115568
0.402126;-0.00945312;-0.115568
0.406279;-0.00213077;-0.115568
0.390313;-0.0734942;-0.111307
0.384833;-0.0661719;-0.111307
0.380702;-0.0588495;-0.111307
0.366308;-0.0734942;-0.103984
0.359414;-0.0661719;-0.103984
0.354016;-0.0588495;-0.103984
0.344813;-0.0734942;-0.096662
0.336307;-0.0661719;-0.096662
0.329433;-0.0588495;-0.096662
0.378902;-0.054588;-0.111307
0.376809;-0.0472656;-0.111307
0.375928;-0.0399433;-0.111307
0.35155;-0.054588;-0.103984
0.348446;-0.0472656;-0.103984
0.346725;-0.0399433;-0.103984
0.326181;-0.054588;-0.096662
0.321861;-0.0472656;-0.096662
0.319106;-0.0399433;-0.096662
0.333474;-0.0734942;-0.0924005
0.323946;-0.0661719;-0.0924005
0.316122;-0.0588495;-0.0924005
0.316002;-0.0734942;-0.0850781
0.3046;-0.0661719;-0.0850781
0.294999;-0.0588495;-0.0850781
0.301037;-0.0734942;-0.0777558
0.287646;-0.0661719;-0.0777558
0.276112;-0.0588495;-0.0777558
0.312356;-0.054588;-0.0924005
0.307232;-0.0472656;-0.0924005
0.303781;-0.0399433;-0.0924005
0.290258;-0.054588;-0.0850781
0.283584;-0.0472656;-0.0850781
0.278769;-0.0399433;-0.0850781
0.27029;-0.054588;-0.0777558
0.261863;-0.0472656;-0.0777558
0.255467;-0.0399433;-0.0777558
0.375947;-0.0356817;-0.111307
0.376841;-0.0283594;-0.111307
0.378755;-0.021037;-0.111307
0.346334;-0.0356817;-0.103984
0.346657;-0.0283594;-0.103984
0.348165;-0.021037;-0.103984
0.3182;-0.0356817;-0.096662
0.317789;-0.0283594;-0.096662
0.31875;-0.021037;-0.096662
0.380306;-0.0167755;-0.111307
0.383666;-0.00945312;-0.111307
0.387832;-0.00213077;-0.111307
0.349551;-0.0167755;-0.103984
0.352741;-0.00945312;-0.103984
0.356871;-0.00213077;-0.103984
0.319901;-0.0167755;-0.096662
0.322822;-0.00945312;-0.096662
0.32684;-0.00213077;-0.096662
0.302523;-0.0356817;-0.0924005
0.301604;-0.0283594;-0.0924005
0.302176;-0.021037;-0.0924005
0.276812;-0.0356817;-0.0850781
0.274867;-0.0283594;-0.0850781
0.274642;-0.021037;-0.0850781
0.252685;-0.0356817;-0.0777558
0.249508;-0.0283594;-0.0777558
0.248303;-0.021037;-0.0777558
0.303156;-0.0167755;-0.0924005
0.305872;-0.00945312;-0.0924005
0.309787;-0.00213077;-0.0924005
0.275262;-0.0167755;-0.0850781
0.277532;-0.00945312;-0.0850781
0.281207;-0.00213077;-0.0850781
0.248472;-0.0167755;-0.0777558
0.250171;-0.00945312;-0.0777558
0.253516;-0.00213077;-0.0777558
0.528451;-0.149119;-0.0734942
0.500171;-0.141797;-0.0734942
0.472936;-0.134475;-0.0734942
0.533729;-0.149119;-0.0661719
0.504199;-0.141797;-0.0661719
0.475657;-0.134475;-0.0661719
0.53959;-0.149119;-0.0588495
0.508966;-0.141797;-0.0588495
0.479279;-0.134475;-0.0588495
0.457579;-0.130213;-0.0734942
0.432068;-0.122891;-0.0734942
0.407705;-0.115568;-0.0734942
0.459511;-0.130213;-0.0661719
0.432589;-0.122891;-0.0661719
0.406739;-0.115568;-0.0661719
0.46244;-0.130213;-0.0588495
0.434276;-0.122891;-0.0588495
0.40711;-0.115568;-0.0588495
0.543113;-0.149119;-0.054588
0.511923;-0.141797;-0.054588
0.481643;-0.134475;-0.054588
0.549121;-0.149119;-0.0472656
0.517075;-0.141797;-0.0472656
0.485898;-0.134475;-0.0472656
0.554808;-0.149119;-0.0399433
0.522047;-0.141797;-0.0399433
0.490121;-0.134475;-0.0399433
0.464445;-0.130213;-0.054588
0.435635;-0.122891;-0.054588
0.407785;-0.115568;-0.054588
0.468156;-0.130213;-0.0472656
0.438368;-0.122891;-0.0472656
0.409478;-0.115568;-0.0472656
0.471924;-0.130213;-0.0399433
0.44132;-0.122891;-0.0399433
0.411559;-0.115568;-0.0399433
0.394076;-0.111307;-0.0734942
0.371647;-0.103984;-0.0734942
0.350533;-0.096662;-0.0734942
0.392207;-0.111307;-0.0661719
0.368158;-0.103984;-0.0661719
0.345333;-0.096662;-0.0661719
0.391775;-0.111307;-0.0588495
0.366276;-0.103984;-0.0588495
0.341902;-0.096662;-0.0588495
0.338884;-0.0924005;-0.0734942
0.320033;-0.0850781;-0.0734942
0.302744;-0.0777558;-0.0734942
0.332645;-0.0924005;-0.0661719
0.311935;-0.0850781;-0.0661719
0.2927;-0.0777558;-0.0661719
0.328264;-0.0924005;-0.0588495
0.305833;-0.0850781;-0.0588495
0.284761;-0.0777558;-0.0588495
0.39203;-0.111307;-0.054588
0.365769;-0.103984;-0.054588
0.340577;-0.096662;-0.054588
0.393085;-0.111307;-0.0472656
0.365663;-0.103984;-0.0472656
0.339216;-0.096662;-0.0472656
0.394631;-0.111307;-0.0399433
0.366232;-0.103984;-0.0399433
0.338723;-0.096662;-0.0399433
0.326434;-0.0924005;-0.054588
0.303079;-0.0850781;-0.054588
0.281009;-0.0777558;-0.054588
0.324294;-0.0924005;-0.0472656
0.299504;-0.0850781;-0.0472656
0.275866;-0.0777558;-0.0472656
0.323138;-0.0924005;-0.0399433
0.29712;-0.0850781;-0.0399433
0.272121;-0.0777558;-0.0399433
0.557866;-0.149119;-0.0356817
0.52475;-0.141797;-0.0356817
0.492453;-0.134475;-0.0356817
0.562537;-0.149119;-0.0283594
0.528914;-0.141797;-0.0283594
0.496084;-0.134475;-0.0283594
0.566318;-0.149119;-0.021037
0.532309;-0.141797;-0.021037
0.499076;-0.134475;-0.021037
0.474031;-0.130213;-0.0356817
0.443022;-0.122891;-0.0356817
0.41283;-0.115568;-0.0356817
0.47734;-0.130213;-0.0283594
0.445752;-0.122891;-0.0283594
0.414942;-0.115568;-0.0283594
0.480088;-0.130213;-0.021037
0.448061;-0.122891;-0.021037
0.416783;-0.115568;-0.021037
0.568051;-0.149119;-0.0167755
0.533872;-0.141797;-0.0167755
0.500462;-0.134475;-0.0167755
0.570157;-0.149119;-0.00945312
0.535776;-0.141797;-0.00945312
0.502157;-0.134475;-0.00945312
0.5711;-0.149119;-0.00213077
0.536631;-0.141797;-0.00213077
0.50292;-0.134475;-0.00213077
0.481367;-0.130213;-0.0167755
0.449147;-0.122891;-0.0167755
0.417663;-0.115568;-0.0167755
0.482934;-0.130213;-0.00945312
0.450486;-0.122891;-0.00945312
0.418759;-0.115568;-0.00945312
0.483641;-0.130213;-0.00213077
0.451093;-0.122891;-0.00213077
0.419259;-0.115568;-0.00213077
0.395636;-0.111307;-0.0356817
0.366751;-0.103984;-0.0356817
0.338714;-0.096662;-0.0356817
0.397368;-0.111307;-0.0283594
0.367787;-0.103984;-0.0283594
0.338991;-0.096662;-0.0283594
0.398921;-0.111307;-0.021037
0.368813;-0.103984;-0.021037
0.33944;-0.096662;-0.021037
0.322798;-0.0924005;-0.0356817
0.296162;-0.0850781;-0.0356817
0.270474;-0.0777558;-0.0356817
0.322597;-0.0924005;-0.0283594
0.29507;-0.0850781;-0.0283594
0.26838;-0.0777558;-0.0283594
0.322683;-0.0924005;-0.021037
0.294475;-0.0850781;-0.021037
0.267016;-0.0777558;-0.021037
0.399674;-0.111307;-0.0167755
0.369334;-0.103984;-0.0167755
0.339706;-0.096662;-0.0167755
0.40062;-0.111307;-0.00945312
0.370005;-0.103984;-0.00945312
0.340077;-0.096662;-0.00945312
0.401055;-0.111307;-0.00213077
0.37032;-0.103984;-0.00213077
0.34026;-0.096662;-0.00213077
0.322789;-0.0924005;-0.0167755
0.294281;-0.0850781;-0.0167755
0.26648;-0.0777558;-0.0167755
0.322971;-0.0924005;-0.00945312
0.294106;-0.0850781;-0.00945312
0.2659;-0.0777558;-0.00945312
0.32307;-0.0924005;-0.00213077
0.294048;-0.0850781;-0.00213077
0.265665;-0.0777558;-0.00213077
0.293447;-0.0734942;-0.0734942
0.278867;-0.0661719;-0.0734942
0.266154;-0.0588495;-0.0734942
0.282234;-0.0734942;-0.0661719
0.265601;-0.0661719;-0.0661719
0.250806;-0.0588495;-0.0661719
0.273175;-0.0734942;-0.0588495
0.254532;-0.0661719;-0.0588495
0.237639;-0.0588495;-0.0588495
0.259661;-0.054588;-0.0734942
0.250126;-0.0472656;-0.0734942
0.242711;-0.0399433;-0.0734942
0.243105;-0.054588;-0.0661719
0.231541;-0.0472656;-0.0661719
0.222209;-0.0399433;-0.0661719
0.228691;-0.054588;-0.0588495
0.214975;-0.0472656;-0.0588495
0.203541;-0.0399433;-0.0588495
0.268806;-0.0734942;-0.054588
0.249039;-0.0661719;-0.054588
0.230947;-0.0588495;-0.054588
0.262681;-0.0734942;-0.0472656
0.241102;-0.0661719;-0.0472656
0.221035;-0.0588495;-0.0472656
0.258075;-0.0734942;-0.0399433
0.23488;-0.0661719;-0.0399433
0.213003;-0.0588495;-0.0399433
0.221271;-0.054588;-0.054588
0.20627;-0.0472656;-0.054588
0.193542;-0.0399433;-0.054588
0.210135;-0.054588;-0.0472656
0.192923;-0.0472656;-0.0472656
0.17789;-0.0399433;-0.0472656
0.200955;-0.054588;-0.0399433
0.1816;-0.0472656;-0.0399433
0.164231;-0.0399433;-0.0399433
0.239389;-0.0356817;-0.0734942
0.235392;-0.0283594;-0.0734942
0.233525;-0.021037;-0.0734942
0.217852;-0.0356817;-0.0661719
0.212262;-0.0283594;-0.0661719
0.209081;-0.021037;-0.0661719
0.198018;-0.0356817;-0.0588495
0.190585;-0.0283594;-0.0588495
0.185843;-0.021037;-0.0588495
0.233385;-0.0167755;-0.0734942
0.234687;-0.00945312;-0.0734942
0.237798;-0.00213077;-0.0734942
0.208321;-0.0167755;-0.0661719
0.208818;-0.00945312;-0.0661719
0.211446;-0.00213077;-0.0661719
0.184335;-0.0167755;-0.0588495
0.183848;-0.00945312;-0.0588495
0.185883;-0.00213077;-0.0588495
0.187283;-0.0356817;-0.054588
0.178659;-0.0283594;-0.054588
0.172883;-0.021037;-0.054588
0.170281;-0.0356817;-0.0472656
0.159411;-0.0283594;-0.0472656
0.151614;-0.021037;-0.0472656
0.155197;-0.0356817;-0.0399433
0.141845;-0.0283594;-0.0399433
0.131691;-0.021037;-0.0399433
0.17087;-0.0167755;-0.054588
0.169715;-0.00945312;-0.054588
0.171347;-0.00213077;-0.054588
0.148594;-0.0167755;-0.0472656
0.14609;-0.00945312;-0.0472656
0.146914;-0.00213077;-0.0472656
0.127451;-0.0167755;-0.0399433
0.123276;-0.00945312;-0.0399433
0.123108;-0.00213077;-0.0399433
0.255988;-0.0734942;-0.0356817
0.231957;-0.0661719;-0.0356817
0.209129;-0.0588495;-0.0356817
0.253249;-0.0734942;-0.0283594
0.227985;-0.0661719;-0.0283594
0.203728;-0.0588495;-0.0283594
0.251387;-0.0734942;-0.021037
0.22516;-0.0661719;-0.021037
0.199769;-0.0588495;-0.021037
0.196464;-0.054588;-0.0356817
0.175933;-0.0472656;-0.0356817
0.157231;-0.0399433;-0.0356817
0.190123;-0.054588;-0.0283594
0.167756;-0.0472656;-0.0283594
0.146894;-0.0399433;-0.0283594
0.185405;-0.054588;-0.021037
0.161514;-0.0472656;-0.021037
0.138779;-0.0399433;-0.021037
0.25063;-0.0734942;-0.0167755
0.223971;-0.0661719;-0.0167755
0.198066;-0.0588495;-0.0167755
0.249786;-0.0734942;-0.00945312
0.222613;-0.0661719;-0.00945312
0.19609;-0.0588495;-0.00945312
0.249434;-0.0734942;-0.00213077
0.222033;-0.0661719;-0.00213077
0.195235;-0.0588495;-0.00213077
0.183355;-0.054588;-0.0167755
0.158754;-0.0472656;-0.0167755
0.135118;-0.0399433;-0.0167755
0.180956;-0.054588;-0.00945312
0.155484;-0.0472656;-0.00945312
0.130715;-0.0399433;-0.00945312
0.179912;-0.054588;-0.00213077
0.154046;-0.0472656;-0.00213077
0.128755;-0.0399433;-0.00213077
0.147353;-0.0356817;-0.0356817
0.132471;-0.0283594;-0.0356817
0.12078;-0.021037;-0.0356817
0.135597;-0.0356817;-0.0283594
0.118012;-0.0283594;-0.0283594
0.103409;-0.021037;-0.0283594
0.126191;-0.0356817;-0.021037
0.105978;-0.0283594;-0.021037
0.0882177;-0.021037;-0.021037
0.115712;-0.0167755;-0.0356817
0.110371;-0.00945312;-0.0356817
0.109512;-0.00213077;-0.0356817
0.096674;-0.0167755;-0.0283594
0.088875;-0.00945312;-0.0283594
0.0865426;-0.00213077;-0.0283594
0.0794799;-0.0167755;-0.021037
0.068413;-0.00945312;-0.021037
0.0640065;-0.00213077;-0.021037
0.121886;-0.0356817;-0.0167755
0.10029;-0.0283594;-0.0167755
0.080695;-0.021037;-0.0167755
0.11665;-0.0356817;-0.00945312
0.0931787;-0.0283594;-0.00945312
0.0708407;-0.021037;-0.00945312
0.114297;-0.0356817;-0.00213077
0.0899021;-0.0283594;-0.00213077
0.0660778;-0.021037;-0.00213077
0.0706619;-0.0167755;-0.0167755
0.0571888;-0.00945312;-0.0167755
0.0510694;-0.00213077;-0.0167755
0.0586148;-0.0167755;-0.00945312
0.0401217;-0.00945312;-0.00945312
0.0291912;-0.00213077;-0.00945312
0.052488;-0.0167755;-0.00213077
0.0297155;-0.00945312;-0.00213077
0.00911076;-0.00213077;-0.00213077
1.99355;0.00213077;-0.499013
1.99325;0.00213077;-0.495761
1.99259;0.00213077;-0.492509
1.97174;0.00945312;-0.49889
1.97145;0.00945312;-0.495692
1.97081;0.00945312;-0.492493
1.95042;0.0167755;-0.498767
1.95012;0.0167755;-0.495623
1.9495;0.0167755;-0.492478
1.93822;0.021037;-0.498624
1.93792;0.021037;-0.495542
1.93732;0.021037;-0.492459
1.91761;0.0283594;-0.498255
1.91731;0.0283594;-0.495334
1.91674;0.0283594;-0.492413
1.89746;0.0356817;-0.497886
1.89715;0.0356817;-0.495126
1.89661;0.0356817;-0.492366
1.88592;0.0399433;-0.497599
1.88562;0.0399433;-0.494964
1.8851;0.0399433;-0.492329
1.86644;0.0472656;-0.496983
1.86613;0.0472656;-0.494617
1.86566;0.0472656;-0.492251
1.84736;0.054588;-0.496365
1.84707;0.054588;-0.494269
1.84664;0.054588;-0.492172
1.83644;0.0588495;-0.495933
1.83616;0.0588495;-0.494025
1.83577;0.0588495;-0.492118
1.81798;0.0661719;-0.495067
1.81773;0.0661719;-0.493537
1.81741;0.0661719;-0.492008
1.7999;0.0734942;-0.494198
1.79969;0.0734942;-0.493048
1.79944;0.0734942;-0.491897
1.99163;0.00213077;-0.489432
1.96987;0.00945312;-0.489432
1.94859;0.0167755;-0.489432
1.98802;0.00213077;-0.482109
1.96633;0.00945312;-0.482109
1.94512;0.0167755;-0.482109
1.98256;0.00213077;-0.474787
1.96099;0.00945312;-0.474787
1.93989;0.0167755;-0.474787
1.93641;0.021037;-0.489432
1.91587;0.0283594;-0.489432
1.89577;0.0356817;-0.489432
1.93299;0.021037;-0.482109
1.91252;0.0283594;-0.482109
1.89249;0.0356817;-0.482109
1.92782;0.021037;-0.474787
1.90745;0.0283594;-0.474787
1.88753;0.0356817;-0.474787
1.97854;0.00213077;-0.470525
1.95705;0.00945312;-0.470525
1.93603;0.0167755;-0.470525
1.97019;0.00213077;-0.463203
1.94887;0.00945312;-0.463203
1.92802;0.0167755;-0.463203
1.96002;0.00213077;-0.455881
1.93891;0.00945312;-0.455881
1.91826;0.0167755;-0.455881
1.92401;0.021037;-0.470525
1.90372;0.0283594;-0.470525
1.88387;0.0356817;-0.470525
1.91609;0.021037;-0.463203
1.89596;0.0283594;-0.463203
1.87627;0.0356817;-0.463203
1.90646;0.021037;-0.455881
1.88652;0.0283594;-0.455881
1.86702;0.0356817;-0.455881
1.88428;0.0399433;-0.489432
1.86487;0.0472656;-0.489432
1.84589;0.054588;-0.489432
1.88103;0.0399433;-0.482109
1.8617;0.0472656;-0.482109
1.84278;0.054588;-0.482109
1.87613;0.0399433;-0.474787
1.85689;0.0472656;-0.474787
1.83808;0.054588;-0.474787
1.83504;0.0588495;-0.489432
1.81671;0.0661719;-0.489432
1.79879;0.0734942;-0.489432
1.83197;0.0588495;-0.482109
1.8137;0.0661719;-0.482109
1.79584;0.0734942;-0.482109
1.82732;0.0588495;-0.474787
1.80915;0.0661719;-0.474787
1.79139;0.0734942;-0.474787
1.87252;0.0399433;-0.470525
1.85335;0.0472656;-0.470525
1.83461;0.054588;-0.470525
1.86501;0.0399433;-0.463203
1.846;0.0472656;-0.463203
1.82741;0.054588;-0.463203
1.85588;0.0399433;-0.455881
1.83705;0.0472656;-0.455881
1.81865;0.054588;-0.455881
1.82389;0.0588495;-0.470525
1.8058;0.0661719;-0.470525
1.7881;0.0734942;-0.470525
1.81678;0.0588495;-0.463203
1.79883;0.0661719;-0.463203
1.78127;0.0734942;-0.463203
1.80812;0.0588495;-0.455881
1.79035;0.0661719;-0.455881
1.77297;0.0734942;-0.455881
1.79045;0.0773793;-0.493677
1.79027;0.0773793;-0.492754
1.79007;0.0773793;-0.491831
1.77597;0.0834081;-0.492756
1.77586;0.0834081;-0.492235
1.77574;0.0834081;-0.491714
1.76173;0.0894368;-0.491832
1.7617;0.0894368;-0.491714
1.76168;0.0894368;-0.491597
1.78944;0.0773793;-0.489432
1.78653;0.0773793;-0.482109
1.78212;0.0773793;-0.474787
1.77515;0.0834081;-0.489432
1.77229;0.0834081;-0.482109
1.76795;0.0834081;-0.474787
1.76112;0.0894368;-0.489432
1.7583;0.0894368;-0.482109
1.75404;0.0894368;-0.474787
1.75621;0.0915676;-0.489374
1.75341;0.0915676;-0.482077
1.74918;0.0915676;-0.47478
1.75319;0.0928612;-0.489174
1.7504;0.0928612;-0.481964
1.74623;0.0928612;-0.474754
1.75018;0.0941548;-0.488975
1.74741;0.0941548;-0.481852
1.74329;0.0941548;-0.474729
1.74437;0.096662;-0.488517
1.74163;0.096662;-0.481594
1.73763;0.096662;-0.474671
1.7276;0.103984;-0.487139
1.72497;0.103984;-0.480817
1.72131;0.103984;-0.474496
1.71115;0.111307;-0.485752
1.70867;0.111307;-0.480036
1.70536;0.111307;-0.47432
1.77798;0.0777558;-0.470525
1.76089;0.0850781;-0.470525
1.74418;0.0924005;-0.470525
1.77124;0.0777558;-0.463203
1.75429;0.0850781;-0.463203
1.73771;0.0924005;-0.463203
1.76303;0.0777558;-0.455881
1.74625;0.0850781;-0.455881
1.72984;0.0924005;-0.455881
1.73463;0.096662;-0.470525
1.71849;0.103984;-0.470525
1.70271;0.111307;-0.470525
1.72823;0.096662;-0.463203
1.71223;0.103984;-0.463203
1.69658;0.111307;-0.463203
1.72045;0.096662;-0.455881
1.70461;0.103984;-0.455881
1.68912;0.111307;-0.455881
1.7017;0.115568;-0.484871
1.69932;0.115568;-0.479539
1.69623;0.115568;-0.474208
1.68566;0.122891;-0.483228
1.6835;0.122891;-0.478614
1.68081;0.122891;-0.473999
1.66991;0.130213;-0.481573
1.668;0.130213;-0.477681
1.66573;0.130213;-0.473789
1.66085;0.134475;-0.480536
1.65911;0.134475;-0.477096
1.6571;0.134475;-0.473657
1.64543;0.141797;-0.478622
1.64406;0.141797;-0.476018
1.64253;0.141797;-0.473414
1.63028;0.149119;-0.476693
1.62931;0.149119;-0.474931
1.62827;0.149119;-0.473169
1.69369;0.115568;-0.470525
1.67845;0.122891;-0.470525
1.66355;0.130213;-0.470525
1.68763;0.115568;-0.463203
1.67252;0.122891;-0.463203
1.65774;0.130213;-0.463203
1.68026;0.115568;-0.455881
1.6653;0.122891;-0.455881
1.65067;0.130213;-0.455881
1.65503;0.134475;-0.470525
1.64064;0.141797;-0.470525
1.62657;0.149119;-0.470525
1.64929;0.134475;-0.463203
1.63502;0.141797;-0.463203
1.62107;0.149119;-0.463203
1.6423;0.134475;-0.455881
1.62818;0.141797;-0.455881
1.61436;0.149119;-0.455881
1.62323;0.152557;-0.475739
1.62248;0.152557;-0.474394
1.62168;0.152557;-0.473048
1.61406;0.15705;-0.474398
1.61362;0.15705;-0.473638
1.61316;0.15705;-0.472878
1.60497;0.161543;-0.47305
1.60487;0.161543;-0.472878
1.60477;0.161543;-0.472706
1.62008;0.152557;-0.470525
1.61462;0.152557;-0.463203
1.60798;0.152557;-0.455881
1.61168;0.15705;-0.470525
1.6063;0.15705;-0.463203
1.59975;0.15705;-0.455881
1.60341;0.161543;-0.470525
1.59809;0.161543;-0.463203
1.59162;0.161543;-0.455881
1.59936;0.163673;-0.470276
1.59412;0.163673;-0.463063
1.58777;0.163673;-0.455849
1.59368;0.166503;-0.469417
1.58865;0.166503;-0.462578
1.58264;0.166503;-0.45574
1.58803;0.169333;-0.468554
1.58323;0.169333;-0.462092
1.57755;0.169333;-0.45563
1.58212;0.172287;-0.467583
1.57758;0.172287;-0.461545
1.57228;0.172287;-0.455507
1.56759;0.179609;-0.465092
1.56375;0.179609;-0.460141
1.5594;0.179609;-0.455191
1.55327;0.186932;-0.462574
1.55019;0.186932;-0.458722
1.54681;0.186932;-0.454871
1.54497;0.191193;-0.46103
1.54239;0.191193;-0.457852
1.5396;0.191193;-0.454675
1.53078;0.198516;-0.458239
1.52914;0.198516;-0.456279
1.52742;0.198516;-0.45432
1.51677;0.205838;-0.455415
1.51614;0.205838;-0.454688
1.51551;0.205838;-0.453961
1.5123;0.208193;-0.454493
1.51201;0.208193;-0.454169
1.51173;0.208193;-0.453844
1.51082;0.208965;-0.454169
1.51066;0.208965;-0.453986
1.5105;0.208965;-0.453803
1.50934;0.209736;-0.453844
1.5093;0.209736;-0.453803
1.50926;0.209736;-0.453762
1.95328;0.00213077;-0.451619
1.93231;0.00945312;-0.451619
1.91179;0.0167755;-0.451619
1.9403;0.00213077;-0.444297
1.91959;0.00945312;-0.444297
1.89934;0.0167755;-0.444297
1.92556;0.00213077;-0.436975
1.90515;0.00945312;-0.436975
1.8852;0.0167755;-0.436975
1.90006;0.021037;-0.451619
1.88026;0.0283594;-0.451619
1.86089;0.0356817;-0.451619
1.88775;0.021037;-0.444297
1.8682;0.0283594;-0.444297
1.84908;0.0356817;-0.444297
1.87378;0.021037;-0.436975
1.85452;0.0283594;-0.436975
1.83568;0.0356817;-0.436975
1.91619;0.00213077;-0.432713
1.89598;0.00945312;-0.432713
1.87621;0.0167755;-0.432713
1.89876;0.00213077;-0.425391
1.8789;0.00945312;-0.425391
1.85947;0.0167755;-0.425391
1.87965;0.00213077;-0.418068
1.86018;0.00945312;-0.418068
1.84114;0.0167755;-0.418068
1.8649;0.021037;-0.432713
1.84582;0.0283594;-0.432713
1.82715;0.0356817;-0.432713
1.84837;0.021037;-0.425391
1.82962;0.0283594;-0.425391
1.81129;0.0356817;-0.425391
1.83025;0.021037;-0.418068
1.81188;0.0283594;-0.418068
1.79391;0.0356817;-0.418068
1.84982;0.0399433;-0.451619
1.83112;0.0472656;-0.451619
1.81283;0.054588;-0.451619
1.83815;0.0399433;-0.444297
1.81969;0.0472656;-0.444297
1.80164;0.054588;-0.444297
1.8249;0.0399433;-0.436975
1.80672;0.0472656;-0.436975
1.78893;0.054588;-0.436975
1.80238;0.0588495;-0.451619
1.78472;0.0661719;-0.451619
1.76746;0.0734942;-0.451619
1.79131;0.0588495;-0.444297
1.77389;0.0661719;-0.444297
1.75684;0.0734942;-0.444297
1.77876;0.0588495;-0.436975
1.76159;0.0661719;-0.436975
1.7448;0.0734942;-0.436975
1.81648;0.0399433;-0.432713
1.79847;0.0472656;-0.432713
1.78085;0.054588;-0.432713
1.80081;0.0399433;-0.425391
1.78311;0.0472656;-0.425391
1.76581;0.054588;-0.425391
1.78363;0.0399433;-0.418068
1.76629;0.0472656;-0.418068
1.74932;0.054588;-0.418068
1.77077;0.0588495;-0.432713
1.75377;0.0661719;-0.432713
1.73714;0.0734942;-0.432713
1.75591;0.0588495;-0.425391
1.73921;0.0661719;-0.425391
1.72288;0.0734942;-0.425391
1.73963;0.0588495;-0.418068
1.72326;0.0661719;-0.418068
1.70725;0.0734942;-0.418068
1.86779;0.00213077;-0.413807
1.84856;0.00945312;-0.413807
1.82975;0.0167755;-0.413807
1.84614;0.00213077;-0.406484
1.82734;0.00945312;-0.406484
1.80897;0.0167755;-0.406484
1.82293;0.00213077;-0.399162
1.80461;0.00945312;-0.399162
1.7867;0.0167755;-0.399162
1.819;0.021037;-0.413807
1.80085;0.0283594;-0.413807
1.78311;0.0356817;-0.413807
1.79847;0.021037;-0.406484
1.78074;0.0283594;-0.406484
1.7634;0.0356817;-0.406484
1.77646;0.021037;-0.399162
1.75917;0.0283594;-0.399162
1.74227;0.0356817;-0.399162
1.80872;0.00213077;-0.3949
1.79069;0.00945312;-0.3949
1.77306;0.0167755;-0.3949
1.78316;0.00213077;-0.387578
1.76564;0.00945312;-0.387578
1.74852;0.0167755;-0.387578
1.75616;0.00213077;-0.380256
1.73919;0.00945312;-0.380256
1.7226;0.0167755;-0.380256
1.76298;0.021037;-0.3949
1.74597;0.0283594;-0.3949
1.72934;0.0356817;-0.3949
1.73873;0.021037;-0.387578
1.72221;0.0283594;-0.387578
1.70606;0.0356817;-0.387578
1.71312;0.021037;-0.380256
1.69712;0.0283594;-0.380256
1.68147;0.0356817;-0.380256
1.77296;0.0399433;-0.413807
1.75583;0.0472656;-0.413807
1.73908;0.054588;-0.413807
1.75349;0.0399433;-0.406484
1.73676;0.0472656;-0.406484
1.7204;0.054588;-0.406484
1.73261;0.0399433;-0.399162
1.71631;0.0472656;-0.399162
1.70036;0.054588;-0.399162
1.72951;0.0588495;-0.413807
1.71335;0.0661719;-0.413807
1.69754;0.0734942;-0.413807
1.71104;0.0588495;-0.406484
1.69526;0.0661719;-0.406484
1.67982;0.0734942;-0.406484
1.69125;0.0588495;-0.399162
1.67586;0.0661719;-0.399162
1.66082;0.0734942;-0.399162
1.71983;0.0399433;-0.3949
1.70379;0.0472656;-0.3949
1.6881;0.054588;-0.3949
1.69683;0.0399433;-0.387578
1.68125;0.0472656;-0.387578
1.66602;0.054588;-0.387578
1.67253;0.0399433;-0.380256
1.65744;0.0472656;-0.380256
1.64269;0.054588;-0.380256
1.67913;0.0588495;-0.3949
1.66399;0.0661719;-0.3949
1.64919;0.0734942;-0.3949
1.65731;0.0588495;-0.387578
1.64262;0.0661719;-0.387578
1.62825;0.0734942;-0.387578
1.63426;0.0588495;-0.380256
1.62004;0.0661719;-0.380256
1.60613;0.0734942;-0.380256
1.75758;0.0777558;-0.451619
1.74092;0.0850781;-0.451619
1.72462;0.0924005;-0.451619
1.7471;0.0777558;-0.444297
1.73064;0.0850781;-0.444297
1.71455;0.0924005;-0.444297
1.7352;0.0777558;-0.436975
1.71899;0.0850781;-0.436975
1.70314;0.0924005;-0.436975
1.71529;0.096662;-0.451619
1.69956;0.103984;-0.451619
1.68417;0.111307;-0.451619
1.70535;0.096662;-0.444297
1.68982;0.103984;-0.444297
1.67463;0.111307;-0.444297
1.69407;0.096662;-0.436975
1.67877;0.103984;-0.436975
1.66381;0.111307;-0.436975
1.72763;0.0777558;-0.432713
1.71157;0.0850781;-0.432713
1.69587;0.0924005;-0.432713
1.71354;0.0777558;-0.425391
1.69777;0.0850781;-0.425391
1.68235;0.0924005;-0.425391
1.6981;0.0777558;-0.418068
1.68265;0.0850781;-0.418068
1.66754;0.0924005;-0.418068
1.6869;0.096662;-0.432713
1.67174;0.103984;-0.432713
1.65692;0.111307;-0.432713
1.67354;0.096662;-0.425391
1.65866;0.103984;-0.425391
1.64411;0.111307;-0.425391
1.6589;0.096662;-0.418068
1.64432;0.103984;-0.418068
1.63006;0.111307;-0.418068
1.67536;0.115568;-0.451619
1.66051;0.122891;-0.451619
1.64598;0.130213;-0.451619
1.66594;0.115568;-0.444297
1.65128;0.122891;-0.444297
1.63694;0.130213;-0.444297
1.65525;0.115568;-0.436975
1.6408;0.122891;-0.436975
1.62668;0.130213;-0.436975
1.63767;0.134475;-0.451619
1.62364;0.141797;-0.451619
1.60992;0.149119;-0.451619
1.62874;0.134475;-0.444297
1.61489;0.141797;-0.444297
1.60135;0.149119;-0.444297
1.6186;0.134475;-0.436975
1.60496;0.141797;-0.436975
1.59163;0.149119;-0.436975
1.64845;0.115568;-0.432713
1.63414;0.122891;-0.432713
1.62015;0.130213;-0.432713
1.63579;0.115568;-0.425391
1.62174;0.122891;-0.425391
1.60801;0.130213;-0.425391
1.62191;0.115568;-0.418068
1.60815;0.122891;-0.418068
1.5947;0.130213;-0.418068
1.61215;0.134475;-0.432713
1.59865;0.141797;-0.432713
1.58545;0.149119;-0.432713
1.60015;0.134475;-0.425391
1.5869;0.141797;-0.425391
1.57393;0.149119;-0.425391
1.587;0.134475;-0.418068
1.57401;0.141797;-0.418068
1.56132;0.149119;-0.418068
1.6885;0.0777558;-0.413807
1.67325;0.0850781;-0.413807
1.65834;0.0924005;-0.413807
1.671;0.0777558;-0.406484
1.6561;0.0850781;-0.406484
1.64154;0.0924005;-0.406484
1.65223;0.0777558;-0.399162
1.63771;0.0850781;-0.399162
1.62352;0.0924005;-0.399162
1.64981;0.096662;-0.413807
1.63541;0.103984;-0.413807
1.62134;0.111307;-0.413807
1.63321;0.096662;-0.406484
1.61915;0.103984;-0.406484
1.60541;0.111307;-0.406484
1.61541;0.096662;-0.399162
1.60172;0.103984;-0.399162
1.58833;0.111307;-0.399162
1.64073;0.0777558;-0.3949
1.62645;0.0850781;-0.3949
1.61249;0.0924005;-0.3949
1.62004;0.0777558;-0.387578
1.60618;0.0850781;-0.387578
1.59263;0.0924005;-0.387578
1.59818;0.0777558;-0.380256
1.58477;0.0850781;-0.380256
1.57166;0.0924005;-0.380256
1.60451;0.096662;-0.3949
1.59104;0.103984;-0.3949
1.57788;0.111307;-0.3949
1.58489;0.096662;-0.387578
1.57182;0.103984;-0.387578
1.55904;0.111307;-0.387578
1.56416;0.096662;-0.380256
1.55151;0.103984;-0.380256
1.53915;0.111307;-0.380256
1.61329;0.115568;-0.413807
1.59971;0.122891;-0.413807
1.58642;0.130213;-0.413807
1.59755;0.115568;-0.406484
1.58429;0.122891;-0.406484
1.57132;0.130213;-0.406484
1.58068;0.115568;-0.399162
1.56776;0.122891;-0.399162
1.55513;0.130213;-0.399162
1.57883;0.134475;-0.413807
1.56601;0.141797;-0.413807
1.55347;0.149119;-0.413807
1.56391;0.134475;-0.406484
1.5514;0.141797;-0.406484
1.53916;0.149119;-0.406484
1.54791;0.134475;-0.399162
1.53573;0.141797;-0.399162
1.52382;0.149119;-0.399162
1.57035;0.115568;-0.3949
1.55764;0.122891;-0.3949
1.54522;0.130213;-0.3949
1.55174;0.115568;-0.387578
1.53942;0.122891;-0.387578
1.52737;0.130213;-0.387578
1.53209;0.115568;-0.380256
1.52016;0.122891;-0.380256
1.50851;0.130213;-0.380256
1.53812;0.134475;-0.3949
1.52614;0.141797;-0.3949
1.51442;0.149119;-0.3949
1.52048;0.134475;-0.387578
1.50886;0.141797;-0.387578
1.49749;0.149119;-0.387578
1.50184;0.134475;-0.380256
1.4906;0.141797;-0.380256
1.47961;0.149119;-0.380256
1.73981;0.00213077;-0.375994
1.72317;0.00945312;-0.375994
1.70691;0.0167755;-0.375994
1.71068;0.00213077;-0.368672
1.69462;0.00945312;-0.368672
1.67893;0.0167755;-0.368672
1.68026;0.00213077;-0.36135
1.66481;0.00945312;-0.36135
1.64972;0.0167755;-0.36135
1.69761;0.021037;-0.375994
1.68192;0.0283594;-0.375994
1.66658;0.0356817;-0.375994
1.66996;0.021037;-0.368672
1.65483;0.0283594;-0.368672
1.64004;0.0356817;-0.368672
1.64109;0.021037;-0.36135
1.62654;0.0283594;-0.36135
1.61232;0.0356817;-0.36135
1.662;0.00213077;-0.357088
1.64691;0.00945312;-0.357088
1.63218;0.0167755;-0.357088
1.62969;0.00213077;-0.349766
1.61525;0.00945312;-0.349766
1.60114;0.0167755;-0.349766
1.59626;0.00213077;-0.342443
1.58249;0.00945312;-0.342443
1.56903;0.0167755;-0.342443
1.62376;0.021037;-0.357088
1.60955;0.0283594;-0.357088
1.59567;0.0356817;-0.357088
1.59308;0.021037;-0.349766
1.57949;0.0283594;-0.349766
1.56621;0.0356817;-0.349766
1.56135;0.021037;-0.342443
1.54839;0.0283594;-0.342443
1.53573;0.0356817;-0.342443
1.65782;0.0399433;-0.375994
1.64303;0.0472656;-0.375994
1.62857;0.054588;-0.375994
1.63158;0.0399433;-0.368672
1.61732;0.0472656;-0.368672
1.60338;0.054588;-0.368672
1.60419;0.0399433;-0.36135
1.59048;0.0472656;-0.36135
1.57708;0.054588;-0.36135
1.62031;0.0588495;-0.375994
1.60636;0.0661719;-0.375994
1.59273;0.0734942;-0.375994
1.59542;0.0588495;-0.368672
1.58198;0.0661719;-0.368672
1.56884;0.0734942;-0.368672
1.56943;0.0588495;-0.36135
1.55651;0.0661719;-0.36135
1.54389;0.0734942;-0.36135
1.58774;0.0399433;-0.357088
1.57436;0.0472656;-0.357088
1.56128;0.054588;-0.357088
1.55862;0.0399433;-0.349766
1.54583;0.0472656;-0.349766
1.53333;0.054588;-0.349766
1.5285;0.0399433;-0.342443
1.5163;0.0472656;-0.342443
1.50439;0.054588;-0.342443
1.55381;0.0588495;-0.357088
1.54121;0.0661719;-0.357088
1.5289;0.0734942;-0.357088
1.52618;0.0588495;-0.349766
1.51414;0.0661719;-0.349766
1.50237;0.0734942;-0.349766
1.49759;0.0588495;-0.342443
1.48612;0.0661719;-0.342443
1.47491;0.0734942;-0.342443
1.57633;0.00213077;-0.338182
1.56294;0.00945312;-0.338182
1.54988;0.0167755;-0.338182
1.54128;0.00213077;-0.330859
1.52859;0.00945312;-0.330859
1.5162;0.0167755;-0.330859
1.5053;0.00213077;-0.323537
1.49332;0.00945312;-0.323537
1.48162;0.0167755;-0.323537
1.54241;0.021037;-0.338182
1.52983;0.0283594;-0.338182
1.51754;0.0356817;-0.338182
1.50913;0.021037;-0.330859
1.4972;0.0283594;-0.330859
1.48556;0.0356817;-0.330859
1.47495;0.021037;-0.323537
1.46369;0.0283594;-0.323537
1.45271;0.0356817;-0.323537
1.48396;0.00213077;-0.319275
1.47239;0.00945312;-0.319275
1.46111;0.0167755;-0.319275
1.44665;0.00213077;-0.311953
1.43581;0.00945312;-0.311953
1.42524;0.0167755;-0.311953
1.4086;0.00213077;-0.304631
1.39849;0.00945312;-0.304631
1.38864;0.0167755;-0.304631
1.45467;0.021037;-0.319275
1.44381;0.0283594;-0.319275
1.43322;0.0356817;-0.319275
1.41921;0.021037;-0.311953
1.40905;0.0283594;-0.311953
1.39914;0.0356817;-0.311953
1.38303;0.021037;-0.304631
1.37357;0.0283594;-0.304631
1.36436;0.0356817;-0.304631
1.51052;0.0399433;-0.338182
1.49868;0.0472656;-0.338182
1.48713;0.054588;-0.338182
1.47891;0.0399433;-0.330859
1.4677;0.0472656;-0.330859
1.45676;0.054588;-0.330859
1.44645;0.0399433;-0.323537
1.43588;0.0472656;-0.323537
1.42557;0.054588;-0.323537
1.48052;0.0588495;-0.338182
1.46939;0.0661719;-0.338182
1.45852;0.0734942;-0.338182
1.45051;0.0588495;-0.330859
1.43998;0.0661719;-0.330859
1.4297;0.0734942;-0.330859
1.41969;0.0588495;-0.323537
1.40977;0.0661719;-0.323537
1.40009;0.0734942;-0.323537
1.42718;0.0399433;-0.319275
1.417;0.0472656;-0.319275
1.40706;0.054588;-0.319275
1.39349;0.0399433;-0.311953
1.38397;0.0472656;-0.311953
1.37468;0.054588;-0.311953
1.35911;0.0399433;-0.304631
1.35026;0.0472656;-0.304631
1.34164;0.054588;-0.304631
1.40139;0.0588495;-0.319275
1.39183;0.0661719;-0.319275
1.38251;0.0734942;-0.319275
1.36939;0.0588495;-0.311953
1.36046;0.0661719;-0.311953
1.35176;0.0734942;-0.311953
1.33672;0.0588495;-0.304631
1.32844;0.0661719;-0.304631
1.32037;0.0734942;-0.304631
1.58494;0.0777558;-0.375994
1.5718;0.0850781;-0.375994
1.55895;0.0924005;-0.375994
1.56133;0.0777558;-0.368672
1.54867;0.0850781;-0.368672
1.53629;0.0924005;-0.368672
1.53668;0.0777558;-0.36135
1.52451;0.0850781;-0.36135
1.51262;0.0924005;-0.36135
1.55161;0.096662;-0.375994
1.53921;0.103984;-0.375994
1.5271;0.111307;-0.375994
1.52921;0.096662;-0.368672
1.51728;0.103984;-0.368672
1.50561;0.111307;-0.368672
1.50582;0.096662;-0.36135
1.49436;0.103984;-0.36135
1.48316;0.111307;-0.36135
1.52186;0.0777558;-0.357088
1.50999;0.0850781;-0.357088
1.4984;0.0924005;-0.357088
1.49565;0.0777558;-0.349766
1.48431;0.0850781;-0.349766
1.47323;0.0924005;-0.349766
1.46851;0.0777558;-0.342443
1.45772;0.0850781;-0.342443
1.44717;0.0924005;-0.342443
1.49177;0.096662;-0.357088
1.48059;0.103984;-0.357088
1.46967;0.111307;-0.357088
1.4669;0.096662;-0.349766
1.45622;0.103984;-0.349766
1.4458;0.111307;-0.349766
1.44115;0.096662;-0.342443
1.431;0.103984;-0.342443
1.42108;0.111307;-0.342443
1.52018;0.115568;-0.375994
1.5085;0.122891;-0.375994
1.49708;0.130213;-0.375994
1.49894;0.115568;-0.368672
1.48769;0.122891;-0.368672
1.4767;0.130213;-0.368672
1.47676;0.115568;-0.36135
1.46596;0.122891;-0.36135
1.45541;0.130213;-0.36135
1.49055;0.134475;-0.375994
1.47954;0.141797;-0.375994
1.46878;0.149119;-0.375994
1.47042;0.134475;-0.368672
1.45982;0.141797;-0.368672
1.44946;0.149119;-0.368672
1.44938;0.134475;-0.36135
1.43921;0.141797;-0.36135
1.42927;0.149119;-0.36135
1.46343;0.115568;-0.357088
1.4529;0.122891;-0.357088
1.44262;0.130213;-0.357088
1.43984;0.115568;-0.349766
1.42979;0.122891;-0.349766
1.41997;0.130213;-0.349766
1.41541;0.115568;-0.342443
1.40586;0.122891;-0.342443
1.39653;0.130213;-0.342443
1.43674;0.134475;-0.357088
1.42683;0.141797;-0.357088
1.41714;0.149119;-0.357088
1.41437;0.134475;-0.349766
1.40491;0.141797;-0.349766
1.39567;0.149119;-0.349766
1.3912;0.134475;-0.342443
1.38221;0.141797;-0.342443
1.37343;0.149119;-0.342443
1.45231;0.0777558;-0.338182
1.44184;0.0850781;-0.338182
1.43162;0.0924005;-0.338182
1.42383;0.0777558;-0.330859
1.41393;0.0850781;-0.330859
1.40427;0.0924005;-0.330859
1.39456;0.0777558;-0.323537
1.38525;0.0850781;-0.323537
1.37616;0.0924005;-0.323537
1.42578;0.096662;-0.338182
1.41594;0.103984;-0.338182
1.40632;0.111307;-0.338182
1.39875;0.096662;-0.330859
1.38945;0.103984;-0.330859
1.38037;0.111307;-0.330859
1.37097;0.096662;-0.323537
1.36223;0.103984;-0.323537
1.35369;0.111307;-0.323537
1.37719;0.0777558;-0.319275
1.36822;0.0850781;-0.319275
1.35947;0.0924005;-0.319275
1.3468;0.0777558;-0.311953
1.33844;0.0850781;-0.311953
1.33028;0.0924005;-0.311953
1.31577;0.0777558;-0.304631
1.30803;0.0850781;-0.304631
1.30048;0.0924005;-0.304631
1.35448;0.096662;-0.319275
1.34607;0.103984;-0.319275
1.33786;0.111307;-0.319275
1.32563;0.096662;-0.311953
1.31779;0.103984;-0.311953
1.31015;0.111307;-0.311953
1.29617;0.096662;-0.304631
1.28892;0.103984;-0.304631
1.28186;0.111307;-0.304631
1.40083;0.115568;-0.338182
1.39157;0.122891;-0.338182
1.38253;0.130213;-0.338182
1.37518;0.115568;-0.330859
1.36644;0.122891;-0.330859
1.35791;0.130213;-0.330859
1.34882;0.115568;-0.323537
1.34061;0.122891;-0.323537
1.3326;0.130213;-0.323537
1.37737;0.134475;-0.338182
1.36866;0.141797;-0.338182
1.36016;0.149119;-0.338182
1.35304;0.134475;-0.330859
1.34482;0.141797;-0.330859
1.3368;0.149119;-0.330859
1.32803;0.134475;-0.323537
1.32032;0.141797;-0.323537
1.3128;0.149119;-0.323537
1.33317;0.115568;-0.319275
1.32528;0.122891;-0.319275
1.31758;0.130213;-0.319275
1.30579;0.115568;-0.311953
1.29845;0.122891;-0.311953
1.29129;0.130213;-0.311953
1.27783;0.115568;-0.304631
1.27105;0.122891;-0.304631
1.26444;0.130213;-0.304631
1.31318;0.134475;-0.319275
1.30577;0.141797;-0.319275
1.29855;0.149119;-0.319275
1.2872;0.134475;-0.311953
1.28032;0.141797;-0.311953
1.27361;0.149119;-0.311953
1.26067;0.134475;-0.304631
1.25432;0.141797;-0.304631
1.24813;0.149119;-0.304631
1.60207;0.153381;-0.451619
1.58883;0.160703;-0.451619
1.57587;0.168025;-0.451619
1.59361;0.153381;-0.444297
1.58054;0.160703;-0.444297
1.56776;0.168025;-0.444297
1.584;0.153381;-0.436975
1.57113;0.160703;-0.436975
1.55854;0.168025;-0.436975
1.56847;0.172287;-0.451619
1.55596;0.179609;-0.451619
1.54373;0.186932;-0.451619
1.56045;0.172287;-0.444297
1.54811;0.179609;-0.444297
1.53604;0.186932;-0.444297
1.55134;0.172287;-0.436975
1.53919;0.179609;-0.436975
1.52731;0.186932;-0.436975
1.57789;0.153381;-0.432713
1.56515;0.160703;-0.432713
1.55268;0.168025;-0.432713
1.56652;0.153381;-0.425391
1.55401;0.160703;-0.425391
1.54177;0.168025;-0.425391
1.55405;0.153381;-0.418068
1.5418;0.160703;-0.418068
1.52981;0.168025;-0.418068
1.54555;0.172287;-0.432713
1.53352;0.179609;-0.432713
1.52176;0.186932;-0.432713
1.53477;0.172287;-0.425391
1.52296;0.179609;-0.425391
1.51141;0.186932;-0.425391
1.52296;0.172287;-0.418068
1.51139;0.179609;-0.418068
1.50008;0.186932;-0.418068
1.53674;0.191193;-0.451619
1.52493;0.198516;-0.451619
1.51339;0.205838;-0.451619
1.52914;0.191193;-0.444297
1.51749;0.198516;-0.444297
1.5061;0.205838;-0.444297
1.52051;0.191193;-0.436975
1.50904;0.198516;-0.436975
1.49782;0.205838;-0.436975
1.50973;0.208193;-0.451619
1.50249;0.208193;-0.444297
1.49427;0.208193;-0.436975
1.50853;0.208965;-0.451619
1.50131;0.208965;-0.444297
1.49311;0.208965;-0.436975
1.50734;0.209736;-0.451619
1.50013;0.209736;-0.444297
1.49195;0.209736;-0.436975
1.50332;0.211867;-0.45081
1.49643;0.211867;-0.443841
1.48865;0.211867;-0.436872
1.49079;0.218418;-0.448006
1.48498;0.218418;-0.442261
1.47859;0.218418;-0.436516
1.47837;0.224969;-0.44517
1.47373;0.224969;-0.440663
1.46873;0.224969;-0.436155
1.51503;0.191193;-0.432713
1.50367;0.198516;-0.432713
1.49256;0.205838;-0.432713
1.50481;0.191193;-0.425391
1.49366;0.198516;-0.425391
1.48276;0.205838;-0.425391
1.49362;0.191193;-0.418068
1.4827;0.198516;-0.418068
1.47203;0.205838;-0.418068
1.48621;0.2101;-0.432713
1.47549;0.217422;-0.432713
1.465;0.224744;-0.432713
1.47653;0.2101;-0.425391
1.46601;0.217422;-0.425391
1.45572;0.224744;-0.425391
1.46592;0.2101;-0.418068
1.45562;0.217422;-0.418068
1.44555;0.224744;-0.418068
1.54631;0.153381;-0.413807
1.53421;0.160703;-0.413807
1.52238;0.168025;-0.413807
1.53217;0.153381;-0.406484
1.52036;0.160703;-0.406484
1.50882;0.168025;-0.406484
1.51701;0.153381;-0.399162
1.50551;0.160703;-0.399162
1.49427;0.168025;-0.399162
1.51562;0.172287;-0.413807
1.5042;0.179609;-0.413807
1.49304;0.186932;-0.413807
1.50222;0.172287;-0.406484
1.49108;0.179609;-0.406484
1.48019;0.186932;-0.406484
1.48785;0.172287;-0.399162
1.477;0.179609;-0.399162
1.4664;0.186932;-0.399162
1.50772;0.153381;-0.3949
1.49642;0.160703;-0.3949
1.48536;0.168025;-0.3949
1.491;0.153381;-0.387578
1.48004;0.160703;-0.387578
1.46932;0.168025;-0.387578
1.47333;0.153381;-0.380256
1.46273;0.160703;-0.380256
1.45237;0.168025;-0.380256
1.47905;0.172287;-0.3949
1.46838;0.179609;-0.3949
1.45796;0.186932;-0.3949
1.46319;0.172287;-0.387578
1.45286;0.179609;-0.387578
1.44275;0.186932;-0.387578
1.44645;0.172287;-0.380256
1.43645;0.179609;-0.380256
1.42668;0.186932;-0.380256
1.48666;0.191193;-0.413807
1.47589;0.198516;-0.413807
1.46535;0.205838;-0.413807
1.47396;0.191193;-0.406484
1.46345;0.198516;-0.406484
1.45317;0.205838;-0.406484
1.46034;0.191193;-0.399162
1.45011;0.198516;-0.399162
1.44011;0.205838;-0.399162
1.45933;0.2101;-0.413807
1.44916;0.217422;-0.413807
1.43922;0.224744;-0.413807
1.44729;0.2101;-0.406484
1.43738;0.217422;-0.406484
1.42768;0.224744;-0.406484
1.43439;0.2101;-0.399162
1.42474;0.217422;-0.399162
1.4153;0.224744;-0.399162
1.452;0.191193;-0.3949
1.44194;0.198516;-0.3949
1.4321;0.205838;-0.3949
1.43697;0.191193;-0.387578
1.42722;0.198516;-0.387578
1.41769;0.205838;-0.387578
1.4211;0.191193;-0.380256
1.41168;0.198516;-0.380256
1.40247;0.205838;-0.380256
1.42648;0.2101;-0.3949
1.417;0.217422;-0.3949
1.40772;0.224744;-0.3949
1.41225;0.2101;-0.387578
1.40305;0.217422;-0.387578
1.39406;0.224744;-0.387578
1.3972;0.2101;-0.380256
1.38832;0.217422;-0.380256
1.37964;0.224744;-0.380256
1.47072;0.229006;-0.443341
1.46685;0.229006;-0.439632
1.46275;0.229006;-0.435923
1.45683;0.236328;-0.439885
1.45449;0.236328;-0.437685
1.45206;0.236328;-0.435484
1.44307;0.24365;-0.436382
1.44234;0.24365;-0.435711
1.4416;0.24365;-0.435039
1.43888;0.245893;-0.435296
1.43867;0.245893;-0.435099
1.43845;0.245893;-0.434901
1.43815;0.246278;-0.435099
1.43803;0.246278;-0.434987
1.43791;0.246278;-0.434876
1.43742;0.246663;-0.434901
1.4374;0.246663;-0.434876
1.43737;0.246663;-0.434851
1.45901;0.229006;-0.432713
1.44889;0.236328;-0.432713
1.43899;0.24365;-0.432713
1.44984;0.229006;-0.425391
1.43991;0.236328;-0.425391
1.43019;0.24365;-0.425391
1.43979;0.229006;-0.418068
1.43006;0.236328;-0.418068
1.42056;0.24365;-0.418068
1.436;0.245893;-0.432713
1.42726;0.245893;-0.425391
1.41769;0.245893;-0.418068
1.43549;0.246278;-0.432713
1.42676;0.246278;-0.425391
1.4172;0.246278;-0.418068
1.43498;0.246663;-0.432713
1.42626;0.246663;-0.425391
1.41671;0.246663;-0.418068
1.43098;0.248793;-0.431663
1.42277;0.248793;-0.424799
1.41382;0.248793;-0.417935
1.41779;0.255731;-0.428019
1.41137;0.255731;-0.422746
1.40454;0.255731;-0.417472
1.40468;0.262669;-0.424323
1.40016;0.262669;-0.420663
1.39544;0.262669;-0.417003
1.39815;0.266118;-0.422425
1.39463;0.266118;-0.419593
1.39098;0.266118;-0.416762
1.38877;0.271035;-0.419612
1.38675;0.271035;-0.418008
1.3847;0.271035;-0.416404
1.37943;0.275952;-0.41677
1.37897;0.275952;-0.416407
1.37851;0.275952;-0.416043
1.43354;0.229006;-0.413807
1.42395;0.236328;-0.413807
1.41456;0.24365;-0.413807
1.42214;0.229006;-0.406484
1.41278;0.236328;-0.406484
1.40363;0.24365;-0.406484
1.40991;0.229006;-0.399162
1.4008;0.236328;-0.399162
1.3919;0.24365;-0.399162
1.4092;0.247912;-0.413807
1.40015;0.255234;-0.413807
1.3913;0.262557;-0.413807
1.3984;0.247912;-0.406484
1.38957;0.255234;-0.406484
1.38094;0.262557;-0.406484
1.38681;0.247912;-0.399162
1.37822;0.255234;-0.399162
1.36982;0.262557;-0.399162
1.40242;0.229006;-0.3949
1.39347;0.236328;-0.3949
1.38472;0.24365;-0.3949
1.38893;0.229006;-0.387578
1.38026;0.236328;-0.387578
1.37178;0.24365;-0.387578
1.37467;0.229006;-0.380256
1.3663;0.236328;-0.380256
1.35811;0.24365;-0.380256
1.37972;0.247912;-0.3949
1.37127;0.255234;-0.3949
1.36302;0.262557;-0.3949
1.36693;0.247912;-0.387578
1.35876;0.255234;-0.387578
1.35076;0.262557;-0.387578
1.35343;0.247912;-0.380256
1.34553;0.255234;-0.380256
1.33781;0.262557;-0.380256
1.38706;0.266118;-0.413807
1.37681;0.266118;-0.406484
1.36581;0.266118;-0.399162
1.38129;0.271035;-0.413807
1.37118;0.271035;-0.406484
1.36033;0.271035;-0.399162
1.37561;0.275952;-0.413807
1.36564;0.275952;-0.406484
1.35494;0.275952;-0.399162
1.37263;0.278082;-0.413393
1.36293;0.278082;-0.406251
1.35255;0.278082;-0.399109
1.36803;0.280488;-0.411964
1.35914;0.280488;-0.405446
1.34969;0.280488;-0.398928
1.36344;0.282894;-0.410528
1.35537;0.282894;-0.404637
1.34685;0.282894;-0.398746
1.35797;0.285725;-0.408769
1.35092;0.285725;-0.403645
1.34353;0.285725;-0.398522
1.34378;0.293047;-0.404113
1.33947;0.293047;-0.401022
1.33505;0.293047;-0.397931
1.32965;0.300369;-0.399377
1.32821;0.300369;-0.398353
1.32675;0.300369;-0.397329
1.3583;0.266818;-0.3949
1.35034;0.274141;-0.3949
1.34255;0.281463;-0.3949
1.34619;0.266818;-0.387578
1.33848;0.274141;-0.387578
1.33094;0.281463;-0.387578
1.3334;0.266818;-0.380256
1.32595;0.274141;-0.380256
1.31867;0.281463;-0.380256
1.3381;0.285725;-0.3949
1.33059;0.293047;-0.3949
1.32325;0.300369;-0.3949
1.32663;0.285725;-0.387578
1.31936;0.293047;-0.387578
1.31225;0.300369;-0.387578
1.31451;0.285725;-0.380256
1.30749;0.293047;-0.380256
1.30063;0.300369;-0.380256
1.46263;0.153381;-0.375994
1.45225;0.160703;-0.375994
1.4421;0.168025;-0.375994
1.44354;0.153381;-0.368672
1.43355;0.160703;-0.368672
1.42378;0.168025;-0.368672
1.42359;0.153381;-0.36135
1.41401;0.160703;-0.36135
1.40464;0.168025;-0.36135
1.4363;0.172287;-0.375994
1.42652;0.179609;-0.375994
1.41695;0.186932;-0.375994
1.4182;0.172287;-0.368672
1.40879;0.179609;-0.368672
1.39959;0.186932;-0.368672
1.39929;0.172287;-0.36135
1.39027;0.179609;-0.36135
1.38145;0.186932;-0.36135
1.4116;0.153381;-0.357088
1.40227;0.160703;-0.357088
1.39314;0.168025;-0.357088
1.39039;0.153381;-0.349766
1.38148;0.160703;-0.349766
1.37278;0.168025;-0.349766
1.36842;0.153381;-0.342443
1.35996;0.160703;-0.342443
1.3517;0.168025;-0.342443
1.38793;0.172287;-0.357088
1.37914;0.179609;-0.357088
1.37054;0.186932;-0.357088
1.36781;0.172287;-0.349766
1.35943;0.179609;-0.349766
1.35124;0.186932;-0.349766
1.34698;0.172287;-0.342443
1.33903;0.179609;-0.342443
1.33126;0.186932;-0.342443
1.41148;0.191193;-0.375994
1.40226;0.198516;-0.375994
1.39324;0.205838;-0.375994
1.39433;0.191193;-0.368672
1.38546;0.198516;-0.368672
1.37679;0.205838;-0.368672
1.37641;0.191193;-0.36135
1.3679;0.198516;-0.36135
1.35959;0.205838;-0.36135
1.38809;0.2101;-0.375994
1.37939;0.217422;-0.375994
1.37089;0.224744;-0.375994
1.37183;0.2101;-0.368672
1.36347;0.217422;-0.368672
1.3553;0.224744;-0.368672
1.35484;0.2101;-0.36135
1.34683;0.217422;-0.36135
1.33901;0.224744;-0.36135
1.36563;0.191193;-0.357088
1.35735;0.198516;-0.357088
1.34926;0.205838;-0.357088
1.34657;0.191193;-0.349766
1.33867;0.198516;-0.349766
1.33097;0.205838;-0.349766
1.32682;0.191193;-0.342443
1.31933;0.198516;-0.342443
1.31202;0.205838;-0.342443
1.34464;0.2101;-0.357088
1.33683;0.217422;-0.357088
1.32921;0.224744;-0.357088
1.32656;0.2101;-0.349766
1.31913;0.217422;-0.349766
1.31188;0.224744;-0.349766
1.30784;0.2101;-0.342443
1.3008;0.217422;-0.342443
1.29392;0.224744;-0.342443
1.3553;0.153381;-0.338182
1.34711;0.160703;-0.338182
1.33911;0.168025;-0.338182
1.33222;0.153381;-0.330859
1.3245;0.160703;-0.330859
1.31697;0.168025;-0.330859
1.3085;0.153381;-0.323537
1.30127;0.160703;-0.323537
1.2942;0.168025;-0.323537
1.33455;0.172287;-0.338182
1.32684;0.179609;-0.338182
1.31932;0.186932;-0.338182
1.31266;0.172287;-0.330859
1.30541;0.179609;-0.330859
1.29833;0.186932;-0.330859
1.29017;0.172287;-0.323537
1.28338;0.179609;-0.323537
1.27674;0.186932;-0.323537
1.29442;0.153381;-0.319275
1.28747;0.160703;-0.319275
1.28069;0.168025;-0.319275
1.26978;0.153381;-0.311953
1.26332;0.160703;-0.311953
1.25703;0.168025;-0.311953
1.2446;0.153381;-0.304631
1.23866;0.160703;-0.304631
1.23287;0.168025;-0.304631
1.27682;0.172287;-0.319275
1.27029;0.179609;-0.319275
1.26393;0.186932;-0.319275
1.25344;0.172287;-0.311953
1.2474;0.179609;-0.311953
1.2415;0.186932;-0.311953
1.22957;0.172287;-0.304631
1.22401;0.179609;-0.304631
1.21859;0.186932;-0.304631
1.31503;0.191193;-0.338182
1.30778;0.198516;-0.338182
1.30071;0.205838;-0.338182
1.29428;0.191193;-0.330859
1.28746;0.198516;-0.330859
1.28081;0.205838;-0.330859
1.27296;0.191193;-0.323537
1.26657;0.198516;-0.323537
1.26035;0.205838;-0.323537
1.29667;0.2101;-0.338182
1.28985;0.217422;-0.338182
1.2832;0.224744;-0.338182
1.277;0.2101;-0.330859
1.2706;0.217422;-0.330859
1.26434;0.224744;-0.330859
1.25679;0.2101;-0.323537
1.2508;0.217422;-0.323537
1.24495;0.224744;-0.323537
1.26029;0.191193;-0.319275
1.25417;0.198516;-0.319275
1.2482;0.205838;-0.319275
1.23813;0.191193;-0.311953
1.23246;0.198516;-0.311953
1.22694;0.205838;-0.311953
1.2155;0.191193;-0.304631
1.21029;0.198516;-0.304631
1.20522;0.205838;-0.304631
1.24479;0.2101;-0.319275
1.23904;0.217422;-0.319275
1.23343;0.224744;-0.319275
1.22378;0.2101;-0.311953
1.21847;0.217422;-0.311953
1.21328;0.224744;-0.311953
1.20232;0.2101;-0.304631
1.19745;0.217422;-0.304631
1.1927;0.224744;-0.304631
1.36604;0.229006;-0.375994
1.35784;0.236328;-0.375994
1.34983;0.24365;-0.375994
1.35063;0.229006;-0.368672
1.34275;0.236328;-0.368672
1.33505;0.24365;-0.368672
1.33453;0.229006;-0.36135
1.32699;0.236328;-0.36135
1.31961;0.24365;-0.36135
1.34525;0.247912;-0.375994
1.33752;0.255234;-0.375994
1.32996;0.262557;-0.375994
1.33065;0.247912;-0.368672
1.32322;0.255234;-0.368672
1.31597;0.262557;-0.368672
1.3154;0.247912;-0.36135
1.30829;0.255234;-0.36135
1.30134;0.262557;-0.36135
1.32486;0.229006;-0.357088
1.31751;0.236328;-0.357088
1.31033;0.24365;-0.357088
1.30773;0.229006;-0.349766
1.30074;0.236328;-0.349766
1.2939;0.24365;-0.349766
1.28999;0.229006;-0.342443
1.28336;0.236328;-0.342443
1.27689;0.24365;-0.342443
1.30623;0.247912;-0.357088
1.29931;0.255234;-0.357088
1.29255;0.262557;-0.357088
1.29;0.247912;-0.349766
1.28342;0.255234;-0.349766
1.27698;0.262557;-0.349766
1.27319;0.247912;-0.342443
1.26696;0.255234;-0.342443
1.26087;0.262557;-0.342443
1.32565;0.266818;-0.375994
1.31836;0.274141;-0.375994
1.31124;0.281463;-0.375994
1.31182;0.266818;-0.368672
1.30482;0.274141;-0.368672
1.29798;0.281463;-0.368672
1.29737;0.266818;-0.36135
1.29067;0.274141;-0.36135
1.28412;0.281463;-0.36135
1.30717;0.285725;-0.375994
1.3003;0.293047;-0.375994
1.29359;0.300369;-0.375994
1.29407;0.285725;-0.368672
1.28748;0.293047;-0.368672
1.28103;0.300369;-0.368672
1.28038;0.285725;-0.36135
1.27407;0.293047;-0.36135
1.26791;0.300369;-0.36135
1.28868;0.266818;-0.357088
1.28217;0.274141;-0.357088
1.2758;0.281463;-0.357088
1.27331;0.266818;-0.349766
1.26711;0.274141;-0.349766
1.26105;0.281463;-0.349766
1.25739;0.266818;-0.342443
1.25152;0.274141;-0.342443
1.24579;0.281463;-0.342443
1.27216;0.285725;-0.357088
1.26602;0.293047;-0.357088
1.26002;0.300369;-0.357088
1.25759;0.285725;-0.349766
1.25176;0.293047;-0.349766
1.24606;0.300369;-0.349766
1.24251;0.285725;-0.342443
1.23699;0.293047;-0.342443
1.23159;0.300369;-0.342443
1.2794;0.229006;-0.338182
1.27299;0.236328;-0.338182
1.26673;0.24365;-0.338182
1.26077;0.229006;-0.330859
1.25474;0.236328;-0.330859
1.24886;0.24365;-0.330859
1.24161;0.229006;-0.323537
1.23598;0.236328;-0.323537
1.23049;0.24365;-0.323537
1.26316;0.247912;-0.338182
1.25713;0.255234;-0.338182
1.25124;0.262557;-0.338182
1.2455;0.247912;-0.330859
1.23984;0.255234;-0.330859
1.23431;0.262557;-0.330859
1.22735;0.247912;-0.323537
1.22206;0.255234;-0.323537
1.2169;0.262557;-0.323537
1.23023;0.229006;-0.319275
1.22484;0.236328;-0.319275
1.21958;0.24365;-0.319275
1.21032;0.229006;-0.311953
1.20534;0.236328;-0.311953
1.20048;0.24365;-0.311953
1.18999;0.229006;-0.304631
1.18542;0.236328;-0.304631
1.18097;0.24365;-0.304631
1.21657;0.247912;-0.319275
1.21151;0.255234;-0.319275
1.20657;0.262557;-0.319275
1.19771;0.247912;-0.311953
1.19303;0.255234;-0.311953
1.18847;0.262557;-0.311953
1.17844;0.247912;-0.304631
1.17416;0.255234;-0.304631
1.17;0.262557;-0.304631
1.24788;0.266818;-0.338182
1.24221;0.274141;-0.338182
1.23667;0.281463;-0.338182
1.23115;0.266818;-0.330859
1.22583;0.274141;-0.330859
1.22063;0.281463;-0.330859
1.21396;0.266818;-0.323537
1.20899;0.274141;-0.323537
1.20414;0.281463;-0.323537
1.23351;0.285725;-0.338182
1.22817;0.293047;-0.338182
1.22296;0.300369;-0.338182
1.21766;0.285725;-0.330859
1.21266;0.293047;-0.330859
1.20777;0.300369;-0.330859
1.20137;0.285725;-0.323537
1.19671;0.293047;-0.323537
1.19215;0.300369;-0.323537
1.20374;0.266818;-0.319275
1.19899;0.274141;-0.319275
1.19435;0.281463;-0.319275
1.18587;0.266818;-0.311953
1.18149;0.274141;-0.311953
1.17721;0.281463;-0.311953
1.16762;0.266818;-0.304631
1.16362;0.274141;-0.304631
1.15971;0.281463;-0.304631
1.1917;0.285725;-0.319275
1.18724;0.293047;-0.319275
1.18288;0.300369;-0.319275
1.17477;0.285725;-0.311953
1.17066;0.293047;-0.311953
1.16665;0.300369;-0.311953
1.15748;0.285725;-0.304631
1.15373;0.293047;-0.304631
1.15008;0.300369;-0.304631
1.32524;0.302657;-0.397876
1.32472;0.302657;-0.397507
1.3242;0.302657;-0.397139
1.32418;0.303197;-0.397508
1.32389;0.303197;-0.3973
1.3236;0.303197;-0.397092
1.32313;0.303736;-0.397139
1.32306;0.303736;-0.397092
1.32299;0.303736;-0.397045
1.32099;0.302657;-0.3949
1.31006;0.302657;-0.387578
1.29852;0.302657;-0.380256
1.32045;0.303197;-0.3949
1.30955;0.303197;-0.387578
1.29802;0.303197;-0.380256
1.31992;0.303736;-0.3949
1.30903;0.303736;-0.387578
1.29753;0.303736;-0.380256
1.31585;0.305867;-0.393522
1.30583;0.305867;-0.386801
1.2953;0.305867;-0.380081
1.3024;0.31265;-0.388734
1.29543;0.31265;-0.384103
1.28823;0.31265;-0.379472
1.28897;0.319433;-0.383862
1.28517;0.319433;-0.381358
1.28131;0.319433;-0.378854
1.28378;0.322045;-0.381947
1.28124;0.322045;-0.380279
1.27867;0.322045;-0.37861
1.27935;0.324241;-0.380285
1.27792;0.324241;-0.379342
1.27647;0.324241;-0.378399
1.27493;0.326437;-0.378613
1.2746;0.326437;-0.3784
1.27428;0.326437;-0.378187
1.28975;0.304631;-0.375994
1.28328;0.311953;-0.375994
1.27695;0.319275;-0.375994
1.27735;0.304631;-0.368672
1.27113;0.311953;-0.368672
1.26505;0.319275;-0.368672
1.26438;0.304631;-0.36135
1.25844;0.311953;-0.36135
1.25262;0.319275;-0.36135
1.27459;0.322045;-0.375994
1.26279;0.322045;-0.368672
1.25046;0.322045;-0.36135
1.27274;0.324241;-0.375994
1.26101;0.324241;-0.368672
1.24876;0.324241;-0.36135
1.27089;0.326437;-0.375994
1.25924;0.326437;-0.368672
1.24707;0.326437;-0.36135
1.26731;0.328568;-0.374827
1.25647;0.328568;-0.368014
1.24519;0.328568;-0.361201
1.25682;0.333694;-0.370779
1.24876;0.333694;-0.365733
1.24046;0.333694;-0.360687
1.24635;0.338821;-0.366675
1.24113;0.338821;-0.36342
1.23581;0.338821;-0.360166
1.25659;0.304631;-0.357088
1.25081;0.311953;-0.357088
1.24516;0.319275;-0.357088
1.2428;0.304631;-0.349766
1.2373;0.311953;-0.349766
1.23193;0.319275;-0.349766
1.22851;0.304631;-0.342443
1.22331;0.311953;-0.342443
1.21824;0.319275;-0.342443
1.24193;0.323537;-0.357088
1.23648;0.330859;-0.357088
1.23115;0.338182;-0.357088
1.22886;0.323537;-0.349766
1.22369;0.330859;-0.349766
1.21863;0.338182;-0.349766
1.21534;0.323537;-0.342443
1.21044;0.330859;-0.342443
1.20567;0.338182;-0.342443
1.24156;0.341149;-0.364771
1.23766;0.341149;-0.362348
1.23372;0.341149;-0.359924
1.23557;0.344023;-0.36236
1.23337;0.344023;-0.360989
1.23114;0.344023;-0.359618
1.22959;0.346897;-0.359929
1.22909;0.346897;-0.359619
1.22859;0.346897;-0.359309
1.21078;0.342443;-0.346897
1.20601;0.349766;-0.346897
1.20135;0.357088;-0.346897
1.20573;0.342443;-0.344023
1.20107;0.349766;-0.344023
1.19651;0.357088;-0.344023
1.20063;0.342443;-0.341149
1.19607;0.349766;-0.341149
1.19162;0.357088;-0.341149
1.23031;0.341297;-0.357924
1.22791;0.344679;-0.357924
1.22552;0.348062;-0.357924
1.22251;0.341801;-0.353476
1.21899;0.346918;-0.353476
1.21553;0.352034;-0.353476
1.21457;0.342299;-0.349027
1.21004;0.349128;-0.349027
1.20561;0.355956;-0.349027
1.19995;0.359309;-0.346897
1.19976;0.359619;-0.346897
1.19957;0.359929;-0.346897
1.19496;0.359618;-0.344023
1.19413;0.360989;-0.344023
1.1933;0.36236;-0.344023
1.18992;0.359924;-0.341149
1.18849;0.362348;-0.341149
1.18706;0.364771;-0.341149
1.21998;0.304631;-0.338182
1.21496;0.311953;-0.338182
1.21006;0.319275;-0.338182
1.20498;0.304631;-0.330859
1.20027;0.311953;-0.330859
1.19568;0.319275;-0.330859
1.18955;0.304631;-0.323537
1.18517;0.311953;-0.323537
1.18089;0.319275;-0.323537
1.20726;0.323537;-0.338182
1.20254;0.330859;-0.338182
1.19792;0.338182;-0.338182
1.19305;0.323537;-0.330859
1.18863;0.330859;-0.330859
1.1843;0.338182;-0.330859
1.17844;0.323537;-0.323537
1.17432;0.330859;-0.323537
1.1703;0.338182;-0.323537
1.18039;0.304631;-0.319275
1.1762;0.311953;-0.319275
1.17211;0.319275;-0.319275
1.16436;0.304631;-0.311953
1.16051;0.311953;-0.311953
1.15674;0.319275;-0.311953
1.14799;0.304631;-0.304631
1.14448;0.311953;-0.304631
1.14105;0.319275;-0.304631
1.16977;0.323537;-0.319275
1.16583;0.330859;-0.319275
1.16199;0.338182;-0.319275
1.15459;0.323537;-0.311953
1.15097;0.330859;-0.311953
1.14744;0.338182;-0.311953
1.13909;0.323537;-0.304631
1.1358;0.330859;-0.304631
1.13259;0.338182;-0.304631
1.19529;0.342443;-0.338182
1.19084;0.349766;-0.338182
1.1865;0.357088;-0.338182
1.18184;0.342443;-0.330859
1.17767;0.349766;-0.330859
1.17361;0.357088;-0.330859
1.16801;0.342443;-0.323537
1.16414;0.349766;-0.323537
1.16036;0.357088;-0.323537
1.16342;0.36135;-0.326437
1.15967;0.368672;-0.326437
1.15601;0.375994;-0.326437
1.15947;0.36135;-0.324241
1.1558;0.368672;-0.324241
1.15223;0.375994;-0.324241
1.15549;0.36135;-0.322045
1.15191;0.368672;-0.322045
1.14841;0.375994;-0.322045
1.18581;0.360166;-0.338821
1.18392;0.36342;-0.338821
1.18205;0.366675;-0.338821
1.17663;0.360687;-0.333694
1.17384;0.365733;-0.333694
1.1711;0.370779;-0.333694
1.16731;0.361201;-0.328568
1.16374;0.368014;-0.328568
1.16025;0.374827;-0.328568
1.1598;0.342443;-0.319275
1.1561;0.349766;-0.319275
1.15249;0.357088;-0.319275
1.14543;0.342443;-0.311953
1.14203;0.349766;-0.311953
1.13872;0.357088;-0.311953
1.13075;0.342443;-0.304631
1.12767;0.349766;-0.304631
1.12465;0.357088;-0.304631
1.15042;0.36135;-0.319275
1.14695;0.368672;-0.319275
1.14356;0.375994;-0.319275
1.13682;0.36135;-0.311953
1.13364;0.368672;-0.311953
1.13052;0.375994;-0.311953
1.12294;0.36135;-0.304631
1.12004;0.368672;-0.304631
1.11722;0.375994;-0.304631
1.15493;0.378187;-0.326437
1.15483;0.3784;-0.326437
1.15472;0.378613;-0.326437
1.15107;0.378399;-0.324241
1.15062;0.379342;-0.324241
1.15017;0.380285;-0.324241
1.14718;0.37861;-0.322045
1.1464;0.380279;-0.322045
1.14563;0.381947;-0.322045
1.11398;0.380256;-0.303736
1.1113;0.387578;-0.303736
1.10869;0.3949;-0.303736
1.113;0.380256;-0.303197
1.11034;0.387578;-0.303197
1.10775;0.3949;-0.303197
1.11202;0.380256;-0.302657
1.10938;0.387578;-0.302657
1.1068;0.3949;-0.302657
1.14253;0.378854;-0.319433
1.1414;0.381358;-0.319433
1.14027;0.383862;-0.319433
1.13031;0.379472;-0.31265
1.12839;0.384103;-0.31265
1.1265;0.388734;-0.31265
1.11791;0.380081;-0.305867
1.11537;0.386801;-0.305867
1.11289;0.393522;-0.305867
1.10793;0.397045;-0.303736
1.10792;0.397092;-0.303736
1.1079;0.397139;-0.303736
1.10698;0.397092;-0.303197
1.10691;0.3973;-0.303197
1.10684;0.397508;-0.303197
1.10603;0.397139;-0.302657
1.1059;0.397507;-0.302657
1.10578;0.397876;-0.302657
1.38614;0.00213077;-0.300369
1.37646;0.00945312;-0.300369
1.36704;0.0167755;-0.300369
1.34706;0.00213077;-0.293047
1.33814;0.00945312;-0.293047
1.32945;0.0167755;-0.293047
1.30743;0.00213077;-0.285725
1.29926;0.00945312;-0.285725
1.29132;0.0167755;-0.285725
1.36167;0.021037;-0.300369
1.35263;0.0283594;-0.300369
1.34382;0.0356817;-0.300369
1.3245;0.021037;-0.293047
1.31618;0.0283594;-0.293047
1.30808;0.0356817;-0.293047
1.2868;0.021037;-0.285725
1.2792;0.0283594;-0.285725
1.27181;0.0356817;-0.285725
1.28415;0.00213077;-0.281463
1.27642;0.00945312;-0.281463
1.26891;0.0167755;-0.281463
1.24382;0.00213077;-0.274141
1.23685;0.00945312;-0.274141
1.23008;0.0167755;-0.274141
1.20315;0.00213077;-0.266818
1.19693;0.00945312;-0.266818
1.19091;0.0167755;-0.266818
1.26464;0.021037;-0.281463
1.25746;0.0283594;-0.281463
1.25049;0.0356817;-0.281463
1.22624;0.021037;-0.274141
1.21979;0.0283594;-0.274141
1.21353;0.0356817;-0.274141
1.18749;0.021037;-0.266818
1.18177;0.0283594;-0.266818
1.17624;0.0356817;-0.266818
1.3388;0.0399433;-0.300369
1.33035;0.0472656;-0.300369
1.32212;0.054588;-0.300369
1.30346;0.0399433;-0.293047
1.2957;0.0472656;-0.293047
1.28814;0.054588;-0.293047
1.2676;0.0399433;-0.285725
1.26053;0.0472656;-0.285725
1.25366;0.054588;-0.285725
1.31743;0.0588495;-0.300369
1.30953;0.0661719;-0.300369
1.30183;0.0734942;-0.300369
1.28384;0.0588495;-0.293047
1.2766;0.0661719;-0.293047
1.26955;0.0734942;-0.293047
1.24975;0.0588495;-0.285725
1.24317;0.0661719;-0.285725
1.23678;0.0734942;-0.285725
1.24652;0.0399433;-0.281463
1.23986;0.0472656;-0.281463
1.23338;0.054588;-0.281463
1.20998;0.0399433;-0.274141
1.20402;0.0472656;-0.274141
1.19823;0.054588;-0.274141
1.17309;0.0399433;-0.266818
1.16783;0.0472656;-0.266818
1.16274;0.054588;-0.266818
1.2297;0.0588495;-0.281463
1.22351;0.0661719;-0.281463
1.2175;0.0734942;-0.281463
1.19495;0.0588495;-0.274141
1.18943;0.0661719;-0.274141
1.18408;0.0734942;-0.274141
1.15985;0.0588495;-0.266818
1.15502;0.0661719;-0.266818
1.15033;0.0734942;-0.266818
1.17935;0.00213077;-0.262557
1.17357;0.00945312;-0.262557
1.16798;0.0167755;-0.262557
1.13829;0.00213077;-0.255234
1.13326;0.00945312;-0.255234
1.12841;0.0167755;-0.255234
1.09709;0.00213077;-0.247912
1.0928;0.00945312;-0.247912
1.08869;0.0167755;-0.247912
1.16481;0.021037;-0.262557
1.15952;0.0283594;-0.262557
1.1544;0.0356817;-0.262557
1.12567;0.021037;-0.255234
1.1211;0.0283594;-0.255234
1.1167;0.0356817;-0.255234
1.08637;0.021037;-0.247912
1.08252;0.0283594;-0.247912
1.07883;0.0356817;-0.247912
1.07308;0.00213077;-0.24365
1.06922;0.00945312;-0.24365
1.06552;0.0167755;-0.24365
1.03181;0.00213077;-0.236328
1.02867;0.00945312;-0.236328
1.0257;0.0167755;-0.236328
0.990601;0.00213077;-0.229006
0.988177;0.00945312;-0.229006
0.985915;0.0167755;-0.229006
1.06345;0.021037;-0.24365
1.06002;0.0283594;-0.24365
1.05674;0.0356817;-0.24365
1.02405;0.021037;-0.236328
1.02133;0.0283594;-0.236328
1.01875;0.0356817;-0.236328
0.98467;0.021037;-0.229006
0.982649;0.0283594;-0.229006
0.980771;0.0356817;-0.229006
1.1515;0.0399433;-0.262557
1.14665;0.0472656;-0.262557
1.14196;0.054588;-0.262557
1.11421;0.0399433;-0.255234
1.11006;0.0472656;-0.255234
1.10606;0.054588;-0.255234
1.07675;0.0399433;-0.247912
1.0733;0.0472656;-0.247912
1.07;0.054588;-0.247912
1.1393;0.0588495;-0.262557
1.13486;0.0661719;-0.262557
1.13056;0.0734942;-0.262557
1.10381;0.0588495;-0.255234
1.10004;0.0661719;-0.255234
1.09642;0.0734942;-0.255234
1.06814;0.0588495;-0.247912
1.06505;0.0661719;-0.247912
1.06209;0.0734942;-0.247912
1.0549;0.0399433;-0.24365
1.05186;0.0472656;-0.24365
1.04896;0.054588;-0.24365
1.01732;0.0399433;-0.236328
1.01497;0.0472656;-0.236328
1.01275;0.054588;-0.236328
0.979741;0.0399433;-0.229006
0.978075;0.0472656;-0.229006
0.976536;0.054588;-0.229006
1.04733;0.0588495;-0.24365
1.04463;0.0661719;-0.24365
1.04206;0.0734942;-0.24365
1.01152;0.0588495;-0.236328
1.00949;0.0661719;-0.236328
1.00759;0.0734942;-0.236328
0.975695;0.0588495;-0.229006
0.974342;0.0661719;-0.229006
0.973098;0.0734942;-0.229006
1.29745;0.0777558;-0.300369
1.29006;0.0850781;-0.300369
1.28287;0.0924005;-0.300369
1.26553;0.0777558;-0.293047
1.25878;0.0850781;-0.293047
1.25221;0.0924005;-0.293047
1.23314;0.0777558;-0.285725
1.22702;0.0850781;-0.285725
1.22107;0.0924005;-0.285725
1.27877;0.096662;-0.300369
1.27187;0.103984;-0.300369
1.26514;0.111307;-0.300369
1.24846;0.096662;-0.293047
1.24216;0.103984;-0.293047
1.23603;0.111307;-0.293047
1.21769;0.096662;-0.285725
1.212;0.103984;-0.285725
1.20646;0.111307;-0.285725
1.21408;0.0777558;-0.281463
1.20834;0.0850781;-0.281463
1.20276;0.0924005;-0.281463
1.18105;0.0777558;-0.274141
1.17595;0.0850781;-0.274141
1.171;0.0924005;-0.274141
1.14768;0.0777558;-0.266818
1.14323;0.0850781;-0.266818
1.13893;0.0924005;-0.266818
1.19959;0.096662;-0.281463
1.19425;0.103984;-0.281463
1.18907;0.111307;-0.281463
1.16819;0.096662;-0.274141
1.16348;0.103984;-0.274141
1.15891;0.111307;-0.274141
1.13648;0.096662;-0.266818
1.13239;0.103984;-0.266818
1.12844;0.111307;-0.266818
1.26131;0.115568;-0.300369
1.25486;0.122891;-0.300369
1.24857;0.130213;-0.300369
1.23253;0.115568;-0.293047
1.22666;0.122891;-0.293047
1.22094;0.130213;-0.293047
1.20332;0.115568;-0.285725
1.19802;0.122891;-0.285725
1.19287;0.130213;-0.285725
1.24499;0.134475;-0.300369
1.23896;0.141797;-0.300369
1.23308;0.149119;-0.300369
1.21768;0.134475;-0.293047
1.2122;0.141797;-0.293047
1.20686;0.149119;-0.293047
1.18994;0.134475;-0.285725
1.18502;0.141797;-0.285725
1.18023;0.149119;-0.285725
1.18613;0.115568;-0.281463
1.18118;0.122891;-0.281463
1.17636;0.130213;-0.281463
1.15631;0.115568;-0.274141
1.15195;0.122891;-0.274141
1.14773;0.130213;-0.274141
1.12619;0.115568;-0.266818
1.12243;0.122891;-0.266818
1.11879;0.130213;-0.266818
1.17363;0.134475;-0.281463
1.16903;0.141797;-0.281463
1.16456;0.149119;-0.281463
1.14532;0.134475;-0.274141
1.14129;0.141797;-0.274141
1.13738;0.149119;-0.274141
1.11673;0.134475;-0.266818
1.11327;0.141797;-0.266818
1.10992;0.149119;-0.266818
1.12813;0.0777558;-0.262557
1.12406;0.0850781;-0.262557
1.12013;0.0924005;-0.262557
1.09437;0.0777558;-0.255234
1.09095;0.0850781;-0.255234
1.08766;0.0924005;-0.255234
1.06043;0.0777558;-0.247912
1.05767;0.0850781;-0.247912
1.05503;0.0924005;-0.247912
1.11791;0.096662;-0.262557
1.11418;0.103984;-0.262557
1.11058;0.111307;-0.262557
1.08581;0.096662;-0.255234
1.08271;0.103984;-0.255234
1.07973;0.111307;-0.255234
1.05354;0.096662;-0.247912
1.05107;0.103984;-0.247912
1.04871;0.111307;-0.247912
1.04062;0.0777558;-0.24365
1.03824;0.0850781;-0.24365
1.03597;0.0924005;-0.24365
1.00653;0.0777558;-0.236328
1.0048;0.0850781;-0.236328
1.00318;0.0924005;-0.236328
0.972423;0.0777558;-0.229006
0.971343;0.0850781;-0.229006
0.970359;0.0924005;-0.229006
1.0347;0.096662;-0.24365
1.0326;0.103984;-0.24365
1.0306;0.111307;-0.24365
1.00228;0.096662;-0.236328
1.00081;0.103984;-0.236328
0.99943;0.111307;-0.236328
0.969829;0.096662;-0.229006
0.968987;0.103984;-0.229006
0.968228;0.111307;-0.229006
1.10854;0.115568;-0.262557
1.10513;0.122891;-0.262557
1.10184;0.130213;-0.262557
1.07805;0.115568;-0.255234
1.07524;0.122891;-0.255234
1.07254;0.130213;-0.255234
1.04738;0.115568;-0.247912
1.04518;0.122891;-0.247912
1.04308;0.130213;-0.247912
1.09997;0.134475;-0.262557
1.09685;0.141797;-0.262557
1.09383;0.149119;-0.262557
1.07101;0.134475;-0.255234
1.06847;0.141797;-0.255234
1.06602;0.149119;-0.255234
1.04189;0.134475;-0.247912
1.03993;0.141797;-0.247912
1.03805;0.149119;-0.247912
1.02948;0.115568;-0.24365
1.02764;0.122891;-0.24365
1.02588;0.130213;-0.24365
0.998668;0.115568;-0.236328
0.997426;0.122891;-0.236328
0.996266;0.130213;-0.236328
0.967824;0.115568;-0.229006
0.967188;0.122891;-0.229006
0.966625;0.130213;-0.229006
1.02489;0.134475;-0.24365
1.02327;0.141797;-0.24365
1.02173;0.149119;-0.24365
0.995626;0.134475;-0.236328
0.994585;0.141797;-0.236328
0.993615;0.149119;-0.236328
0.966329;0.134475;-0.229006
0.965873;0.141797;-0.229006
0.965478;0.149119;-0.229006
0.966673;0.00213077;-0.224744
0.964657;0.00945312;-0.224744
0.962801;0.0167755;-0.224744
0.925706;0.00213077;-0.217422
0.924377;0.00945312;-0.217422
0.923207;0.0167755;-0.217422
0.884986;0.00213077;-0.2101
0.884325;0.00945312;-0.2101
0.883824;0.0167755;-0.2101
0.961792;0.021037;-0.224744
0.960174;0.0283594;-0.224744
0.958696;0.0356817;-0.224744
0.922596;0.021037;-0.217422
0.921659;0.0283594;-0.217422
0.92086;0.0356817;-0.217422
0.883601;0.021037;-0.2101
0.883333;0.0283594;-0.2101
0.8832;0.0356817;-0.2101
0.86143;0.00213077;-0.205838
0.861148;0.00945312;-0.205838
0.861026;0.0167755;-0.205838
0.821246;0.00213077;-0.198516
0.821596;0.00945312;-0.198516
0.822111;0.0167755;-0.198516
0.781487;0.00213077;-0.191193
0.782443;0.00945312;-0.191193
0.783572;0.0167755;-0.191193
0.861026;0.021037;-0.205838
0.861138;0.0283594;-0.205838
0.861387;0.0356817;-0.205838
0.822482;0.021037;-0.198516
0.823236;0.0283594;-0.198516
0.824127;0.0356817;-0.198516
0.784303;0.021037;-0.191193
0.785679;0.0283594;-0.191193
0.787196;0.0356817;-0.191193
0.957898;0.0399433;-0.224744
0.956628;0.0472656;-0.224744
0.95548;0.054588;-0.224744
0.920456;0.0399433;-0.217422
0.919858;0.0472656;-0.217422
0.919378;0.054588;-0.217422
0.883182;0.0399433;-0.2101
0.883246;0.0472656;-0.2101
0.883425;0.054588;-0.2101
0.954866;0.0588495;-0.224744
0.953899;0.0661719;-0.224744
0.953039;0.0734942;-0.224744
0.91915;0.0588495;-0.217422
0.918843;0.0661719;-0.217422
0.918636;0.0734942;-0.217422
0.883578;0.0588495;-0.2101
0.883923;0.0661719;-0.2101
0.884363;0.0734942;-0.2101
0.86159;0.0399433;-0.205838
0.862034;0.0472656;-0.205838
0.862592;0.054588;-0.205838
0.824705;0.0399433;-0.198516
0.825792;0.0472656;-0.198516
0.826991;0.054588;-0.198516
0.788139;0.0399433;-0.191193
0.789856;0.0472656;-0.191193
0.791685;0.054588;-0.191193
0.862965;0.0588495;-0.205838
0.863685;0.0661719;-0.205838
0.864498;0.0734942;-0.205838
0.827737;0.0588495;-0.198516
0.829095;0.0661719;-0.198516
0.830542;0.0734942;-0.198516
0.792797;0.0588495;-0.191193
0.794783;0.0661719;-0.191193
0.796857;0.0734942;-0.191193
0.758569;0.00213077;-0.186932
0.759865;0.00945312;-0.186932
0.761339;0.0167755;-0.186932
0.719613;0.00213077;-0.179609
0.721469;0.00945312;-0.179609
0.723517;0.0167755;-0.179609
0.681241;0.00213077;-0.172287
0.683625;0.00945312;-0.172287
0.686218;0.0167755;-0.172287
0.762274;0.021037;-0.186932
0.764004;0.0283594;-0.186932
0.765877;0.0356817;-0.186932
0.724791;0.021037;-0.179609
0.727109;0.0283594;-0.179609
0.729579;0.0356817;-0.179609
0.687816;0.021037;-0.172287
0.690701;0.0283594;-0.172287
0.693749;0.0356817;-0.172287
0.659199;0.00213077;-0.168025
0.661876;0.00945312;-0.168025
0.664773;0.0167755;-0.168025
0.621862;0.00213077;-0.160703
0.625012;0.00945312;-0.160703
0.628406;0.0167755;-0.160703
0.585243;0.00213077;-0.153381
0.588828;0.00945312;-0.153381
0.592688;0.0167755;-0.153381
0.666552;0.021037;-0.168025
0.669756;0.0283594;-0.168025
0.673131;0.0356817;-0.168025
0.630485;0.021037;-0.160703
0.634218;0.0283594;-0.160703
0.638138;0.0356817;-0.160703
0.595049;0.021037;-0.153381
0.599287;0.0283594;-0.153381
0.60373;0.0356817;-0.153381
0.767028;0.0399433;-0.186932
0.769104;0.0472656;-0.186932
0.771294;0.054588;-0.186932
0.731081;0.0399433;-0.179609
0.733763;0.0472656;-0.179609
0.736562;0.054588;-0.179609
0.695591;0.0399433;-0.172287
0.698863;0.0472656;-0.172287
0.702257;0.054588;-0.172287
0.772616;0.0588495;-0.186932
0.774963;0.0661719;-0.186932
0.777398;0.0734942;-0.186932
0.73824;0.0588495;-0.179609
0.741199;0.0661719;-0.179609
0.744245;0.0734942;-0.179609
0.704284;0.0588495;-0.172287
0.707844;0.0661719;-0.172287
0.711493;0.0734942;-0.172287
0.675166;0.0399433;-0.168025
0.678774;0.0472656;-0.168025
0.682509;0.054588;-0.168025
0.640496;0.0399433;-0.160703
0.644669;0.0472656;-0.160703
0.648977;0.054588;-0.160703
0.606401;0.0399433;-0.153381
0.611122;0.0472656;-0.153381
0.615991;0.054588;-0.153381
0.684734;0.0588495;-0.168025
0.688639;0.0661719;-0.168025
0.692635;0.0734942;-0.168025
0.65154;0.0588495;-0.160703
0.656029;0.0661719;-0.160703
0.660612;0.0734942;-0.160703
0.618885;0.0588495;-0.153381
0.623947;0.0661719;-0.153381
0.62911;0.0734942;-0.153381
0.952585;0.0777558;-0.224744
0.951881;0.0850781;-0.224744
0.951269;0.0924005;-0.224744
0.918559;0.0777558;-0.217422
0.918498;0.0850781;-0.217422
0.918523;0.0924005;-0.217422
0.88466;0.0777558;-0.2101
0.885237;0.0850781;-0.2101
0.885893;0.0924005;-0.2101
0.950953;0.096662;-0.224744
0.950476;0.103984;-0.224744
0.950077;0.111307;-0.224744
0.918574;0.096662;-0.217422
0.918721;0.103984;-0.217422
0.91894;0.111307;-0.217422
0.886309;0.096662;-0.2101
0.887077;0.103984;-0.2101
0.88791;0.111307;-0.2101
0.865011;0.0777558;-0.205838
0.865957;0.0850781;-0.205838
0.866978;0.0924005;-0.205838
0.831423;0.0777558;-0.198516
0.832997;0.0850781;-0.198516
0.834642;0.0924005;-0.198516
0.798101;0.0777558;-0.191193
0.800297;0.0850781;-0.191193
0.802559;0.0924005;-0.191193
0.867605;0.096662;-0.205838
0.868733;0.103984;-0.205838
0.869922;0.111307;-0.205838
0.835629;0.096662;-0.198516
0.837372;0.103984;-0.198516
0.839169;0.111307;-0.198516
0.803903;0.096662;-0.191193
0.806256;0.103984;-0.191193
0.808656;0.111307;-0.191193
0.94988;0.115568;-0.224744
0.949597;0.122891;-0.224744
0.949382;0.130213;-0.224744
0.919098;0.115568;-0.217422
0.91942;0.122891;-0.217422
0.919801;0.130213;-0.217422
0.888423;0.115568;-0.2101
0.889347;0.122891;-0.2101
0.890322;0.130213;-0.2101
0.949286;0.134475;-0.224744
0.949169;0.141797;-0.224744
0.949109;0.149119;-0.224744
0.920048;0.134475;-0.217422
0.920514;0.141797;-0.217422
0.921029;0.149119;-0.217422
0.890912;0.134475;-0.2101
0.891959;0.141797;-0.2101
0.893048;0.149119;-0.2101
0.870639;0.115568;-0.205838
0.871913;0.122891;-0.205838
0.873233;0.130213;-0.205838
0.840237;0.115568;-0.198516
0.842108;0.122891;-0.198516
0.844019;0.130213;-0.198516
0.810073;0.115568;-0.191193
0.812538;0.122891;-0.191193
0.815036;0.130213;-0.191193
0.874021;0.134475;-0.205838
0.875407;0.141797;-0.205838
0.876828;0.149119;-0.205838
0.845147;0.134475;-0.198516
0.847111;0.141797;-0.198516
0.849103;0.149119;-0.198516
0.816503;0.134475;-0.191193
0.819042;0.141797;-0.191193
0.821602;0.149119;-0.191193
0.778851;0.0777558;-0.186932
0.781405;0.0850781;-0.186932
0.784023;0.0924005;-0.186932
0.746054;0.0777558;-0.179609
0.749218;0.0850781;-0.179609
0.752443;0.0924005;-0.179609
0.713653;0.0777558;-0.172287
0.717418;0.0850781;-0.172287
0.721244;0.0924005;-0.172287
0.785574;0.096662;-0.186932
0.788279;0.103984;-0.186932
0.791029;0.111307;-0.186932
0.754345;0.096662;-0.179609
0.757651;0.103984;-0.179609
0.760998;0.111307;-0.179609
0.723494;0.096662;-0.172287
0.727396;0.103984;-0.172287
0.731334;0.111307;-0.172287
0.694996;0.0777558;-0.168025
0.699109;0.0850781;-0.168025
0.703281;0.0924005;-0.168025
0.663317;0.0777558;-0.160703
0.66802;0.0850781;-0.160703
0.672782;0.0924005;-0.160703
0.632153;0.0777558;-0.153381
0.63744;0.0850781;-0.153381
0.642787;0.0924005;-0.153381
0.705732;0.096662;-0.168025
0.709978;0.103984;-0.168025
0.714258;0.111307;-0.168025
0.675577;0.096662;-0.160703
0.68041;0.103984;-0.160703
0.685274;0.111307;-0.160703
0.645921;0.096662;-0.153381
0.651337;0.103984;-0.153381
0.65678;0.111307;-0.153381
0.792648;0.115568;-0.186932
0.795456;0.122891;-0.186932
0.798294;0.130213;-0.186932
0.762961;0.115568;-0.179609
0.766357;0.122891;-0.179609
0.769777;0.130213;-0.179609
0.733639;0.115568;-0.172287
0.737619;0.122891;-0.172287
0.741616;0.130213;-0.172287
0.799957;0.134475;-0.186932
0.80283;0.141797;-0.186932
0.805719;0.149119;-0.186932
0.771775;0.134475;-0.179609
0.775219;0.141797;-0.179609
0.778671;0.149119;-0.179609
0.743948;0.134475;-0.172287
0.747959;0.141797;-0.172287
0.751971;0.149119;-0.172287
0.716762;0.115568;-0.168025
0.721079;0.122891;-0.168025
0.725411;0.130213;-0.168025
0.688115;0.115568;-0.160703
0.69301;0.122891;-0.160703
0.697913;0.130213;-0.160703
0.659958;0.115568;-0.153381
0.665425;0.122891;-0.153381
0.670896;0.130213;-0.153381
0.727935;0.134475;-0.168025
0.732275;0.141797;-0.168025
0.736611;0.149119;-0.168025
0.700767;0.134475;-0.160703
0.705668;0.141797;-0.160703
0.71056;0.149119;-0.160703
0.674078;0.134475;-0.153381
0.679538;0.141797;-0.153381
0.68498;0.149119;-0.153381
1.22973;0.153381;-0.300369
1.22409;0.160703;-0.300369
1.21859;0.168025;-0.300369
1.20382;0.153381;-0.293047
1.1987;0.160703;-0.293047
1.19372;0.168025;-0.293047
1.1775;0.153381;-0.285725
1.17292;0.160703;-0.285725
1.16846;0.168025;-0.285725
1.21546;0.172287;-0.300369
1.21019;0.179609;-0.300369
1.20505;0.186932;-0.300369
1.19089;0.172287;-0.293047
1.18611;0.179609;-0.293047
1.18146;0.186932;-0.293047
1.16592;0.172287;-0.285725
1.16166;0.179609;-0.285725
1.15751;0.186932;-0.285725
1.16202;0.153381;-0.281463
1.15775;0.160703;-0.281463
1.1536;0.168025;-0.281463
1.13516;0.153381;-0.274141
1.13143;0.160703;-0.274141
1.12781;0.168025;-0.274141
1.10802;0.153381;-0.266818
1.10484;0.160703;-0.266818
1.10176;0.168025;-0.266818
1.15124;0.172287;-0.281463
1.14727;0.179609;-0.281463
1.14341;0.186932;-0.281463
1.12576;0.172287;-0.274141
1.12231;0.179609;-0.274141
1.11896;0.186932;-0.274141
1.10001;0.172287;-0.266818
1.09709;0.179609;-0.266818
1.09425;0.186932;-0.266818
1.20212;0.191193;-0.300369
1.19719;0.198516;-0.300369
1.19238;0.205838;-0.300369
1.17882;0.191193;-0.293047
1.17436;0.198516;-0.293047
1.17002;0.205838;-0.293047
1.15515;0.191193;-0.285725
1.15117;0.198516;-0.285725
1.14731;0.205838;-0.285725
1.18964;0.2101;-0.300369
1.18503;0.217422;-0.300369
1.18053;0.224744;-0.300369
1.16755;0.2101;-0.293047
1.16339;0.217422;-0.293047
1.15934;0.224744;-0.293047
1.14511;0.2101;-0.285725
1.14141;0.217422;-0.285725
1.13782;0.224744;-0.285725
1.14122;0.191193;-0.281463
1.13753;0.198516;-0.281463
1.13395;0.205838;-0.281463
1.11706;0.191193;-0.274141
1.11387;0.198516;-0.274141
1.11077;0.205838;-0.274141
1.09265;0.191193;-0.266818
1.08995;0.198516;-0.266818
1.08734;0.205838;-0.266818
1.13191;0.2101;-0.281463
1.12848;0.217422;-0.281463
1.12515;0.224744;-0.281463
1.10901;0.2101;-0.274141
1.10605;0.217422;-0.274141
1.10318;0.224744;-0.274141
1.08587;0.2101;-0.266818
1.08339;0.217422;-0.266818
1.08098;0.224744;-0.266818
1.09212;0.153381;-0.262557
1.08926;0.160703;-0.262557
1.08649;0.168025;-0.262557
1.06463;0.153381;-0.255234
1.06233;0.160703;-0.255234
1.06011;0.168025;-0.255234
1.037;0.153381;-0.247912
1.03525;0.160703;-0.247912
1.03358;0.168025;-0.247912
1.08493;0.172287;-0.262557
1.08231;0.179609;-0.262557
1.07977;0.186932;-0.262557
1.05885;0.172287;-0.255234
1.05676;0.179609;-0.255234
1.05475;0.186932;-0.255234
1.03264;0.172287;-0.247912
1.03108;0.179609;-0.247912
1.02959;0.186932;-0.247912
1.02086;0.153381;-0.24365
1.01944;0.160703;-0.24365
1.01809;0.168025;-0.24365
0.993083;0.153381;-0.236328
0.992219;0.160703;-0.236328
0.991417;0.168025;-0.236328
0.965276;0.153381;-0.229006
0.964973;0.160703;-0.229006
0.964723;0.168025;-0.229006
1.01733;0.172287;-0.24365
1.01608;0.179609;-0.24365
1.0149;0.186932;-0.24365
0.990978;0.172287;-0.236328
0.990269;0.179609;-0.236328
0.989614;0.186932;-0.236328
0.964601;0.172287;-0.229006
0.964429;0.179609;-0.229006
0.964303;0.186932;-0.229006
1.07834;0.191193;-0.262557
1.07594;0.198516;-0.262557
1.07362;0.205838;-0.262557
1.05362;0.191193;-0.255234
1.05172;0.198516;-0.255234
1.0499;0.205838;-0.255234
1.02876;0.191193;-0.247912
1.02737;0.198516;-0.247912
1.02605;0.205838;-0.247912
1.0723;0.2101;-0.262557
1.0701;0.217422;-0.262557
1.06798;0.224744;-0.262557
1.04887;0.2101;-0.255234
1.04715;0.217422;-0.255234
1.0455;0.224744;-0.255234
1.02531;0.2101;-0.247912
1.02408;0.217422;-0.247912
1.0229;0.224744;-0.247912
1.01424;0.191193;-0.24365
1.01316;0.198516;-0.24365
1.01212;0.205838;-0.24365
0.989257;0.191193;-0.236328
0.988683;0.198516;-0.236328
0.988156;0.205838;-0.236328
0.96425;0.191193;-0.229006
0.96419;0.198516;-0.229006
0.964169;0.205838;-0.229006
1.01155;0.2101;-0.24365
1.0106;0.217422;-0.24365
1.00971;0.224744;-0.24365
0.98787;0.2101;-0.236328
0.987414;0.217422;-0.236328
0.986998;0.224744;-0.236328
0.964173;0.2101;-0.229006
0.964208;0.217422;-0.229006
0.964275;0.224744;-0.229006
1.17797;0.229006;-0.300369
1.17365;0.236328;-0.300369
1.16945;0.24365;-0.300369
1.15703;0.229006;-0.293047
1.15315;0.236328;-0.293047
1.14937;0.24365;-0.293047
1.13577;0.229006;-0.285725
1.13232;0.236328;-0.285725
1.12897;0.24365;-0.285725
1.16705;0.247912;-0.300369
1.16301;0.255234;-0.300369
1.15908;0.262557;-0.300369
1.14721;0.247912;-0.293047
1.14359;0.255234;-0.293047
1.14005;0.262557;-0.293047
1.12706;0.247912;-0.285725
1.12386;0.255234;-0.285725
1.12073;0.262557;-0.285725
1.12326;0.229006;-0.281463
1.12007;0.236328;-0.281463
1.11697;0.24365;-0.281463
1.10155;0.229006;-0.274141
1.09882;0.236328;-0.274141
1.09616;0.24365;-0.274141
1.07962;0.229006;-0.266818
1.07734;0.236328;-0.266818
1.07513;0.24365;-0.266818
1.11521;0.247912;-0.281463
1.11225;0.255234;-0.281463
1.10937;0.262557;-0.281463
1.09465;0.247912;-0.274141
1.09211;0.255234;-0.274141
1.08965;0.262557;-0.274141
1.07387;0.247912;-0.266818
1.07177;0.255234;-0.266818
1.06973;0.262557;-0.266818
1.15683;0.266818;-0.300369
1.15305;0.274141;-0.300369
1.14937;0.281463;-0.300369
1.13804;0.266818;-0.293047
1.13465;0.274141;-0.293047
1.13135;0.281463;-0.293047
1.11896;0.266818;-0.285725
1.11597;0.274141;-0.285725
1.11306;0.281463;-0.285725
1.14727;0.285725;-0.300369
1.14373;0.293047;-0.300369
1.14028;0.300369;-0.300369
1.12947;0.285725;-0.293047
1.12631;0.293047;-0.293047
1.12322;0.300369;-0.293047
1.1114;0.285725;-0.285725
1.10861;0.293047;-0.285725
1.1059;0.300369;-0.285725
1.10773;0.266818;-0.281463
1.10497;0.274141;-0.281463
1.10229;0.281463;-0.281463
1.08825;0.266818;-0.274141
1.0859;0.274141;-0.274141
1.08362;0.281463;-0.274141
1.06857;0.266818;-0.266818
1.06664;0.274141;-0.266818
1.06476;0.281463;-0.266818
1.10076;0.285725;-0.281463
1.0982;0.293047;-0.281463
1.0957;0.300369;-0.281463
1.08232;0.285725;-0.274141
1.08014;0.293047;-0.274141
1.07803;0.300369;-0.274141
1.06369;0.285725;-0.266818
1.0619;0.293047;-0.266818
1.06017;0.300369;-0.266818
1.06677;0.229006;-0.262557
1.06475;0.236328;-0.262557
1.0628;0.24365;-0.262557
1.04457;0.229006;-0.255234
1.04301;0.236328;-0.255234
1.04151;0.24365;-0.255234
1.02224;0.229006;-0.247912
1.02115;0.236328;-0.247912
1.0201;0.24365;-0.247912
1.0617;0.247912;-0.262557
1.05985;0.255234;-0.262557
1.05806;0.262557;-0.262557
1.04066;0.247912;-0.255234
1.03925;0.255234;-0.255234
1.03789;0.262557;-0.255234
1.01952;0.247912;-0.247912
1.01855;0.255234;-0.247912
1.01762;0.262557;-0.247912
1.00921;0.229006;-0.24365
1.00839;0.236328;-0.24365
1.00761;0.24365;-0.24365
0.986775;0.229006;-0.236328
0.98642;0.236328;-0.236328
0.986101;0.24365;-0.236328
0.964329;0.229006;-0.229006
0.964443;0.236328;-0.229006
0.964584;0.24365;-0.229006
1.00717;0.247912;-0.24365
1.00646;0.255234;-0.24365
1.00579;0.262557;-0.24365
0.985932;0.247912;-0.236328
0.985665;0.255234;-0.236328
0.98543;0.262557;-0.236328
0.964678;0.247912;-0.229006
0.964859;0.255234;-0.229006
0.965062;0.262557;-0.229006
1.05704;0.266818;-0.262557
1.05535;0.274141;-0.262557
1.05371;0.281463;-0.262557
1.03713;0.266818;-0.255234
1.03585;0.274141;-0.255234
1.03461;0.281463;-0.255234
1.0171;0.266818;-0.247912
1.01624;0.274141;-0.247912
1.01542;0.281463;-0.247912
1.05277;0.285725;-0.262557
1.05122;0.293047;-0.262557
1.04971;0.300369;-0.262557
1.03392;0.285725;-0.255234
1.03276;0.293047;-0.255234
1.03164;0.300369;-0.255234
1.01496;0.285725;-0.247912
1.0142;0.293047;-0.247912
1.01347;0.300369;-0.247912
1.00542;0.266818;-0.24365
1.0048;0.274141;-0.24365
1.00422;0.281463;-0.24365
0.985307;0.266818;-0.236328
0.985116;0.274141;-0.236328
0.984953;0.281463;-0.236328
0.96519;0.266818;-0.229006
0.965425;0.274141;-0.229006
0.965678;0.281463;-0.229006
1.0039;0.285725;-0.24365
1.00337;0.293047;-0.24365
1.00288;0.300369;-0.24365
0.984869;0.285725;-0.236328
0.984744;0.293047;-0.236328
0.984642;0.300369;-0.236328
0.965833;0.285725;-0.229006
0.966113;0.293047;-0.229006
0.966407;0.300369;-0.229006
0.949099;0.153381;-0.224744
0.949123;0.160703;-0.224744
0.949195;0.168025;-0.224744
0.921349;0.153381;-0.217422
0.921934;0.160703;-0.217422
0.922558;0.168025;-0.217422
0.893698;0.153381;-0.2101
0.894842;0.160703;-0.2101
0.896018;0.168025;-0.2101
0.949257;0.172287;-0.224744
0.949399;0.179609;-0.224744
0.949581;0.186932;-0.224744
0.922938;0.172287;-0.217422
0.923617;0.179609;-0.217422
0.924328;0.186932;-0.217422
0.896715;0.172287;-0.2101
0.897932;0.179609;-0.2101
0.899172;0.186932;-0.2101
0.87767;0.153381;-0.205838
0.87914;0.160703;-0.205838
0.880635;0.168025;-0.205838
0.850273;0.153381;-0.198516
0.8523;0.160703;-0.198516
0.854345;0.168025;-0.198516
0.823099;0.153381;-0.191193
0.825682;0.160703;-0.191193
0.828274;0.168025;-0.191193
0.881516;0.172287;-0.205838
0.883046;0.179609;-0.205838
0.884594;0.186932;-0.205838
0.855542;0.172287;-0.198516
0.857608;0.179609;-0.198516
0.859682;0.186932;-0.198516
0.829785;0.172287;-0.191193
0.832385;0.179609;-0.191193
0.834985;0.186932;-0.191193
0.949704;0.191193;-0.224744
0.949944;0.198516;-0.224744
0.950217;0.205838;-0.224744
0.924756;0.191193;-0.217422
0.925511;0.198516;-0.217422
0.926291;0.205838;-0.217422
0.899903;0.191193;-0.2101
0.901173;0.198516;-0.2101
0.902459;0.205838;-0.2101
0.950391;0.2101;-0.224744
0.950712;0.217422;-0.224744
0.951061;0.224744;-0.224744
0.926755;0.2101;-0.217422
0.927569;0.217422;-0.217422
0.928401;0.224744;-0.217422
0.903214;0.2101;-0.2101
0.90452;0.217422;-0.2101
0.905836;0.224744;-0.2101
0.885501;0.191193;-0.205838
0.887071;0.198516;-0.205838
0.888651;0.205838;-0.205838
0.860893;0.191193;-0.198516
0.862976;0.198516;-0.198516
0.865061;0.205838;-0.198516
0.836497;0.191193;-0.191193
0.839092;0.198516;-0.191193
0.841679;0.205838;-0.191193
0.889575;0.2101;-0.205838
0.891167;0.217422;-0.205838
0.892764;0.224744;-0.205838
0.866274;0.2101;-0.198516
0.868357;0.217422;-0.198516
0.870436;0.224744;-0.198516
0.843181;0.2101;-0.191193
0.845753;0.217422;-0.191193
0.848312;0.224744;-0.191193
0.807406;0.153381;-0.186932
0.810311;0.160703;-0.186932
0.81322;0.168025;-0.186932
0.780682;0.153381;-0.179609
0.784138;0.160703;-0.179609
0.787591;0.168025;-0.179609
0.754305;0.153381;-0.172287
0.758309;0.160703;-0.172287
0.762301;0.168025;-0.172287
0.814914;0.172287;-0.186932
0.817823;0.179609;-0.186932
0.820728;0.186932;-0.186932
0.789597;0.172287;-0.179609
0.793036;0.179609;-0.179609
0.796462;0.186932;-0.179609
0.764618;0.172287;-0.172287
0.768584;0.179609;-0.172287
0.772529;0.186932;-0.172287
0.739132;0.153381;-0.168025
0.743453;0.160703;-0.168025
0.747759;0.168025;-0.168025
0.7134;0.153381;-0.160703
0.718264;0.160703;-0.160703
0.723104;0.168025;-0.160703
0.688137;0.153381;-0.153381
0.693541;0.160703;-0.153381
0.698912;0.168025;-0.153381
0.750255;0.172287;-0.168025
0.754526;0.179609;-0.168025
0.758771;0.186932;-0.168025
0.725908;0.172287;-0.160703
0.730701;0.179609;-0.160703
0.735458;0.186932;-0.160703
0.702021;0.172287;-0.153381
0.707331;0.179609;-0.153381
0.712598;0.186932;-0.153381
0.822415;0.191193;-0.186932
0.825306;0.198516;-0.186932
0.828186;0.205838;-0.186932
0.798449;0.191193;-0.179609
0.801848;0.198516;-0.179609
0.805226;0.205838;-0.179609
0.774813;0.191193;-0.172287
0.778717;0.198516;-0.172287
0.782592;0.205838;-0.172287
0.829855;0.2101;-0.186932
0.83271;0.217422;-0.186932
0.835548;0.224744;-0.186932
0.807182;0.2101;-0.179609
0.810523;0.217422;-0.179609
0.813836;0.224744;-0.179609
0.784832;0.2101;-0.172287
0.788654;0.217422;-0.172287
0.792441;0.224744;-0.172287
0.761228;0.191193;-0.168025
0.765424;0.198516;-0.168025
0.769586;0.205838;-0.168025
0.73821;0.191193;-0.160703
0.742905;0.198516;-0.160703
0.747556;0.205838;-0.160703
0.715641;0.191193;-0.153381
0.720831;0.198516;-0.153381
0.725968;0.205838;-0.153381
0.77199;0.2101;-0.168025
0.776092;0.217422;-0.168025
0.780152;0.224744;-0.168025
0.750242;0.2101;-0.160703
0.754819;0.217422;-0.160703
0.759347;0.224744;-0.160703
0.728933;0.2101;-0.153381
0.733981;0.217422;-0.153381
0.738971;0.224744;-0.153381
0.951275;0.229006;-0.224744
0.951663;0.236328;-0.224744
0.952073;0.24365;-0.224744
0.928893;0.229006;-0.217422
0.929751;0.236328;-0.217422
0.930622;0.24365;-0.217422
0.906605;0.229006;-0.2101
0.907933;0.236328;-0.2101
0.909265;0.24365;-0.2101
0.952321;0.247912;-0.224744
0.952762;0.255234;-0.224744
0.95322;0.262557;-0.224744
0.931134;0.247912;-0.217422
0.932023;0.255234;-0.217422
0.93292;0.262557;-0.217422
0.910041;0.247912;-0.2101
0.911377;0.255234;-0.2101
0.912714;0.262557;-0.2101
0.893695;0.229006;-0.205838
0.895295;0.236328;-0.205838
0.896895;0.24365;-0.205838
0.871643;0.229006;-0.198516
0.873711;0.236328;-0.198516
0.87577;0.24365;-0.198516
0.849795;0.229006;-0.191193
0.852329;0.236328;-0.191193
0.854846;0.24365;-0.191193
0.897825;0.247912;-0.205838
0.899421;0.255234;-0.205838
0.901013;0.262557;-0.205838
0.876964;0.247912;-0.198516
0.879006;0.255234;-0.198516
0.881035;0.262557;-0.198516
0.856303;0.247912;-0.191193
0.858789;0.255234;-0.191193
0.861253;0.262557;-0.191193
0.953494;0.266818;-0.224744
0.953977;0.274141;-0.224744
0.954473;0.281463;-0.224744
0.933446;0.266818;-0.217422
0.934355;0.274141;-0.217422
0.935269;0.281463;-0.217422
0.913492;0.266818;-0.2101
0.914826;0.274141;-0.2101
0.916158;0.281463;-0.2101
0.954768;0.285725;-0.224744
0.955283;0.293047;-0.224744
0.955808;0.300369;-0.224744
0.935803;0.285725;-0.217422
0.936723;0.293047;-0.217422
0.937645;0.300369;-0.217422
0.916931;0.285725;-0.2101
0.918256;0.293047;-0.2101
0.919575;0.300369;-0.2101
0.901937;0.266818;-0.205838
0.903519;0.274141;-0.205838
0.905093;0.281463;-0.205838
0.88221;0.266818;-0.198516
0.884216;0.274141;-0.198516
0.886206;0.281463;-0.198516
0.862677;0.266818;-0.191193
0.865105;0.274141;-0.191193
0.867509;0.281463;-0.191193
0.906005;0.285725;-0.205838
0.907565;0.293047;-0.205838
0.909114;0.300369;-0.205838
0.887356;0.285725;-0.198516
0.889318;0.293047;-0.198516
0.891262;0.300369;-0.198516
0.868896;0.285725;-0.191193
0.871259;0.293047;-0.191193
0.873596;0.300369;-0.191193
0.83719;0.229006;-0.186932
0.839995;0.236328;-0.186932
0.842778;0.24365;-0.186932
0.815752;0.229006;-0.179609
0.819019;0.236328;-0.179609
0.822255;0.24365;-0.179609
0.794628;0.229006;-0.172287
0.798354;0.236328;-0.172287
0.80204;0.24365;-0.172287
0.844386;0.247912;-0.186932
0.847129;0.255234;-0.186932
0.849846;0.262557;-0.186932
0.824123;0.247912;-0.179609
0.827306;0.255234;-0.179609
0.830454;0.262557;-0.179609
0.804167;0.247912;-0.172287
0.807786;0.255234;-0.172287
0.811362;0.262557;-0.172287
0.782496;0.229006;-0.168025
0.786488;0.236328;-0.168025
0.790434;0.24365;-0.168025
0.761958;0.229006;-0.160703
0.766402;0.236328;-0.160703
0.770792;0.24365;-0.160703
0.741847;0.229006;-0.153381
0.746739;0.236328;-0.153381
0.751567;0.24365;-0.153381
0.792709;0.247912;-0.168025
0.796581;0.255234;-0.168025
0.800404;0.262557;-0.168025
0.773322;0.247912;-0.160703
0.777623;0.255234;-0.160703
0.781866;0.262557;-0.160703
0.754348;0.247912;-0.153381
0.759073;0.255234;-0.153381
0.763732;0.262557;-0.153381
0.851414;0.266818;-0.186932
0.854087;0.274141;-0.186932
0.85673;0.281463;-0.186932
0.83227;0.266818;-0.179609
0.83536;0.274141;-0.179609
0.838413;0.281463;-0.179609
0.813422;0.266818;-0.172287
0.816927;0.274141;-0.172287
0.820385;0.281463;-0.172287
0.858255;0.285725;-0.186932
0.86085;0.293047;-0.186932
0.863414;0.300369;-0.186932
0.840172;0.285725;-0.179609
0.843163;0.293047;-0.179609
0.846115;0.300369;-0.179609
0.822376;0.285725;-0.172287
0.82576;0.293047;-0.172287
0.829097;0.300369;-0.172287
0.802606;0.266818;-0.168025
0.806349;0.274141;-0.168025
0.810042;0.281463;-0.168025
0.784309;0.266818;-0.160703
0.78846;0.274141;-0.160703
0.792551;0.281463;-0.160703
0.766413;0.266818;-0.153381
0.770965;0.274141;-0.153381
0.775449;0.281463;-0.153381
0.812167;0.285725;-0.168025
0.815777;0.293047;-0.168025
0.819335;0.300369;-0.168025
0.794904;0.285725;-0.160703
0.7989;0.293047;-0.160703
0.802834;0.300369;-0.160703
0.778027;0.285725;-0.153381
0.782402;0.293047;-0.153381
0.786709;0.300369;-0.153381
0.564279;0.00213077;-0.149119
0.568099;0.00945312;-0.149119
0.572214;0.0167755;-0.149119
0.528882;0.00213077;-0.141797
0.533075;0.00945312;-0.141797
0.537601;0.0167755;-0.141797
0.494306;0.00213077;-0.134475
0.498827;0.00945312;-0.134475
0.503731;0.0167755;-0.134475
0.574733;0.021037;-0.149119
0.579252;0.0283594;-0.149119
0.583991;0.0356817;-0.149119
0.540376;0.021037;-0.141797
0.545359;0.0283594;-0.141797
0.550589;0.0356817;-0.141797
0.506744;0.021037;-0.134475
0.512168;0.0283594;-0.134475
0.517869;0.0356817;-0.134475
0.474571;0.00213077;-0.130213
0.479264;0.00945312;-0.130213
0.484372;0.0167755;-0.130213
0.441348;0.00213077;-0.122891
0.446301;0.00945312;-0.122891
0.451731;0.0167755;-0.122891
0.409006;0.00213077;-0.115568
0.414174;0.00945312;-0.115568
0.419892;0.0167755;-0.115568
0.487517;0.021037;-0.130213
0.493185;0.0283594;-0.130213
0.499152;0.0356817;-0.130213
0.455088;0.021037;-0.122891
0.461159;0.0283594;-0.122891
0.467571;0.0356817;-0.122891
0.423447;0.021037;-0.115568
0.429901;0.0283594;-0.115568
0.436743;0.0356817;-0.115568
0.586839;0.0399433;-0.149119
0.591872;0.0472656;-0.149119
0.597061;0.054588;-0.149119
0.553734;0.0399433;-0.141797
0.559292;0.0472656;-0.141797
0.565022;0.054588;-0.141797
0.521301;0.0399433;-0.134475
0.52737;0.0472656;-0.134475
0.533631;0.054588;-0.134475
0.600144;0.0588495;-0.149119
0.605537;0.0661719;-0.149119
0.611032;0.0734942;-0.149119
0.568426;0.0588495;-0.141797
0.574378;0.0661719;-0.141797
0.580441;0.0734942;-0.141797
0.53735;0.0588495;-0.134475
0.543855;0.0661719;-0.134475
0.55048;0.0734942;-0.134475
0.502747;0.0399433;-0.130213
0.509109;0.0472656;-0.130213
0.515674;0.054588;-0.130213
0.47144;0.0399433;-0.122891
0.478296;0.0472656;-0.122891
0.48538;0.054588;-0.122891
0.440881;0.0399433;-0.115568
0.448226;0.0472656;-0.115568
0.455825;0.054588;-0.115568
0.519576;0.0588495;-0.130213
0.526399;0.0661719;-0.130213
0.53335;0.0734942;-0.130213
0.489593;0.0588495;-0.122891
0.496963;0.0661719;-0.122891
0.504472;0.0734942;-0.122891
0.460349;0.0588495;-0.115568
0.468266;0.0661719;-0.115568
0.476334;0.0734942;-0.115568
0.390594;0.00213077;-0.111307
0.395867;0.00945312;-0.111307
0.401737;0.0167755;-0.111307
0.359667;0.00213077;-0.103984
0.365084;0.00945312;-0.103984
0.371193;0.0167755;-0.103984
0.329637;0.00213077;-0.096662
0.335154;0.00945312;-0.096662
0.341475;0.0167755;-0.096662
0.4054;0.021037;-0.111307
0.41207;0.0283594;-0.111307
0.419157;0.0356817;-0.111307
0.375033;0.021037;-0.103984
0.382061;0.0283594;-0.103984
0.389566;0.0356817;-0.103984
0.345481;0.021037;-0.096662
0.35286;0.0283594;-0.096662
0.360784;0.0356817;-0.096662
0.312568;0.00213077;-0.0924005
0.318125;0.00945312;-0.0924005
0.324558;0.0167755;-0.0924005
0.283933;0.00213077;-0.0850781
0.289527;0.00945312;-0.0850781
0.296141;0.0167755;-0.0850781
0.256154;0.00213077;-0.0777558
0.261751;0.00945312;-0.0777558
0.268538;0.0167755;-0.0777558
0.328659;0.021037;-0.0924005
0.336242;0.0283594;-0.0924005
0.344413;0.0356817;-0.0924005
0.300403;0.021037;-0.0850781
0.308343;0.0283594;-0.0850781
0.316952;0.0356817;-0.0850781
0.272965;0.021037;-0.0777558
0.281281;0.0283594;-0.0777558
0.290359;0.0356817;-0.0777558
0.42345;0.0399433;-0.111307
0.431078;0.0472656;-0.111307
0.438979;0.054588;-0.111307
0.394126;0.0399433;-0.103984
0.402242;0.0472656;-0.103984
0.410663;0.054588;-0.103984
0.365612;0.0399433;-0.096662
0.374226;0.0472656;-0.096662
0.383179;0.054588;-0.096662
0.443683;0.0588495;-0.111307
0.45192;0.0661719;-0.111307
0.460316;0.0734942;-0.111307
0.415683;0.0588495;-0.103984
0.424475;0.0661719;-0.103984
0.433441;0.0734942;-0.103984
0.38852;0.0588495;-0.096662
0.397881;0.0661719;-0.096662
0.407429;0.0734942;-0.096662
0.349401;0.0399433;-0.0924005
0.358312;0.0472656;-0.0924005
0.367583;0.054588;-0.0924005
0.322225;0.0399433;-0.0850781
0.331665;0.0472656;-0.0850781
0.341503;0.054588;-0.0850781
0.295936;0.0399433;-0.0777558
0.305941;0.0472656;-0.0777558
0.31638;0.054588;-0.0777558
0.373116;0.0588495;-0.0924005
0.382816;0.0661719;-0.0924005
0.39271;0.0734942;-0.0924005
0.347378;0.0588495;-0.0850781
0.35768;0.0661719;-0.0850781
0.368186;0.0734942;-0.0850781
0.322617;0.0588495;-0.0777558
0.333551;0.0661719;-0.0777558
0.344696;0.0734942;-0.0777558
0.614271;0.0777558;-0.149119
0.619895;0.0850781;-0.149119
0.625579;0.0924005;-0.149119
0.584013;0.0777558;-0.141797
0.590212;0.0850781;-0.141797
0.596473;0.0924005;-0.141797
0.554382;0.0777558;-0.134475
0.561153;0.0850781;-0.134475
0.567989;0.0924005;-0.134475
0.62891;0.096662;-0.149119
0.634663;0.103984;-0.149119
0.640443;0.111307;-0.149119
0.60014;0.096662;-0.141797
0.606469;0.103984;-0.141797
0.612823;0.111307;-0.141797
0.57199;0.096662;-0.134475
0.578893;0.103984;-0.134475
0.585819;0.111307;-0.134475
0.537444;0.0777558;-0.130213
0.544546;0.0850781;-0.130213
0.551715;0.0924005;-0.130213
0.508895;0.0777558;-0.122891
0.516567;0.0850781;-0.122891
0.524309;0.0924005;-0.122891
0.481087;0.0777558;-0.115568
0.48933;0.0850781;-0.115568
0.497647;0.0924005;-0.115568
0.555911;0.096662;-0.130213
0.563148;0.103984;-0.130213
0.570406;0.111307;-0.130213
0.528838;0.096662;-0.122891
0.536648;0.103984;-0.122891
0.544476;0.111307;-0.122891
0.502511;0.096662;-0.115568
0.510895;0.103984;-0.115568
0.519295;0.111307;-0.115568
0.643814;0.115568;-0.149119
0.649614;0.122891;-0.149119
0.655414;0.130213;-0.149119
0.616528;0.115568;-0.141797
0.622895;0.122891;-0.141797
0.629258;0.130213;-0.141797
0.589855;0.115568;-0.134475
0.596788;0.122891;-0.134475
0.603711;0.130213;-0.134475
0.658786;0.134475;-0.149119
0.664568;0.141797;-0.149119
0.67033;0.149119;-0.149119
0.632955;0.134475;-0.141797
0.63929;0.141797;-0.141797
0.645598;0.149119;-0.141797
0.607731;0.134475;-0.134475
0.614616;0.141797;-0.134475
0.621466;0.149119;-0.134475
0.574633;0.115568;-0.130213
0.581895;0.122891;-0.130213
0.589143;0.130213;-0.130213
0.549034;0.115568;-0.122891
0.55686;0.122891;-0.122891
0.564665;0.130213;-0.122891
0.524183;0.115568;-0.115568
0.532571;0.122891;-0.115568
0.540932;0.130213;-0.115568
0.593351;0.134475;-0.130213
0.600554;0.141797;-0.130213
0.607718;0.149119;-0.130213
0.569193;0.134475;-0.122891
0.576942;0.141797;-0.122891
0.584643;0.149119;-0.122891
0.54578;0.134475;-0.115568
0.554072;0.141797;-0.115568
0.562306;0.149119;-0.115568
0.465262;0.0777558;-0.111307
0.47384;0.0850781;-0.111307
0.482493;0.0924005;-0.111307
0.438723;0.0777558;-0.103984
0.447882;0.0850781;-0.103984
0.457118;0.0924005;-0.103984
0.413053;0.0777558;-0.096662
0.422803;0.0850781;-0.096662
0.432631;0.0924005;-0.096662
0.487554;0.096662;-0.111307
0.496273;0.103984;-0.111307
0.505006;0.111307;-0.111307
0.462517;0.096662;-0.103984
0.471816;0.103984;-0.103984
0.481124;0.111307;-0.103984
0.438373;0.096662;-0.096662
0.448258;0.103984;-0.096662
0.458144;0.111307;-0.096662
0.398538;0.0777558;-0.0924005
0.408638;0.0850781;-0.0924005
0.418815;0.0924005;-0.0924005
0.374371;0.0777558;-0.0850781
0.385087;0.0850781;-0.0850781
0.395875;0.0924005;-0.0850781
0.351253;0.0777558;-0.0777558
0.362603;0.0850781;-0.0777558
0.374017;0.0924005;-0.0777558
0.42476;0.096662;-0.0924005
0.434989;0.103984;-0.0924005
0.445214;0.111307;-0.0924005
0.402172;0.096662;-0.0850781
0.412998;0.103984;-0.0850781
0.42381;0.111307;-0.0850781
0.380673;0.096662;-0.0777558
0.392105;0.103984;-0.0777558
0.403508;0.111307;-0.0777558
0.510086;0.115568;-0.111307
0.518802;0.122891;-0.111307
0.527486;0.130213;-0.111307
0.486536;0.115568;-0.103984
0.495815;0.122891;-0.103984
0.505053;0.130213;-0.103984
0.46389;0.115568;-0.096662
0.473733;0.122891;-0.096662
0.483525;0.130213;-0.096662
0.532519;0.134475;-0.111307
0.541126;0.141797;-0.111307
0.549669;0.149119;-0.111307
0.510405;0.134475;-0.103984
0.51955;0.141797;-0.103984
0.528621;0.149119;-0.103984
0.489194;0.134475;-0.096662
0.498874;0.141797;-0.096662
0.508468;0.149119;-0.096662
0.451154;0.115568;-0.0924005
0.461326;0.122891;-0.0924005
0.471439;0.130213;-0.0924005
0.430085;0.115568;-0.0850781
0.440823;0.122891;-0.0850781
0.451488;0.130213;-0.0850781
0.410119;0.115568;-0.0777558
0.421422;0.122891;-0.0777558
0.432635;0.130213;-0.0777558
0.477292;0.134475;-0.0924005
0.487283;0.141797;-0.0924005
0.497178;0.149119;-0.0924005
0.457655;0.134475;-0.0850781
0.468173;0.141797;-0.0850781
0.478582;0.149119;-0.0850781
0.439113;0.134475;-0.0777558
0.450152;0.141797;-0.0777558
0.461065;0.149119;-0.0777558
0.240368;0.00213077;-0.0734942
0.245954;0.00945312;-0.0734942
0.252843;0.0167755;-0.0734942
0.213874;0.00213077;-0.0661719
0.219425;0.00945312;-0.0661719
0.226505;0.0167755;-0.0661719
0.188136;0.00213077;-0.0588495
0.193646;0.00945312;-0.0588495
0.200957;0.0167755;-0.0588495
0.257373;0.021037;-0.0734942
0.265924;0.0283594;-0.0734942
0.275294;0.0356817;-0.0734942
0.23123;0.021037;-0.0661719
0.240227;0.0283594;-0.0661719
0.25015;0.0356817;-0.0661719
0.205915;0.021037;-0.0588495
0.215439;0.0283594;-0.0588495
0.226002;0.0356817;-0.0588495
0.173484;0.00213077;-0.054588
0.178975;0.00945312;-0.054588
0.186452;0.0167755;-0.054588
0.148828;0.00213077;-0.0472656
0.154314;0.00945312;-0.0472656
0.162168;0.0167755;-0.0472656
0.124773;0.00213077;-0.0399433
0.130331;0.00945312;-0.0399433
0.13874;0.0167755;-0.0399433
0.191572;0.021037;-0.054588
0.201456;0.0283594;-0.054588
0.212444;0.0356817;-0.054588
0.167635;0.021037;-0.0472656
0.17826;0.0283594;-0.0472656
0.190097;0.0356817;-0.0472656
0.144679;0.021037;-0.0399433
0.156259;0.0283594;-0.0399433
0.169134;0.0356817;-0.0399433
0.281062;0.0399433;-0.0734942
0.291417;0.0472656;-0.0734942
0.302228;0.054588;-0.0734942
0.256275;0.0399433;-0.0661719
0.267282;0.0472656;-0.0661719
0.278776;0.054588;-0.0661719
0.232532;0.0399433;-0.0588495
0.244271;0.0472656;-0.0588495
0.256516;0.054588;-0.0588495
0.308686;0.0588495;-0.0734942
0.320006;0.0661719;-0.0734942
0.331537;0.0734942;-0.0734942
0.285638;0.0588495;-0.0661719
0.297654;0.0661719;-0.0661719
0.309877;0.0734942;-0.0661719
0.263817;0.0588495;-0.0588495
0.27658;0.0661719;-0.0588495
0.289533;0.0734942;-0.0588495
0.219239;0.0399433;-0.054588
0.231448;0.0472656;-0.054588
0.244167;0.054588;-0.054588
0.19741;0.0399433;-0.0472656
0.210517;0.0472656;-0.0472656
0.224121;0.054588;-0.0472656
0.177057;0.0399433;-0.0399433
0.19119;0.0472656;-0.0399433
0.205768;0.054588;-0.0399433
0.251742;0.0588495;-0.054588
0.264964;0.0661719;-0.054588
0.278358;0.0734942;-0.054588
0.232196;0.0588495;-0.0472656
0.246248;0.0661719;-0.0472656
0.260427;0.0734942;-0.0472656
0.214381;0.0588495;-0.0399433
0.229304;0.0661719;-0.0399433
0.244289;0.0734942;-0.0399433
0.111021;0.00213077;-0.0356817
0.116685;0.00945312;-0.0356817
0.125545;0.0167755;-0.0356817
0.0877659;0.00213077;-0.0283594
0.0938155;0.00945312;-0.0283594
0.103793;0.0167755;-0.0283594
0.0649253;0.00213077;-0.021037
0.0718467;0.00945312;-0.021037
0.0836361;0.0167755;-0.021037
0.131841;0.021037;-0.0356817
0.144108;0.0283594;-0.0356817
0.157692;0.0356817;-0.0356817
0.110902;0.021037;-0.0283594
0.124639;0.0283594;-0.0283594
0.139641;0.0356817;-0.0283594
0.0919045;0.021037;-0.021037
0.107531;0.0283594;-0.021037
0.124177;0.0356817;-0.021037
0.0518035;0.00213077;-0.0167755
0.0596776;0.00945312;-0.0167755
0.0730177;0.0167755;-0.0167755
0.0295954;0.00213077;-0.00945312
0.0408741;0.00945312;-0.00945312
0.0580086;0.0167755;-0.00945312
0.00914909;0.00213077;-0.00213077
0.0290088;0.00945312;-0.00213077
0.05002;0.0167755;-0.00213077
0.0821526;0.021037;-0.0167755
0.0990522;0.0283594;-0.0167755
0.116702;0.0356817;-0.0167755
0.0688581;0.021037;-0.00945312
0.0879681;0.0283594;-0.00945312
0.107179;0.0356817;-0.00945312
0.0621301;0.021037;-0.00213077
0.0826314;0.0283594;-0.00213077
0.102715;0.0356817;-0.00213077
0.166018;0.0399433;-0.0356817
0.180807;0.0472656;-0.0356817
0.195987;0.054588;-0.0356817
0.148736;0.0399433;-0.0283594
0.164736;0.0472656;-0.0283594
0.180989;0.054588;-0.0283594
0.134108;0.0399433;-0.021037
0.15136;0.0472656;-0.021037
0.168665;0.054588;-0.021037
0.204926;0.0588495;-0.0356817
0.220367;0.0661719;-0.0356817
0.235821;0.0734942;-0.0356817
0.190493;0.0588495;-0.0283594
0.206814;0.0661719;-0.0283594
0.223048;0.0734942;-0.0283594
0.178706;0.0588495;-0.021037
0.195841;0.0661719;-0.021037
0.212777;0.0734942;-0.021037
0.127116;0.0399433;-0.0167755
0.145058;0.0472656;-0.0167755
0.16292;0.054588;-0.0167755
0.118298;0.0399433;-0.00945312
0.137215;0.0472656;-0.00945312
0.155834;0.054588;-0.00945312
0.114208;0.0399433;-0.00213077
0.133621;0.0472656;-0.00213077
0.152614;0.054588;-0.00213077
0.173237;0.0588495;-0.0167755
0.190784;0.0661719;-0.0167755
0.208069;0.0734942;-0.0167755
0.166519;0.0588495;-0.00945312
0.184606;0.0661719;-0.00945312
0.202339;0.0734942;-0.00945312
0.163477;0.0588495;-0.00213077
0.181821;0.0661719;-0.00213077
0.199765;0.0734942;-0.00213077
0.338317;0.0777558;-0.0734942
0.350047;0.0850781;-0.0734942
0.361832;0.0924005;-0.0734942
0.317055;0.0777558;-0.0661719
0.329454;0.0850781;-0.0661719
0.34189;0.0924005;-0.0661719
0.297124;0.0777558;-0.0588495
0.310215;0.0850781;-0.0588495
0.323315;0.0924005;-0.0588495
0.3687;0.096662;-0.0734942
0.380488;0.103984;-0.0734942
0.392236;0.111307;-0.0734942
0.349127;0.096662;-0.0661719
0.361532;0.103984;-0.0661719
0.373874;0.111307;-0.0661719
0.330924;0.096662;-0.0588495
0.343948;0.103984;-0.0588495
0.35688;0.111307;-0.0588495
0.286198;0.0777558;-0.054588
0.299699;0.0850781;-0.054588
0.313189;0.0924005;-0.054588
0.268704;0.0777558;-0.0472656
0.282918;0.0850781;-0.0472656
0.297077;0.0924005;-0.0472656
0.253006;0.0777558;-0.0399433
0.267929;0.0850781;-0.0399433
0.282743;0.0924005;-0.0399433
0.321016;0.096662;-0.054588
0.334398;0.103984;-0.054588
0.347669;0.111307;-0.054588
0.305274;0.096662;-0.0472656
0.31926;0.103984;-0.0472656
0.333099;0.111307;-0.0472656
0.291298;0.096662;-0.0399433
0.305865;0.103984;-0.0399433
0.320242;0.111307;-0.0399433
0.399044;0.115568;-0.0734942
0.410674;0.122891;-0.0734942
0.422203;0.130213;-0.0734942
0.381016;0.115568;-0.0661719
0.393205;0.122891;-0.0661719
0.40527;0.130213;-0.0661719
0.364354;0.115568;-0.0588495
0.377089;0.122891;-0.0588495
0.389677;0.130213;-0.0588495
0.42886;0.134475;-0.0734942
0.440197;0.141797;-0.0734942
0.451398;0.149119;-0.0734942
0.412229;0.134475;-0.0661719
0.424069;0.141797;-0.0661719
0.435752;0.149119;-0.0661719
0.396929;0.134475;-0.0588495
0.409254;0.141797;-0.0588495
0.421401;0.149119;-0.0588495
0.355331;0.115568;-0.054588
0.368378;0.122891;-0.054588
0.381261;0.130213;-0.054588
0.341076;0.115568;-0.0472656
0.354639;0.122891;-0.0472656
0.368007;0.130213;-0.0472656
0.328514;0.115568;-0.0399433
0.342558;0.122891;-0.0399433
0.356376;0.130213;-0.0399433
0.388678;0.134475;-0.054588
0.401275;0.141797;-0.054588
0.413679;0.149119;-0.054588
0.375693;0.134475;-0.0472656
0.388734;0.141797;-0.0472656
0.401559;0.149119;-0.0472656
0.364311;0.134475;-0.0399433
0.377758;0.141797;-0.0399433
0.390965;0.149119;-0.0399433
0.24479;0.0777558;-0.0356817
0.260115;0.0850781;-0.0356817
0.275296;0.0924005;-0.0356817
0.23243;0.0777558;-0.0283594
0.248407;0.0850781;-0.0283594
0.264173;0.0924005;-0.0283594
0.222525;0.0777558;-0.021037
0.23907;0.0850781;-0.021037
0.255337;0.0924005;-0.021037
0.28405;0.096662;-0.0356817
0.298934;0.103984;-0.0356817
0.313605;0.111307;-0.0356817
0.273241;0.096662;-0.0283594
0.288627;0.103984;-0.0283594
0.303754;0.111307;-0.0283594
0.264672;0.096662;-0.021037
0.280479;0.103984;-0.021037
0.295986;0.111307;-0.021037
0.217996;0.0777558;-0.0167755
0.234815;0.0850781;-0.0167755
0.251322;0.0924005;-0.0167755
0.212494;0.0777558;-0.00945312
0.22966;0.0850781;-0.00945312
0.24647;0.0924005;-0.00945312
0.210027;0.0777558;-0.00213077
0.227354;0.0850781;-0.00213077
0.244302;0.0924005;-0.00213077
0.260784;0.096662;-0.0167755
0.27679;0.103984;-0.0167755
0.292475;0.111307;-0.0167755
0.256089;0.096662;-0.00945312
0.272342;0.103984;-0.00945312
0.288248;0.111307;-0.00945312
0.253994;0.096662;-0.00213077
0.270359;0.103984;-0.00213077
0.286365;0.111307;-0.00213077
0.322038;0.115568;-0.0356817
0.33634;0.122891;-0.0356817
0.350399;0.130213;-0.0356817
0.312435;0.115568;-0.0283594
0.327137;0.122891;-0.0283594
0.341565;0.130213;-0.0283594
0.304873;0.115568;-0.021037
0.319903;0.122891;-0.021037
0.334632;0.130213;-0.021037
0.358467;0.134475;-0.0356817
0.37213;0.141797;-0.0356817
0.385539;0.149119;-0.0356817
0.349835;0.134475;-0.0283594
0.363826;0.141797;-0.0283594
0.377541;0.149119;-0.0283594
0.343066;0.134475;-0.021037
0.357323;0.141797;-0.021037
0.371286;0.149119;-0.021037
0.301457;0.115568;-0.0167755
0.31664;0.122891;-0.0167755
0.331509;0.130213;-0.0167755
0.297348;0.115568;-0.00945312
0.312718;0.122891;-0.00945312
0.327757;0.130213;-0.00945312
0.295519;0.115568;-0.00213077
0.310973;0.122891;-0.00213077
0.326089;0.130213;-0.00213077
0.340019;0.134475;-0.0167755
0.354398;0.141797;-0.0167755
0.368474;0.149119;-0.0167755
0.33636;0.134475;-0.00945312
0.350888;0.141797;-0.00945312
0.365101;0.149119;-0.00945312
0.334734;0.134475;-0.00213077
0.349329;0.141797;-0.00213077
0.363604;0.149119;-0.00213077
0.673671;0.153381;-0.149119
0.679386;0.160703;-0.149119
0.685064;0.168025;-0.149119
0.649252;0.153381;-0.141797
0.655501;0.160703;-0.141797
0.661704;0.168025;-0.141797
0.625432;0.153381;-0.134475
0.63221;0.160703;-0.134475
0.638934;0.168025;-0.134475
0.68835;0.172287;-0.149119
0.69396;0.179609;-0.149119
0.699521;0.186932;-0.149119
0.665291;0.172287;-0.141797
0.671412;0.179609;-0.141797
0.677474;0.186932;-0.141797
0.64282;0.172287;-0.134475
0.649446;0.179609;-0.134475
0.656005;0.186932;-0.134475
0.611865;0.153381;-0.130213
0.618949;0.160703;-0.130213
0.625974;0.168025;-0.130213
0.589098;0.153381;-0.122891
0.596705;0.160703;-0.122891
0.604242;0.168025;-0.122891
0.567068;0.153381;-0.115568
0.575193;0.160703;-0.115568
0.583238;0.168025;-0.115568
0.630032;0.172287;-0.130213
0.636951;0.179609;-0.130213
0.643796;0.186932;-0.130213
0.608595;0.172287;-0.122891
0.616011;0.179609;-0.122891
0.623344;0.186932;-0.122891
0.587881;0.172287;-0.115568
0.595789;0.179609;-0.115568
0.603602;0.186932;-0.115568
0.702733;0.191193;-0.149119
0.708209;0.198516;-0.149119
0.713626;0.205838;-0.149119
0.680974;0.191193;-0.141797
0.686937;0.198516;-0.141797
0.692832;0.205838;-0.141797
0.65979;0.191193;-0.134475
0.666234;0.198516;-0.134475
0.672601;0.205838;-0.134475
0.716751;0.2101;-0.149119
0.722072;0.217422;-0.149119
0.727328;0.224744;-0.149119
0.696231;0.2101;-0.141797
0.702014;0.217422;-0.141797
0.707723;0.224744;-0.141797
0.67627;0.2101;-0.134475
0.68251;0.217422;-0.134475
0.688666;0.224744;-0.134475
0.647745;0.191193;-0.130213
0.654466;0.198516;-0.130213
0.661105;0.205838;-0.130213
0.627572;0.191193;-0.122891
0.634764;0.198516;-0.122891
0.641864;0.205838;-0.122891
0.608104;0.191193;-0.115568
0.615761;0.198516;-0.115568
0.623313;0.205838;-0.115568
0.664929;0.2101;-0.130213
0.671431;0.217422;-0.130213
0.677844;0.224744;-0.130213
0.645952;0.2101;-0.122891
0.652899;0.217422;-0.122891
0.659746;0.224744;-0.122891
0.62766;0.2101;-0.115568
0.635043;0.217422;-0.115568
0.642316;0.224744;-0.115568
0.554608;0.153381;-0.111307
0.563032;0.160703;-0.111307
0.57137;0.168025;-0.111307
0.533862;0.153381;-0.103984
0.542795;0.160703;-0.103984
0.551632;0.168025;-0.103984
0.514008;0.153381;-0.096662
0.523444;0.160703;-0.096662
0.532771;0.168025;-0.096662
0.576181;0.172287;-0.111307
0.584371;0.179609;-0.111307
0.592461;0.186932;-0.111307
0.556727;0.172287;-0.103984
0.565397;0.179609;-0.103984
0.573954;0.186932;-0.103984
0.538146;0.172287;-0.096662
0.547286;0.179609;-0.096662
0.556301;0.186932;-0.096662
0.50289;0.153381;-0.0924005
0.512616;0.160703;-0.0924005
0.522224;0.168025;-0.0924005
0.484585;0.153381;-0.0850781
0.4948;0.160703;-0.0850781
0.504883;0.168025;-0.0850781
0.467353;0.153381;-0.0777558
0.478047;0.160703;-0.0777558
0.488592;0.168025;-0.0777558
0.527759;0.172287;-0.0924005
0.537167;0.179609;-0.0924005
0.546444;0.186932;-0.0924005
0.510688;0.172287;-0.0850781
0.520549;0.179609;-0.0850781
0.530264;0.186932;-0.0850781
0.494658;0.172287;-0.0777558
0.504957;0.179609;-0.0777558
0.515095;0.186932;-0.0777558
0.597121;0.191193;-0.111307
0.605043;0.198516;-0.111307
0.612855;0.205838;-0.111307
0.578881;0.191193;-0.103984
0.587252;0.198516;-0.103984
0.595502;0.205838;-0.103984
0.561488;0.191193;-0.096662
0.570298;0.198516;-0.096662
0.578975;0.205838;-0.096662
0.617349;0.2101;-0.111307
0.624982;0.217422;-0.111307
0.632498;0.224744;-0.111307
0.600246;0.2101;-0.103984
0.608299;0.217422;-0.103984
0.616224;0.224744;-0.103984
0.583962;0.2101;-0.096662
0.592422;0.217422;-0.096662
0.600745;0.224744;-0.096662
0.55178;0.191193;-0.0924005
0.560839;0.198516;-0.0924005
0.569758;0.205838;-0.0924005
0.535849;0.191193;-0.0850781
0.545326;0.198516;-0.0850781
0.55465;0.205838;-0.0850781
0.52092;0.191193;-0.0777558
0.530799;0.198516;-0.0777558
0.540511;0.205838;-0.0777558
0.574883;0.2101;-0.0924005
0.583575;0.217422;-0.0924005
0.592122;0.224744;-0.0924005
0.560004;0.2101;-0.0850781
0.569082;0.217422;-0.0850781
0.578003;0.224744;-0.0850781
0.546086;0.2101;-0.0777558
0.555532;0.217422;-0.0777558
0.56481;0.224744;-0.0777558
0.730356;0.229006;-0.149119
0.735506;0.236328;-0.149119
0.740588;0.24365;-0.149119
0.711011;0.229006;-0.141797
0.7166;0.236328;-0.141797
0.72211;0.24365;-0.141797
0.692209;0.229006;-0.134475
0.698229;0.236328;-0.134475
0.704162;0.24365;-0.134475
0.743513;0.247912;-0.149119
0.748482;0.255234;-0.149119
0.75338;0.262557;-0.149119
0.725281;0.247912;-0.141797
0.730665;0.255234;-0.141797
0.735969;0.262557;-0.141797
0.707574;0.247912;-0.134475
0.713365;0.255234;-0.134475
0.719067;0.262557;-0.134475
0.681534;0.229006;-0.130213
0.687802;0.236328;-0.130213
0.693977;0.24365;-0.130213
0.663684;0.229006;-0.122891
0.670371;0.236328;-0.122891
0.676955;0.24365;-0.122891
0.646497;0.229006;-0.115568
0.653594;0.236328;-0.115568
0.660577;0.24365;-0.115568
0.697527;0.247912;-0.130213
0.703552;0.255234;-0.130213
0.709482;0.262557;-0.130213
0.680739;0.247912;-0.122891
0.687158;0.255234;-0.122891
0.693473;0.262557;-0.122891
0.664589;0.247912;-0.115568
0.671393;0.255234;-0.115568
0.678082;0.262557;-0.115568
0.756198;0.266818;-0.149119
0.760981;0.274141;-0.149119
0.765691;0.281463;-0.149119
0.739018;0.266818;-0.141797
0.744193;0.274141;-0.141797
0.749285;0.281463;-0.141797
0.722344;0.266818;-0.134475
0.727903;0.274141;-0.134475
0.733371;0.281463;-0.134475
0.768398;0.285725;-0.149119
0.772992;0.293047;-0.149119
0.777511;0.300369;-0.149119
0.752211;0.285725;-0.141797
0.757174;0.293047;-0.141797
0.762055;0.300369;-0.141797
0.736511;0.285725;-0.134475
0.741835;0.293047;-0.134475
0.747069;0.300369;-0.134475
0.712889;0.266818;-0.130213
0.718667;0.274141;-0.130213
0.72435;0.281463;-0.130213
0.697099;0.266818;-0.122891
0.703248;0.274141;-0.122891
0.709292;0.281463;-0.122891
0.681923;0.266818;-0.115568
0.688432;0.274141;-0.115568
0.694827;0.281463;-0.115568
0.727613;0.285725;-0.130213
0.733144;0.293047;-0.130213
0.738579;0.300369;-0.130213
0.712761;0.285725;-0.122891
0.71864;0.293047;-0.122891
0.724414;0.300369;-0.122891
0.698496;0.285725;-0.115568
0.704712;0.293047;-0.115568
0.710816;0.300369;-0.115568
0.636819;0.229006;-0.111307
0.644149;0.236328;-0.111307
0.65136;0.24365;-0.111307
0.620778;0.229006;-0.103984
0.6285;0.236328;-0.103984
0.636094;0.24365;-0.103984
0.605525;0.229006;-0.096662
0.613627;0.236328;-0.096662
0.62159;0.24365;-0.096662
0.655502;0.247912;-0.111307
0.662524;0.255234;-0.111307
0.669427;0.262557;-0.111307
0.640454;0.247912;-0.103984
0.647842;0.255234;-0.103984
0.655101;0.262557;-0.103984
0.62616;0.247912;-0.096662
0.633902;0.255234;-0.096662
0.641504;0.262557;-0.096662
0.597029;0.229006;-0.0924005
0.605346;0.236328;-0.0924005
0.613517;0.24365;-0.0924005
0.583123;0.229006;-0.0850781
0.591796;0.236328;-0.0850781
0.600313;0.24365;-0.0850781
0.570132;0.229006;-0.0777558
0.579145;0.236328;-0.0777558
0.58799;0.24365;-0.0777558
0.618206;0.247912;-0.0924005
0.626147;0.255234;-0.0924005
0.633943;0.262557;-0.0924005
0.605198;0.247912;-0.0850781
0.613469;0.255234;-0.0850781
0.621585;0.262557;-0.0850781
0.593061;0.247912;-0.0777558
0.601644;0.255234;-0.0777558
0.610063;0.262557;-0.0777558
0.673389;0.266818;-0.111307
0.680102;0.274141;-0.111307
0.686697;0.281463;-0.111307
0.659267;0.266818;-0.103984
0.666322;0.274141;-0.103984
0.67325;0.281463;-0.103984
0.645865;0.266818;-0.096662
0.65325;0.274141;-0.096662
0.660497;0.281463;-0.096662
0.69048;0.285725;-0.111307
0.696887;0.293047;-0.111307
0.703178;0.300369;-0.111307
0.677223;0.285725;-0.103984
0.68395;0.293047;-0.103984
0.690551;0.300369;-0.103984
0.664653;0.285725;-0.096662
0.671686;0.293047;-0.096662
0.678586;0.300369;-0.096662
0.638414;0.266818;-0.0924005
0.645984;0.274141;-0.0924005
0.653411;0.281463;-0.0924005
0.626238;0.266818;-0.0850781
0.634113;0.274141;-0.0850781
0.641836;0.281463;-0.0850781
0.614888;0.266818;-0.0777558
0.623052;0.274141;-0.0777558
0.631055;0.281463;-0.0777558
0.657669;0.285725;-0.0924005
0.664874;0.293047;-0.0924005
0.67194;0.300369;-0.0924005
0.646263;0.285725;-0.0850781
0.653751;0.293047;-0.0850781
0.661093;0.300369;-0.0850781
0.635641;0.285725;-0.0777558
0.643396;0.293047;-0.0777558
0.650997;0.300369;-0.0777558
0.457849;0.153381;-0.0734942
0.468814;0.160703;-0.0734942
0.479621;0.168025;-0.0734942
0.442476;0.153381;-0.0661719
0.453894;0.160703;-0.0661719
0.465135;0.168025;-0.0661719
0.428384;0.153381;-0.0588495
0.440233;0.160703;-0.0588495
0.451888;0.168025;-0.0588495
0.485835;0.172287;-0.0734942
0.496381;0.179609;-0.0734942
0.506758;0.186932;-0.0734942
0.471595;0.172287;-0.0661719
0.48255;0.179609;-0.0661719
0.49332;0.186932;-0.0661719
0.45858;0.172287;-0.0588495
0.46992;0.179609;-0.0588495
0.48106;0.186932;-0.0588495
0.420808;0.153381;-0.054588
0.432895;0.160703;-0.054588
0.444778;0.168025;-0.054588
0.408921;0.153381;-0.0472656
0.421395;0.160703;-0.0472656
0.433644;0.168025;-0.0472656
0.39854;0.153381;-0.0399433
0.411363;0.160703;-0.0399433
0.423943;0.168025;-0.0399433
0.451598;0.172287;-0.054588
0.46315;0.179609;-0.054588
0.474492;0.186932;-0.054588
0.440669;0.172287;-0.0472656
0.452561;0.179609;-0.0472656
0.464227;0.186932;-0.0472656
0.431152;0.172287;-0.0399433
0.443348;0.179609;-0.0399433
0.455304;0.186932;-0.0399433
0.512718;0.191193;-0.0734942
0.522822;0.198516;-0.0734942
0.532751;0.205838;-0.0734942
0.499502;0.191193;-0.0661719
0.509976;0.198516;-0.0661719
0.520262;0.205838;-0.0661719
0.48745;0.191193;-0.0588495
0.498271;0.198516;-0.0588495
0.50889;0.205838;-0.0588495
0.538449;0.2101;-0.0734942
0.548101;0.217422;-0.0734942
0.557578;0.224744;-0.0734942
0.526162;0.2101;-0.0661719
0.536151;0.217422;-0.0661719
0.545953;0.224744;-0.0661719
0.514978;0.2101;-0.0588495
0.52528;0.217422;-0.0588495
0.535383;0.224744;-0.0588495
0.480997;0.191193;-0.054588
0.492007;0.198516;-0.054588
0.502808;0.205838;-0.054588
0.470914;0.191193;-0.0472656
0.482225;0.198516;-0.0472656
0.493314;0.205838;-0.0472656
0.462152;0.191193;-0.0399433
0.473731;0.198516;-0.0399433
0.485076;0.205838;-0.0399433
0.508998;0.2101;-0.054588
0.51947;0.217422;-0.054588
0.529737;0.224744;-0.054588
0.499667;0.2101;-0.0472656
0.510409;0.217422;-0.0472656
0.520935;0.224744;-0.0472656
0.491572;0.2101;-0.0399433
0.502553;0.217422;-0.0399433
0.513307;0.224744;-0.0399433
0.393226;0.153381;-0.0356817
0.406232;0.160703;-0.0356817
0.418985;0.168025;-0.0356817
0.385397;0.153381;-0.0283594
0.39868;0.160703;-0.0283594
0.411693;0.168025;-0.0283594
0.379278;0.153381;-0.021037
0.392782;0.160703;-0.021037
0.406002;0.168025;-0.021037
0.426291;0.172287;-0.0356817
0.438645;0.179609;-0.0356817
0.450751;0.186932;-0.0356817
0.419143;0.172287;-0.0283594
0.431734;0.179609;-0.0283594
0.444065;0.186932;-0.0283594
0.413567;0.172287;-0.021037
0.426348;0.179609;-0.021037
0.438856;0.186932;-0.021037
0.376528;0.153381;-0.0167755
0.390133;0.160703;-0.0167755
0.403448;0.168025;-0.0167755
0.373231;0.153381;-0.00945312
0.386959;0.160703;-0.00945312
0.400388;0.168025;-0.00945312
0.371767;0.153381;-0.00213077
0.38555;0.160703;-0.00213077
0.399031;0.168025;-0.00213077
0.411066;0.172287;-0.0167755
0.423932;0.179609;-0.0167755
0.436521;0.186932;-0.0167755
0.408069;0.172287;-0.00945312
0.421039;0.179609;-0.00945312
0.433726;0.186932;-0.00945312
0.40674;0.172287;-0.00213077
0.419756;0.179609;-0.00213077
0.432487;0.186932;-0.00213077
0.457683;0.191193;-0.0356817
0.469401;0.198516;-0.0356817
0.480879;0.205838;-0.0356817
0.451122;0.191193;-0.0283594
0.463047;0.198516;-0.0283594
0.474721;0.205838;-0.0283594
0.446013;0.191193;-0.021037
0.458101;0.198516;-0.021037
0.469931;0.205838;-0.021037
0.487449;0.2101;-0.0356817
0.498552;0.217422;-0.0356817
0.509424;0.224744;-0.0356817
0.481402;0.2101;-0.0283594
0.492688;0.217422;-0.0283594
0.503734;0.224744;-0.0283594
0.476698;0.2101;-0.021037
0.488128;0.217422;-0.021037
0.499311;0.224744;-0.021037
0.443723;0.191193;-0.0167755
0.455885;0.198516;-0.0167755
0.467785;0.205838;-0.0167755
0.440982;0.191193;-0.00945312
0.453233;0.198516;-0.00945312
0.465218;0.205838;-0.00945312
0.439767;0.191193;-0.00213077
0.452058;0.198516;-0.00213077
0.46408;0.205838;-0.00213077
0.474592;0.2101;-0.0167755
0.486086;0.217422;-0.0167755
0.497331;0.224744;-0.0167755
0.472071;0.2101;-0.00945312
0.483644;0.217422;-0.00945312
0.494964;0.224744;-0.00945312
0.470955;0.2101;-0.00213077
0.482563;0.217422;-0.00213077
0.493915;0.224744;-0.00213077
0.563013;0.229006;-0.0734942
0.572214;0.236328;-0.0734942
0.581242;0.24365;-0.0734942
0.551572;0.229006;-0.0661719
0.56108;0.236328;-0.0661719
0.570405;0.24365;-0.0661719
0.541173;0.229006;-0.0588495
0.550965;0.236328;-0.0588495
0.560564;0.24365;-0.0588495
0.586416;0.247912;-0.0734942
0.595173;0.255234;-0.0734942
0.60376;0.262557;-0.0734942
0.575748;0.247912;-0.0661719
0.584786;0.255234;-0.0661719
0.593645;0.262557;-0.0661719
0.566063;0.247912;-0.0588495
0.57536;0.255234;-0.0588495
0.58447;0.262557;-0.0588495
0.535619;0.229006;-0.054588
0.545566;0.236328;-0.054588
0.555313;0.24365;-0.054588
0.526962;0.229006;-0.0472656
0.537152;0.236328;-0.0472656
0.547133;0.24365;-0.0472656
0.519463;0.229006;-0.0399433
0.529867;0.236328;-0.0399433
0.540053;0.24365;-0.0399433
0.560895;0.247912;-0.054588
0.570332;0.255234;-0.054588
0.579577;0.262557;-0.054588
0.552848;0.247912;-0.0472656
0.562505;0.255234;-0.0472656
0.571963;0.262557;-0.0472656
0.545883;0.247912;-0.0399433
0.555734;0.255234;-0.0399433
0.565377;0.262557;-0.0399433
0.60868;0.266818;-0.0734942
0.617002;0.274141;-0.0734942
0.625161;0.281463;-0.0734942
0.598719;0.266818;-0.0661719
0.607301;0.274141;-0.0661719
0.615709;0.281463;-0.0661719
0.589686;0.266818;-0.0588495
0.598505;0.274141;-0.0588495
0.607143;0.281463;-0.0588495
0.629834;0.285725;-0.0734942
0.637736;0.293047;-0.0734942
0.64548;0.300369;-0.0734942
0.620525;0.285725;-0.0661719
0.628665;0.293047;-0.0661719
0.63664;0.300369;-0.0661719
0.612089;0.285725;-0.0588495
0.620448;0.293047;-0.0588495
0.628634;0.300369;-0.0588495
0.58487;0.266818;-0.054588
0.593817;0.274141;-0.054588
0.602579;0.281463;-0.054588
0.577376;0.266818;-0.0472656
0.586523;0.274141;-0.0472656
0.595479;0.281463;-0.0472656
0.570895;0.266818;-0.0399433
0.580218;0.274141;-0.0399433
0.589343;0.281463;-0.0399433
0.607594;0.285725;-0.054588
0.61607;0.293047;-0.054588
0.62437;0.300369;-0.054588
0.600604;0.285725;-0.0472656
0.609264;0.293047;-0.0472656
0.617741;0.300369;-0.0472656
0.594564;0.285725;-0.0399433
0.603384;0.293047;-0.0399433
0.612015;0.300369;-0.0399433
0.515647;0.229006;-0.0356817
0.52616;0.236328;-0.0356817
0.536452;0.24365;-0.0356817
0.510054;0.229006;-0.0283594
0.520731;0.236328;-0.0283594
0.531179;0.24365;-0.0283594
0.505709;0.229006;-0.021037
0.516513;0.236328;-0.021037
0.527083;0.24365;-0.021037
0.542342;0.247912;-0.0356817
0.552291;0.255234;-0.0356817
0.56203;0.262557;-0.0356817
0.537156;0.247912;-0.0283594
0.547252;0.255234;-0.0283594
0.557131;0.262557;-0.0283594
0.533129;0.247912;-0.021037
0.54334;0.255234;-0.021037
0.553329;0.262557;-0.021037
0.503763;0.229006;-0.0167755
0.514625;0.236328;-0.0167755
0.52525;0.24365;-0.0167755
0.501437;0.229006;-0.00945312
0.512368;0.236328;-0.00945312
0.523059;0.24365;-0.00945312
0.500407;0.229006;-0.00213077
0.511369;0.236328;-0.00213077
0.52209;0.24365;-0.00213077
0.531327;0.247912;-0.0167755
0.541589;0.255234;-0.0167755
0.551628;0.262557;-0.0167755
0.529174;0.247912;-0.00945312
0.539497;0.255234;-0.00945312
0.549595;0.262557;-0.00945312
0.52822;0.247912;-0.00213077
0.538572;0.255234;-0.00213077
0.548696;0.262557;-0.00213077
0.567602;0.266818;-0.0356817
0.577015;0.274141;-0.0356817
0.586226;0.281463;-0.0356817
0.562782;0.266818;-0.0283594
0.572327;0.274141;-0.0283594
0.581666;0.281463;-0.0283594
0.559042;0.266818;-0.021037
0.56869;0.274141;-0.021037
0.578129;0.281463;-0.021037
0.591496;0.285725;-0.0356817
0.600398;0.293047;-0.0356817
0.609108;0.300369;-0.0356817
0.587008;0.285725;-0.0283594
0.59603;0.293047;-0.0283594
0.604857;0.300369;-0.0283594
0.583527;0.285725;-0.021037
0.592643;0.293047;-0.021037
0.60156;0.300369;-0.021037
0.557369;0.266818;-0.0167755
0.567064;0.274141;-0.0167755
0.576547;0.281463;-0.0167755
0.55537;0.266818;-0.00945312
0.56512;0.274141;-0.00945312
0.574657;0.281463;-0.00945312
0.554485;0.266818;-0.00213077
0.56426;0.274141;-0.00213077
0.57382;0.281463;-0.00213077
0.58197;0.285725;-0.0167755
0.591128;0.293047;-0.0167755
0.600086;0.300369;-0.0167755
0.580111;0.285725;-0.00945312
0.589319;0.293047;-0.00945312
0.598326;0.300369;-0.00945312
0.579288;0.285725;-0.00213077
0.588518;0.293047;-0.00213077
0.597547;0.300369;-0.00213077
1.13832;0.304631;-0.300369
1.135;0.311953;-0.300369
1.13178;0.319275;-0.300369
1.12146;0.304631;-0.293047
1.11851;0.311953;-0.293047
1.11562;0.319275;-0.293047
1.10435;0.304631;-0.285725
1.10175;0.311953;-0.285725
1.09922;0.319275;-0.285725
1.12993;0.323537;-0.300369
1.12683;0.330859;-0.300369
1.12381;0.338182;-0.300369
1.11398;0.323537;-0.293047
1.11121;0.330859;-0.293047
1.10852;0.338182;-0.293047
1.09778;0.323537;-0.285725
1.09536;0.330859;-0.285725
1.09299;0.338182;-0.285725
1.09428;0.304631;-0.281463
1.0919;0.311953;-0.281463
1.08957;0.319275;-0.281463
1.07682;0.304631;-0.274141
1.0748;0.311953;-0.274141
1.07284;0.319275;-0.274141
1.05919;0.304631;-0.266818
1.05754;0.311953;-0.266818
1.05594;0.319275;-0.266818
1.08825;0.323537;-0.281463
1.08603;0.330859;-0.281463
1.08386;0.338182;-0.281463
1.07172;0.323537;-0.274141
1.06985;0.330859;-0.274141
1.06803;0.338182;-0.274141
1.05503;0.323537;-0.266818
1.05351;0.330859;-0.266818
1.05203;0.338182;-0.266818
1.12208;0.342443;-0.300369
1.11918;0.349766;-0.300369
1.11635;0.357088;-0.300369
1.10698;0.342443;-0.293047
1.1044;0.349766;-0.293047
1.10188;0.357088;-0.293047
1.09165;0.342443;-0.285725
1.08939;0.349766;-0.285725
1.08718;0.357088;-0.285725
1.11473;0.36135;-0.300369
1.11201;0.368672;-0.300369
1.10935;0.375994;-0.300369
1.10044;0.36135;-0.293047
1.09802;0.368672;-0.293047
1.09566;0.375994;-0.293047
1.08593;0.36135;-0.285725
1.08382;0.368672;-0.285725
1.08176;0.375994;-0.285725
1.08263;0.342443;-0.281463
1.08056;0.349766;-0.281463
1.07854;0.357088;-0.281463
1.06699;0.342443;-0.274141
1.06525;0.349766;-0.274141
1.06356;0.357088;-0.274141
1.05119;0.342443;-0.266818
1.04979;0.349766;-0.266818
1.04843;0.357088;-0.266818
1.07739;0.36135;-0.281463
1.07546;0.368672;-0.281463
1.07358;0.375994;-0.281463
1.0626;0.36135;-0.274141
1.06098;0.368672;-0.274141
1.05941;0.375994;-0.274141
1.04765;0.36135;-0.266818
1.04635;0.368672;-0.266818
1.04509;0.375994;-0.266818
1.04885;0.304631;-0.262557
1.04742;0.311953;-0.262557
1.04604;0.319275;-0.262557
1.03101;0.304631;-0.255234
1.02995;0.311953;-0.255234
1.02894;0.319275;-0.255234
1.01307;0.304631;-0.247912
1.01239;0.311953;-0.247912
1.01175;0.319275;-0.247912
1.04525;0.323537;-0.262557
1.04394;0.330859;-0.262557
1.04266;0.338182;-0.262557
1.02836;0.323537;-0.255234
1.02741;0.330859;-0.255234
1.02648;0.338182;-0.255234
1.01139;0.323537;-0.247912
1.01079;0.330859;-0.247912
1.01023;0.338182;-0.247912
1.0026;0.304631;-0.24365
1.00215;0.311953;-0.24365
1.00172;0.319275;-0.24365
0.984592;0.304631;-0.236328
0.984523;0.311953;-0.236328
0.984474;0.319275;-0.236328
0.966584;0.304631;-0.229006
0.966899;0.311953;-0.229006
0.967226;0.319275;-0.229006
1.00149;0.323537;-0.24365
1.0011;0.330859;-0.24365
1.00074;0.338182;-0.24365
0.984453;0.323537;-0.236328
0.984431;0.330859;-0.236328
0.984426;0.338182;-0.236328
0.967421;0.323537;-0.229006
0.967764;0.330859;-0.229006
0.968116;0.338182;-0.229006
1.04194;0.342443;-0.262557
1.04073;0.349766;-0.262557
1.03956;0.357088;-0.262557
1.02596;0.342443;-0.255234
1.02509;0.349766;-0.255234
1.02426;0.357088;-0.255234
1.00991;0.342443;-0.247912
1.00938;0.349766;-0.247912
1.00888;0.357088;-0.247912
1.0389;0.36135;-0.262557
1.03779;0.368672;-0.262557
1.03671;0.375994;-0.262557
1.02378;0.36135;-0.255234
1.02299;0.368672;-0.255234
1.02223;0.375994;-0.255234
1.0086;0.36135;-0.247912
1.00813;0.368672;-0.247912
1.00769;0.375994;-0.247912
1.00054;0.342443;-0.24365
1.00021;0.349766;-0.24365
0.999908;0.357088;-0.24365
0.98443;0.342443;-0.236328
0.984448;0.349766;-0.236328
0.984481;0.357088;-0.236328
0.968325;0.342443;-0.229006
0.968689;0.349766;-0.229006
0.96906;0.357088;-0.229006
0.99974;0.36135;-0.24365
0.999464;0.368672;-0.24365
0.999207;0.375994;-0.24365
0.984505;0.36135;-0.236328
0.984557;0.368672;-0.236328
0.984621;0.375994;-0.236328
0.969279;0.36135;-0.229006
0.969659;0.368672;-0.229006
0.970044;0.375994;-0.229006
1.10784;0.380256;-0.300369
1.10529;0.387578;-0.300369
1.1028;0.3949;-0.300369
1.09432;0.380256;-0.293047
1.09205;0.387578;-0.293047
1.08985;0.3949;-0.293047
1.08059;0.380256;-0.285725
1.07862;0.387578;-0.285725
1.07669;0.3949;-0.285725
1.10199;0.397329;-0.300369
1.10165;0.398353;-0.300369
1.10131;0.399377;-0.300369
1.08895;0.397931;-0.293047
1.08804;0.401022;-0.293047
1.08715;0.404113;-0.293047
1.07576;0.398522;-0.285725
1.07447;0.403645;-0.285725
1.07319;0.408769;-0.285725
1.07251;0.380256;-0.281463
1.07071;0.387578;-0.281463
1.06896;0.3949;-0.281463
1.05851;0.380256;-0.274141
1.05701;0.387578;-0.274141
1.05555;0.3949;-0.274141
1.04438;0.380256;-0.266818
1.04317;0.387578;-0.266818
1.04201;0.3949;-0.266818
1.05801;0.399162;-0.275952
1.05654;0.406484;-0.275952
1.05511;0.413807;-0.275952
1.04906;0.399162;-0.271035
1.04779;0.406484;-0.271035
1.04655;0.413807;-0.271035
1.04006;0.399162;-0.266118
1.03898;0.406484;-0.266118
1.03793;0.413807;-0.266118
1.07063;0.398746;-0.282894
1.06923;0.404637;-0.282894
1.06786;0.410528;-0.282894
1.06626;0.398928;-0.280488
1.06479;0.405446;-0.280488
1.06336;0.411964;-0.280488
1.06188;0.399109;-0.278082
1.06036;0.406251;-0.278082
1.05889;0.413393;-0.278082
1.05468;0.416043;-0.275952
1.05462;0.416407;-0.275952
1.05455;0.41677;-0.275952
1.04611;0.416404;-0.271035
1.04585;0.418008;-0.271035
1.04559;0.419612;-0.271035
1.03751;0.416762;-0.266118
1.03712;0.419593;-0.266118
1.03673;0.422425;-0.266118
1.0361;0.380256;-0.262557
1.03507;0.387578;-0.262557
1.03408;0.3949;-0.262557
1.0218;0.380256;-0.255234
1.02108;0.387578;-0.255234
1.02039;0.3949;-0.255234
1.00744;0.380256;-0.247912
1.00703;0.387578;-0.247912
1.00664;0.3949;-0.247912
1.03352;0.399162;-0.262557
1.03257;0.406484;-0.262557
1.03166;0.413807;-0.262557
1.02;0.399162;-0.255234
1.01935;0.406484;-0.255234
1.01872;0.413807;-0.255234
1.00642;0.399162;-0.247912
1.00606;0.406484;-0.247912
1.00572;0.413807;-0.247912
0.999066;0.380256;-0.24365
0.998836;0.387578;-0.24365
0.998621;0.3949;-0.24365
0.984663;0.380256;-0.236328
0.984743;0.387578;-0.236328
0.984832;0.3949;-0.236328
0.97027;0.380256;-0.229006
0.97066;0.387578;-0.229006
0.971054;0.3949;-0.229006
0.998504;0.399162;-0.24365
0.998313;0.406484;-0.24365
0.998136;0.413807;-0.24365
0.984888;0.399162;-0.236328
0.984991;0.406484;-0.236328
0.985102;0.413807;-0.236328
0.971285;0.399162;-0.229006
0.971682;0.406484;-0.229006
0.972081;0.413807;-0.229006
1.00333;0.418068;-0.246663
1.00306;0.425391;-0.246663
1.0028;0.432713;-0.246663
1.00265;0.418068;-0.246278
1.0024;0.425391;-0.246278
1.00216;0.432713;-0.246278
1.00198;0.418068;-0.245893
1.00174;0.425391;-0.245893
1.00151;0.432713;-0.245893
1.03147;0.417003;-0.262669
1.03102;0.420663;-0.262669
1.03059;0.424323;-0.262669
1.01928;0.417472;-0.255731
1.01883;0.422746;-0.255731
1.0184;0.428019;-0.255731
1.00708;0.417935;-0.248793
1.00675;0.424799;-0.248793
1.00643;0.431663;-0.248793
1.00273;0.434851;-0.246663
1.00273;0.434876;-0.246663
1.00273;0.434901;-0.246663
1.00209;0.434876;-0.246278
1.00208;0.434987;-0.246278
1.00208;0.435099;-0.246278
1.00144;0.434901;-0.245893
1.00144;0.435099;-0.245893
1.00143;0.435296;-0.245893
0.998039;0.418068;-0.24365
0.997882;0.425391;-0.24365
0.997738;0.432713;-0.24365
0.98517;0.418068;-0.236328
0.985292;0.425391;-0.236328
0.98542;0.432713;-0.236328
0.972314;0.418068;-0.229006
0.972715;0.425391;-0.229006
0.973116;0.432713;-0.229006
0.997695;0.435039;-0.24365
0.997682;0.435711;-0.24365
0.99767;0.436382;-0.24365
0.98547;0.435484;-0.236328
0.98551;0.437685;-0.236328
0.985551;0.439885;-0.236328
0.973292;0.435923;-0.229006
0.973495;0.439632;-0.229006
0.973698;0.443341;-0.229006
0.956118;0.304631;-0.224744
0.956657;0.311953;-0.224744
0.957203;0.319275;-0.224744
0.938183;0.304631;-0.217422
0.939106;0.311953;-0.217422
0.940029;0.319275;-0.217422
0.920339;0.304631;-0.2101
0.921647;0.311953;-0.2101
0.922946;0.319275;-0.2101
0.957524;0.323537;-0.224744
0.958079;0.330859;-0.224744
0.958639;0.338182;-0.224744
0.940566;0.323537;-0.217422
0.941486;0.330859;-0.217422
0.942404;0.338182;-0.217422
0.923698;0.323537;-0.2101
0.924983;0.330859;-0.2101
0.926258;0.338182;-0.2101
0.91001;0.304631;-0.205838
0.911541;0.311953;-0.205838
0.913059;0.319275;-0.205838
0.892385;0.304631;-0.198516
0.894298;0.311953;-0.198516
0.89619;0.319275;-0.198516
0.874943;0.304631;-0.191193
0.877236;0.311953;-0.191193
0.879501;0.319275;-0.191193
0.913937;0.323537;-0.205838
0.915433;0.330859;-0.205838
0.916915;0.338182;-0.205838
0.897282;0.323537;-0.198516
0.899141;0.330859;-0.198516
0.900978;0.338182;-0.198516
0.880806;0.323537;-0.191193
0.883025;0.330859;-0.191193
0.885214;0.338182;-0.191193
0.958967;0.342443;-0.224744
0.959533;0.349766;-0.224744
0.960101;0.357088;-0.224744
0.942937;0.342443;-0.217422
0.943849;0.349766;-0.217422
0.944756;0.357088;-0.217422
0.926995;0.342443;-0.2101
0.928252;0.349766;-0.2101
0.929498;0.357088;-0.2101
0.960433;0.36135;-0.224744
0.961004;0.368672;-0.224744
0.961576;0.375994;-0.224744
0.945282;0.36135;-0.217422
0.946181;0.368672;-0.217422
0.947074;0.375994;-0.217422
0.930218;0.36135;-0.2101
0.931444;0.368672;-0.2101
0.932658;0.375994;-0.2101
0.917771;0.342443;-0.205838
0.919229;0.349766;-0.205838
0.920671;0.357088;-0.205838
0.902036;0.342443;-0.198516
0.903838;0.349766;-0.198516
0.905616;0.357088;-0.198516
0.886475;0.342443;-0.191193
0.888617;0.349766;-0.191193
0.890729;0.357088;-0.191193
0.921503;0.36135;-0.205838
0.92292;0.368672;-0.205838
0.924319;0.375994;-0.205838
0.90664;0.36135;-0.198516
0.908382;0.368672;-0.198516
0.910099;0.375994;-0.198516
0.891945;0.36135;-0.191193
0.894009;0.368672;-0.191193
0.896042;0.375994;-0.191193
0.864891;0.304631;-0.186932
0.867404;0.311953;-0.186932
0.869885;0.319275;-0.186932
0.847815;0.304631;-0.179609
0.850703;0.311953;-0.179609
0.853551;0.319275;-0.179609
0.831016;0.304631;-0.172287
0.834276;0.311953;-0.172287
0.837488;0.319275;-0.172287
0.871313;0.323537;-0.186932
0.87374;0.330859;-0.186932
0.876134;0.338182;-0.186932
0.85519;0.323537;-0.179609
0.857972;0.330859;-0.179609
0.860714;0.338182;-0.179609
0.839334;0.323537;-0.172287
0.842469;0.330859;-0.172287
0.845554;0.338182;-0.172287
0.821382;0.304631;-0.168025
0.824856;0.311953;-0.168025
0.828277;0.319275;-0.168025
0.805096;0.304631;-0.160703
0.808935;0.311953;-0.160703
0.812712;0.319275;-0.160703
0.789183;0.304631;-0.153381
0.79338;0.311953;-0.153381
0.797508;0.319275;-0.153381
0.830244;0.323537;-0.168025
0.833581;0.330859;-0.168025
0.836864;0.338182;-0.168025
0.814883;0.323537;-0.160703
0.818564;0.330859;-0.160703
0.822184;0.338182;-0.160703
0.799879;0.323537;-0.153381
0.803898;0.330859;-0.153381
0.807849;0.338182;-0.153381
0.877511;0.342443;-0.186932
0.87985;0.349766;-0.186932
0.882156;0.357088;-0.186932
0.86229;0.342443;-0.179609
0.864966;0.349766;-0.179609
0.8676;0.357088;-0.179609
0.847327;0.342443;-0.172287
0.850335;0.349766;-0.172287
0.853295;0.357088;-0.172287
0.883481;0.36135;-0.186932
0.885732;0.368672;-0.186932
0.887948;0.375994;-0.186932
0.869114;0.36135;-0.179609
0.871683;0.368672;-0.179609
0.87421;0.375994;-0.179609
0.854995;0.36135;-0.172287
0.857877;0.368672;-0.172287
0.860711;0.375994;-0.172287
0.838751;0.342443;-0.168025
0.84195;0.349766;-0.168025
0.845097;0.357088;-0.168025
0.824263;0.342443;-0.160703
0.827787;0.349766;-0.160703
0.831251;0.357088;-0.160703
0.810117;0.342443;-0.153381
0.813961;0.349766;-0.153381
0.817737;0.357088;-0.153381
0.846904;0.36135;-0.168025
0.849967;0.368672;-0.168025
0.852978;0.375994;-0.168025
0.83324;0.36135;-0.160703
0.836609;0.368672;-0.160703
0.83992;0.375994;-0.160703
0.819904;0.36135;-0.153381
0.823574;0.368672;-0.153381
0.827179;0.375994;-0.153381
0.961909;0.380256;-0.224744
0.962481;0.387578;-0.224744
0.963052;0.3949;-0.224744
0.947591;0.380256;-0.217422
0.948474;0.387578;-0.217422
0.949349;0.3949;-0.217422
0.933358;0.380256;-0.2101
0.934551;0.387578;-0.2101
0.93573;0.3949;-0.2101
0.963384;0.399162;-0.224744
0.963953;0.406484;-0.224744
0.96452;0.413807;-0.224744
0.949855;0.399162;-0.217422
0.950718;0.406484;-0.217422
0.951573;0.413807;-0.217422
0.936409;0.399162;-0.2101
0.937566;0.406484;-0.2101
0.938708;0.413807;-0.2101
0.925126;0.380256;-0.205838
0.926498;0.387578;-0.205838
0.927853;0.3949;-0.205838
0.911088;0.380256;-0.198516
0.912768;0.387578;-0.198516
0.914424;0.3949;-0.198516
0.897212;0.380256;-0.191193
0.899197;0.387578;-0.191193
0.901152;0.3949;-0.191193
0.928633;0.399162;-0.205838
0.92996;0.406484;-0.205838
0.931269;0.413807;-0.205838
0.915376;0.399162;-0.198516
0.916994;0.406484;-0.198516
0.918587;0.413807;-0.198516
0.902275;0.399162;-0.191193
0.904181;0.406484;-0.191193
0.906057;0.413807;-0.191193
0.964849;0.418068;-0.224744
0.965411;0.425391;-0.224744
0.965971;0.432713;-0.224744
0.952067;0.418068;-0.217422
0.952908;0.425391;-0.217422
0.953741;0.432713;-0.217422
0.939366;0.418068;-0.2101
0.940485;0.425391;-0.2101
0.941589;0.432713;-0.2101
0.941632;0.436975;-0.209736
0.942725;0.444297;-0.209736
0.943803;0.451619;-0.209736
0.940374;0.436975;-0.208965
0.941495;0.444297;-0.208965
0.9426;0.451619;-0.208965
0.939118;0.436975;-0.208193
0.940266;0.444297;-0.208193
0.941398;0.451619;-0.208193
0.966606;0.436155;-0.224969
0.966942;0.440663;-0.224969
0.967278;0.44517;-0.224969
0.95581;0.436516;-0.218418
0.956425;0.442261;-0.218418
0.957034;0.448006;-0.218418
0.945097;0.436872;-0.211867
0.946066;0.443841;-0.211867
0.947022;0.45081;-0.211867
0.932022;0.418068;-0.205838
0.933302;0.425391;-0.205838
0.934563;0.432713;-0.205838
0.919503;0.418068;-0.198516
0.921058;0.425391;-0.198516
0.922589;0.432713;-0.198516
0.907134;0.418068;-0.191193
0.908962;0.425391;-0.191193
0.91076;0.432713;-0.191193
0.935289;0.436975;-0.205838
0.936522;0.444297;-0.205838
0.937736;0.451619;-0.205838
0.923469;0.436975;-0.198516
0.924961;0.444297;-0.198516
0.92643;0.451619;-0.198516
0.911792;0.436975;-0.191193
0.913542;0.444297;-0.191193
0.915263;0.451619;-0.191193
0.889222;0.380256;-0.186932
0.891384;0.387578;-0.186932
0.893511;0.3949;-0.186932
0.875662;0.380256;-0.179609
0.878123;0.387578;-0.179609
0.880544;0.3949;-0.179609
0.862339;0.380256;-0.172287
0.865097;0.387578;-0.172287
0.867808;0.3949;-0.172287
0.894733;0.399162;-0.186932
0.896806;0.406484;-0.186932
0.898844;0.413807;-0.186932
0.881935;0.399162;-0.179609
0.884291;0.406484;-0.179609
0.886608;0.413807;-0.179609
0.869364;0.399162;-0.172287
0.872001;0.406484;-0.172287
0.874591;0.413807;-0.172287
0.854706;0.380256;-0.168025
0.857635;0.387578;-0.168025
0.860513;0.3949;-0.168025
0.84182;0.380256;-0.160703
0.845038;0.387578;-0.160703
0.848198;0.3949;-0.160703
0.829247;0.380256;-0.153381
0.832749;0.387578;-0.153381
0.836187;0.3949;-0.153381
0.862164;0.399162;-0.168025
0.864962;0.406484;-0.168025
0.867709;0.413807;-0.168025
0.850011;0.399162;-0.160703
0.853082;0.406484;-0.160703
0.856096;0.413807;-0.160703
0.838158;0.399162;-0.153381
0.841496;0.406484;-0.153381
0.844771;0.413807;-0.153381
0.900015;0.418068;-0.186932
0.902;0.425391;-0.186932
0.903952;0.432713;-0.186932
0.887937;0.418068;-0.179609
0.89019;0.425391;-0.179609
0.892404;0.432713;-0.179609
0.876077;0.418068;-0.172287
0.878594;0.425391;-0.172287
0.881067;0.432713;-0.172287
0.905072;0.436975;-0.186932
0.906971;0.444297;-0.186932
0.908837;0.451619;-0.186932
0.893674;0.436975;-0.179609
0.895826;0.444297;-0.179609
0.89794;0.451619;-0.179609
0.882485;0.436975;-0.172287
0.884886;0.444297;-0.172287
0.887243;0.451619;-0.172287
0.869286;0.418068;-0.168025
0.871955;0.425391;-0.168025
0.874575;0.432713;-0.168025
0.857824;0.418068;-0.160703
0.860751;0.425391;-0.160703
0.863622;0.432713;-0.160703
0.846649;0.418068;-0.153381
0.849827;0.425391;-0.153381
0.852945;0.432713;-0.153381
0.876078;0.436975;-0.168025
0.878623;0.444297;-0.168025
0.88112;0.451619;-0.168025
0.865269;0.436975;-0.160703
0.868056;0.444297;-0.160703
0.87079;0.451619;-0.160703
0.854732;0.436975;-0.153381
0.857756;0.444297;-0.153381
0.860722;0.451619;-0.153381
0.944116;0.453762;-0.209736
0.944122;0.453803;-0.209736
0.944128;0.453844;-0.209736
0.942926;0.453803;-0.208965
0.942954;0.453986;-0.208965
0.942981;0.454169;-0.208965
0.941739;0.453844;-0.208193
0.941788;0.454169;-0.208193
0.941838;0.454493;-0.208193
0.93812;0.453961;-0.205838
0.938239;0.454688;-0.205838
0.938358;0.455415;-0.205838
0.926965;0.45432;-0.198516
0.927352;0.456279;-0.198516
0.927737;0.458239;-0.198516
0.915972;0.454675;-0.191193
0.916704;0.457852;-0.191193
0.917431;0.46103;-0.191193
0.909655;0.454871;-0.186932
0.910616;0.458722;-0.186932
0.911568;0.462574;-0.186932
0.898957;0.455191;-0.179609
0.900351;0.460141;-0.179609
0.901729;0.465092;-0.179609
0.888477;0.455507;-0.172287
0.890369;0.461545;-0.172287
0.892232;0.467583;-0.172287
0.873513;0.455881;-0.161543
0.87614;0.463203;-0.161543
0.878715;0.470525;-0.161543
0.867367;0.455881;-0.15705
0.870131;0.463203;-0.15705
0.872842;0.470525;-0.15705
0.861322;0.455881;-0.152557
0.864223;0.463203;-0.152557
0.867067;0.470525;-0.152557
0.884315;0.45563;-0.169333
0.886421;0.462092;-0.169333
0.888492;0.468554;-0.169333
0.880364;0.45574;-0.166503
0.882674;0.462578;-0.166503
0.884944;0.469417;-0.166503
0.876451;0.455849;-0.163673
0.878974;0.463063;-0.163673
0.881449;0.470276;-0.163673
0.879473;0.472706;-0.161543
0.879533;0.472878;-0.161543
0.879592;0.47305;-0.161543
0.873702;0.472878;-0.15705
0.873978;0.473638;-0.15705
0.874255;0.474398;-0.15705
0.868033;0.473048;-0.152557
0.868546;0.474394;-0.152557
0.869058;0.475739;-0.152557
0.780107;0.304631;-0.149119
0.78451;0.311953;-0.149119
0.788839;0.319275;-0.149119
0.764857;0.304631;-0.141797
0.769608;0.311953;-0.141797
0.774277;0.319275;-0.141797
0.750073;0.304631;-0.134475
0.755165;0.311953;-0.134475
0.760166;0.319275;-0.134475
0.791325;0.323537;-0.149119
0.795539;0.330859;-0.149119
0.799679;0.338182;-0.149119
0.776957;0.323537;-0.141797
0.781499;0.330859;-0.141797
0.785959;0.338182;-0.141797
0.763036;0.323537;-0.134475
0.767898;0.330859;-0.134475
0.772671;0.338182;-0.134475
0.741699;0.304631;-0.130213
0.746984;0.311953;-0.130213
0.752175;0.319275;-0.130213
0.727728;0.304631;-0.122891
0.733339;0.311953;-0.122891
0.738849;0.319275;-0.122891
0.714317;0.304631;-0.115568
0.720245;0.311953;-0.115568
0.726064;0.319275;-0.115568
0.755154;0.323537;-0.130213
0.760197;0.330859;-0.130213
0.765149;0.338182;-0.130213
0.742009;0.323537;-0.122891
0.747359;0.330859;-0.122891
0.75261;0.338182;-0.122891
0.7294;0.323537;-0.115568
0.735046;0.330859;-0.115568
0.740586;0.338182;-0.115568
0.802055;0.342443;-0.149119
0.806082;0.349766;-0.149119
0.810037;0.357088;-0.149119
0.788519;0.342443;-0.141797
0.792854;0.349766;-0.141797
0.79711;0.357088;-0.141797
0.775409;0.342443;-0.134475
0.780045;0.349766;-0.134475
0.784596;0.357088;-0.134475
0.812306;0.36135;-0.149119
0.816149;0.368672;-0.149119
0.819922;0.375994;-0.149119
0.799552;0.36135;-0.141797
0.803685;0.368672;-0.141797
0.807742;0.375994;-0.141797
0.787205;0.36135;-0.134475
0.791622;0.368672;-0.134475
0.795955;0.375994;-0.134475
0.767989;0.342443;-0.130213
0.772796;0.349766;-0.130213
0.777514;0.357088;-0.130213
0.75562;0.342443;-0.122891
0.760715;0.349766;-0.122891
0.765714;0.357088;-0.122891
0.743761;0.342443;-0.115568
0.749134;0.349766;-0.115568
0.754403;0.357088;-0.115568
0.780219;0.36135;-0.130213
0.784797;0.368672;-0.130213
0.789288;0.375994;-0.130213
0.768579;0.36135;-0.122891
0.773426;0.368672;-0.122891
0.77818;0.375994;-0.122891
0.757423;0.36135;-0.115568
0.762531;0.368672;-0.115568
0.767539;0.375994;-0.115568
0.706785;0.304631;-0.111307
0.712892;0.311953;-0.111307
0.718885;0.319275;-0.111307
0.694336;0.304631;-0.103984
0.700742;0.311953;-0.103984
0.707025;0.319275;-0.103984
0.68254;0.304631;-0.096662
0.689231;0.311953;-0.096662
0.695793;0.319275;-0.096662
0.722321;0.323537;-0.111307
0.728135;0.330859;-0.111307
0.733838;0.338182;-0.111307
0.710626;0.323537;-0.103984
0.716719;0.330859;-0.103984
0.722693;0.338182;-0.103984
0.699552;0.323537;-0.096662
0.705911;0.330859;-0.096662
0.712145;0.338182;-0.096662
0.67599;0.304631;-0.0924005
0.682841;0.311953;-0.0924005
0.689558;0.319275;-0.0924005
0.665299;0.304631;-0.0850781
0.672413;0.311953;-0.0850781
0.679386;0.319275;-0.0850781
0.65535;0.304631;-0.0777558
0.662712;0.311953;-0.0777558
0.669925;0.319275;-0.0777558
0.693406;0.323537;-0.0924005
0.699914;0.330859;-0.0924005
0.706293;0.338182;-0.0924005
0.683379;0.323537;-0.0850781
0.690132;0.330859;-0.0850781
0.696749;0.338182;-0.0850781
0.674055;0.323537;-0.0777558
0.681037;0.330859;-0.0777558
0.687877;0.338182;-0.0777558
0.737106;0.342443;-0.111307
0.742636;0.349766;-0.111307
0.748058;0.357088;-0.111307
0.726117;0.342443;-0.103984
0.731907;0.349766;-0.103984
0.737583;0.357088;-0.103984
0.715716;0.342443;-0.096662
0.721756;0.349766;-0.096662
0.727674;0.357088;-0.096662
0.751165;0.36135;-0.111307
0.75642;0.368672;-0.111307
0.761571;0.375994;-0.111307
0.740835;0.36135;-0.103984
0.746334;0.368672;-0.103984
0.751723;0.375994;-0.103984
0.731064;0.36135;-0.096662
0.736795;0.368672;-0.096662
0.74241;0.375994;-0.096662
0.709946;0.342443;-0.0924005
0.716124;0.349766;-0.0924005
0.722178;0.357088;-0.0924005
0.700538;0.342443;-0.0850781
0.706944;0.349766;-0.0850781
0.713219;0.357088;-0.0850781
0.691793;0.342443;-0.0777558
0.698412;0.349766;-0.0777558
0.704895;0.357088;-0.0777558
0.725645;0.36135;-0.0924005
0.731506;0.368672;-0.0924005
0.737247;0.375994;-0.0924005
0.716812;0.36135;-0.0850781
0.722885;0.368672;-0.0850781
0.728833;0.375994;-0.0850781
0.708606;0.36135;-0.0777558
0.714878;0.368672;-0.0777558
0.721019;0.375994;-0.0777558
0.822086;0.380256;-0.149119
0.82575;0.387578;-0.149119
0.829346;0.3949;-0.149119
0.810069;0.380256;-0.141797
0.814006;0.387578;-0.141797
0.81787;0.3949;-0.141797
0.79844;0.380256;-0.134475
0.802644;0.387578;-0.134475
0.806767;0.3949;-0.134475
0.831408;0.399162;-0.149119
0.834899;0.406484;-0.149119
0.838323;0.413807;-0.149119
0.820084;0.399162;-0.141797
0.823832;0.406484;-0.141797
0.827508;0.413807;-0.141797
0.80913;0.399162;-0.134475
0.813128;0.406484;-0.134475
0.817049;0.413807;-0.134475
0.791862;0.380256;-0.130213
0.796217;0.387578;-0.130213
0.800488;0.3949;-0.130213
0.780905;0.380256;-0.122891
0.785513;0.387578;-0.122891
0.790032;0.3949;-0.122891
0.770408;0.380256;-0.115568
0.775261;0.387578;-0.115568
0.780018;0.3949;-0.115568
0.802936;0.399162;-0.130213
0.807076;0.406484;-0.130213
0.811136;0.413807;-0.130213
0.79262;0.399162;-0.122891
0.796999;0.406484;-0.122891
0.80129;0.413807;-0.122891
0.782742;0.399162;-0.115568
0.78735;0.406484;-0.115568
0.791865;0.413807;-0.115568
0.840286;0.418068;-0.149119
0.843608;0.425391;-0.149119
0.846867;0.432713;-0.149119
0.829615;0.418068;-0.141797
0.833179;0.425391;-0.141797
0.836675;0.432713;-0.141797
0.819295;0.418068;-0.134475
0.823095;0.425391;-0.134475
0.826821;0.432713;-0.134475
0.848734;0.436975;-0.149119
0.851894;0.444297;-0.149119
0.854993;0.451619;-0.149119
0.838677;0.436975;-0.141797
0.842065;0.444297;-0.141797
0.845387;0.451619;-0.141797
0.828955;0.436975;-0.134475
0.832564;0.444297;-0.134475
0.836102;0.451619;-0.134475
0.813461;0.418068;-0.130213
0.817395;0.425391;-0.130213
0.821251;0.432713;-0.130213
0.803749;0.418068;-0.122891
0.807906;0.425391;-0.122891
0.811979;0.432713;-0.122891
0.794451;0.418068;-0.115568
0.798823;0.425391;-0.115568
0.803106;0.432713;-0.115568
0.823459;0.436975;-0.130213
0.827194;0.444297;-0.130213
0.830854;0.451619;-0.130213
0.814312;0.436975;-0.122891
0.818257;0.444297;-0.122891
0.822122;0.451619;-0.122891
0.805559;0.436975;-0.115568
0.809706;0.444297;-0.115568
0.813768;0.451619;-0.115568
0.764522;0.380256;-0.111307
0.769513;0.387578;-0.111307
0.774404;0.3949;-0.111307
0.75481;0.380256;-0.103984
0.760028;0.387578;-0.103984
0.765142;0.3949;-0.103984
0.745626;0.380256;-0.096662
0.751062;0.387578;-0.096662
0.756387;0.3949;-0.096662
0.777205;0.399162;-0.111307
0.781941;0.406484;-0.111307
0.786582;0.413807;-0.111307
0.76807;0.399162;-0.103984
0.77302;0.406484;-0.103984
0.777869;0.413807;-0.103984
0.759436;0.399162;-0.096662
0.764589;0.406484;-0.096662
0.769636;0.413807;-0.096662
0.740534;0.380256;-0.0924005
0.746091;0.387578;-0.0924005
0.751534;0.3949;-0.0924005
0.732239;0.380256;-0.0850781
0.737994;0.387578;-0.0850781
0.743629;0.3949;-0.0850781
0.724535;0.380256;-0.0777558
0.730475;0.387578;-0.0777558
0.736291;0.3949;-0.0777558
0.75465;0.399162;-0.0924005
0.759917;0.406484;-0.0924005
0.765074;0.413807;-0.0924005
0.746855;0.399162;-0.0850781
0.752307;0.406484;-0.0850781
0.757645;0.413807;-0.0850781
0.739619;0.399162;-0.0777558
0.745243;0.406484;-0.0777558
0.750749;0.413807;-0.0777558
0.78924;0.418068;-0.111307
0.793733;0.425391;-0.111307
0.798134;0.432713;-0.111307
0.780646;0.418068;-0.103984
0.785339;0.425391;-0.103984
0.789936;0.432713;-0.103984
0.772526;0.418068;-0.096662
0.777409;0.425391;-0.096662
0.782191;0.432713;-0.096662
0.800654;0.436975;-0.111307
0.804914;0.444297;-0.111307
0.809087;0.451619;-0.111307
0.792567;0.436975;-0.103984
0.797015;0.444297;-0.103984
0.801371;0.451619;-0.103984
0.784929;0.436975;-0.096662
0.789554;0.444297;-0.096662
0.794084;0.451619;-0.096662
0.768026;0.418068;-0.0924005
0.773016;0.425391;-0.0924005
0.777901;0.432713;-0.0924005
0.7607;0.418068;-0.0850781
0.765862;0.425391;-0.0850781
0.770916;0.432713;-0.0850781
0.7539;0.418068;-0.0777558
0.759223;0.425391;-0.0777558
0.764434;0.432713;-0.0777558
0.780697;0.436975;-0.0924005
0.785422;0.444297;-0.0924005
0.790048;0.451619;-0.0924005
0.773808;0.436975;-0.0850781
0.778695;0.444297;-0.0850781
0.783478;0.451619;-0.0850781
0.767416;0.436975;-0.0777558
0.772454;0.444297;-0.0777558
0.777384;0.451619;-0.0777558
0.649915;0.304631;-0.0734942
0.657412;0.311953;-0.0734942
0.664757;0.319275;-0.0734942
0.641206;0.304631;-0.0661719
0.648923;0.311953;-0.0661719
0.656482;0.319275;-0.0661719
0.633319;0.304631;-0.0588495
0.641238;0.311953;-0.0588495
0.648991;0.319275;-0.0588495
0.668963;0.323537;-0.0734942
0.676072;0.330859;-0.0734942
0.683034;0.338182;-0.0734942
0.660808;0.323537;-0.0661719
0.66812;0.330859;-0.0661719
0.67528;0.338182;-0.0661719
0.653428;0.323537;-0.0588495
0.660926;0.330859;-0.0588495
0.668266;0.338182;-0.0588495
0.62912;0.304631;-0.054588
0.637146;0.311953;-0.054588
0.645003;0.319275;-0.054588
0.622591;0.304631;-0.0472656
0.630786;0.311953;-0.0472656
0.638807;0.319275;-0.0472656
0.616954;0.304631;-0.0399433
0.625295;0.311953;-0.0399433
0.633458;0.319275;-0.0399433
0.6495;0.323537;-0.054588
0.657097;0.330859;-0.054588
0.664534;0.338182;-0.054588
0.643396;0.323537;-0.0472656
0.651149;0.330859;-0.0472656
0.658736;0.338182;-0.0472656
0.638128;0.323537;-0.0399433
0.646015;0.330859;-0.0399433
0.653733;0.338182;-0.0399433
0.68702;0.342443;-0.0734942
0.693756;0.349766;-0.0734942
0.700353;0.357088;-0.0734942
0.679379;0.342443;-0.0661719
0.686304;0.349766;-0.0661719
0.693083;0.357088;-0.0661719
0.672467;0.342443;-0.0588495
0.679564;0.349766;-0.0588495
0.68651;0.357088;-0.0588495
0.704129;0.36135;-0.0734942
0.710509;0.368672;-0.0734942
0.716757;0.375994;-0.0734942
0.696964;0.36135;-0.0661719
0.703519;0.368672;-0.0661719
0.709937;0.375994;-0.0661719
0.690485;0.36135;-0.0588495
0.697201;0.368672;-0.0588495
0.703773;0.375994;-0.0588495
0.668789;0.342443;-0.054588
0.675978;0.349766;-0.054588
0.683014;0.357088;-0.054588
0.663077;0.342443;-0.0472656
0.670409;0.349766;-0.0472656
0.677584;0.357088;-0.0472656
0.658148;0.342443;-0.0399433
0.665604;0.349766;-0.0399433
0.6729;0.357088;-0.0399433
0.687039;0.36135;-0.054588
0.69384;0.368672;-0.054588
0.700495;0.375994;-0.054588
0.681689;0.36135;-0.0472656
0.688622;0.368672;-0.0472656
0.695406;0.375994;-0.0472656
0.677074;0.36135;-0.0399433
0.684122;0.368672;-0.0399433
0.691018;0.375994;-0.0399433
0.614091;0.304631;-0.0356817
0.622508;0.311953;-0.0356817
0.630743;0.319275;-0.0356817
0.609906;0.304631;-0.0283594
0.618432;0.311953;-0.0283594
0.626774;0.319275;-0.0283594
0.60666;0.304631;-0.021037
0.615272;0.311953;-0.021037
0.623697;0.319275;-0.021037
0.635454;0.323537;-0.0356817
0.64341;0.330859;-0.0356817
0.651194;0.338182;-0.0356817
0.631545;0.323537;-0.0283594
0.639602;0.330859;-0.0283594
0.647484;0.338182;-0.0283594
0.628515;0.323537;-0.021037
0.63665;0.330859;-0.021037
0.644608;0.338182;-0.021037
0.605209;0.304631;-0.0167755
0.61386;0.311953;-0.0167755
0.622321;0.319275;-0.0167755
0.603476;0.304631;-0.00945312
0.612173;0.311953;-0.00945312
0.620679;0.319275;-0.00945312
0.602709;0.304631;-0.00213077
0.611426;0.311953;-0.00213077
0.619952;0.319275;-0.00213077
0.62716;0.323537;-0.0167755
0.635331;0.330859;-0.0167755
0.643323;0.338182;-0.0167755
0.625543;0.323537;-0.00945312
0.633756;0.330859;-0.00945312
0.641789;0.338182;-0.00945312
0.624827;0.323537;-0.00213077
0.633059;0.330859;-0.00213077
0.64111;0.338182;-0.00213077
0.655647;0.342443;-0.0356817
0.663167;0.349766;-0.0356817
0.670524;0.357088;-0.0356817
0.651992;0.342443;-0.0283594
0.659605;0.349766;-0.0283594
0.667052;0.357088;-0.0283594
0.64916;0.342443;-0.021037
0.656845;0.349766;-0.021037
0.664362;0.357088;-0.021037
0.674733;0.36135;-0.0356817
0.681839;0.368672;-0.0356817
0.688792;0.375994;-0.0356817
0.671312;0.36135;-0.0283594
0.678504;0.368672;-0.0283594
0.68554;0.375994;-0.0283594
0.668661;0.36135;-0.021037
0.675921;0.368672;-0.021037
0.683021;0.375994;-0.021037
0.647894;0.342443;-0.0167755
0.655612;0.349766;-0.0167755
0.66316;0.357088;-0.0167755
0.646383;0.342443;-0.00945312
0.654139;0.349766;-0.00945312
0.661725;0.357088;-0.00945312
0.645714;0.342443;-0.00213077
0.653488;0.349766;-0.00213077
0.66109;0.357088;-0.00213077
0.667477;0.36135;-0.0167755
0.674767;0.368672;-0.0167755
0.681896;0.375994;-0.0167755
0.666063;0.36135;-0.00945312
0.673388;0.368672;-0.00945312
0.680553;0.375994;-0.00945312
0.665438;0.36135;-0.00213077
0.672779;0.368672;-0.00213077
0.679958;0.375994;-0.00213077
0.720332;0.380256;-0.0734942
0.726374;0.387578;-0.0734942
0.732288;0.3949;-0.0734942
0.71361;0.380256;-0.0661719
0.719814;0.387578;-0.0661719
0.725887;0.3949;-0.0661719
0.707534;0.380256;-0.0588495
0.713886;0.387578;-0.0588495
0.720103;0.3949;-0.0588495
0.735673;0.399162;-0.0734942
0.741392;0.406484;-0.0734942
0.74699;0.413807;-0.0734942
0.729362;0.399162;-0.0661719
0.735233;0.406484;-0.0661719
0.740978;0.413807;-0.0661719
0.72366;0.399162;-0.0588495
0.729669;0.406484;-0.0588495
0.735548;0.413807;-0.0588495
0.704303;0.380256;-0.054588
0.710734;0.387578;-0.054588
0.717028;0.3949;-0.054588
0.699287;0.380256;-0.0472656
0.705842;0.387578;-0.0472656
0.712255;0.3949;-0.0472656
0.694962;0.380256;-0.0399433
0.701624;0.387578;-0.0399433
0.708141;0.3949;-0.0399433
0.720629;0.399162;-0.054588
0.726711;0.406484;-0.054588
0.732662;0.413807;-0.054588
0.715924;0.399162;-0.0472656
0.72212;0.406484;-0.0472656
0.728183;0.413807;-0.0472656
0.711868;0.399162;-0.0399433
0.718164;0.406484;-0.0399433
0.724322;0.413807;-0.0399433
0.750193;0.418068;-0.0734942
0.755605;0.425391;-0.0734942
0.760902;0.432713;-0.0734942
0.744266;0.418068;-0.0661719
0.749819;0.425391;-0.0661719
0.755254;0.432713;-0.0661719
0.738912;0.418068;-0.0588495
0.744594;0.425391;-0.0588495
0.750153;0.432713;-0.0588495
0.763932;0.436975;-0.0734942
0.769052;0.444297;-0.0734942
0.774063;0.451619;-0.0734942
0.758363;0.436975;-0.0661719
0.763615;0.444297;-0.0661719
0.768755;0.451619;-0.0661719
0.753334;0.436975;-0.0588495
0.758705;0.444297;-0.0588495
0.763962;0.451619;-0.0588495
0.736066;0.418068;-0.054588
0.741816;0.425391;-0.054588
0.747442;0.432713;-0.054588
0.731651;0.418068;-0.0472656
0.737507;0.425391;-0.0472656
0.743237;0.432713;-0.0472656
0.727845;0.418068;-0.0399433
0.733793;0.425391;-0.0399433
0.739613;0.432713;-0.0399433
0.750661;0.436975;-0.054588
0.756097;0.444297;-0.054588
0.761415;0.451619;-0.054588
0.746514;0.436975;-0.0472656
0.752049;0.444297;-0.0472656
0.757464;0.451619;-0.0472656
0.742941;0.436975;-0.0399433
0.748562;0.444297;-0.0399433
0.75406;0.451619;-0.0399433
0.692769;0.380256;-0.0356817
0.699484;0.387578;-0.0356817
0.706054;0.3949;-0.0356817
0.689564;0.380256;-0.0283594
0.69636;0.387578;-0.0283594
0.703006;0.3949;-0.0283594
0.687082;0.380256;-0.021037
0.693939;0.387578;-0.021037
0.700646;0.3949;-0.021037
0.709812;0.399162;-0.0356817
0.716158;0.406484;-0.0356817
0.722365;0.413807;-0.0356817
0.706808;0.399162;-0.0283594
0.713227;0.406484;-0.0283594
0.719506;0.413807;-0.0283594
0.704482;0.399162;-0.021037
0.710958;0.406484;-0.021037
0.717293;0.413807;-0.021037
0.685973;0.380256;-0.0167755
0.692858;0.387578;-0.0167755
0.699591;0.3949;-0.0167755
0.68465;0.380256;-0.00945312
0.691567;0.387578;-0.00945312
0.698333;0.3949;-0.00945312
0.684064;0.380256;-0.00213077
0.690996;0.387578;-0.00213077
0.697776;0.3949;-0.00213077
0.703442;0.399162;-0.0167755
0.709944;0.406484;-0.0167755
0.716304;0.413807;-0.0167755
0.702202;0.399162;-0.00945312
0.708734;0.406484;-0.00945312
0.715123;0.413807;-0.00945312
0.701653;0.399162;-0.00213077
0.708199;0.406484;-0.00213077
0.714601;0.413807;-0.00213077
0.725915;0.418068;-0.0356817
0.731911;0.425391;-0.0356817
0.737776;0.432713;-0.0356817
0.723098;0.418068;-0.0283594
0.729161;0.425391;-0.0283594
0.735093;0.432713;-0.0283594
0.720915;0.418068;-0.021037
0.727032;0.425391;-0.021037
0.733015;0.432713;-0.021037
0.74113;0.436975;-0.0356817
0.746794;0.444297;-0.0356817
0.752335;0.451619;-0.0356817
0.738485;0.436975;-0.0283594
0.744213;0.444297;-0.0283594
0.749816;0.451619;-0.0283594
0.736437;0.436975;-0.021037
0.742214;0.444297;-0.021037
0.747865;0.451619;-0.021037
0.719941;0.418068;-0.0167755
0.726081;0.425391;-0.0167755
0.732088;0.432713;-0.0167755
0.718777;0.418068;-0.00945312
0.724946;0.425391;-0.00945312
0.73098;0.432713;-0.00945312
0.718263;0.418068;-0.00213077
0.724444;0.425391;-0.00213077
0.73049;0.432713;-0.00213077
0.735522;0.436975;-0.0167755
0.741322;0.444297;-0.0167755
0.746994;0.451619;-0.0167755
0.734431;0.436975;-0.00945312
0.740256;0.444297;-0.00945312
0.745954;0.451619;-0.00945312
0.733948;0.436975;-0.00213077
0.739785;0.444297;-0.00213077
0.745495;0.451619;-0.00213077
0.856768;0.455881;-0.149119
0.859772;0.463203;-0.149119
0.862716;0.470525;-0.149119
0.847289;0.455881;-0.141797
0.850507;0.463203;-0.141797
0.853662;0.470525;-0.141797
0.838128;0.455881;-0.134475
0.841554;0.463203;-0.134475
0.844912;0.470525;-0.134475
0.863765;0.473169;-0.149119
0.86446;0.474931;-0.149119
0.865151;0.476693;-0.149119
0.854888;0.473414;-0.141797
0.855986;0.476018;-0.141797
0.857076;0.478622;-0.141797
0.846327;0.473657;-0.134475
0.847867;0.477096;-0.134475
0.849393;0.480536;-0.134475
0.832951;0.455881;-0.130213
0.836495;0.463203;-0.130213
0.839968;0.470525;-0.130213
0.824336;0.455881;-0.122891
0.828077;0.463203;-0.122891
0.831743;0.470525;-0.122891
0.816093;0.455881;-0.115568
0.820024;0.463203;-0.115568
0.823875;0.470525;-0.115568
0.841493;0.473789;-0.130213
0.843294;0.477681;-0.130213
0.845075;0.481573;-0.130213
0.833455;0.473999;-0.122891
0.835705;0.478614;-0.122891
0.837925;0.483228;-0.122891
0.825781;0.474208;-0.115568
0.828506;0.479539;-0.115568
0.831189;0.484871;-0.115568
0.811476;0.455881;-0.111307
0.815513;0.463203;-0.111307
0.819468;0.470525;-0.111307
0.803864;0.455881;-0.103984
0.808078;0.463203;-0.103984
0.812204;0.470525;-0.103984
0.796676;0.455881;-0.096662
0.801057;0.463203;-0.096662
0.805346;0.470525;-0.096662
0.821484;0.47432;-0.111307
0.824481;0.480036;-0.111307
0.82743;0.485752;-0.111307
0.814405;0.474496;-0.103984
0.817858;0.480817;-0.103984
0.821249;0.487139;-0.103984
0.807734;0.474671;-0.096662
0.811659;0.481594;-0.096662
0.815505;0.488517;-0.096662
0.792696;0.455881;-0.0924005
0.797169;0.463203;-0.0924005
0.801548;0.470525;-0.0924005
0.786216;0.455881;-0.0850781
0.790841;0.463203;-0.0850781
0.795368;0.470525;-0.0850781
0.780205;0.455881;-0.0777558
0.784971;0.463203;-0.0777558
0.789636;0.470525;-0.0777558
0.801535;0.474787;-0.0894368
0.805827;0.482109;-0.0894368
0.810029;0.489432;-0.0894368
0.796629;0.474787;-0.0834081
0.801036;0.482109;-0.0834081
0.805349;0.489432;-0.0834081
0.792026;0.474787;-0.0773793
0.796541;0.482109;-0.0773793
0.800959;0.489432;-0.0773793
0.805546;0.474729;-0.0941548
0.809632;0.481852;-0.0941548
0.813634;0.488975;-0.0941548
0.804434;0.474754;-0.0928612
0.808595;0.481964;-0.0928612
0.812669;0.489174;-0.0928612
0.803335;0.47478;-0.0915676
0.807571;0.482077;-0.0915676
0.811718;0.489374;-0.0915676
0.811254;0.491597;-0.0894368
0.811321;0.491714;-0.0894368
0.811387;0.491832;-0.0894368
0.806675;0.491714;-0.0834081
0.806976;0.492235;-0.0834081
0.807277;0.492756;-0.0834081
0.802386;0.491831;-0.0773793
0.802932;0.492754;-0.0773793
0.803477;0.493677;-0.0773793
0.77693;0.455881;-0.0734942
0.781773;0.463203;-0.0734942
0.786512;0.470525;-0.0734942
0.771695;0.455881;-0.0661719
0.776661;0.463203;-0.0661719
0.781521;0.470525;-0.0661719
0.766968;0.455881;-0.0588495
0.772047;0.463203;-0.0588495
0.777015;0.470525;-0.0588495
0.789224;0.474787;-0.0734942
0.793804;0.482109;-0.0734942
0.798286;0.489432;-0.0734942
0.784301;0.474787;-0.0661719
0.788997;0.482109;-0.0661719
0.793592;0.489432;-0.0661719
0.779858;0.474787;-0.0588495
0.784658;0.482109;-0.0588495
0.789354;0.489432;-0.0588495
0.764457;0.455881;-0.054588
0.769595;0.463203;-0.054588
0.774622;0.470525;-0.054588
0.760561;0.455881;-0.0472656
0.765792;0.463203;-0.0472656
0.770909;0.470525;-0.0472656
0.757205;0.455881;-0.0399433
0.762515;0.463203;-0.0399433
0.76771;0.470525;-0.0399433
0.777497;0.474787;-0.054588
0.782353;0.482109;-0.054588
0.787104;0.489432;-0.054588
0.773835;0.474787;-0.0472656
0.778778;0.482109;-0.0472656
0.783613;0.489432;-0.0472656
0.770681;0.474787;-0.0399433
0.775699;0.482109;-0.0399433
0.780606;0.489432;-0.0399433
0.799774;0.491897;-0.0734942
0.800464;0.493048;-0.0734942
0.801152;0.494198;-0.0734942
0.795184;0.492008;-0.0661719
0.796124;0.493537;-0.0661719
0.79706;0.495067;-0.0661719
0.791052;0.492118;-0.0588495
0.792249;0.494025;-0.0588495
0.793439;0.495933;-0.0588495
0.788855;0.492172;-0.054588
0.790185;0.494269;-0.054588
0.791507;0.496365;-0.054588
0.785446;0.492251;-0.0472656
0.786973;0.494617;-0.0472656
0.788489;0.496983;-0.0472656
0.782519;0.492329;-0.0399433
0.784243;0.494964;-0.0399433
0.785954;0.497599;-0.0399433
0.755504;0.455881;-0.0356817
0.760855;0.463203;-0.0356817
0.766089;0.470525;-0.0356817
0.75302;0.455881;-0.0283594
0.75843;0.463203;-0.0283594
0.763723;0.470525;-0.0283594
0.751097;0.455881;-0.021037
0.756553;0.463203;-0.021037
0.76189;0.470525;-0.021037
0.769083;0.474787;-0.0356817
0.774138;0.482109;-0.0356817
0.779083;0.489432;-0.0356817
0.766749;0.474787;-0.0283594
0.77186;0.482109;-0.0283594
0.776858;0.489432;-0.0283594
0.764942;0.474787;-0.021037
0.770096;0.482109;-0.021037
0.775136;0.489432;-0.021037
0.750238;0.455881;-0.0167755
0.755715;0.463203;-0.0167755
0.761072;0.470525;-0.0167755
0.749213;0.455881;-0.00945312
0.754715;0.463203;-0.00945312
0.760095;0.470525;-0.00945312
0.74876;0.455881;-0.00213077
0.754272;0.463203;-0.00213077
0.759664;0.470525;-0.00213077
0.764136;0.474787;-0.0167755
0.769308;0.482109;-0.0167755
0.774367;0.489432;-0.0167755
0.763173;0.474787;-0.00945312
0.768368;0.482109;-0.00945312
0.77345;0.489432;-0.00945312
0.762747;0.474787;-0.00213077
0.767952;0.482109;-0.00213077
0.773044;0.489432;-0.00213077
0.781034;0.492366;-0.0356817
0.782853;0.495126;-0.0356817
0.784658;0.497886;-0.0356817
0.778862;0.492413;-0.0283594
0.780808;0.495334;-0.0283594
0.782737;0.498255;-0.0283594
0.777188;0.492459;-0.021037
0.779258;0.495542;-0.021037
0.781308;0.498624;-0.021037
0.776439;0.492478;-0.0167755
0.778558;0.495623;-0.0167755
0.780657;0.498767;-0.0167755
0.775541;0.492493;-0.00945312
0.777706;0.495692;-0.00945312
0.779849;0.49889;-0.00945312
0.77515;0.492509;-0.00213077
0.777355;0.495761;-0.00213077
0.779538;0.499013;-0.00213077
3.53521;-0.499013;0.00213077
3.49074;-0.495761;0.00213077
3.4467;-0.492509;0.00213077
3.52819;-0.49889;0.00945312
3.48453;-0.495692;0.00945312
3.44129;-0.492493;0.00945312
3.51449;-0.498767;0.0167755
3.4717;-0.495623;0.0167755
3.42931;-0.492478;0.0167755
3.50249;-0.498624;0.021037
3.46066;-0.495542;0.021037
3.41923;-0.492459;0.021037
3.47503;-0.498255;0.0283594
3.43565;-0.495334;0.0283594
3.39662;-0.492413;0.0283594
3.44119;-0.497886;0.0356817
3.40429;-0.495126;0.0356817
3.3677;-0.492366;0.0356817
3.40544;-0.489432;0.00213077
3.30878;-0.482109;0.00213077
3.21424;-0.474787;0.00213077
3.40029;-0.489432;0.00945312
3.30375;-0.482109;0.00945312
3.20934;-0.474787;0.00945312
3.38864;-0.489432;0.0167755
3.2924;-0.482109;0.0167755
3.19827;-0.474787;0.0167755
3.16018;-0.470525;0.00213077
3.0689;-0.463203;0.00213077
2.97962;-0.455881;0.00213077
3.15535;-0.470525;0.00945312
3.06419;-0.463203;0.00945312
2.97503;-0.455881;0.00945312
3.14444;-0.470525;0.0167755
3.05355;-0.463203;0.0167755
2.96466;-0.455881;0.0167755
3.3789;-0.489432;0.021037
3.2829;-0.482109;0.021037
3.18901;-0.474787;0.021037
3.35714;-0.489432;0.0283594
3.26168;-0.482109;0.0283594
3.16832;-0.474787;0.0283594
3.32913;-0.489432;0.0356817
3.23437;-0.482109;0.0356817
3.14169;-0.474787;0.0356817
3.13531;-0.470525;0.021037
3.04466;-0.463203;0.021037
2.95599;-0.455881;0.021037
3.11492;-0.470525;0.0283594
3.02478;-0.463203;0.0283594
2.93662;-0.455881;0.0283594
3.08869;-0.470525;0.0356817
2.99921;-0.463203;0.0356817
2.91169;-0.455881;0.0356817
3.41768;-0.497599;0.0399433
3.38265;-0.494964;0.0399433
3.3479;-0.492329;0.0399433
3.37091;-0.496983;0.0472656
3.33982;-0.494617;0.0472656
3.30895;-0.492251;0.0472656
3.31839;-0.496365;0.054588
3.2912;-0.494269;0.054588
3.26419;-0.492172;0.054588
3.28438;-0.495933;0.0588495
3.25986;-0.494025;0.0588495
3.23547;-0.492118;0.0588495
3.22033;-0.495067;0.0661719
3.20098;-0.493537;0.0661719
3.18173;-0.492008;0.0661719
3.15152;-0.494198;0.0734942
3.13724;-0.493048;0.0734942
3.12301;-0.491897;0.0734942
3.31001;-0.489432;0.0399433
3.21573;-0.482109;0.0399433
3.12351;-0.474787;0.0399433
3.27245;-0.489432;0.0472656
3.17911;-0.482109;0.0472656
3.08782;-0.474787;0.0472656
3.22913;-0.489432;0.054588
3.13689;-0.482109;0.054588
3.04668;-0.474787;0.054588
3.07078;-0.470525;0.0399433
2.98176;-0.463203;0.0399433
2.89469;-0.455881;0.0399433
3.03562;-0.470525;0.0472656
2.94749;-0.463203;0.0472656
2.8613;-0.455881;0.0472656
2.99509;-0.470525;0.054588
2.908;-0.463203;0.054588
2.82283;-0.455881;0.054588
3.20138;-0.489432;0.0588495
3.10984;-0.482109;0.0588495
3.02032;-0.474787;0.0588495
3.14952;-0.489432;0.0661719
3.05931;-0.482109;0.0661719
2.97109;-0.474787;0.0661719
3.09268;-0.489432;0.0734942
3.00394;-0.482109;0.0734942
2.91717;-0.474787;0.0734942
2.96913;-0.470525;0.0588495
2.88271;-0.463203;0.0588495
2.7982;-0.455881;0.0588495
2.92064;-0.470525;0.0661719
2.83549;-0.463203;0.0661719
2.75221;-0.455881;0.0661719
2.86755;-0.470525;0.0734942
2.78379;-0.463203;0.0734942
2.70189;-0.455881;0.0734942
3.11251;-0.493677;0.0773793
3.10118;-0.492754;0.0773793
3.08987;-0.491831;0.0773793
3.04845;-0.492756;0.0834081
3.04217;-0.492235;0.0834081
3.03589;-0.491714;0.0834081
2.98203;-0.491832;0.0894368
2.98064;-0.491714;0.0894368
2.97925;-0.491597;0.0894368
3.06064;-0.489432;0.0773793
2.97274;-0.482109;0.0773793
2.88678;-0.474787;0.0773793
3.00852;-0.489432;0.0834081
2.922;-0.482109;0.0834081
2.83739;-0.474787;0.0834081
2.95373;-0.489432;0.0894368
2.86867;-0.482109;0.0894368
2.7855;-0.474787;0.0894368
2.9331;-0.489374;0.0915676
2.84888;-0.482077;0.0915676
2.76653;-0.47478;0.0915676
2.91854;-0.489174;0.0928612
2.83569;-0.481964;0.0928612
2.75465;-0.474754;0.0928612
2.90389;-0.488975;0.0941548
2.8224;-0.481852;0.0941548
2.74269;-0.474729;0.0941548
2.83468;-0.470525;0.0777558
2.7518;-0.463203;0.0777558
2.67075;-0.455881;0.0777558
2.7751;-0.470525;0.0850781
2.69383;-0.463203;0.0850781
2.61436;-0.455881;0.0850781
2.71203;-0.470525;0.0924005
2.63249;-0.463203;0.0924005
2.55472;-0.455881;0.0924005
2.87447;-0.488517;0.096662
2.79598;-0.481594;0.096662
2.71915;-0.474671;0.096662
2.78676;-0.487139;0.103984
2.71706;-0.480817;0.103984
2.64872;-0.474496;0.103984
2.69762;-0.485752;0.111307
2.63646;-0.480036;0.111307
2.57638;-0.47432;0.111307
2.67393;-0.470525;0.096662
2.59545;-0.463203;0.096662
2.51872;-0.455881;0.096662
2.60647;-0.470525;0.103984
2.52991;-0.463203;0.103984
2.45507;-0.455881;0.103984
2.53709;-0.470525;0.111307
2.46256;-0.463203;0.111307
2.38972;-0.455881;0.111307
2.64467;-0.484871;0.115568
2.58868;-0.479539;0.115568
2.53361;-0.474208;0.115568
2.55257;-0.483228;0.122891
2.50573;-0.478614;0.122891
2.45957;-0.473999;0.122891
2.46155;-0.481573;0.130213
2.42346;-0.477681;0.130213
2.38583;-0.473789;0.130213
2.49611;-0.470525;0.115568
2.42282;-0.463203;0.115568
2.35119;-0.455881;0.115568
2.42527;-0.470525;0.122891
2.35417;-0.463203;0.122891
2.2847;-0.455881;0.122891
2.35465;-0.470525;0.130213
2.28584;-0.463203;0.130213
2.21863;-0.455881;0.130213
2.40884;-0.480536;0.134475
2.37593;-0.477096;0.134475
2.34338;-0.473657;0.134475
2.31965;-0.478622;0.141797
2.29573;-0.476018;0.141797
2.27202;-0.473414;0.141797
2.23478;-0.476693;0.149119
2.21929;-0.474931;0.149119
2.20389;-0.473169;0.149119
2.31406;-0.470525;0.134475
2.24662;-0.463203;0.134475
2.18077;-0.455881;0.134475
2.24594;-0.470525;0.141797
2.18094;-0.463203;0.141797
2.11746;-0.455881;0.141797
2.18094;-0.470525;0.149119
2.11843;-0.463203;0.149119
2.05741;-0.455881;0.149119
2.92857;-0.451619;0.00213077
2.84237;-0.444297;0.00213077
2.75806;-0.436975;0.00213077
2.92404;-0.451619;0.00945312
2.83796;-0.444297;0.00945312
2.75377;-0.436975;0.00945312
2.91383;-0.451619;0.0167755
2.82801;-0.444297;0.0167755
2.74407;-0.436975;0.0167755
2.70985;-0.432713;0.00213077
2.62846;-0.425391;0.00213077
2.54884;-0.418068;0.00213077
2.70562;-0.432713;0.00945312
2.62433;-0.425391;0.00945312
2.54483;-0.418068;0.00945312
2.69607;-0.432713;0.0167755
2.61503;-0.425391;0.0167755
2.53576;-0.418068;0.0167755
2.90529;-0.451619;0.021037
2.81968;-0.444297;0.021037
2.73596;-0.436975;0.021037
2.8862;-0.451619;0.0283594
2.80109;-0.444297;0.0283594
2.71784;-0.436975;0.0283594
2.86165;-0.451619;0.0356817
2.77716;-0.444297;0.0356817
2.69453;-0.436975;0.0356817
2.68808;-0.432713;0.021037
2.60724;-0.425391;0.021037
2.52818;-0.418068;0.021037
2.67023;-0.432713;0.0283594
2.58986;-0.425391;0.0283594
2.51125;-0.418068;0.0283594
2.64728;-0.432713;0.0356817
2.5675;-0.425391;0.0356817
2.48948;-0.418068;0.0356817
2.50332;-0.413807;0.00213077
2.42645;-0.406484;0.00213077
2.35127;-0.399162;0.00213077
2.49936;-0.413807;0.00945312
2.4226;-0.406484;0.00945312
2.34752;-0.399162;0.00945312
2.49044;-0.413807;0.0167755
2.41391;-0.406484;0.0167755
2.33906;-0.399162;0.0167755
2.30828;-0.3949;0.00213077
2.23569;-0.387578;0.00213077
2.1647;-0.380256;0.00213077
2.30459;-0.3949;0.00945312
2.2321;-0.387578;0.00945312
2.1612;-0.380256;0.00945312
2.29626;-0.3949;0.0167755
2.22399;-0.387578;0.0167755
2.15331;-0.380256;0.0167755
2.48297;-0.413807;0.021037
2.40664;-0.406484;0.021037
2.33198;-0.399162;0.021037
2.4663;-0.413807;0.0283594
2.39041;-0.406484;0.0283594
2.31619;-0.399162;0.0283594
2.44487;-0.413807;0.0356817
2.36955;-0.406484;0.0356817
2.29588;-0.399162;0.0356817
2.28929;-0.3949;0.021037
2.21721;-0.387578;0.021037
2.14672;-0.380256;0.021037
2.27374;-0.3949;0.0283594
2.20209;-0.387578;0.0283594
2.132;-0.380256;0.0283594
2.25376;-0.3949;0.0356817
2.18264;-0.387578;0.0356817
2.1131;-0.380256;0.0356817
2.8449;-0.451619;0.0399433
2.76084;-0.444297;0.0399433
2.67864;-0.436975;0.0399433
2.81202;-0.451619;0.0472656
2.72881;-0.444297;0.0472656
2.64744;-0.436975;0.0472656
2.77413;-0.451619;0.054588
2.69191;-0.444297;0.054588
2.61151;-0.436975;0.054588
2.63163;-0.432713;0.0399433
2.55226;-0.425391;0.0399433
2.47464;-0.418068;0.0399433
2.60091;-0.432713;0.0472656
2.52235;-0.425391;0.0472656
2.44553;-0.418068;0.0472656
2.56553;-0.432713;0.054588
2.48792;-0.425391;0.054588
2.41202;-0.418068;0.054588
2.74987;-0.451619;0.0588495
2.66829;-0.444297;0.0588495
2.58851;-0.436975;0.0588495
2.7046;-0.451619;0.0661719
2.62422;-0.444297;0.0661719
2.54562;-0.436975;0.0661719
2.65506;-0.451619;0.0734942
2.57601;-0.444297;0.0734942
2.49872;-0.436975;0.0734942
2.5429;-0.432713;0.0588495
2.46589;-0.425391;0.0588495
2.39058;-0.418068;0.0588495
2.50068;-0.432713;0.0661719
2.42481;-0.425391;0.0661719
2.35063;-0.418068;0.0661719
2.45452;-0.432713;0.0734942
2.37993;-0.425391;0.0734942
2.30699;-0.418068;0.0734942
2.43026;-0.413807;0.0399433
2.35533;-0.406484;0.0399433
2.28205;-0.399162;0.0399433
2.4016;-0.413807;0.0472656
2.32744;-0.406484;0.0472656
2.25491;-0.399162;0.0472656
2.36862;-0.413807;0.054588
2.29535;-0.406484;0.054588
2.22371;-0.399162;0.054588
2.24014;-0.3949;0.0399433
2.1694;-0.387578;0.0399433
2.10022;-0.380256;0.0399433
2.21344;-0.3949;0.0472656
2.14343;-0.387578;0.0472656
2.07497;-0.380256;0.0472656
2.18274;-0.3949;0.054588
2.11359;-0.387578;0.054588
2.04597;-0.380256;0.054588
2.34752;-0.413807;0.0588495
2.27484;-0.406484;0.0588495
2.20376;-0.399162;0.0588495
2.30821;-0.413807;0.0661719
2.23662;-0.406484;0.0661719
2.16661;-0.399162;0.0661719
2.26529;-0.413807;0.0734942
2.1949;-0.406484;0.0734942
2.12609;-0.399162;0.0734942
2.16312;-0.3949;0.0588495
2.09452;-0.387578;0.0588495
2.02744;-0.380256;0.0588495
2.12659;-0.3949;0.0661719
2.05903;-0.387578;0.0661719
1.99297;-0.380256;0.0661719
2.08675;-0.3949;0.0734942
2.02034;-0.387578;0.0734942
1.95543;-0.380256;0.0734942
2.1241;-0.375994;0.00213077
2.05555;-0.368672;0.00213077
1.98851;-0.36135;0.00213077
2.12066;-0.375994;0.00945312
2.05221;-0.368672;0.00945312
1.98526;-0.36135;0.00945312
2.1129;-0.375994;0.0167755
2.04466;-0.368672;0.0167755
1.97792;-0.36135;0.0167755
1.95017;-0.357088;0.00213077
1.88544;-0.349766;0.00213077
1.82213;-0.342443;0.00213077
1.94697;-0.357088;0.00945312
1.88233;-0.349766;0.00945312
1.81911;-0.342443;0.00945312
1.93975;-0.357088;0.0167755
1.87532;-0.349766;0.0167755
1.8123;-0.342443;0.0167755
2.10641;-0.375994;0.021037
2.03835;-0.368672;0.021037
1.97178;-0.36135;0.021037
2.09193;-0.375994;0.0283594
2.02427;-0.368672;0.0283594
1.9581;-0.36135;0.0283594
2.07333;-0.375994;0.0356817
2.00618;-0.368672;0.0356817
1.94052;-0.36135;0.0356817
1.93372;-0.357088;0.021037
1.86945;-0.349766;0.021037
1.8066;-0.342443;0.021037
1.92026;-0.357088;0.0283594
1.85638;-0.349766;0.0283594
1.7939;-0.342443;0.0283594
1.90298;-0.357088;0.0356817
1.83959;-0.349766;0.0356817
1.7776;-0.342443;0.0356817
1.78593;-0.338182;0.00213077
1.7248;-0.330859;0.00213077
1.66502;-0.323537;0.00213077
1.78296;-0.338182;0.00945312
1.72192;-0.330859;0.00945312
1.66222;-0.323537;0.00945312
1.77626;-0.338182;0.0167755
1.71541;-0.330859;0.0167755
1.65591;-0.323537;0.0167755
1.63083;-0.319275;0.00213077
1.57311;-0.311953;0.00213077
1.51665;-0.304631;0.00213077
1.62808;-0.319275;0.00945312
1.57044;-0.311953;0.00945312
1.51407;-0.304631;0.00945312
1.62188;-0.319275;0.0167755
1.56443;-0.311953;0.0167755
1.50824;-0.304631;0.0167755
1.77066;-0.338182;0.021037
1.70998;-0.330859;0.021037
1.65063;-0.323537;0.021037
1.75818;-0.338182;0.0283594
1.69786;-0.330859;0.0283594
1.63888;-0.323537;0.0283594
1.74216;-0.338182;0.0356817
1.68232;-0.330859;0.0356817
1.6238;-0.323537;0.0356817
1.6167;-0.319275;0.021037
1.5594;-0.311953;0.021037
1.50337;-0.304631;0.021037
1.60515;-0.319275;0.0283594
1.54821;-0.311953;0.0283594
1.49252;-0.304631;0.0283594
1.59035;-0.319275;0.0356817
1.53386;-0.311953;0.0356817
1.47863;-0.304631;0.0356817
2.06066;-0.375994;0.0399433
1.99387;-0.368672;0.0399433
1.92856;-0.36135;0.0399433
2.03583;-0.375994;0.0472656
1.96974;-0.368672;0.0472656
1.90512;-0.36135;0.0472656
2.0073;-0.375994;0.054588
1.94204;-0.368672;0.054588
1.87822;-0.36135;0.054588
1.89121;-0.357088;0.0399433
1.82816;-0.349766;0.0399433
1.76651;-0.342443;0.0399433
1.86817;-0.357088;0.0472656
1.8058;-0.349766;0.0472656
1.74481;-0.342443;0.0472656
1.84173;-0.357088;0.054588
1.78014;-0.349766;0.054588
1.71992;-0.342443;0.054588
1.98909;-0.375994;0.0588495
1.92435;-0.368672;0.0588495
1.86106;-0.36135;0.0588495
1.95521;-0.375994;0.0661719
1.89147;-0.368672;0.0661719
1.82915;-0.36135;0.0661719
1.91832;-0.375994;0.0734942
1.85569;-0.368672;0.0734942
1.79447;-0.36135;0.0734942
1.82487;-0.357088;0.0588495
1.76379;-0.349766;0.0588495
1.70407;-0.342443;0.0588495
1.79353;-0.357088;0.0661719
1.73341;-0.349766;0.0661719
1.67463;-0.342443;0.0661719
1.75948;-0.357088;0.0734942
1.70042;-0.349766;0.0734942
1.6427;-0.342443;0.0734942
1.73126;-0.338182;0.0399433
1.67175;-0.330859;0.0399433
1.61355;-0.323537;0.0399433
1.70994;-0.338182;0.0472656
1.65107;-0.330859;0.0472656
1.59352;-0.323537;0.0472656
1.6855;-0.338182;0.054588
1.62739;-0.330859;0.054588
1.57057;-0.323537;0.054588
1.58028;-0.319275;0.0399433
1.52411;-0.311953;0.0399433
1.46919;-0.304631;0.0399433
1.56061;-0.319275;0.0472656
1.50507;-0.311953;0.0472656
1.45076;-0.304631;0.0472656
1.5381;-0.319275;0.054588
1.48328;-0.311953;0.054588
1.42969;-0.304631;0.054588
1.66993;-0.338182;0.0588495
1.61231;-0.330859;0.0588495
1.55598;-0.323537;0.0588495
1.64104;-0.338182;0.0661719
1.58434;-0.330859;0.0661719
1.52892;-0.323537;0.0661719
1.60971;-0.338182;0.0734942
1.55404;-0.330859;0.0734942
1.49964;-0.323537;0.0734942
1.52377;-0.319275;0.0588495
1.46943;-0.311953;0.0588495
1.41631;-0.304631;0.0588495
1.49725;-0.319275;0.0661719
1.4438;-0.311953;0.0661719
1.39156;-0.304631;0.0661719
1.46856;-0.319275;0.0734942
1.41611;-0.311953;0.0734942
1.36486;-0.304631;0.0734942
2.62442;-0.451619;0.0777558
2.5462;-0.444297;0.0777558
2.46972;-0.436975;0.0777558
2.56893;-0.451619;0.0850781
2.49224;-0.444297;0.0850781
2.41726;-0.436975;0.0850781
2.51026;-0.451619;0.0924005
2.43523;-0.444297;0.0924005
2.36187;-0.436975;0.0924005
2.426;-0.432713;0.0777558
2.3522;-0.425391;0.0777558
2.28004;-0.418068;0.0777558
2.3744;-0.432713;0.0850781
2.30206;-0.425391;0.0850781
2.23134;-0.418068;0.0850781
2.31994;-0.432713;0.0924005
2.24918;-0.425391;0.0924005
2.18;-0.418068;0.0924005
2.47486;-0.451619;0.096662
2.40085;-0.444297;0.096662
2.32849;-0.436975;0.096662
2.4123;-0.451619;0.103984
2.34011;-0.444297;0.103984
2.26956;-0.436975;0.103984
2.34809;-0.451619;0.111307
2.27785;-0.444297;0.111307
2.20921;-0.436975;0.111307
2.28713;-0.432713;0.096662
2.21734;-0.425391;0.096662
2.14912;-0.418068;0.096662
2.22924;-0.432713;0.103984
2.1612;-0.425391;0.103984
2.0947;-0.418068;0.103984
2.16998;-0.432713;0.111307
2.10381;-0.425391;0.111307
2.03915;-0.418068;0.111307
2.23879;-0.413807;0.0777558
2.16916;-0.406484;0.0777558
2.10109;-0.399162;0.0777558
2.19091;-0.413807;0.0850781
2.12268;-0.406484;0.0850781
2.05598;-0.399162;0.0850781
2.14046;-0.413807;0.0924005
2.07374;-0.406484;0.0924005
2.00853;-0.399162;0.0924005
2.06218;-0.3949;0.0777558
1.9965;-0.387578;0.0777558
1.9323;-0.380256;0.0777558
2.01786;-0.3949;0.0850781
1.95352;-0.387578;0.0850781
1.89063;-0.380256;0.0850781
1.97126;-0.3949;0.0924005
1.90837;-0.387578;0.0924005
1.84691;-0.380256;0.0924005
2.11013;-0.413807;0.096662
2.04434;-0.406484;0.096662
1.98004;-0.399162;0.096662
2.05671;-0.413807;0.103984
1.9926;-0.406484;0.103984
1.92996;-0.399162;0.103984
2.0022;-0.413807;0.111307
1.93989;-0.406484;0.111307
1.87901;-0.399162;0.111307
1.94329;-0.3949;0.096662
1.8813;-0.387578;0.096662
1.82072;-0.380256;0.096662
1.89417;-0.3949;0.103984
1.8338;-0.387578;0.103984
1.77482;-0.380256;0.103984
1.84424;-0.3949;0.111307
1.78559;-0.387578;0.111307
1.72832;-0.380256;0.111307
2.31026;-0.451619;0.115568
2.24119;-0.444297;0.115568
2.17371;-0.436975;0.115568
2.24501;-0.451619;0.122891
2.17805;-0.444297;0.122891
2.11264;-0.436975;0.122891
2.18023;-0.451619;0.130213
2.11548;-0.444297;0.130213
2.05224;-0.436975;0.130213
2.13516;-0.432713;0.115568
2.07011;-0.425391;0.115568
2.00657;-0.418068;0.115568
2.07528;-0.432713;0.122891
2.01226;-0.425391;0.122891
1.95071;-0.418068;0.122891
2.01612;-0.432713;0.130213
1.95522;-0.425391;0.130213
1.89576;-0.418068;0.130213
2.14315;-0.451619;0.134475
2.07971;-0.444297;0.134475
2.01777;-0.436975;0.134475
2.08122;-0.451619;0.141797
2.02011;-0.444297;0.141797
1.96048;-0.436975;0.141797
2.02257;-0.451619;0.149119
1.96387;-0.444297;0.149119
1.9066;-0.436975;0.149119
1.9824;-0.432713;0.134475
1.92278;-0.425391;0.134475
1.86457;-0.418068;0.134475
1.92643;-0.432713;0.141797
1.86905;-0.425391;0.141797
1.81307;-0.418068;0.141797
1.87392;-0.432713;0.149119
1.81886;-0.425391;0.149119
1.76517;-0.418068;0.149119
1.97027;-0.413807;0.115568
1.90904;-0.406484;0.115568
1.84924;-0.399162;0.115568
1.91556;-0.413807;0.122891
1.85628;-0.406484;0.122891
1.7984;-0.399162;0.122891
1.86181;-0.413807;0.130213
1.80458;-0.406484;0.130213
1.74872;-0.399162;0.130213
1.81508;-0.3949;0.115568
1.75749;-0.387578;0.115568
1.70125;-0.380256;0.115568
1.76536;-0.3949;0.122891
1.70965;-0.387578;0.122891
1.65528;-0.380256;0.122891
1.71684;-0.3949;0.130213
1.66311;-0.387578;0.130213
1.6107;-0.380256;0.130213
1.83135;-0.413807;0.134475
1.77535;-0.406484;0.134475
1.72071;-0.399162;0.134475
1.78112;-0.413807;0.141797
1.72731;-0.406484;0.141797
1.67482;-0.399162;0.141797
1.73455;-0.413807;0.149119
1.68298;-0.406484;0.149119
1.63272;-0.399162;0.149119
1.68953;-0.3949;0.134475
1.637;-0.387578;0.134475
1.58577;-0.380256;0.134475
1.64489;-0.3949;0.141797
1.59447;-0.387578;0.141797
1.54535;-0.380256;0.141797
1.60407;-0.3949;0.149119
1.55585;-0.387578;0.149119
1.50889;-0.380256;0.149119
1.8956;-0.375994;0.0777558
1.83367;-0.368672;0.0777558
1.77314;-0.36135;0.0777558
1.85469;-0.375994;0.0850781
1.79405;-0.368672;0.0850781
1.73478;-0.36135;0.0850781
1.8118;-0.375994;0.0924005
1.75254;-0.368672;0.0924005
1.69465;-0.36135;0.0924005
1.73854;-0.357088;0.0777558
1.68016;-0.349766;0.0777558
1.6231;-0.342443;0.0777558
1.70091;-0.357088;0.0850781
1.64377;-0.349766;0.0850781
1.58793;-0.342443;0.0850781
1.66158;-0.357088;0.0924005
1.60578;-0.349766;0.0924005
1.55128;-0.342443;0.0924005
1.78611;-0.375994;0.096662
1.72772;-0.368672;0.096662
1.67068;-0.36135;0.096662
1.74113;-0.375994;0.103984
1.6843;-0.368672;0.103984
1.62881;-0.36135;0.103984
1.69561;-0.375994;0.111307
1.64045;-0.368672;0.111307
1.58661;-0.36135;0.111307
1.63809;-0.357088;0.096662
1.58313;-0.349766;0.096662
1.52945;-0.342443;0.096662
1.59711;-0.357088;0.103984
1.54367;-0.349766;0.103984
1.49149;-0.342443;0.103984
1.55586;-0.357088;0.111307
1.50404;-0.349766;0.111307
1.45348;-0.342443;0.111307
1.59049;-0.338182;0.0777558
1.53547;-0.330859;0.0777558
1.48172;-0.323537;0.0777558
1.55603;-0.338182;0.0850781
1.50222;-0.330859;0.0850781
1.44965;-0.323537;0.0850781
1.52014;-0.338182;0.0924005
1.46764;-0.330859;0.0924005
1.41636;-0.323537;0.0924005
1.451;-0.319275;0.0777558
1.39918;-0.311953;0.0777558
1.34856;-0.304631;0.0777558
1.41961;-0.319275;0.0850781
1.36897;-0.311953;0.0850781
1.31951;-0.304631;0.0850781
1.38708;-0.319275;0.0924005
1.33771;-0.311953;0.0924005
1.28952;-0.304631;0.0924005
1.4988;-0.338182;0.096662
1.4471;-0.330859;0.096662
1.39663;-0.323537;0.096662
1.4617;-0.338182;0.103984
1.41148;-0.330859;0.103984
1.36248;-0.323537;0.103984
1.42461;-0.338182;0.111307
1.37599;-0.330859;0.111307
1.32856;-0.323537;0.111307
1.36781;-0.319275;0.096662
1.31924;-0.311953;0.096662
1.27183;-0.304631;0.096662
1.33451;-0.319275;0.103984
1.28738;-0.311953;0.103984
1.24142;-0.304631;0.103984
1.3015;-0.319275;0.111307
1.25593;-0.311953;0.111307
1.21153;-0.304631;0.111307
1.66914;-0.375994;0.115568
1.61501;-0.368672;0.115568
1.56217;-0.36135;0.115568
1.62424;-0.375994;0.122891
1.57194;-0.368672;0.122891
1.52092;-0.36135;0.122891
1.5808;-0.375994;0.130213
1.53042;-0.368672;0.130213
1.48132;-0.36135;0.130213
1.53201;-0.357088;0.115568
1.48118;-0.349766;0.115568
1.4316;-0.342443;0.115568
1.4918;-0.357088;0.122891
1.44277;-0.349766;0.122891
1.39496;-0.342443;0.122891
1.45331;-0.357088;0.130213
1.40616;-0.349766;0.130213
1.36022;-0.342443;0.130213
1.55655;-0.375994;0.134475
1.50734;-0.368672;0.134475
1.45939;-0.36135;0.134475
1.51734;-0.375994;0.141797
1.4702;-0.368672;0.141797
1.4243;-0.36135;0.141797
1.48214;-0.375994;0.149119
1.43714;-0.368672;0.149119
1.39337;-0.36135;0.149119
1.43205;-0.357088;0.134475
1.38604;-0.349766;0.134475
1.34124;-0.342443;0.134475
1.39815;-0.357088;0.141797
1.35417;-0.349766;0.141797
1.31138;-0.342443;0.141797
1.36844;-0.357088;0.149119
1.32656;-0.349766;0.149119
1.28586;-0.342443;0.149119
1.40331;-0.338182;0.115568
1.35565;-0.330859;0.115568
1.30919;-0.323537;0.115568
1.36769;-0.338182;0.122891
1.32179;-0.330859;0.122891
1.27707;-0.323537;0.122891
1.33404;-0.338182;0.130213
1.28999;-0.330859;0.130213
1.24712;-0.323537;0.130213
1.28269;-0.319275;0.115568
1.23809;-0.311953;0.115568
1.19463;-0.304631;0.115568
1.25159;-0.319275;0.122891
1.20871;-0.311953;0.122891
1.16698;-0.304631;0.122891
1.22271;-0.319275;0.130213
1.18167;-0.311953;0.130213
1.14177;-0.304631;0.130213
1.31571;-0.338182;0.134475
1.27279;-0.330859;0.134475
1.23104;-0.323537;0.134475
1.28702;-0.338182;0.141797
1.2461;-0.330859;0.141797
1.20633;-0.323537;0.141797
1.26271;-0.338182;0.149119
1.22386;-0.330859;0.149119
1.18615;-0.323537;0.149119
1.20727;-0.319275;0.134475
1.16734;-0.311953;0.134475
1.12856;-0.304631;0.134475
1.18372;-0.319275;0.141797
1.14577;-0.311953;0.141797
1.10896;-0.304631;0.141797
1.16473;-0.319275;0.149119
1.12882;-0.311953;0.149119
1.09404;-0.304631;0.149119
2.19646;-0.475739;0.152557
2.18488;-0.474394;0.152557
2.17334;-0.473048;0.152557
2.14779;-0.474398;0.15705
2.14143;-0.473638;0.15705
2.13509;-0.472878;0.15705
2.10193;-0.47305;0.161543
2.10054;-0.472878;0.161543
2.09915;-0.472706;0.161543
2.15187;-0.470525;0.152557
2.09054;-0.463203;0.152557
2.03069;-0.455881;0.152557
2.11558;-0.470525;0.15705
2.05582;-0.463203;0.15705
1.99751;-0.455881;0.15705
2.08153;-0.470525;0.161543
2.02334;-0.463203;0.161543
1.96659;-0.455881;0.161543
2.06429;-0.470276;0.163673
2.00774;-0.463063;0.163673
1.95258;-0.455849;0.163673
2.03831;-0.469417;0.166503
1.98575;-0.462578;0.166503
1.93443;-0.45574;0.166503
2.01374;-0.468554;0.169333
1.96506;-0.462092;0.169333
1.91748;-0.45563;0.169333
1.98916;-0.467583;0.172287
1.94466;-0.461545;0.172287
1.90109;-0.455507;0.172287
1.93546;-0.465092;0.179609
1.90092;-0.460141;0.179609
1.86699;-0.455191;0.179609
1.89377;-0.462574;0.186932
1.86835;-0.458722;0.186932
1.8433;-0.454871;0.186932
1.87504;-0.46103;0.191193
1.85475;-0.457852;0.191193
1.8347;-0.454675;0.191193
1.85305;-0.458239;0.198516
1.84122;-0.456279;0.198516
1.82947;-0.45432;0.198516
1.84527;-0.455415;0.205838
1.84111;-0.454688;0.205838
1.83696;-0.453961;0.205838
1.84577;-0.454493;0.208193
1.84394;-0.454169;0.208193
1.84212;-0.453844;0.208193
1.84614;-0.454169;0.208965
1.84511;-0.453986;0.208965
1.84409;-0.453803;0.208965
1.84666;-0.453844;0.209736
1.84643;-0.453803;0.209736
1.8462;-0.453762;0.209736
1.99046;-0.451619;0.153381
1.93318;-0.444297;0.153381
1.87731;-0.436975;0.153381
1.93964;-0.451619;0.160703
1.88484;-0.444297;0.160703
1.83141;-0.436975;0.160703
1.89555;-0.451619;0.168025
1.84323;-0.444297;0.168025
1.79226;-0.436975;0.168025
1.84544;-0.432713;0.153381
1.79176;-0.425391;0.153381
1.73943;-0.418068;0.153381
1.80095;-0.432713;0.160703
1.74966;-0.425391;0.160703
1.6997;-0.418068;0.160703
1.76321;-0.432713;0.168025
1.71434;-0.425391;0.168025
1.66676;-0.418068;0.168025
1.87353;-0.451619;0.172287
1.82265;-0.444297;0.172287
1.77311;-0.436975;0.172287
1.84289;-0.451619;0.179609
1.79445;-0.444297;0.179609
1.74732;-0.436975;0.179609
1.82242;-0.451619;0.186932
1.77634;-0.444297;0.186932
1.73153;-0.436975;0.186932
1.74488;-0.432713;0.172287
1.6974;-0.425391;0.172287
1.6512;-0.418068;0.172287
1.72048;-0.432713;0.179609
1.67536;-0.425391;0.179609
1.63149;-0.418068;0.179609
1.70602;-0.432713;0.186932
1.66317;-0.425391;0.186932
1.62153;-0.418068;0.186932
1.70959;-0.413807;0.153381
1.65936;-0.406484;0.153381
1.61042;-0.399162;0.153381
1.67122;-0.413807;0.160703
1.62332;-0.406484;0.160703
1.57669;-0.399162;0.160703
1.63965;-0.413807;0.168025
1.59409;-0.406484;0.168025
1.54977;-0.399162;0.168025
1.58253;-0.3949;0.153381
1.53561;-0.387578;0.153381
1.48995;-0.380256;0.153381
1.55013;-0.3949;0.160703
1.50547;-0.387578;0.160703
1.46205;-0.380256;0.160703
1.52454;-0.3949;0.168025
1.48216;-0.387578;0.168025
1.44099;-0.380256;0.168025
1.62489;-0.413807;0.172287
1.58068;-0.406484;0.172287
1.5377;-0.399162;0.172287
1.60652;-0.413807;0.179609
1.56459;-0.406484;0.179609
1.52386;-0.399162;0.179609
1.59785;-0.413807;0.186932
1.5581;-0.406484;0.186932
1.51952;-0.399162;0.186932
1.51325;-0.3949;0.172287
1.47218;-0.387578;0.172287
1.43231;-0.380256;0.172287
1.5007;-0.3949;0.179609
1.46185;-0.387578;0.179609
1.42415;-0.380256;0.179609
1.49761;-0.3949;0.186932
1.46085;-0.387578;0.186932
1.42522;-0.380256;0.186932
1.81564;-0.451619;0.191193
1.77087;-0.444297;0.191193
1.72735;-0.436975;0.191193
1.81342;-0.451619;0.198516
1.77076;-0.444297;0.198516
1.7293;-0.436975;0.198516
1.82366;-0.451619;0.205838
1.78286;-0.444297;0.205838
1.74323;-0.436975;0.205838
1.70258;-0.432713;0.191193
1.66098;-0.425391;0.191193
1.62058;-0.418068;0.191193
1.70572;-0.432713;0.198516
1.66613;-0.425391;0.198516
1.6277;-0.418068;0.198516
1.7207;-0.432713;0.205838
1.68288;-0.425391;0.205838
1.64618;-0.418068;0.205838
1.82965;-0.451619;0.208193
1.7894;-0.444297;0.208193
1.7503;-0.436975;0.208193
1.83191;-0.451619;0.208965
1.79183;-0.444297;0.208965
1.7529;-0.436975;0.208965
1.8343;-0.451619;0.209736
1.79439;-0.444297;0.209736
1.75562;-0.436975;0.209736
1.83723;-0.45081;0.211867
1.79976;-0.443841;0.211867
1.76332;-0.436872;0.211867
1.85196;-0.448006;0.218418
1.82226;-0.442261;0.218418
1.79324;-0.436516;0.218418
1.8773;-0.44517;0.224969
1.85475;-0.440663;0.224969
1.8326;-0.436155;0.224969
1.73495;-0.432713;0.2101
1.69803;-0.425391;0.2101
1.66221;-0.418068;0.2101
1.76888;-0.432713;0.217422
1.73325;-0.425391;0.217422
1.69868;-0.418068;0.217422
1.81438;-0.432713;0.224744
1.7797;-0.425391;0.224744
1.74604;-0.418068;0.224744
1.59761;-0.413807;0.191193
1.55906;-0.406484;0.191193
1.52167;-0.399162;0.191193
1.60586;-0.413807;0.198516
1.56922;-0.406484;0.198516
1.5337;-0.399162;0.198516
1.62533;-0.413807;0.205838
1.59036;-0.406484;0.205838
1.55647;-0.399162;0.205838
1.50043;-0.3949;0.191193
1.46482;-0.387578;0.191193
1.43032;-0.380256;0.191193
1.51353;-0.3949;0.198516
1.47973;-0.387578;0.198516
1.44701;-0.380256;0.198516
1.53723;-0.3949;0.205838
1.505;-0.387578;0.205838
1.47379;-0.380256;0.205838
1.64186;-0.413807;0.2101
1.60773;-0.406484;0.2101
1.57465;-0.399162;0.2101
1.67904;-0.413807;0.217422
1.6461;-0.406484;0.217422
1.61417;-0.399162;0.217422
1.72691;-0.413807;0.224744
1.69482;-0.406484;0.224744
1.66371;-0.399162;0.224744
1.55588;-0.3949;0.2101
1.52442;-0.387578;0.2101
1.49397;-0.380256;0.2101
1.59605;-0.3949;0.217422
1.56568;-0.387578;0.217422
1.53627;-0.380256;0.217422
1.64604;-0.3949;0.224744
1.61642;-0.387578;0.224744
1.58772;-0.380256;0.224744
1.46394;-0.375994;0.153381
1.42021;-0.368672;0.153381
1.37769;-0.36135;0.153381
1.43733;-0.375994;0.160703
1.39582;-0.368672;0.160703
1.3555;-0.36135;0.160703
1.41758;-0.375994;0.168025
1.37828;-0.368672;0.168025
1.34015;-0.36135;0.168025
1.3535;-0.357088;0.153381
1.31287;-0.349766;0.153381
1.27341;-0.342443;0.153381
1.33257;-0.357088;0.160703
1.2941;-0.349766;0.160703
1.25679;-0.342443;0.160703
1.3185;-0.357088;0.168025
1.28219;-0.349766;0.168025
1.24702;-0.342443;0.168025
1.40964;-0.375994;0.172287
1.37162;-0.368672;0.172287
1.33475;-0.36135;0.172287
1.40274;-0.375994;0.179609
1.36685;-0.368672;0.179609
1.33209;-0.36135;0.179609
1.405;-0.375994;0.186932
1.37113;-0.368672;0.186932
1.33835;-0.36135;0.186932
1.31382;-0.357088;0.172287
1.27875;-0.349766;0.172287
1.24481;-0.342443;0.172287
1.31238;-0.357088;0.179609
1.27937;-0.349766;0.179609
1.24745;-0.342443;0.179609
1.31977;-0.357088;0.186932
1.28869;-0.349766;0.186932
1.25866;-0.342443;0.186932
1.25097;-0.338182;0.153381
1.21334;-0.330859;0.153381
1.17686;-0.323537;0.153381
1.2356;-0.338182;0.160703
1.20009;-0.330859;0.160703
1.16571;-0.323537;0.160703
1.22706;-0.338182;0.168025
1.19366;-0.330859;0.168025
1.16137;-0.323537;0.168025
1.15614;-0.319275;0.153381
1.12144;-0.311953;0.153381
1.08786;-0.304631;0.153381
1.14622;-0.319275;0.160703
1.1136;-0.311953;0.160703
1.08209;-0.304631;0.160703
1.14309;-0.319275;0.168025
1.11252;-0.311953;0.168025
1.08305;-0.304631;0.168025
1.22556;-0.338182;0.172287
1.19336;-0.330859;0.172287
1.16226;-0.323537;0.172287
1.22938;-0.338182;0.179609
1.19916;-0.330859;0.179609
1.17001;-0.323537;0.179609
1.24167;-0.338182;0.186932
1.21329;-0.330859;0.186932
1.18594;-0.323537;0.186932
1.14465;-0.319275;0.172287
1.11526;-0.311953;0.172287
1.08693;-0.304631;0.172287
1.15353;-0.319275;0.179609
1.12603;-0.311953;0.179609
1.09957;-0.304631;0.179609
1.17048;-0.319275;0.186932
1.14472;-0.311953;0.186932
1.11995;-0.304631;0.186932
1.41074;-0.375994;0.191193
1.37797;-0.368672;0.191193
1.34626;-0.36135;0.191193
1.42845;-0.375994;0.198516
1.39739;-0.368672;0.198516
1.36735;-0.36135;0.198516
1.4561;-0.375994;0.205838
1.42649;-0.368672;0.205838
1.39787;-0.36135;0.205838
1.3283;-0.357088;0.191193
1.29826;-0.349766;0.191193
1.26925;-0.342443;0.191193
1.35034;-0.357088;0.198516
1.3219;-0.349766;0.198516
1.29446;-0.342443;0.198516
1.38166;-0.357088;0.205838
1.35456;-0.349766;0.205838
1.32841;-0.342443;0.205838
1.47671;-0.375994;0.2101
1.44781;-0.368672;0.2101
1.41987;-0.36135;0.2101
1.51959;-0.375994;0.217422
1.49167;-0.368672;0.217422
1.46467;-0.36135;0.217422
1.57144;-0.375994;0.224744
1.54417;-0.368672;0.224744
1.51778;-0.36135;0.224744
1.40405;-0.357088;0.2101
1.3776;-0.349766;0.2101
1.35207;-0.342443;0.2101
1.44937;-0.357088;0.217422
1.42379;-0.349766;0.217422
1.39907;-0.342443;0.217422
1.50282;-0.357088;0.224744
1.47778;-0.349766;0.224744
1.45357;-0.342443;0.224744
1.25284;-0.338182;0.191193
1.22544;-0.330859;0.191193
1.19903;-0.323537;0.191193
1.27893;-0.338182;0.198516
1.25303;-0.330859;0.198516
1.22807;-0.323537;0.198516
1.31362;-0.338182;0.205838
1.28894;-0.330859;0.205838
1.26516;-0.323537;0.205838
1.18412;-0.319275;0.191193
1.15927;-0.311953;0.191193
1.13538;-0.304631;0.191193
1.21398;-0.319275;0.198516
1.1905;-0.311953;0.198516
1.16793;-0.304631;0.198516
1.25172;-0.319275;0.205838
1.22934;-0.311953;0.205838
1.20782;-0.304631;0.205838
1.33763;-0.338182;0.2101
1.31352;-0.330859;0.2101
1.29029;-0.323537;0.2101
1.38509;-0.338182;0.217422
1.36173;-0.330859;0.217422
1.3392;-0.323537;0.217422
1.43986;-0.338182;0.224744
1.41695;-0.330859;0.224744
1.39482;-0.323537;0.224744
1.27716;-0.319275;0.2101
1.25528;-0.311953;0.2101
1.23424;-0.304631;0.2101
1.32646;-0.319275;0.217422
1.30522;-0.311953;0.217422
1.28476;-0.304631;0.217422
1.3823;-0.319275;0.224744
1.36139;-0.311953;0.224744
1.34122;-0.304631;0.224744
1.89754;-0.443341;0.229006
1.87929;-0.439632;0.229006
1.8613;-0.435923;0.229006
1.94255;-0.439885;0.236328
1.93196;-0.437685;0.236328
1.92146;-0.435484;0.236328
1.99765;-0.436382;0.24365
1.99446;-0.435711;0.24365
1.99127;-0.435039;0.24365
1.84594;-0.432713;0.229006
1.81165;-0.425391;0.229006
1.77836;-0.418068;0.229006
1.90836;-0.432713;0.236328
1.87444;-0.425391;0.236328
1.84149;-0.418068;0.236328
1.9803;-0.432713;0.24365
1.94639;-0.425391;0.24365
1.91342;-0.418068;0.24365
2.01629;-0.435296;0.245893
2.01535;-0.435099;0.245893
2.01441;-0.434901;0.245893
2.01951;-0.435099;0.246278
2.01898;-0.434987;0.246278
2.01845;-0.434876;0.246278
2.02275;-0.434901;0.246663
2.02263;-0.434876;0.246663
2.02252;-0.434851;0.246663
2.00407;-0.432713;0.245893
1.9701;-0.425391;0.245893
1.93706;-0.418068;0.245893
2.00823;-0.432713;0.246278
1.97424;-0.425391;0.246278
1.94119;-0.418068;0.246278
2.01241;-0.432713;0.246663
1.9784;-0.425391;0.246663
1.94534;-0.418068;0.246663
2.03099;-0.431663;0.248793
1.99912;-0.424799;0.248793
1.96807;-0.417935;0.248793
2.09467;-0.428019;0.255731
2.07007;-0.422746;0.255731
2.04595;-0.417472;0.255731
2.16351;-0.424323;0.262669
2.14623;-0.420663;0.262669
2.12918;-0.417003;0.262669
1.75943;-0.413807;0.229006
1.72768;-0.406484;0.229006
1.69687;-0.399162;0.229006
1.82275;-0.413807;0.236328
1.79129;-0.406484;0.236328
1.76075;-0.399162;0.236328
1.89467;-0.413807;0.24365
1.86316;-0.406484;0.24365
1.83255;-0.399162;0.24365
1.67938;-0.3949;0.229006
1.65004;-0.387578;0.229006
1.6216;-0.380256;0.229006
1.74339;-0.3949;0.236328
1.71427;-0.387578;0.236328
1.68602;-0.380256;0.236328
1.81514;-0.3949;0.24365
1.78591;-0.387578;0.24365
1.75753;-0.380256;0.24365
1.94009;-0.413807;0.247912
1.90841;-0.406484;0.247912
1.87761;-0.399162;0.247912
2.02357;-0.413807;0.255234
1.99135;-0.406484;0.255234
1.96;-0.399162;0.255234
2.11306;-0.413807;0.262557
2.08002;-0.406484;0.262557
2.04785;-0.399162;0.262557
1.86009;-0.3949;0.247912
1.83066;-0.387578;0.247912
1.80206;-0.380256;0.247912
1.94215;-0.3949;0.255234
1.91215;-0.387578;0.255234
1.88298;-0.380256;0.255234
2.02953;-0.3949;0.262557
1.9987;-0.387578;0.262557
1.9687;-0.380256;0.262557
2.19906;-0.422425;0.266118
2.18559;-0.419593;0.266118
2.17224;-0.416762;0.266118
2.25071;-0.419612;0.271035
2.24297;-0.418008;0.271035
2.23527;-0.416404;0.271035
2.30358;-0.41677;0.275952
2.3018;-0.416407;0.275952
2.30002;-0.416043;0.275952
2.15846;-0.413807;0.266118
2.12494;-0.406484;0.266118
2.09229;-0.399162;0.266118
2.22289;-0.413807;0.271035
2.18861;-0.406484;0.271035
2.15521;-0.399162;0.271035
2.28911;-0.413807;0.275952
2.25398;-0.406484;0.275952
2.21973;-0.399162;0.275952
2.31626;-0.413393;0.278082
2.28165;-0.406251;0.278082
2.24788;-0.399109;0.278082
2.34242;-0.411964;0.280488
2.31054;-0.405446;0.280488
2.27936;-0.398928;0.280488
2.36869;-0.410528;0.282894
2.3396;-0.404637;0.282894
2.3111;-0.398746;0.282894
2.08247;-0.3949;0.266818
2.05106;-0.387578;0.266818
2.02047;-0.380256;0.266818
2.17644;-0.3949;0.274141
2.14387;-0.387578;0.274141
2.11213;-0.380256;0.274141
2.27353;-0.3949;0.281463
2.23962;-0.387578;0.281463
2.20655;-0.380256;0.281463
2.39941;-0.408769;0.285725
2.37382;-0.403645;0.285725
2.34868;-0.398522;0.285725
2.47862;-0.404113;0.293047
2.4627;-0.401022;0.293047
2.44695;-0.397931;0.293047
2.55711;-0.399377;0.300369
2.55166;-0.398353;0.300369
2.54624;-0.397329;0.300369
2.33116;-0.3949;0.285725
2.2964;-0.387578;0.285725
2.2625;-0.380256;0.285725
2.43166;-0.3949;0.293047
2.39534;-0.387578;0.293047
2.35991;-0.380256;0.293047
2.53344;-0.3949;0.300369
2.49547;-0.387578;0.300369
2.45839;-0.380256;0.300369
1.60546;-0.375994;0.229006
1.57842;-0.368672;0.229006
1.55223;-0.36135;0.229006
1.66997;-0.375994;0.236328
1.64307;-0.368672;0.236328
1.61699;-0.36135;0.236328
1.7414;-0.375994;0.24365
1.71432;-0.368672;0.24365
1.68805;-0.36135;0.24365
1.53738;-0.357088;0.229006
1.51251;-0.349766;0.229006
1.48846;-0.342443;0.229006
1.60218;-0.357088;0.236328
1.57738;-0.349766;0.236328
1.55335;-0.342443;0.236328
1.67313;-0.357088;0.24365
1.64809;-0.349766;0.24365
1.62382;-0.342443;0.24365
1.7858;-0.375994;0.247912
1.7585;-0.368672;0.247912
1.73199;-0.36135;0.247912
1.86637;-0.375994;0.255234
1.83847;-0.368672;0.255234
1.81135;-0.36135;0.255234
1.95161;-0.375994;0.262557
1.92287;-0.368672;0.262557
1.89492;-0.36135;0.262557
1.71692;-0.357088;0.247912
1.69163;-0.349766;0.247912
1.66709;-0.342443;0.247912
1.79592;-0.357088;0.255234
1.77;-0.349766;0.255234
1.74482;-0.342443;0.255234
1.879;-0.357088;0.262557
1.85224;-0.349766;0.262557
1.82621;-0.342443;0.262557
1.47483;-0.338182;0.229006
1.45203;-0.330859;0.229006
1.43001;-0.323537;0.229006
1.53972;-0.338182;0.236328
1.5169;-0.330859;0.236328
1.49482;-0.323537;0.236328
1.61003;-0.338182;0.24365
1.58693;-0.330859;0.24365
1.56454;-0.323537;0.24365
1.41753;-0.319275;0.229006
1.39669;-0.311953;0.229006
1.37657;-0.304631;0.229006
1.48231;-0.319275;0.236328
1.46136;-0.311953;0.236328
1.44112;-0.304631;0.236328
1.55183;-0.319275;0.24365
1.53054;-0.311953;0.24365
1.50993;-0.304631;0.24365
1.65315;-0.338182;0.247912
1.62976;-0.330859;0.247912
1.60708;-0.323537;0.247912
1.7305;-0.338182;0.255234
1.70646;-0.330859;0.255234
1.68311;-0.323537;0.255234
1.81139;-0.338182;0.262557
1.7865;-0.330859;0.262557
1.76229;-0.323537;0.262557
1.5942;-0.319275;0.247912
1.57261;-0.311953;0.247912
1.55168;-0.304631;0.247912
1.66984;-0.319275;0.255234
1.64756;-0.311953;0.255234
1.62594;-0.304631;0.255234
1.74852;-0.319275;0.262557
1.72537;-0.311953;0.262557
1.70289;-0.304631;0.262557
2.00304;-0.375994;0.266818
1.97373;-0.368672;0.266818
1.94519;-0.36135;0.266818
2.09403;-0.375994;0.274141
2.06357;-0.368672;0.274141
2.03389;-0.36135;0.274141
2.18769;-0.375994;0.281463
2.15592;-0.368672;0.281463
2.12495;-0.36135;0.281463
1.92893;-0.357088;0.266818
1.90159;-0.349766;0.266818
1.87498;-0.342443;0.266818
2.01697;-0.357088;0.274141
1.98851;-0.349766;0.274141
1.96078;-0.342443;0.274141
2.10729;-0.357088;0.281463
2.07755;-0.349766;0.281463
2.04856;-0.342443;0.281463
2.24316;-0.375994;0.285725
2.21057;-0.368672;0.285725
2.17879;-0.36135;0.285725
2.33968;-0.375994;0.293047
2.30559;-0.368672;0.293047
2.27233;-0.36135;0.293047
2.43723;-0.375994;0.300369
2.40154;-0.368672;0.300369
2.36671;-0.36135;0.300369
2.16066;-0.357088;0.285725
2.13012;-0.349766;0.285725
2.10035;-0.342443;0.285725
2.25334;-0.357088;0.293047
2.22136;-0.349766;0.293047
2.19015;-0.342443;0.293047
2.34682;-0.357088;0.300369
2.3133;-0.349766;0.300369
2.28058;-0.342443;0.300369
1.85983;-0.338182;0.266818
1.83436;-0.330859;0.266818
1.80958;-0.323537;0.266818
1.94498;-0.338182;0.274141
1.91839;-0.330859;0.274141
1.8925;-0.323537;0.274141
2.03203;-0.338182;0.281463
2.0042;-0.330859;0.281463
1.97709;-0.323537;0.281463
1.79547;-0.319275;0.266818
1.77175;-0.311953;0.266818
1.74869;-0.304631;0.266818
1.87775;-0.319275;0.274141
1.85294;-0.311953;0.274141
1.82879;-0.304631;0.274141
1.96163;-0.319275;0.281463
1.9356;-0.311953;0.281463
1.91024;-0.304631;0.281463
2.08336;-0.338182;0.285725
2.05476;-0.330859;0.285725
2.02688;-0.323537;0.285725
2.17234;-0.338182;0.293047
2.14234;-0.330859;0.293047
2.11307;-0.323537;0.293047
2.2619;-0.338182;0.300369
2.23041;-0.330859;0.300369
2.19969;-0.323537;0.300369
2.01097;-0.319275;0.285725
1.9842;-0.311953;0.285725
1.9581;-0.304631;0.285725
2.09637;-0.319275;0.293047
2.06823;-0.311953;0.293047
2.0408;-0.304631;0.293047
2.18215;-0.319275;0.300369
2.1526;-0.311953;0.300369
2.12375;-0.304631;0.300369
1.48437;-0.300369;0.00213077
1.42986;-0.293047;0.00213077
1.37654;-0.285725;0.00213077
1.48183;-0.300369;0.00945312
1.4274;-0.293047;0.00945312
1.37417;-0.285725;0.00945312
1.47611;-0.300369;0.0167755
1.42186;-0.293047;0.0167755
1.3688;-0.285725;0.0167755
1.34606;-0.281463;0.00213077
1.29458;-0.274141;0.00213077
1.24424;-0.266818;0.00213077
1.34372;-0.281463;0.00945312
1.29233;-0.274141;0.00945312
1.24206;-0.266818;0.00945312
1.33846;-0.281463;0.0167755
1.28724;-0.274141;0.0167755
1.23715;-0.266818;0.0167755
1.47133;-0.300369;0.021037
1.41723;-0.293047;0.021037
1.36433;-0.285725;0.021037
1.46068;-0.300369;0.0283594
1.40693;-0.293047;0.0283594
1.35436;-0.285725;0.0283594
1.44705;-0.300369;0.0356817
1.39374;-0.293047;0.0356817
1.34161;-0.285725;0.0356817
1.33408;-0.281463;0.021037
1.283;-0.274141;0.021037
1.23306;-0.266818;0.021037
1.3243;-0.281463;0.0283594
1.27356;-0.274141;0.0283594
1.22394;-0.266818;0.0283594
1.3118;-0.281463;0.0356817
1.26149;-0.274141;0.0356817
1.2123;-0.266818;0.0356817
1.21545;-0.262557;0.00213077
1.16684;-0.255234;0.00213077
1.1193;-0.247912;0.00213077
1.21331;-0.262557;0.00945312
1.16478;-0.255234;0.00945312
1.11732;-0.247912;0.00945312
1.20851;-0.262557;0.0167755
1.16014;-0.255234;0.0167755
1.11285;-0.247912;0.0167755
1.09211;-0.24365;0.00213077
1.04621;-0.236328;0.00213077
1.00131;-0.229006;0.00213077
1.09017;-0.24365;0.00945312
1.04434;-0.236328;0.00945312
0.999524;-0.229006;0.00945312
1.0858;-0.24365;0.0167755
1.04015;-0.236328;0.0167755
0.995495;-0.229006;0.0167755
1.20449;-0.262557;0.021037
1.15628;-0.255234;0.021037
1.10913;-0.247912;0.021037
1.19557;-0.262557;0.0283594
1.14768;-0.255234;0.0283594
1.10085;-0.247912;0.0283594
1.18418;-0.262557;0.0356817
1.13671;-0.255234;0.0356817
1.0903;-0.247912;0.0356817
1.08216;-0.24365;0.021037
1.03665;-0.236328;0.021037
0.992139;-0.229006;0.021037
1.07408;-0.24365;0.0283594
1.02888;-0.236328;0.0283594
0.984693;-0.229006;0.0283594
1.06377;-0.24365;0.0356817
1.01899;-0.236328;0.0356817
0.975219;-0.229006;0.0356817
1.43779;-0.300369;0.0399433
1.38478;-0.293047;0.0399433
1.33296;-0.285725;0.0399433
1.41971;-0.300369;0.0472656
1.36731;-0.293047;0.0472656
1.31608;-0.285725;0.0472656
1.39906;-0.300369;0.054588
1.34737;-0.293047;0.054588
1.29684;-0.285725;0.054588
1.30333;-0.281463;0.0399433
1.25331;-0.274141;0.0399433
1.20442;-0.266818;0.0399433
1.2868;-0.281463;0.0472656
1.23737;-0.274141;0.0472656
1.18906;-0.266818;0.0472656
1.26796;-0.281463;0.054588
1.21923;-0.274141;0.054588
1.1716;-0.266818;0.054588
1.38595;-0.300369;0.0588495
1.33471;-0.293047;0.0588495
1.28464;-0.285725;0.0588495
1.36171;-0.300369;0.0661719
1.31135;-0.293047;0.0661719
1.26214;-0.285725;0.0661719
1.33559;-0.300369;0.0734942
1.2862;-0.293047;0.0734942
1.23796;-0.285725;0.0734942
1.25602;-0.281463;0.0588495
1.20774;-0.274141;0.0588495
1.16056;-0.266818;0.0588495
1.23402;-0.281463;0.0661719
1.18659;-0.274141;0.0661719
1.14026;-0.266818;0.0661719
1.2104;-0.281463;0.0734942
1.16393;-0.274141;0.0734942
1.11855;-0.266818;0.0734942
1.17646;-0.262557;0.0399433
1.12928;-0.255234;0.0399433
1.08316;-0.247912;0.0399433
1.16145;-0.262557;0.0472656
1.11485;-0.255234;0.0472656
1.0693;-0.247912;0.0472656
1.14438;-0.262557;0.054588
1.09846;-0.255234;0.054588
1.0536;-0.247912;0.054588
1.0568;-0.24365;0.0399433
1.01231;-0.236328;0.0399433
0.968825;-0.229006;0.0399433
1.04327;-0.24365;0.0472656
0.999358;-0.236328;0.0472656
0.956447;-0.229006;0.0472656
1.02796;-0.24365;0.054588
0.984722;-0.236328;0.054588
0.942487;-0.229006;0.054588
1.1336;-0.262557;0.0588495
1.08812;-0.255234;0.0588495
1.0437;-0.247912;0.0588495
1.11379;-0.262557;0.0661719
1.06916;-0.255234;0.0661719
1.02558;-0.247912;0.0661719
1.09264;-0.262557;0.0734942
1.04896;-0.255234;0.0734942
1.00633;-0.247912;0.0734942
1.01832;-0.24365;0.0588495
0.975523;-0.236328;0.0588495
0.93373;-0.229006;0.0588495
1.00069;-0.24365;0.0661719
0.958739;-0.236328;0.0661719
0.917792;-0.229006;0.0661719
0.982;-0.24365;0.0734942
0.940999;-0.236328;0.0734942
0.901011;-0.229006;0.0734942
0.975641;-0.224744;0.00213077
0.932295;-0.217422;0.00213077
0.8899;-0.2101;0.00213077
0.973894;-0.224744;0.00945312
0.930622;-0.217422;0.00945312
0.888301;-0.2101;0.00945312
0.969963;-0.224744;0.0167755
0.926859;-0.217422;0.0167755
0.884708;-0.2101;0.0167755
0.865656;-0.205838;0.00213077
0.824723;-0.198516;0.00213077
0.784688;-0.191193;0.00213077
0.864101;-0.205838;0.00945312
0.823243;-0.198516;0.00945312
0.783284;-0.191193;0.00945312
0.860606;-0.205838;0.0167755
0.819918;-0.198516;0.0167755
0.780131;-0.191193;0.0167755
0.96669;-0.224744;0.021037
0.923728;-0.217422;0.021037
0.881719;-0.2101;0.021037
0.95943;-0.224744;0.0283594
0.916788;-0.217422;0.0283594
0.875099;-0.2101;0.0283594
0.950197;-0.224744;0.0356817
0.907973;-0.217422;0.0356817
0.866703;-0.2101;0.0356817
0.8577;-0.205838;0.021037
0.817156;-0.198516;0.021037
0.777513;-0.191193;0.021037
0.851268;-0.205838;0.0283594
0.811047;-0.198516;0.0283594
0.771732;-0.191193;0.0283594
0.843116;-0.205838;0.0356817
0.803319;-0.198516;0.0356817
0.764431;-0.191193;0.0356817
0.761794;-0.186932;0.00213077
0.723141;-0.179609;0.00213077
0.685336;-0.172287;0.00213077
0.760435;-0.186932;0.00945312
0.721858;-0.179609;0.00945312
0.684131;-0.172287;0.00945312
0.757382;-0.186932;0.0167755
0.718981;-0.179609;0.0167755
0.681432;-0.172287;0.0167755
0.663716;-0.168025;0.00213077
0.627215;-0.160703;0.00213077
0.591515;-0.153381;0.00213077
0.662558;-0.168025;0.00945312
0.626139;-0.160703;0.00945312
0.590522;-0.153381;0.00945312
0.659965;-0.168025;0.0167755
0.62373;-0.160703;0.0167755
0.588303;-0.153381;0.0167755
0.75485;-0.186932;0.021037
0.716596;-0.179609;0.021037
0.679198;-0.172287;0.021037
0.74926;-0.186932;0.0283594
0.71134;-0.179609;0.0283594
0.674282;-0.172287;0.0283594
0.742211;-0.186932;0.0356817
0.704729;-0.179609;0.0356817
0.668117;-0.172287;0.0356817
0.657819;-0.168025;0.021037
0.62174;-0.160703;0.021037
0.586474;-0.153381;0.021037
0.653105;-0.168025;0.0283594
0.617378;-0.160703;0.0283594
0.582476;-0.153381;0.0283594
0.647204;-0.168025;0.0356817
0.611942;-0.160703;0.0356817
0.577518;-0.153381;0.0356817
0.943972;-0.224744;0.0399433
0.902035;-0.217422;0.0399433
0.861055;-0.2101;0.0399433
0.931928;-0.224744;0.0472656
0.890568;-0.217422;0.0472656
0.850166;-0.2101;0.0472656
0.918362;-0.224744;0.054588
0.877683;-0.217422;0.054588
0.837967;-0.2101;0.054588
0.837638;-0.205838;0.0399433
0.798134;-0.198516;0.0399433
0.759543;-0.191193;0.0399433
0.827088;-0.205838;0.0472656
0.788172;-0.198516;0.0472656
0.750175;-0.191193;0.0472656
0.81529;-0.205838;0.054588
0.77707;-0.198516;0.054588
0.739779;-0.191193;0.054588
0.909864;-0.224744;0.0588495
0.86963;-0.217422;0.0588495
0.830363;-0.2101;0.0588495
0.894421;-0.224744;0.0661719
0.855041;-0.217422;0.0661719
0.816636;-0.2101;0.0661719
0.8782;-0.224744;0.0734942
0.83979;-0.217422;0.0734942
0.802365;-0.2101;0.0734942
0.807951;-0.205838;0.0588495
0.770187;-0.198516;0.0588495
0.733361;-0.191193;0.0588495
0.794729;-0.205838;0.0661719
0.757844;-0.198516;0.0661719
0.721911;-0.191193;0.0661719
0.781034;-0.205838;0.0734942
0.745151;-0.198516;0.0734942
0.710236;-0.191193;0.0734942
0.737497;-0.186932;0.0399433
0.70032;-0.179609;0.0399433
0.664018;-0.172287;0.0399433
0.72848;-0.186932;0.0472656
0.691913;-0.179609;0.0472656
0.656235;-0.172287;0.0472656
0.7185;-0.186932;0.054588
0.682659;-0.179609;0.054588
0.647724;-0.172287;0.054588
0.643289;-0.168025;0.0399433
0.60835;-0.160703;0.0399433
0.57426;-0.153381;0.0399433
0.635877;-0.168025;0.0472656
0.601588;-0.160703;0.0472656
0.56817;-0.153381;0.0472656
0.627808;-0.168025;0.054588
0.594296;-0.160703;0.054588
0.561681;-0.153381;0.054588
0.712356;-0.186932;0.0588495
0.676993;-0.179609;0.0588495
0.642548;-0.172287;0.0588495
0.701433;-0.186932;0.0661719
0.666993;-0.179609;0.0661719
0.633493;-0.172287;0.0661719
0.690361;-0.186932;0.0734942
0.656975;-0.179609;0.0734942
0.624557;-0.172287;0.0734942
0.622922;-0.168025;0.0588495
0.589924;-0.160703;0.0588495
0.55784;-0.153381;0.0588495
0.61443;-0.168025;0.0661719
0.582421;-0.160703;0.0661719
0.551363;-0.153381;0.0661719
0.606137;-0.168025;0.0734942
0.575264;-0.160703;0.0734942
0.54538;-0.153381;0.0734942
1.31965;-0.300369;0.0777558
1.27087;-0.293047;0.0777558
1.22325;-0.285725;0.0777558
1.29126;-0.300369;0.0850781
1.24364;-0.293047;0.0850781
1.19715;-0.285725;0.0850781
1.26201;-0.300369;0.0924005
1.21564;-0.293047;0.0924005
1.1704;-0.285725;0.0924005
1.19605;-0.281463;0.0777558
1.15018;-0.274141;0.0777558
1.10541;-0.266818;0.0777558
1.17061;-0.281463;0.0850781
1.12588;-0.274141;0.0850781
1.08224;-0.266818;0.0850781
1.14458;-0.281463;0.0924005
1.1011;-0.274141;0.0924005
1.0587;-0.266818;0.0924005
1.24478;-0.300369;0.096662
1.19919;-0.293047;0.096662
1.15473;-0.285725;0.096662
1.2152;-0.300369;0.103984
1.17105;-0.293047;0.103984
1.12802;-0.285725;0.103984
1.18621;-0.300369;0.111307
1.1436;-0.293047;0.111307
1.10211;-0.285725;0.111307
1.12937;-0.281463;0.096662
1.08666;-0.274141;0.096662
1.04504;-0.266818;0.096662
1.10349;-0.281463;0.103984
1.0622;-0.274141;0.103984
1.02201;-0.266818;0.103984
1.07848;-0.281463;0.111307
1.03873;-0.274141;0.111307
1.00009;-0.266818;0.111307
1.07985;-0.262557;0.0777558
1.03678;-0.255234;0.0777558
0.994754;-0.247912;0.0777558
1.05733;-0.262557;0.0850781
1.01539;-0.255234;0.0850781
0.974493;-0.247912;0.0850781
1.03452;-0.262557;0.0924005
0.993818;-0.255234;0.0924005
0.954171;-0.247912;0.0924005
0.970773;-0.24365;0.0777558
0.930381;-0.236328;0.0777558
0.891004;-0.229006;0.0777558
0.951172;-0.24365;0.0850781
0.911917;-0.236328;0.0850781
0.873686;-0.229006;0.0850781
0.931579;-0.24365;0.0924005
0.893584;-0.236328;0.0924005
0.856622;-0.229006;0.0924005
1.02131;-0.262557;0.096662
0.981386;-0.255234;0.096662
0.942521;-0.247912;0.096662
0.999114;-0.262557;0.103984
0.960623;-0.255234;0.103984
0.9232;-0.247912;0.103984
0.978094;-0.262557;0.111307
0.941159;-0.255234;0.111307
0.905298;-0.247912;0.111307
0.920387;-0.24365;0.096662
0.883181;-0.236328;0.096662
0.847016;-0.229006;0.096662
0.901908;-0.24365;0.103984
0.866159;-0.236328;0.103984
0.831464;-0.229006;0.103984
0.884921;-0.24365;0.111307
0.850753;-0.236328;0.111307
0.817655;-0.229006;0.111307
1.16987;-0.300369;0.115568
1.12821;-0.293047;0.115568
1.08767;-0.285725;0.115568
1.14322;-0.300369;0.122891
1.10329;-0.293047;0.122891
1.06447;-0.285725;0.122891
1.11907;-0.300369;0.130213
1.08096;-0.293047;0.130213
1.04397;-0.285725;0.130213
1.06459;-0.281463;0.115568
1.0258;-0.274141;0.115568
0.988108;-0.266818;0.115568
1.04239;-0.281463;0.122891
1.00532;-0.274141;0.122891
0.969358;-0.266818;0.122891
1.02296;-0.281463;0.130213
0.98772;-0.274141;0.130213
0.953586;-0.266818;0.130213
1.1065;-0.300369;0.134475
1.0695;-0.293047;0.134475
1.03362;-0.285725;0.134475
1.08805;-0.300369;0.141797
1.05301;-0.293047;0.141797
1.01909;-0.285725;0.141797
1.07432;-0.300369;0.149119
1.0413;-0.293047;0.149119
1.0094;-0.285725;0.149119
1.01324;-0.281463;0.134475
0.979113;-0.274141;0.134475
0.946087;-0.266818;0.134475
0.999855;-0.281463;0.141797
0.967686;-0.274141;0.141797
0.93662;-0.266818;0.141797
0.991337;-0.281463;0.149119
0.961176;-0.274141;0.149119
0.932112;-0.266818;0.149119
0.966672;-0.262557;0.115568
0.930696;-0.255234;0.115568
0.8958;-0.247912;0.115568
0.94893;-0.262557;0.122891
0.914693;-0.255234;0.122891
0.881545;-0.247912;0.122891
0.934226;-0.262557;0.130213
0.901831;-0.255234;0.130213
0.870532;-0.247912;0.130213
0.875987;-0.24365;0.115568
0.842796;-0.236328;0.115568
0.810682;-0.229006;0.115568
0.862755;-0.24365;0.122891
0.83133;-0.236328;0.122891
0.800996;-0.229006;0.122891
0.852822;-0.24365;0.130213
0.82326;-0.236328;0.130213
0.7948;-0.229006;0.130213
0.927374;-0.262557;0.134475
0.89609;-0.255234;0.134475
0.865906;-0.247912;0.134475
0.919048;-0.262557;0.141797
0.889724;-0.255234;0.141797
0.8615;-0.247912;0.141797
0.915702;-0.262557;0.149119
0.88837;-0.255234;0.149119
0.862129;-0.247912;0.149119
0.848845;-0.24365;0.134475
0.820403;-0.236328;0.134475
0.793065;-0.229006;0.134475
0.84558;-0.24365;0.141797
0.819098;-0.236328;0.141797
0.793718;-0.229006;0.141797
0.84736;-0.24365;0.149119
0.822845;-0.236328;0.149119
0.799421;-0.229006;0.149119
0.868551;-0.224744;0.0777558
0.830761;-0.217422;0.0777558
0.793962;-0.2101;0.0777558
0.851904;-0.224744;0.0850781
0.815276;-0.217422;0.0850781
0.779655;-0.2101;0.0850781
0.835584;-0.224744;0.0924005
0.800247;-0.217422;0.0924005
0.765933;-0.2101;0.0924005
0.773;-0.205838;0.0777558
0.737758;-0.198516;0.0777558
0.703497;-0.191193;0.0777558
0.759385;-0.205838;0.0850781
0.725351;-0.198516;0.0850781
0.692319;-0.191193;0.0850781
0.746434;-0.205838;0.0924005
0.713742;-0.198516;0.0924005
0.682079;-0.191193;0.0924005
0.826445;-0.224744;0.096662
0.791919;-0.217422;0.096662
0.758428;-0.2101;0.096662
0.811756;-0.224744;0.103984
0.778727;-0.217422;0.103984
0.746754;-0.2101;0.103984
0.798884;-0.224744;0.111307
0.76748;-0.217422;0.111307
0.737153;-0.2101;0.111307
0.739414;-0.205838;0.096662
0.707566;-0.198516;0.096662
0.676763;-0.191193;0.096662
0.728634;-0.205838;0.103984
0.698342;-0.198516;0.103984
0.669124;-0.191193;0.103984
0.720001;-0.205838;0.111307
0.691393;-0.198516;0.111307
0.663886;-0.191193;0.111307
0.684008;-0.186932;0.0777558
0.651299;-0.179609;0.0777558
0.619575;-0.172287;0.0777558
0.673559;-0.186932;0.0850781
0.642124;-0.179609;0.0850781
0.611708;-0.172287;0.0850781
0.664128;-0.186932;0.0924005
0.63411;-0.179609;0.0924005
0.605148;-0.172287;0.0924005
0.60157;-0.168025;0.0777558
0.571424;-0.160703;0.0777558
0.542295;-0.153381;0.0777558
0.594481;-0.168025;0.0850781
0.565706;-0.160703;0.0850781
0.537993;-0.153381;0.0850781
0.588784;-0.168025;0.0924005
0.561528;-0.160703;0.0924005
0.53538;-0.153381;0.0924005
0.659321;-0.186932;0.096662
0.630192;-0.179609;0.096662
0.602141;-0.172287;0.096662
0.652618;-0.186932;0.103984
0.625125;-0.179609;0.103984
0.598744;-0.172287;0.103984
0.648388;-0.186932;0.111307
0.622652;-0.179609;0.111307
0.598057;-0.172287;0.111307
0.586319;-0.168025;0.096662
0.560011;-0.160703;0.096662
0.534836;-0.153381;0.096662
0.58391;-0.168025;0.103984
0.559332;-0.160703;0.103984
0.535927;-0.153381;0.103984
0.584276;-0.168025;0.111307
0.561532;-0.160703;0.111307
0.539988;-0.153381;0.111307
0.79249;-0.224744;0.115568
0.762087;-0.217422;0.115568
0.732772;-0.2101;0.115568
0.783846;-0.224744;0.122891
0.755247;-0.217422;0.122891
0.727754;-0.2101;0.122891
0.778745;-0.224744;0.130213
0.752037;-0.217422;0.130213
0.726444;-0.2101;0.130213
0.716215;-0.205838;0.115568
0.68864;-0.198516;0.115568
0.662179;-0.191193;0.115568
0.712265;-0.205838;0.122891
0.686539;-0.198516;0.122891
0.661945;-0.191193;0.122891
0.712066;-0.205838;0.130213
0.688255;-0.198516;0.130213
0.665582;-0.191193;0.130213
0.777665;-0.224744;0.134475
0.752083;-0.217422;0.134475
0.727618;-0.2101;0.134475
0.779456;-0.224744;0.141797
0.755826;-0.217422;0.141797
0.733306;-0.2101;0.141797
0.78629;-0.224744;0.149119
0.76459;-0.217422;0.149119
0.743981;-0.2101;0.149119
0.713897;-0.205838;0.134475
0.691214;-0.198516;0.134475
0.669667;-0.191193;0.134475
0.720713;-0.205838;0.141797
0.699958;-0.198516;0.141797
0.680323;-0.191193;0.141797
0.732488;-0.205838;0.149119
0.713602;-0.198516;0.149119
0.695803;-0.191193;0.149119
0.647297;-0.186932;0.115568
0.622628;-0.179609;0.115568
0.599115;-0.172287;0.115568
0.648157;-0.186932;0.122891
0.625381;-0.179609;0.122891
0.603773;-0.172287;0.122891
0.652915;-0.186932;0.130213
0.632065;-0.179609;0.130213
0.612382;-0.172287;0.130213
0.585971;-0.168025;0.115568
0.564327;-0.160703;0.115568
0.543893;-0.153381;0.115568
0.591743;-0.168025;0.122891
0.572018;-0.160703;0.122891
0.553506;-0.153381;0.122891
0.601468;-0.168025;0.130213
0.583653;-0.160703;0.130213
0.567032;-0.153381;0.130213
0.657653;-0.186932;0.134475
0.637921;-0.179609;0.134475
0.619346;-0.172287;0.134475
0.669413;-0.186932;0.141797
0.651557;-0.179609;0.141797
0.634827;-0.172287;0.141797
0.685945;-0.186932;0.149119
0.669861;-0.179609;0.149119
0.654857;-0.172287;0.149119
0.609071;-0.168025;0.134475
0.592341;-0.160703;0.134475
0.576785;-0.153381;0.134475
0.625609;-0.168025;0.141797
0.610661;-0.160703;0.141797
0.596838;-0.153381;0.141797
0.646619;-0.168025;0.149119
0.633307;-0.160703;0.149119
0.621054;-0.153381;0.149119
0.5711;-0.149119;0.00213077
0.536631;-0.141797;0.00213077
0.50292;-0.134475;0.00213077
0.570157;-0.149119;0.00945312
0.535776;-0.141797;0.00945312
0.502157;-0.134475;0.00945312
0.568051;-0.149119;0.0167755
0.533872;-0.141797;0.0167755
0.500462;-0.134475;0.0167755
0.483641;-0.130213;0.00213077
0.451093;-0.122891;0.00213077
0.419259;-0.115568;0.00213077
0.482934;-0.130213;0.00945312
0.450486;-0.122891;0.00945312
0.418759;-0.115568;0.00945312
0.481367;-0.130213;0.0167755
0.449147;-0.122891;0.0167755
0.417663;-0.115568;0.0167755
0.566318;-0.149119;0.021037
0.532309;-0.141797;0.021037
0.499076;-0.134475;0.021037
0.562537;-0.149119;0.0283594
0.528914;-0.141797;0.0283594
0.496084;-0.134475;0.0283594
0.557866;-0.149119;0.0356817
0.52475;-0.141797;0.0356817
0.492453;-0.134475;0.0356817
0.480088;-0.130213;0.021037
0.448061;-0.122891;0.021037
0.416783;-0.115568;0.021037
0.47734;-0.130213;0.0283594
0.445752;-0.122891;0.0283594
0.414942;-0.115568;0.0283594
0.474031;-0.130213;0.0356817
0.443022;-0.122891;0.0356817
0.41283;-0.115568;0.0356817
0.401055;-0.111307;0.00213077
0.37032;-0.103984;0.00213077
0.34026;-0.096662;0.00213077
0.40062;-0.111307;0.00945312
0.370005;-0.103984;0.00945312
0.340077;-0.096662;0.00945312
0.399674;-0.111307;0.0167755
0.369334;-0.103984;0.0167755
0.339706;-0.096662;0.0167755
0.32307;-0.0924005;0.00213077
0.294048;-0.0850781;0.00213077
0.265665;-0.0777558;0.00213077
0.322971;-0.0924005;0.00945312
0.294106;-0.0850781;0.00945312
0.2659;-0.0777558;0.00945312
0.322789;-0.0924005;0.0167755
0.294281;-0.0850781;0.0167755
0.26648;-0.0777558;0.0167755
0.398921;-0.111307;0.021037
0.368813;-0.103984;0.021037
0.33944;-0.096662;0.021037
0.397368;-0.111307;0.0283594
0.367787;-0.103984;0.0283594
0.338991;-0.096662;0.0283594
0.395636;-0.111307;0.0356817
0.366751;-0.103984;0.0356817
0.338714;-0.096662;0.0356817
0.322683;-0.0924005;0.021037
0.294475;-0.0850781;0.021037
0.267016;-0.0777558;0.021037
0.322597;-0.0924005;0.0283594
0.29507;-0.0850781;0.0283594
0.26838;-0.0777558;0.0283594
0.322798;-0.0924005;0.0356817
0.296162;-0.0850781;0.0356817
0.270474;-0.0777558;0.0356817
0.554808;-0.149119;0.0399433
0.522047;-0.141797;0.0399433
0.490121;-0.134475;0.0399433
0.549121;-0.149119;0.0472656
0.517075;-0.141797;0.0472656
0.485898;-0.134475;0.0472656
0.543113;-0.149119;0.054588
0.511923;-0.141797;0.054588
0.481643;-0.134475;0.054588
0.471924;-0.130213;0.0399433
0.44132;-0.122891;0.0399433
0.411559;-0.115568;0.0399433
0.468156;-0.130213;0.0472656
0.438368;-0.122891;0.0472656
0.409478;-0.115568;0.0472656
0.464445;-0.130213;0.054588
0.435635;-0.122891;0.054588
0.407785;-0.115568;0.054588
0.53959;-0.149119;0.0588495
0.508966;-0.141797;0.0588495
0.479279;-0.134475;0.0588495
0.533729;-0.149119;0.0661719
0.504199;-0.141797;0.0661719
0.475657;-0.134475;0.0661719
0.528451;-0.149119;0.0734942
0.500171;-0.141797;0.0734942
0.472936;-0.134475;0.0734942
0.46244;-0.130213;0.0588495
0.434276;-0.122891;0.0588495
0.40711;-0.115568;0.0588495
0.459511;-0.130213;0.0661719
0.432589;-0.122891;0.0661719
0.406739;-0.115568;0.0661719
0.457579;-0.130213;0.0734942
0.432068;-0.122891;0.0734942
0.407705;-0.115568;0.0734942
0.394631;-0.111307;0.0399433
0.366232;-0.103984;0.0399433
0.338723;-0.096662;0.0399433
0.393085;-0.111307;0.0472656
0.365663;-0.103984;0.0472656
0.339216;-0.096662;0.0472656
0.39203;-0.111307;0.054588
0.365769;-0.103984;0.054588
0.340577;-0.096662;0.054588
0.323138;-0.0924005;0.0399433
0.29712;-0.0850781;0.0399433
0.272121;-0.0777558;0.0399433
0.324294;-0.0924005;0.0472656
0.299504;-0.0850781;0.0472656
0.275866;-0.0777558;0.0472656
0.326434;-0.0924005;0.054588
0.303079;-0.0850781;0.054588
0.281009;-0.0777558;0.054588
0.391775;-0.111307;0.0588495
0.366276;-0.103984;0.0588495
0.341902;-0.096662;0.0588495
0.392207;-0.111307;0.0661719
0.368158;-0.103984;0.0661719
0.345333;-0.096662;0.0661719
0.394076;-0.111307;0.0734942
0.371647;-0.103984;0.0734942
0.350533;-0.096662;0.0734942
0.328264;-0.0924005;0.0588495
0.305833;-0.0850781;0.0588495
0.284761;-0.0777558;0.0588495
0.332645;-0.0924005;0.0661719
0.311935;-0.0850781;0.0661719
0.2927;-0.0777558;0.0661719
0.338884;-0.0924005;0.0734942
0.320033;-0.0850781;0.0734942
0.302744;-0.0777558;0.0734942
0.249434;-0.0734942;0.00213077
0.222033;-0.0661719;0.00213077
0.195235;-0.0588495;0.00213077
0.249786;-0.0734942;0.00945312
0.222613;-0.0661719;0.00945312
0.19609;-0.0588495;0.00945312
0.25063;-0.0734942;0.0167755
0.223971;-0.0661719;0.0167755
0.198066;-0.0588495;0.0167755
0.179912;-0.054588;0.00213077
0.154046;-0.0472656;0.00213077
0.128755;-0.0399433;0.00213077
0.180956;-0.054588;0.00945312
0.155484;-0.0472656;0.00945312
0.130715;-0.0399433;0.00945312
0.183355;-0.054588;0.0167755
0.158754;-0.0472656;0.0167755
0.135118;-0.0399433;0.0167755
0.251387;-0.0734942;0.021037
0.22516;-0.0661719;0.021037
0.199769;-0.0588495;0.021037
0.253249;-0.0734942;0.0283594
0.227985;-0.0661719;0.0283594
0.203728;-0.0588495;0.0283594
0.255988;-0.0734942;0.0356817
0.231957;-0.0661719;0.0356817
0.209129;-0.0588495;0.0356817
0.185405;-0.054588;0.021037
0.161514;-0.0472656;0.021037
0.138779;-0.0399433;0.021037
0.190123;-0.054588;0.0283594
0.167756;-0.0472656;0.0283594
0.146894;-0.0399433;0.0283594
0.196464;-0.054588;0.0356817
0.175933;-0.0472656;0.0356817
0.157231;-0.0399433;0.0356817
0.114297;-0.0356817;0.00213077
0.0899021;-0.0283594;0.00213077
0.0660778;-0.021037;0.00213077
0.11665;-0.0356817;0.00945312
0.0931787;-0.0283594;0.00945312
0.0708407;-0.021037;0.00945312
0.121886;-0.0356817;0.0167755
0.10029;-0.0283594;0.0167755
0.080695;-0.021037;0.0167755
0.052488;-0.0167755;0.00213077
0.0297155;-0.00945312;0.00213077
0.00911076;-0.00213077;0.00213077
0.0586148;-0.0167755;0.00945312
0.0401217;-0.00945312;0.00945312
0.0291912;-0.00213077;0.00945312
0.0706619;-0.0167755;0.0167755
0.0571888;-0.00945312;0.0167755
0.0510694;-0.00213077;0.0167755
0.126191;-0.0356817;0.021037
0.105978;-0.0283594;0.021037
0.0882177;-0.021037;0.021037
0.135597;-0.0356817;0.0283594
0.118012;-0.0283594;0.0283594
0.103409;-0.021037;0.0283594
0.147353;-0.0356817;0.0356817
0.132471;-0.0283594;0.0356817
0.12078;-0.021037;0.0356817
0.0794799;-0.0167755;0.021037
0.068413;-0.00945312;0.021037
0.0640065;-0.00213077;0.021037
0.096674;-0.0167755;0.0283594
0.088875;-0.00945312;0.0283594
0.0865426;-0.00213077;0.0283594
0.115712;-0.0167755;0.0356817
0.110371;-0.00945312;0.0356817
0.109512;-0.00213077;0.0356817
0.258075;-0.0734942;0.0399433
0.23488;-0.0661719;0.0399433
0.213003;-0.0588495;0.0399433
0.262681;-0.0734942;0.0472656
0.241102;-0.0661719;0.0472656
0.221035;-0.0588495;0.0472656
0.268806;-0.0734942;0.054588
0.249039;-0.0661719;0.054588
0.230947;-0.0588495;0.054588
0.200955;-0.054588;0.0399433
0.1816;-0.0472656;0.0399433
0.164231;-0.0399433;0.0399433
0.210135;-0.054588;0.0472656
0.192923;-0.0472656;0.0472656
0.17789;-0.0399433;0.0472656
0.221271;-0.054588;0.054588
0.20627;-0.0472656;0.054588
0.193542;-0.0399433;0.054588
0.273175;-0.0734942;0.0588495
0.254532;-0.0661719;0.0588495
0.237639;-0.0588495;0.0588495
0.282234;-0.0734942;0.0661719
0.265601;-0.0661719;0.0661719
0.250806;-0.0588495;0.0661719
0.293447;-0.0734942;0.0734942
0.278867;-0.0661719;0.0734942
0.266154;-0.0588495;0.0734942
0.228691;-0.054588;0.0588495
0.214975;-0.0472656;0.0588495
0.203541;-0.0399433;0.0588495
0.243105;-0.054588;0.0661719
0.231541;-0.0472656;0.0661719
0.222209;-0.0399433;0.0661719
0.259661;-0.054588;0.0734942
0.250126;-0.0472656;0.0734942
0.242711;-0.0399433;0.0734942
0.155197;-0.0356817;0.0399433
0.141845;-0.0283594;0.0399433
0.131691;-0.021037;0.0399433
0.170281;-0.0356817;0.0472656
0.159411;-0.0283594;0.0472656
0.151614;-0.021037;0.0472656
0.187283;-0.0356817;0.054588
0.178659;-0.0283594;0.054588
0.172883;-0.021037;0.054588
0.127451;-0.0167755;0.0399433
0.123276;-0.00945312;0.0399433
0.123108;-0.00213077;0.0399433
0.148594;-0.0167755;0.0472656
0.14609;-0.00945312;0.0472656
0.146914;-0.00213077;0.0472656
0.17087;-0.0167755;0.054588
0.169715;-0.00945312;0.054588
0.171347;-0.00213077;0.054588
0.198018;-0.0356817;0.0588495
0.190585;-0.0283594;0.0588495
0.185843;-0.021037;0.0588495
0.217852;-0.0356817;0.0661719
0.212262;-0.0283594;0.0661719
0.209081;-0.021037;0.0661719
0.239389;-0.0356817;0.0734942
0.235392;-0.0283594;0.0734942
0.233525;-0.021037;0.0734942
0.184335;-0.0167755;0.0588495
0.183848;-0.00945312;0.0588495
0.185883;-0.00213077;0.0588495
0.208321;-0.0167755;0.0661719
0.208818;-0.00945312;0.0661719
0.211446;-0.00213077;0.0661719
0.233385;-0.0167755;0.0734942
0.234687;-0.00945312;0.0734942
0.237798;-0.00213077;0.0734942
0.525817;-0.149119;0.0777558
0.498338;-0.141797;0.0777558
0.471938;-0.134475;0.0777558
0.522363;-0.149119;0.0850781
0.496383;-0.141797;0.0850781
0.47154;-0.134475;0.0850781
0.520683;-0.149119;0.0924005
0.496347;-0.141797;0.0924005
0.473204;-0.134475;0.0924005
0.457085;-0.130213;0.0777558
0.43247;-0.122891;0.0777558
0.409046;-0.115568;0.0777558
0.457622;-0.130213;0.0850781
0.434666;-0.122891;0.0850781
0.412968;-0.115568;0.0850781
0.4603;-0.130213;0.0924005
0.439132;-0.122891;0.0924005
0.419275;-0.115568;0.0924005
0.520719;-0.149119;0.096662
0.4974;-0.141797;0.096662
0.475301;-0.134475;0.096662
0.522856;-0.149119;0.103984
0.501367;-0.141797;0.103984
0.481134;-0.134475;0.103984
0.528013;-0.149119;0.111307
0.508424;-0.141797;0.111307
0.490108;-0.134475;0.111307
0.463018;-0.130213;0.096662
0.442934;-0.122891;0.096662
0.424185;-0.115568;0.096662
0.469951;-0.130213;0.103984
0.45178;-0.122891;0.103984
0.434963;-0.115568;0.103984
0.480046;-0.130213;0.111307
0.463802;-0.122891;0.111307
0.448906;-0.115568;0.111307
0.395984;-0.111307;0.0777558
0.374566;-0.103984;0.0777558
0.354511;-0.096662;0.0777558
0.400943;-0.111307;0.0850781
0.381359;-0.103984;0.0850781
0.3632;-0.096662;0.0850781
0.408344;-0.111307;0.0924005
0.390676;-0.103984;0.0924005
0.374469;-0.096662;0.0924005
0.343499;-0.0924005;0.0777558
0.325774;-0.0850781;0.0777558
0.309647;-0.0777558;0.0777558
0.353317;-0.0924005;0.0850781
0.337568;-0.0850781;0.0850781
0.323444;-0.0777558;0.0850781
0.365733;-0.0924005;0.0924005
0.351958;-0.0850781;0.0924005
0.339793;-0.0777558;0.0924005
0.413908;-0.111307;0.096662
0.397373;-0.103984;0.096662
0.382305;-0.096662;0.096662
0.425815;-0.111307;0.103984
0.411219;-0.103984;0.103984
0.398072;-0.096662;0.103984
0.440866;-0.111307;0.111307
0.428148;-0.103984;0.111307
0.41683;-0.096662;0.111307
0.37423;-0.0924005;0.096662
0.36158;-0.0850781;0.096662
0.350513;-0.0777558;0.096662
0.3911;-0.0924005;0.103984
0.380303;-0.0850781;0.103984
0.371016;-0.0777558;0.103984
0.410893;-0.0924005;0.111307
0.40181;-0.0850781;0.111307
0.394135;-0.0777558;0.111307
0.532568;-0.149119;0.115568
0.514098;-0.141797;0.115568
0.496901;-0.134475;0.115568
0.543297;-0.149119;0.122891
0.526736;-0.141797;0.122891
0.51143;-0.134475;0.122891
0.557912;-0.149119;0.130213
0.543196;-0.141797;0.130213
0.529692;-0.134475;0.130213
0.487488;-0.130213;0.115568
0.472351;-0.122891;0.115568
0.458544;-0.115568;0.115568
0.503103;-0.130213;0.122891
0.489804;-0.122891;0.122891
0.477784;-0.115568;0.122891
0.52239;-0.130213;0.130213
0.510803;-0.122891;0.130213
0.500422;-0.115568;0.130213
0.568273;-0.149119;0.134475
0.554579;-0.141797;0.134475
0.542063;-0.134475;0.134475
0.589308;-0.149119;0.141797
0.57725;-0.141797;0.141797
0.566298;-0.134475;0.141797
0.614405;-0.149119;0.149119
0.603799;-0.141797;0.149119
0.594214;-0.134475;0.149119
0.535318;-0.130213;0.134475
0.524652;-0.122891;0.134475
0.515144;-0.115568;0.134475
0.560427;-0.130213;0.141797
0.551193;-0.122891;0.141797
0.543022;-0.115568;0.141797
0.589098;-0.130213;0.149119
0.581086;-0.122891;0.149119
0.574039;-0.115568;0.149119
0.451126;-0.111307;0.115568
0.439452;-0.103984;0.115568
0.429138;-0.096662;0.115568
0.471378;-0.111307;0.122891
0.461382;-0.103984;0.122891
0.452659;-0.096662;0.122891
0.494933;-0.111307;0.130213
0.486438;-0.103984;0.130213
0.479114;-0.096662;0.130213
0.423762;-0.0924005;0.115568
0.415596;-0.0850781;0.115568
0.408773;-0.0777558;0.115568
0.448162;-0.0924005;0.122891
0.441419;-0.0850781;0.122891
0.435896;-0.0777558;0.122891
0.47538;-0.0924005;0.130213
0.469853;-0.0850781;0.130213
0.46542;-0.0777558;0.130213
0.510136;-0.111307;0.134475
0.502423;-0.103984;0.134475
0.495817;-0.096662;0.134475
0.538748;-0.111307;0.141797
0.53221;-0.103984;0.141797
0.526669;-0.096662;0.141797
0.570371;-0.111307;0.149119
0.564792;-0.103984;0.149119
0.560101;-0.096662;0.149119
0.49247;-0.0924005;0.134475
0.487554;-0.0850781;0.134475
0.483659;-0.0777558;0.134475
0.523889;-0.0924005;0.141797
0.519854;-0.0850781;0.141797
0.516724;-0.0777558;0.141797
0.557767;-0.0924005;0.149119
0.554411;-0.0850781;0.149119
0.55185;-0.0777558;0.149119
0.301037;-0.0734942;0.0777558
0.287646;-0.0661719;0.0777558
0.276112;-0.0588495;0.0777558
0.316002;-0.0734942;0.0850781
0.3046;-0.0661719;0.0850781
0.294999;-0.0588495;0.0850781
0.333474;-0.0734942;0.0924005
0.323946;-0.0661719;0.0924005
0.316122;-0.0588495;0.0924005
0.27029;-0.054588;0.0777558
0.261863;-0.0472656;0.0777558
0.255467;-0.0399433;0.0777558
0.290258;-0.054588;0.0850781
0.283584;-0.0472656;0.0850781
0.278769;-0.0399433;0.0850781
0.312356;-0.054588;0.0924005
0.307232;-0.0472656;0.0924005
0.303781;-0.0399433;0.0924005
0.344813;-0.0734942;0.096662
0.336307;-0.0661719;0.096662
0.329433;-0.0588495;0.096662
0.366308;-0.0734942;0.103984
0.359414;-0.0661719;0.103984
0.354016;-0.0588495;0.103984
0.390313;-0.0734942;0.111307
0.384833;-0.0661719;0.111307
0.380702;-0.0588495;0.111307
0.326181;-0.054588;0.096662
0.321861;-0.0472656;0.096662
0.319106;-0.0399433;0.096662
0.35155;-0.054588;0.103984
0.348446;-0.0472656;0.103984
0.346725;-0.0399433;0.103984
0.378902;-0.054588;0.111307
0.376809;-0.0472656;0.111307
0.375928;-0.0399433;0.111307
0.252685;-0.0356817;0.0777558
0.249508;-0.0283594;0.0777558
0.248303;-0.021037;0.0777558
0.276812;-0.0356817;0.0850781
0.274867;-0.0283594;0.0850781
0.274642;-0.021037;0.0850781
0.302523;-0.0356817;0.0924005
0.301604;-0.0283594;0.0924005
0.302176;-0.021037;0.0924005
0.248472;-0.0167755;0.0777558
0.250171;-0.00945312;0.0777558
0.253516;-0.00213077;0.0777558
0.275262;-0.0167755;0.0850781
0.277532;-0.00945312;0.0850781
0.281207;-0.00213077;0.0850781
0.303156;-0.0167755;0.0924005
0.305872;-0.00945312;0.0924005
0.309787;-0.00213077;0.0924005
0.3182;-0.0356817;0.096662
0.317789;-0.0283594;0.096662
0.31875;-0.021037;0.096662
0.346334;-0.0356817;0.103984
0.346657;-0.0283594;0.103984
0.348165;-0.021037;0.103984
0.375947;-0.0356817;0.111307
0.376841;-0.0283594;0.111307
0.378755;-0.021037;0.111307
0.319901;-0.0167755;0.096662
0.322822;-0.00945312;0.096662
0.32684;-0.00213077;0.096662
0.349551;-0.0167755;0.103984
0.352741;-0.00945312;0.103984
0.356871;-0.00213077;0.103984
0.380306;-0.0167755;0.111307
0.383666;-0.00945312;0.111307
0.387832;-0.00213077;0.111307
0.405411;-0.0734942;0.115568
0.40066;-0.0661719;0.115568
0.397171;-0.0588495;0.115568
0.43323;-0.0734942;0.122891
0.429565;-0.0661719;0.122891
0.427018;-0.0588495;0.122891
0.463329;-0.0734942;0.130213
0.460545;-0.0661719;0.130213
0.458743;-0.0588495;0.130213
0.395702;-0.054588;0.115568
0.394107;-0.0472656;0.115568
0.393632;-0.0399433;0.115568
0.426029;-0.054588;0.122891
0.425143;-0.0472656;0.122891
0.425229;-0.0399433;0.122891
0.458127;-0.054588;0.130213
0.457773;-0.0472656;0.130213
0.458265;-0.0399433;0.130213
0.481847;-0.0734942;0.134475
0.479485;-0.0661719;0.134475
0.478032;-0.0588495;0.134475
0.515302;-0.0734942;0.141797
0.513517;-0.0661719;0.141797
0.512526;-0.0588495;0.141797
0.55071;-0.0734942;0.149119
0.549328;-0.0661719;0.149119
0.548637;-0.0588495;0.149119
0.477586;-0.054588;0.134475
0.477469;-0.0472656;0.134475
0.478129;-0.0399433;0.134475
0.512296;-0.054588;0.141797
0.512467;-0.0472656;0.141797
0.51331;-0.0399433;0.141797
0.548537;-0.054588;0.149119
0.548857;-0.0472656;0.149119
0.549762;-0.0399433;0.149119
0.393844;-0.0356817;0.115568
0.395001;-0.0283594;0.115568
0.397092;-0.021037;0.115568
0.425703;-0.0356817;0.122891
0.4272;-0.0283594;0.122891
0.429504;-0.021037;0.122891
0.458917;-0.0356817;0.130213
0.460627;-0.0283594;0.130213
0.463032;-0.021037;0.130213
0.39871;-0.0167755;0.115568
0.402126;-0.00945312;0.115568
0.406279;-0.00213077;0.115568
0.431189;-0.0167755;0.122891
0.434631;-0.00945312;0.122891
0.438708;-0.00213077;0.122891
0.464729;-0.0167755;0.130213
0.468115;-0.00945312;0.130213
0.47205;-0.00213077;0.130213
0.478849;-0.0356817;0.134475
0.480629;-0.0283594;0.134475
0.483046;-0.021037;0.134475
0.514093;-0.0356817;0.141797
0.515905;-0.0283594;0.141797
0.51827;-0.021037;0.141797
0.550541;-0.0356817;0.149119
0.552286;-0.0283594;0.149119
0.554511;-0.021037;0.149119
0.484726;-0.0167755;0.134475
0.488045;-0.00945312;0.134475
0.491868;-0.00213077;0.134475
0.519882;-0.0167755;0.141797
0.523028;-0.00945312;0.141797
0.526612;-0.00213077;0.141797
0.556012;-0.0167755;0.149119
0.558917;-0.00945312;0.149119
0.562204;-0.00213077;0.149119
1.06883;-0.300369;0.153381
1.03701;-0.293047;0.153381
1.00629;-0.285725;0.153381
1.06426;-0.300369;0.160703
1.03448;-0.293047;0.160703
1.00579;-0.285725;0.160703
1.06639;-0.300369;0.168025
1.0386;-0.293047;0.168025
1.01188;-0.285725;0.168025
0.98892;-0.281463;0.153381
0.959935;-0.274141;0.153381
0.93204;-0.266818;0.153381
0.98959;-0.281463;0.160703
0.962604;-0.274141;0.160703
0.936689;-0.266818;0.160703
0.996819;-0.281463;0.168025
0.971762;-0.274141;0.168025
0.947747;-0.266818;0.168025
1.07092;-0.300369;0.172287
1.04426;-0.293047;0.172287
1.01864;-0.285725;0.172287
1.08464;-0.300369;0.179609
1.05978;-0.293047;0.179609
1.03593;-0.285725;0.179609
1.10598;-0.300369;0.186932
1.08275;-0.293047;0.186932
1.06048;-0.285725;0.186932
1.00421;-0.281463;0.172287
0.980216;-0.274141;0.172287
0.957247;-0.266818;0.172287
1.02251;-0.281463;0.179609
1.00023;-0.274141;0.179609
0.978919;-0.266818;0.179609
1.04795;-0.281463;0.186932
1.02717;-0.274141;0.186932
1.00731;-0.266818;0.186932
0.916306;-0.262557;0.153381
0.89013;-0.255234;0.153381
0.865036;-0.247912;0.153381
0.922098;-0.262557;0.160703
0.897868;-0.255234;0.160703
0.874695;-0.247912;0.160703
0.934246;-0.262557;0.168025
0.911864;-0.255234;0.168025
0.890503;-0.247912;0.168025
0.85093;-0.24365;0.153381
0.827544;-0.236328;0.153381
0.805237;-0.229006;0.153381
0.861694;-0.24365;0.160703
0.840186;-0.236328;0.160703
0.819722;-0.229006;0.160703
0.878539;-0.24365;0.168025
0.858778;-0.236328;0.168025
0.840018;-0.229006;0.168025
0.944345;-0.262557;0.172287
0.922971;-0.255234;0.172287
0.902593;-0.247912;0.172287
0.966963;-0.262557;0.179609
0.947174;-0.255234;0.179609
0.92833;-0.247912;0.179609
0.996171;-0.262557;0.186932
0.977745;-0.255234;0.186932
0.960207;-0.247912;0.186932
0.891188;-0.24365;0.172287
0.872366;-0.236328;0.172287
0.854514;-0.229006;0.172287
0.917793;-0.24365;0.179609
0.900418;-0.236328;0.179609
0.883955;-0.229006;0.179609
0.950403;-0.24365;0.186932
0.93424;-0.236328;0.186932
0.918926;-0.229006;0.186932
1.12192;-0.300369;0.191193
1.09953;-0.293047;0.191193
1.07807;-0.285725;0.191193
1.15522;-0.300369;0.198516
1.13407;-0.293047;0.198516
1.1138;-0.285725;0.198516
1.19569;-0.300369;0.205838
1.17551;-0.293047;0.205838
1.15615;-0.285725;0.205838
1.066;-0.281463;0.191193
1.04598;-0.274141;0.191193
1.02685;-0.266818;0.191193
1.10239;-0.281463;0.198516
1.08348;-0.274141;0.198516
1.06539;-0.266818;0.198516
1.14525;-0.281463;0.205838
1.12716;-0.274141;0.205838
1.10985;-0.266818;0.205838
1.22237;-0.300369;0.2101
1.20262;-0.293047;0.2101
1.18366;-0.285725;0.2101
1.27321;-0.300369;0.217422
1.25396;-0.293047;0.217422
1.23547;-0.285725;0.217422
1.32983;-0.300369;0.224744
1.31082;-0.293047;0.224744
1.29251;-0.285725;0.224744
1.17298;-0.281463;0.2101
1.15525;-0.274141;0.2101
1.13826;-0.266818;0.2101
1.22504;-0.281463;0.217422
1.20769;-0.274141;0.217422
1.19105;-0.266818;0.217422
1.28218;-0.281463;0.224744
1.26496;-0.274141;0.224744
1.2484;-0.266818;0.224744
1.01612;-0.262557;0.191193
0.998375;-0.255234;0.191193
0.981481;-0.247912;0.191193
1.05525;-0.262557;0.198516
1.03846;-0.255234;0.198516
1.02246;-0.247912;0.198516
1.10014;-0.262557;0.205838
1.08403;-0.255234;0.205838
1.06866;-0.247912;0.205838
0.972036;-0.24365;0.191193
0.956461;-0.236328;0.191193
0.941699;-0.229006;0.191193
1.01351;-0.24365;0.198516
0.998741;-0.236328;0.198516
0.984721;-0.229006;0.198516
1.06006;-0.24365;0.205838
1.04583;-0.236328;0.205838
1.03229;-0.229006;0.205838
1.12872;-0.262557;0.2101
1.11289;-0.255234;0.2101
1.09777;-0.247912;0.2101
1.18169;-0.262557;0.217422
1.16613;-0.255234;0.217422
1.15123;-0.247912;0.217422
1.23907;-0.262557;0.224744
1.22353;-0.255234;0.224744
1.20862;-0.247912;0.224744
1.08929;-0.24365;0.2101
1.07525;-0.236328;0.2101
1.06189;-0.229006;0.2101
1.14286;-0.24365;0.217422
1.12897;-0.236328;0.217422
1.11571;-0.229006;0.217422
1.20022;-0.24365;0.224744
1.18626;-0.236328;0.224744
1.17289;-0.229006;0.224744
0.792749;-0.224744;0.153381
0.772141;-0.217422;0.153381
0.752605;-0.2101;0.153381
0.808291;-0.224744;0.160703
0.789468;-0.217422;0.160703
0.771673;-0.2101;0.160703
0.829556;-0.224744;0.168025
0.812359;-0.217422;0.168025
0.796136;-0.2101;0.168025
0.741727;-0.205838;0.153381
0.723879;-0.198516;0.153381
0.707093;-0.191193;0.153381
0.761788;-0.205838;0.160703
0.745605;-0.198516;0.160703
0.730429;-0.191193;0.160703
0.787139;-0.205838;0.168025
0.772433;-0.198516;0.168025
0.758669;-0.191193;0.168025
0.844566;-0.224744;0.172287
0.828224;-0.217422;0.172287
0.812821;-0.2101;0.172287
0.874788;-0.224744;0.179609
0.859738;-0.217422;0.179609
0.845561;-0.2101;0.179609
0.910399;-0.224744;0.186932
0.896395;-0.217422;0.186932
0.883198;-0.2101;0.186932
0.804284;-0.205838;0.172287
0.790337;-0.198516;0.172287
0.777293;-0.191193;0.172287
0.837705;-0.205838;0.179609
0.824877;-0.198516;0.179609
0.812878;-0.191193;0.179609
0.875882;-0.205838;0.186932
0.863925;-0.198516;0.186932
0.852728;-0.191193;0.186932
0.69781;-0.186932;0.153381
0.682692;-0.179609;0.153381
0.668618;-0.172287;0.153381
0.722056;-0.186932;0.160703
0.708451;-0.179609;0.160703
0.695821;-0.172287;0.160703
0.751087;-0.186932;0.168025
0.738782;-0.179609;0.168025
0.727379;-0.172287;0.168025
0.660904;-0.168025;0.153381
0.64846;-0.160703;0.153381
0.637032;-0.153381;0.153381
0.688914;-0.168025;0.160703
0.677798;-0.160703;0.160703
0.667615;-0.153381;0.160703
0.72115;-0.168025;0.168025
0.711135;-0.160703;0.168025
0.70197;-0.153381;0.168025
0.770109;-0.186932;0.172287
0.758456;-0.179609;0.172287
0.747659;-0.172287;0.172287
0.80627;-0.186932;0.179609
0.795546;-0.179609;0.179609
0.785603;-0.172287;0.179609
0.846553;-0.186932;0.186932
0.836518;-0.179609;0.186932
0.827192;-0.172287;0.186932
0.741762;-0.168025;0.172287
0.73228;-0.160703;0.172287
0.723601;-0.153381;0.172287
0.780167;-0.168025;0.179609
0.771416;-0.160703;0.179609
0.76339;-0.153381;0.179609
0.822082;-0.168025;0.186932
0.813834;-0.160703;0.186932
0.806241;-0.153381;0.186932
0.933475;-0.224744;0.191193
0.919964;-0.217422;0.191193
0.907221;-0.2101;0.191193
0.9769;-0.224744;0.198516
0.964034;-0.217422;0.198516
0.951874;-0.2101;0.198516
1.02473;-0.224744;0.205838
1.01226;-0.217422;0.205838
1.00044;-0.2101;0.205838
0.900152;-0.205838;0.191193
0.888588;-0.198516;0.191193
0.877745;-0.191193;0.191193
0.945114;-0.205838;0.198516
0.934034;-0.198516;0.198516
0.923613;-0.191193;0.198516
0.99385;-0.205838;0.205838
0.983023;-0.198516;0.205838
0.9728;-0.191193;0.205838
1.05441;-0.224744;0.2101
1.04206;-0.217422;0.2101
1.03033;-0.2101;0.2101
1.10827;-0.224744;0.217422
1.09596;-0.217422;0.217422
1.08422;-0.2101;0.217422
1.16537;-0.224744;0.224744
1.15288;-0.217422;0.224744
1.14094;-0.2101;0.224744
1.02379;-0.205838;0.2101
1.01301;-0.198516;0.2101
1.0028;-0.191193;0.2101
1.07765;-0.205838;0.217422
1.06679;-0.198516;0.217422
1.05647;-0.191193;0.217422
1.13424;-0.205838;0.224744
1.12312;-0.198516;0.224744
1.11251;-0.191193;0.224744
0.871758;-0.186932;0.191193
0.862016;-0.179609;0.191193
0.852943;-0.172287;0.191193
0.917844;-0.186932;0.198516
0.908427;-0.179609;0.198516
0.899619;-0.172287;0.198516
0.967122;-0.186932;0.205838
0.957819;-0.179609;0.205838
0.949074;-0.172287;0.205838
0.847963;-0.168025;0.191193
0.839909;-0.160703;0.191193
0.832471;-0.153381;0.191193
0.894766;-0.168025;0.198516
0.886882;-0.160703;0.198516
0.879558;-0.153381;0.198516
0.944235;-0.168025;0.205838
0.936335;-0.160703;0.205838
0.928947;-0.153381;0.205838
0.997125;-0.186932;0.2101
0.9878;-0.179609;0.2101
0.979006;-0.172287;0.2101
1.05071;-0.186932;0.217422
1.0412;-0.179609;0.217422
1.03219;-0.172287;0.217422
1.10656;-0.186932;0.224744
1.09672;-0.179609;0.224744
1.08734;-0.172287;0.224744
0.974126;-0.168025;0.2101
0.966138;-0.160703;0.2101
0.958637;-0.153381;0.2101
1.02717;-0.168025;0.217422
1.01891;-0.160703;0.217422
1.0111;-0.153381;0.217422
1.08208;-0.168025;0.224744
1.07341;-0.160703;0.224744
1.06516;-0.153381;0.224744
1.36519;-0.300369;0.229006
1.34619;-0.293047;0.229006
1.32788;-0.285725;0.229006
1.42965;-0.300369;0.236328
1.41048;-0.293047;0.236328
1.39196;-0.285725;0.236328
1.49823;-0.300369;0.24365
1.47866;-0.293047;0.24365
1.45972;-0.285725;0.24365
1.31753;-0.281463;0.229006
1.30027;-0.274141;0.229006
1.28366;-0.266818;0.229006
1.38148;-0.281463;0.236328
1.36397;-0.274141;0.236328
1.34708;-0.266818;0.236328
1.44898;-0.281463;0.24365
1.43102;-0.274141;0.24365
1.41365;-0.266818;0.24365
1.5398;-0.300369;0.247912
1.5199;-0.293047;0.247912
1.50062;-0.285725;0.247912
1.61365;-0.300369;0.255234
1.59304;-0.293047;0.255234
1.57304;-0.285725;0.255234
1.69009;-0.300369;0.262557
1.66861;-0.293047;0.262557
1.64773;-0.285725;0.262557
1.48968;-0.281463;0.247912
1.47137;-0.274141;0.247912
1.45364;-0.266818;0.247912
1.56168;-0.281463;0.255234
1.54263;-0.274141;0.255234
1.52416;-0.266818;0.255234
1.63586;-0.281463;0.262557
1.61594;-0.274141;0.262557
1.59658;-0.266818;0.262557
1.27428;-0.262557;0.229006
1.25865;-0.255234;0.229006
1.24363;-0.247912;0.229006
1.33753;-0.262557;0.236328
1.32158;-0.255234;0.236328
1.30622;-0.247912;0.236328
1.40381;-0.262557;0.24365
1.38736;-0.255234;0.24365
1.37147;-0.247912;0.24365
1.23516;-0.24365;0.229006
1.22106;-0.236328;0.229006
1.20753;-0.229006;0.229006
1.29753;-0.24365;0.236328
1.28305;-0.236328;0.236328
1.26911;-0.229006;0.236328
1.36247;-0.24365;0.24365
1.34743;-0.236328;0.24365
1.33292;-0.229006;0.24365
1.44359;-0.262557;0.247912
1.42676;-0.255234;0.247912
1.41049;-0.247912;0.247912
1.51367;-0.262557;0.255234
1.49609;-0.255234;0.255234
1.47906;-0.247912;0.255234
1.58558;-0.262557;0.262557
1.56712;-0.255234;0.262557
1.54919;-0.247912;0.262557
1.40127;-0.24365;0.247912
1.38584;-0.236328;0.247912
1.37093;-0.229006;0.247912
1.46939;-0.24365;0.255234
1.45319;-0.236328;0.255234
1.43749;-0.229006;0.255234
1.539;-0.24365;0.262557
1.52191;-0.236328;0.262557
1.50533;-0.229006;0.262557
1.73556;-0.300369;0.266818
1.7135;-0.293047;0.266818
1.69206;-0.285725;0.266818
1.81503;-0.300369;0.274141
1.79189;-0.293047;0.274141
1.76937;-0.285725;0.274141
1.89579;-0.300369;0.281463
1.87147;-0.293047;0.281463
1.84777;-0.285725;0.281463
1.67986;-0.281463;0.266818
1.65936;-0.274141;0.266818
1.63944;-0.266818;0.266818
1.75654;-0.281463;0.274141
1.73498;-0.274141;0.274141
1.714;-0.266818;0.274141
1.83427;-0.281463;0.281463
1.81154;-0.274141;0.281463
1.78941;-0.266818;0.281463
1.94321;-0.300369;0.285725
1.91816;-0.293047;0.285725
1.89374;-0.285725;0.285725
2.02514;-0.300369;0.293047
1.99877;-0.293047;0.293047
1.97306;-0.285725;0.293047
2.10729;-0.300369;0.300369
2.07955;-0.293047;0.300369
2.05249;-0.285725;0.300369
1.87982;-0.281463;0.285725
1.85639;-0.274141;0.285725
1.83356;-0.266818;0.285725
1.95839;-0.281463;0.293047
1.93369;-0.274141;0.293047
1.9096;-0.266818;0.293047
2.03704;-0.281463;0.300369
2.01102;-0.274141;0.300369
1.98563;-0.266818;0.300369
1.6281;-0.262557;0.266818
1.60907;-0.255234;0.266818
1.59058;-0.247912;0.266818
1.70205;-0.262557;0.274141
1.68197;-0.255234;0.274141
1.66243;-0.247912;0.274141
1.7768;-0.262557;0.281463
1.75559;-0.255234;0.281463
1.73493;-0.247912;0.281463
1.58006;-0.24365;0.266818
1.56241;-0.236328;0.266818
1.54526;-0.229006;0.266818
1.65131;-0.24365;0.274141
1.63262;-0.236328;0.274141
1.61445;-0.229006;0.274141
1.72316;-0.24365;0.281463
1.70337;-0.236328;0.281463
1.6841;-0.229006;0.281463
1.82054;-0.262557;0.285725
1.79864;-0.255234;0.285725
1.7773;-0.247912;0.285725
1.89586;-0.262557;0.293047
1.87273;-0.255234;0.293047
1.85018;-0.247912;0.293047
1.97114;-0.262557;0.300369
1.94673;-0.255234;0.300369
1.92292;-0.247912;0.300369
1.76513;-0.24365;0.285725
1.74467;-0.236328;0.285725
1.72473;-0.229006;0.285725
1.83731;-0.24365;0.293047
1.81566;-0.236328;0.293047
1.79455;-0.229006;0.293047
1.90934;-0.24365;0.300369
1.88645;-0.236328;0.300369
1.86413;-0.229006;0.300369
1.19991;-0.224744;0.229006
1.18724;-0.217422;0.229006
1.1751;-0.2101;0.229006
1.26124;-0.224744;0.236328
1.24812;-0.217422;0.236328
1.23551;-0.2101;0.236328
1.32471;-0.224744;0.24365
1.311;-0.217422;0.24365
1.29777;-0.2101;0.24365
1.16827;-0.205838;0.229006
1.15693;-0.198516;0.229006
1.14608;-0.191193;0.229006
1.22839;-0.205838;0.236328
1.21655;-0.198516;0.236328
1.20517;-0.191193;0.236328
1.29029;-0.205838;0.24365
1.27781;-0.198516;0.24365
1.26579;-0.191193;0.24365
1.36249;-0.224744;0.247912
1.34837;-0.217422;0.247912
1.33473;-0.2101;0.247912
1.42859;-0.224744;0.255234
1.41368;-0.217422;0.255234
1.39924;-0.2101;0.255234
1.49591;-0.224744;0.262557
1.4801;-0.217422;0.262557
1.46477;-0.2101;0.262557
1.32701;-0.205838;0.247912
1.3141;-0.198516;0.247912
1.30165;-0.191193;0.247912
1.39105;-0.205838;0.255234
1.37734;-0.198516;0.255234
1.36408;-0.191193;0.255234
1.45607;-0.205838;0.262557
1.44147;-0.198516;0.262557
1.42731;-0.191193;0.262557
1.13998;-0.186932;0.229006
1.12987;-0.179609;0.229006
1.12021;-0.172287;0.229006
1.19876;-0.186932;0.236328
1.1881;-0.179609;0.236328
1.17786;-0.172287;0.236328
1.25899;-0.186932;0.24365
1.24766;-0.179609;0.24365
1.23675;-0.172287;0.24365
1.11479;-0.168025;0.229006
1.10582;-0.160703;0.229006
1.09726;-0.153381;0.229006
1.1721;-0.168025;0.236328
1.16253;-0.160703;0.236328
1.15336;-0.153381;0.236328
1.23059;-0.168025;0.24365
1.22032;-0.160703;0.24365
1.21044;-0.153381;0.24365
1.2946;-0.186932;0.247912
1.28284;-0.179609;0.247912
1.27149;-0.172287;0.247912
1.35656;-0.186932;0.255234
1.34398;-0.179609;0.255234
1.33181;-0.172287;0.255234
1.41927;-0.186932;0.262557
1.4058;-0.179609;0.262557
1.39274;-0.172287;0.262557
1.26507;-0.168025;0.247912
1.25435;-0.160703;0.247912
1.24402;-0.153381;0.247912
1.32491;-0.168025;0.255234
1.31338;-0.160703;0.255234
1.30223;-0.153381;0.255234
1.38533;-0.168025;0.262557
1.37291;-0.160703;0.262557
1.36087;-0.153381;0.262557
1.53551;-0.224744;0.266818
1.51915;-0.217422;0.266818
1.50327;-0.2101;0.266818
1.60411;-0.224744;0.274141
1.58672;-0.217422;0.274141
1.56983;-0.2101;0.274141
1.67312;-0.224744;0.281463
1.65466;-0.217422;0.281463
1.63669;-0.2101;0.281463
1.49424;-0.205838;0.266818
1.47908;-0.198516;0.266818
1.46438;-0.191193;0.266818
1.56021;-0.205838;0.274141
1.54405;-0.198516;0.274141
1.52835;-0.191193;0.274141
1.62646;-0.205838;0.281463
1.60925;-0.198516;0.281463
1.5925;-0.191193;0.281463
1.71337;-0.224744;0.285725
1.69426;-0.217422;0.285725
1.67565;-0.2101;0.285725
1.78251;-0.224744;0.293047
1.76224;-0.217422;0.293047
1.74249;-0.2101;0.293047
1.85139;-0.224744;0.300369
1.82994;-0.217422;0.300369
1.80902;-0.2101;0.300369
1.66504;-0.205838;0.285725
1.6472;-0.198516;0.285725
1.62983;-0.191193;0.285725
1.73123;-0.205838;0.293047
1.71227;-0.198516;0.293047
1.6938;-0.191193;0.293047
1.79709;-0.205838;0.300369
1.77699;-0.198516;0.300369
1.75739;-0.191193;0.300369
1.45602;-0.186932;0.266818
1.442;-0.179609;0.266818
1.4284;-0.172287;0.266818
1.51942;-0.186932;0.274141
1.50442;-0.179609;0.274141
1.48984;-0.172287;0.274141
1.58297;-0.186932;0.281463
1.56693;-0.179609;0.281463
1.55134;-0.172287;0.281463
1.42067;-0.168025;0.266818
1.4077;-0.160703;0.266818
1.39513;-0.153381;0.266818
1.48155;-0.168025;0.274141
1.46762;-0.160703;0.274141
1.45409;-0.153381;0.274141
1.54246;-0.168025;0.281463
1.52753;-0.160703;0.281463
1.51301;-0.153381;0.281463
1.61993;-0.186932;0.285725
1.60328;-0.179609;0.285725
1.58708;-0.172287;0.285725
1.68327;-0.186932;0.293047
1.66554;-0.179609;0.293047
1.64827;-0.172287;0.293047
1.74621;-0.186932;0.300369
1.72738;-0.179609;0.300369
1.70902;-0.172287;0.300369
1.57785;-0.168025;0.285725
1.56232;-0.160703;0.285725
1.54721;-0.153381;0.285725
1.63842;-0.168025;0.293047
1.62185;-0.160703;0.293047
1.60571;-0.153381;0.293047
1.69855;-0.168025;0.300369
1.68092;-0.160703;0.300369
1.66373;-0.153381;0.300369
0.630841;-0.149119;0.153381
0.620984;-0.141797;0.153381
0.612096;-0.134475;0.153381
0.662111;-0.149119;0.160703
0.653364;-0.141797;0.160703
0.645496;-0.134475;0.160703
0.697019;-0.149119;0.168025
0.689155;-0.141797;0.168025
0.682081;-0.134475;0.168025
0.60736;-0.130213;0.153381
0.599959;-0.122891;0.153381
0.593464;-0.115568;0.153381
0.641311;-0.130213;0.160703
0.634782;-0.122891;0.160703
0.629064;-0.115568;0.160703
0.678318;-0.130213;0.168025
0.672443;-0.122891;0.168025
0.66729;-0.115568;0.168025
0.71891;-0.149119;0.172287
0.711455;-0.141797;0.172287
0.704742;-0.134475;0.172287
0.759043;-0.149119;0.179609
0.752118;-0.141797;0.179609
0.745857;-0.134475;0.179609
0.802114;-0.149119;0.186932
0.79551;-0.141797;0.186932
0.789503;-0.134475;0.186932
0.701167;-0.130213;0.172287
0.695576;-0.122891;0.172287
0.69066;-0.115568;0.172287
0.74251;-0.130213;0.179609
0.737252;-0.122891;0.179609
0.732594;-0.115568;0.179609
0.786272;-0.130213;0.186932
0.781162;-0.122891;0.186932
0.77659;-0.115568;0.186932
0.59009;-0.111307;0.153381
0.58497;-0.103984;0.153381
0.580679;-0.096662;0.153381
0.626098;-0.111307;0.160703
0.621602;-0.103984;0.160703
0.61784;-0.096662;0.160703
0.664613;-0.111307;0.168025
0.660545;-0.103984;0.168025
0.657124;-0.096662;0.168025
0.57855;-0.0924005;0.153381
0.575499;-0.0850781;0.153381
0.573186;-0.0777558;0.153381
0.615975;-0.0924005;0.160703
0.613305;-0.0850781;0.160703
0.611283;-0.0777558;0.160703
0.65542;-0.0924005;0.168025
0.652963;-0.0850781;0.168025
0.651075;-0.0777558;0.168025
0.688099;-0.111307;0.172287
0.684195;-0.103984;0.172287
0.680893;-0.096662;0.172287
0.73015;-0.111307;0.179609
0.726392;-0.103984;0.179609
0.723169;-0.096662;0.179609
0.774167;-0.111307;0.186932
0.770399;-0.103984;0.186932
0.767108;-0.096662;0.186932
0.679238;-0.0924005;0.172287
0.676833;-0.0850781;0.172287
0.674957;-0.0777558;0.172287
0.72153;-0.0924005;0.179609
0.719102;-0.0850781;0.179609
0.717143;-0.0777558;0.179609
0.765404;-0.0924005;0.186932
0.762824;-0.0850781;0.186932
0.760663;-0.0777558;0.186932
0.828418;-0.149119;0.191193
0.821912;-0.141797;0.191193
0.815967;-0.134475;0.191193
0.875546;-0.149119;0.198516
0.869066;-0.141797;0.198516
0.863094;-0.134475;0.198516
0.924875;-0.149119;0.205838
0.918258;-0.141797;0.205838
0.912105;-0.134475;0.205838
0.812757;-0.130213;0.191193
0.807656;-0.122891;0.191193
0.80306;-0.115568;0.191193
0.859845;-0.130213;0.198516
0.854637;-0.122891;0.198516
0.849887;-0.115568;0.198516
0.908731;-0.130213;0.205838
0.903277;-0.122891;0.205838
0.898242;-0.115568;0.205838
0.954489;-0.149119;0.2101
0.947724;-0.141797;0.2101
0.941402;-0.134475;0.2101
1.00675;-0.149119;0.217422
0.999629;-0.141797;0.217422
0.992917;-0.134475;0.217422
1.06055;-0.149119;0.224744
1.05294;-0.141797;0.224744
1.04573;-0.134475;0.224744
0.93792;-0.130213;0.2101
0.932265;-0.122891;0.2101
0.92701;-0.115568;0.2101
0.989195;-0.130213;0.217422
0.983105;-0.122891;0.217422
0.977389;-0.115568;0.217422
1.04171;-0.130213;0.224744
1.03508;-0.122891;0.224744
1.02881;-0.115568;0.224744
0.800609;-0.111307;0.191193
0.796769;-0.103984;0.191193
0.793378;-0.096662;0.191193
0.847325;-0.111307;0.198516
0.843259;-0.103984;0.198516
0.839601;-0.096662;0.198516
0.895497;-0.111307;0.205838
0.891089;-0.103984;0.205838
0.887055;-0.096662;0.205838
0.791603;-0.0924005;0.191193
0.78888;-0.0850781;0.191193
0.786553;-0.0777558;0.191193
0.837652;-0.0924005;0.198516
0.834601;-0.0850781;0.198516
0.831909;-0.0777558;0.198516
0.884874;-0.0924005;0.205838
0.881399;-0.0850781;0.205838
0.878256;-0.0777558;0.205838
0.924129;-0.111307;0.2101
0.919474;-0.103984;0.2101
0.915178;-0.096662;0.2101
0.974229;-0.111307;0.217422
0.969076;-0.103984;0.217422
0.964259;-0.096662;0.217422
1.02532;-0.111307;0.224744
1.01959;-0.103984;0.224744
1.01417;-0.096662;0.224744
0.912836;-0.0924005;0.2101
0.909075;-0.0850781;0.2101
0.905634;-0.0777558;0.2101
0.961605;-0.0924005;0.217422
0.957293;-0.0850781;0.217422
0.953283;-0.0777558;0.217422
1.01116;-0.0924005;0.224744
1.00623;-0.0850781;0.224744
1.00159;-0.0777558;0.224744
0.572164;-0.0734942;0.153381
0.570941;-0.0661719;0.153381
0.570357;-0.0588495;0.153381
0.610391;-0.0734942;0.160703
0.609323;-0.0661719;0.160703
0.608814;-0.0588495;0.160703
0.650226;-0.0734942;0.168025
0.649177;-0.0661719;0.168025
0.648619;-0.0588495;0.168025
0.570296;-0.054588;0.153381
0.570644;-0.0472656;0.153381
0.571532;-0.0399433;0.153381
0.608762;-0.054588;0.160703
0.609068;-0.0472656;0.160703
0.609845;-0.0399433;0.160703
0.648508;-0.054588;0.168025
0.648665;-0.0472656;0.168025
0.649237;-0.0399433;0.168025
0.674098;-0.0734942;0.172287
0.673002;-0.0661719;0.172287
0.672362;-0.0588495;0.172287
0.716209;-0.0734942;0.179609
0.714943;-0.0661719;0.179609
0.714081;-0.0588495;0.179609
0.759591;-0.0734942;0.186932
0.75805;-0.0661719;0.186932
0.756873;-0.0588495;0.186932
0.672189;-0.054588;0.172287
0.672216;-0.0472656;0.172287
0.672628;-0.0399433;0.172287
0.713757;-0.054588;0.179609
0.713489;-0.0472656;0.179609
0.713565;-0.0399433;0.179609
0.756347;-0.054588;0.186932
0.755704;-0.0472656;0.186932
0.755372;-0.0399433;0.186932
0.572282;-0.0356817;0.153381
0.573946;-0.0283594;0.153381
0.576053;-0.021037;0.153381
0.610501;-0.0356817;0.160703
0.611958;-0.0283594;0.160703
0.613803;-0.021037;0.160703
0.64975;-0.0356817;0.168025
0.65092;-0.0283594;0.168025
0.652435;-0.021037;0.168025
0.577469;-0.0167755;0.153381
0.580205;-0.00945312;0.153381
0.583295;-0.00213077;0.153381
0.615043;-0.0167755;0.160703
0.617441;-0.00945312;0.160703
0.620152;-0.00213077;0.160703
0.653464;-0.0167755;0.168025
0.655468;-0.00945312;0.168025
0.657752;-0.00213077;0.168025
0.673036;-0.0356817;0.172287
0.674008;-0.0283594;0.172287
0.6753;-0.021037;0.172287
0.71376;-0.0356817;0.179609
0.714336;-0.0283594;0.179609
0.715201;-0.021037;0.179609
0.755315;-0.0356817;0.186932
0.755436;-0.0283594;0.186932
0.75582;-0.021037;0.186932
0.676191;-0.0167755;0.172287
0.677943;-0.00945312;0.172287
0.679957;-0.00213077;0.172287
0.71583;-0.0167755;0.179609
0.71711;-0.00945312;0.179609
0.718628;-0.00213077;0.179609
0.756157;-0.0167755;0.186932
0.756921;-0.00945312;0.186932
0.757903;-0.00213077;0.186932
0.785372;-0.0734942;0.191193
0.783629;-0.0661719;0.191193
0.782229;-0.0588495;0.191193
0.830502;-0.0734942;0.198516
0.828344;-0.0661719;0.198516
0.8265;-0.0588495;0.198516
0.876574;-0.0734942;0.205838
0.873925;-0.0661719;0.205838
0.871569;-0.0588495;0.205838
0.781565;-0.054588;0.191193
0.78067;-0.0472656;0.191193
0.78007;-0.0399433;0.191193
0.825566;-0.054588;0.198516
0.824186;-0.0472656;0.198516
0.823079;-0.0399433;0.198516
0.870326;-0.054588;0.205838
0.868402;-0.0472656;0.205838
0.866733;-0.0399433;0.205838
0.903772;-0.0734942;0.2101
0.900806;-0.0661719;0.2101
0.898122;-0.0588495;0.2101
0.951083;-0.0734942;0.217422
0.947524;-0.0661719;0.217422
0.944233;-0.0588495;0.217422
0.999018;-0.0734942;0.224744
0.994811;-0.0661719;0.224744
0.990863;-0.0588495;0.224744
0.896685;-0.054588;0.2101
0.894419;-0.0472656;0.2101
0.892401;-0.0399433;0.2101
0.942436;-0.054588;0.217422
0.939546;-0.0472656;0.217422
0.936892;-0.0399433;0.217422
0.988681;-0.054588;0.224744
0.985122;-0.0472656;0.224744
0.981795;-0.0399433;0.224744
0.77985;-0.0356817;0.191193
0.779681;-0.0283594;0.191193
0.779762;-0.021037;0.191193
0.822553;-0.0356817;0.198516
0.821845;-0.0283594;0.198516
0.82137;-0.021037;0.198516
0.865873;-0.0356817;0.205838
0.86458;-0.0283594;0.205838
0.863508;-0.021037;0.205838
0.779918;-0.0167755;0.191193
0.780362;-0.00945312;0.191193
0.781016;-0.00213077;0.191193
0.821196;-0.0167755;0.198516
0.821061;-0.00945312;0.198516
0.821124;-0.00213077;0.198516
0.862981;-0.0167755;0.205838
0.862232;-0.00945312;0.205838
0.861673;-0.00213077;0.205838
0.891335;-0.0356817;0.2101
0.889682;-0.0283594;0.2101
0.888245;-0.021037;0.2101
0.935453;-0.0356817;0.217422
0.933153;-0.0283594;0.217422
0.931062;-0.021037;0.217422
0.979961;-0.0356817;0.224744
0.976979;-0.0283594;0.224744
0.974204;-0.021037;0.224744
0.887503;-0.0167755;0.2101
0.886383;-0.00945312;0.2101
0.885449;-0.00213077;0.2101
0.929937;-0.0167755;0.217422
0.928155;-0.00945312;0.217422
0.926556;-0.00213077;0.217422
0.972679;-0.0167755;0.224744
0.970211;-0.00945312;0.224744
0.967924;-0.00213077;0.224744
1.09246;-0.149119;0.229006
1.08453;-0.141797;0.229006
1.07698;-0.134475;0.229006
1.14819;-0.149119;0.236328
1.13963;-0.141797;0.236328
1.13143;-0.134475;0.236328
1.20486;-0.149119;0.24365
1.19557;-0.141797;0.24365
1.18665;-0.134475;0.24365
1.07276;-0.130213;0.229006
1.06578;-0.122891;0.229006
1.05915;-0.115568;0.229006
1.12682;-0.130213;0.236328
1.11917;-0.122891;0.236328
1.11186;-0.115568;0.236328
1.18161;-0.130213;0.24365
1.17323;-0.122891;0.24365
1.16518;-0.115568;0.24365
1.23819;-0.149119;0.247912
1.22845;-0.141797;0.247912
1.21907;-0.134475;0.247912
1.29591;-0.149119;0.255234
1.28535;-0.141797;0.255234
1.27514;-0.134475;0.255234
1.35404;-0.149119;0.262557
1.3426;-0.141797;0.262557
1.33152;-0.134475;0.262557
1.21377;-0.130213;0.247912
1.20493;-0.122891;0.247912
1.19642;-0.115568;0.247912
1.26936;-0.130213;0.255234
1.2597;-0.122891;0.255234
1.25037;-0.115568;0.255234
1.32523;-0.130213;0.262557
1.3147;-0.122891;0.262557
1.3045;-0.115568;0.262557
1.05544;-0.111307;0.229006
1.04934;-0.103984;0.229006
1.04354;-0.096662;0.229006
1.10776;-0.111307;0.236328
1.10096;-0.103984;0.236328
1.09447;-0.096662;0.236328
1.16065;-0.111307;0.24365
1.1531;-0.103984;0.24365
1.14585;-0.096662;0.24365
1.04031;-0.0924005;0.229006
1.03499;-0.0850781;0.229006
1.02996;-0.0777558;0.229006
1.09083;-0.0924005;0.236328
1.0848;-0.0850781;0.236328
1.07905;-0.0777558;0.236328
1.14177;-0.0924005;0.24365
1.13499;-0.0850781;0.24365
1.12849;-0.0777558;0.24365
1.19162;-0.111307;0.247912
1.18362;-0.103984;0.247912
1.17591;-0.096662;0.247912
1.24508;-0.111307;0.255234
1.23626;-0.103984;0.255234
1.22774;-0.096662;0.255234
1.29872;-0.111307;0.262557
1.28903;-0.103984;0.262557
1.27966;-0.096662;0.262557
1.17157;-0.0924005;0.247912
1.16433;-0.0850781;0.247912
1.15736;-0.0777558;0.247912
1.22291;-0.0924005;0.255234
1.21486;-0.0850781;0.255234
1.20708;-0.0777558;0.255234
1.27434;-0.0924005;0.262557
1.26544;-0.0850781;0.262557
1.25683;-0.0777558;0.262557
1.38799;-0.149119;0.266818
1.37602;-0.141797;0.266818
1.36441;-0.134475;0.266818
1.4464;-0.149119;0.274141
1.43348;-0.141797;0.274141
1.42093;-0.134475;0.274141
1.50474;-0.149119;0.281463
1.49084;-0.141797;0.281463
1.47733;-0.134475;0.281463
1.35781;-0.130213;0.266818
1.34676;-0.122891;0.266818
1.33604;-0.115568;0.266818
1.41379;-0.130213;0.274141
1.40181;-0.122891;0.274141
1.39018;-0.115568;0.274141
1.46964;-0.130213;0.281463
1.45671;-0.122891;0.281463
1.44414;-0.115568;0.281463
1.5386;-0.149119;0.285725
1.52413;-0.141797;0.285725
1.51004;-0.134475;0.285725
1.59651;-0.149119;0.293047
1.58102;-0.141797;0.293047
1.56594;-0.134475;0.293047
1.65392;-0.149119;0.300369
1.63742;-0.141797;0.300369
1.62132;-0.134475;0.300369
1.50202;-0.130213;0.285725
1.48853;-0.122891;0.285725
1.4754;-0.115568;0.285725
1.55734;-0.130213;0.293047
1.54288;-0.122891;0.293047
1.52879;-0.115568;0.293047
1.61215;-0.130213;0.300369
1.5967;-0.122891;0.300369
1.58164;-0.115568;0.300369
1.32996;-0.111307;0.266818
1.31976;-0.103984;0.266818
1.30987;-0.096662;0.266818
1.38357;-0.111307;0.274141
1.37247;-0.103984;0.274141
1.36169;-0.096662;0.274141
1.43699;-0.111307;0.281463
1.42496;-0.103984;0.281463
1.41327;-0.096662;0.281463
1.30426;-0.0924005;0.266818
1.29486;-0.0850781;0.266818
1.28575;-0.0777558;0.266818
1.35557;-0.0924005;0.274141
1.34528;-0.0850781;0.274141
1.3353;-0.0777558;0.274141
1.40662;-0.0924005;0.281463
1.39545;-0.0850781;0.281463
1.38458;-0.0777558;0.281463
1.46793;-0.111307;0.285725
1.45536;-0.103984;0.285725
1.44314;-0.096662;0.285725
1.52076;-0.111307;0.293047
1.50725;-0.103984;0.293047
1.4941;-0.096662;0.293047
1.57305;-0.111307;0.300369
1.55859;-0.103984;0.300369
1.5445;-0.096662;0.300369
1.43618;-0.0924005;0.285725
1.42447;-0.0850781;0.285725
1.41309;-0.0777558;0.285725
1.4866;-0.0924005;0.293047
1.47399;-0.0850781;0.293047
1.4617;-0.0777558;0.293047
1.53646;-0.0924005;0.300369
1.52294;-0.0850781;0.300369
1.50976;-0.0777558;0.300369
1.02716;-0.0734942;0.229006
1.02255;-0.0661719;0.229006
1.0182;-0.0588495;0.229006
1.07583;-0.0734942;0.236328
1.07051;-0.0661719;0.236328
1.06543;-0.0588495;0.236328
1.12483;-0.0734942;0.24365
1.11874;-0.0661719;0.24365
1.11291;-0.0588495;0.24365
1.01578;-0.054588;0.229006
1.01182;-0.0472656;0.229006
1.00808;-0.0399433;0.229006
1.06259;-0.054588;0.236328
1.0579;-0.0472656;0.236328
1.05344;-0.0399433;0.236328
1.10963;-0.054588;0.24365
1.10418;-0.0472656;0.24365
1.09897;-0.0399433;0.24365
1.15344;-0.0734942;0.247912
1.1469;-0.0661719;0.247912
1.14061;-0.0588495;0.247912
1.20269;-0.0734942;0.255234
1.19534;-0.0661719;0.255234
1.18826;-0.0588495;0.255234
1.25195;-0.0734942;0.262557
1.24378;-0.0661719;0.262557
1.23587;-0.0588495;0.262557
1.13707;-0.054588;0.247912
1.13117;-0.0472656;0.247912
1.12551;-0.0399433;0.247912
1.18425;-0.054588;0.255234
1.17756;-0.0472656;0.255234
1.17111;-0.0399433;0.255234
1.23139;-0.054588;0.262557
1.22389;-0.0472656;0.262557
1.21663;-0.0399433;0.262557
1.00601;-0.0356817;0.229006
1.00262;-0.0283594;0.229006
0.999429;-0.021037;0.229006
1.05095;-0.0356817;0.236328
1.04683;-0.0283594;0.236328
1.04292;-0.021037;0.236328
1.09604;-0.0356817;0.24365
1.09117;-0.0283594;0.24365
1.08651;-0.021037;0.24365
0.997666;-0.0167755;0.229006
0.994786;-0.00945312;0.229006
0.99209;-0.00213077;0.229006
1.04073;-0.0167755;0.236328
1.03713;-0.00945312;0.236328
1.03372;-0.00213077;0.236328
1.0839;-0.0167755;0.24365
1.07956;-0.00945312;0.24365
1.07541;-0.00213077;0.24365
1.12231;-0.0356817;0.247912
1.117;-0.0283594;0.247912
1.1119;-0.021037;0.247912
1.16746;-0.0356817;0.255234
1.16137;-0.0283594;0.255234
1.1555;-0.021037;0.255234
1.21252;-0.0356817;0.262557
1.20564;-0.0283594;0.262557
1.19898;-0.021037;0.262557
1.10903;-0.0167755;0.247912
1.10426;-0.00945312;0.247912
1.09967;-0.00213077;0.247912
1.15218;-0.0167755;0.255234
1.14665;-0.00945312;0.255234
1.14131;-0.00213077;0.255234
1.19521;-0.0167755;0.262557
1.18891;-0.00945312;0.262557
1.18281;-0.00213077;0.262557
1.28058;-0.0734942;0.266818
1.27192;-0.0661719;0.266818
1.26352;-0.0588495;0.266818
1.32963;-0.0734942;0.274141
1.32011;-0.0661719;0.274141
1.31087;-0.0588495;0.274141
1.3784;-0.0734942;0.281463
1.36801;-0.0661719;0.281463
1.35791;-0.0588495;0.281463
1.25876;-0.054588;0.266818
1.25078;-0.0472656;0.266818
1.24305;-0.0399433;0.266818
1.30562;-0.054588;0.274141
1.29681;-0.0472656;0.274141
1.28826;-0.0399433;0.274141
1.35217;-0.054588;0.281463
1.34252;-0.0472656;0.281463
1.33314;-0.0399433;0.281463
1.40661;-0.0734942;0.285725
1.39571;-0.0661719;0.285725
1.38511;-0.0588495;0.285725
1.45471;-0.0734942;0.293047
1.44293;-0.0661719;0.293047
1.43147;-0.0588495;0.293047
1.50224;-0.0734942;0.300369
1.48959;-0.0661719;0.300369
1.47726;-0.0588495;0.300369
1.37908;-0.054588;0.285725
1.36894;-0.0472656;0.285725
1.35907;-0.0399433;0.285725
1.42494;-0.054588;0.293047
1.41395;-0.0472656;0.293047
1.40325;-0.0399433;0.293047
1.47023;-0.054588;0.300369
1.4584;-0.0472656;0.300369
1.44687;-0.0399433;0.300369
1.23867;-0.0356817;0.266818
1.23132;-0.0283594;0.266818
1.22421;-0.021037;0.266818
1.2834;-0.0356817;0.274141
1.27525;-0.0283594;0.274141
1.26733;-0.021037;0.274141
1.3278;-0.0356817;0.281463
1.31884;-0.0283594;0.281463
1.31013;-0.021037;0.281463
1.22017;-0.0167755;0.266818
1.21341;-0.00945312;0.266818
1.20686;-0.00213077;0.266818
1.26284;-0.0167755;0.274141
1.2553;-0.00945312;0.274141
1.24798;-0.00213077;0.274141
1.30517;-0.0167755;0.281463
1.29685;-0.00945312;0.281463
1.28876;-0.00213077;0.281463
1.35346;-0.0356817;0.285725
1.34402;-0.0283594;0.285725
1.33484;-0.021037;0.285725
1.39716;-0.0356817;0.293047
1.38691;-0.0283594;0.293047
1.37693;-0.021037;0.293047
1.44029;-0.0356817;0.300369
1.42923;-0.0283594;0.300369
1.41845;-0.021037;0.300369
1.32962;-0.0167755;0.285725
1.32084;-0.00945312;0.285725
1.3123;-0.00213077;0.285725
1.37124;-0.0167755;0.293047
1.36167;-0.00945312;0.293047
1.35236;-0.00213077;0.293047
1.4123;-0.0167755;0.300369
1.40196;-0.00945312;0.300369
1.39188;-0.00213077;0.300369
2.58132;-0.397876;0.302657
2.57934;-0.397507;0.302657
2.57736;-0.397139;0.302657
2.58694;-0.397508;0.303197
2.58582;-0.3973;0.303197
2.5847;-0.397092;0.303197
2.59254;-0.397139;0.303736
2.59229;-0.397092;0.303736
2.59203;-0.397045;0.303736
2.56541;-0.3949;0.302657
2.5269;-0.387578;0.302657
2.4893;-0.380256;0.302657
2.57296;-0.3949;0.303197
2.53432;-0.387578;0.303197
2.49659;-0.380256;0.303197
2.58051;-0.3949;0.303736
2.54174;-0.387578;0.303736
2.50389;-0.380256;0.303736
2.60287;-0.393522;0.305867
2.56695;-0.386801;0.305867
2.53181;-0.380081;0.305867
2.67085;-0.388734;0.31265
2.64536;-0.384103;0.31265
2.62025;-0.379472;0.31265
2.73633;-0.383862;0.319433
2.72215;-0.381358;0.319433
2.70808;-0.378854;0.319433
2.76071;-0.381947;0.322045
2.75116;-0.380279;0.322045
2.74166;-0.37861;0.322045
2.78059;-0.380285;0.324241
2.77515;-0.379342;0.324241
2.76972;-0.378399;0.324241
2.80013;-0.378613;0.326437
2.79889;-0.3784;0.326437
2.79765;-0.378187;0.326437
2.49425;-0.375994;0.304631
2.4576;-0.368672;0.304631
2.42182;-0.36135;0.304631
2.59231;-0.375994;0.311953
2.55396;-0.368672;0.311953
2.5165;-0.36135;0.311953
2.69006;-0.375994;0.319275
2.64996;-0.368672;0.319275
2.61079;-0.36135;0.319275
2.40139;-0.357088;0.304631
2.36694;-0.349766;0.304631
2.33331;-0.342443;0.304631
2.49511;-0.357088;0.311953
2.45903;-0.349766;0.311953
2.4238;-0.342443;0.311953
2.58841;-0.357088;0.319275
2.55066;-0.349766;0.319275
2.51379;-0.342443;0.319275
2.72686;-0.375994;0.322045
2.68609;-0.368672;0.322045
2.64626;-0.36135;0.322045
2.75594;-0.375994;0.324241
2.71464;-0.368672;0.324241
2.67429;-0.36135;0.324241
2.78493;-0.375994;0.326437
2.7431;-0.368672;0.326437
2.70222;-0.36135;0.326437
2.80614;-0.374827;0.328568
2.76685;-0.368014;0.328568
2.72839;-0.361201;0.328568
2.84875;-0.370779;0.333694
2.81909;-0.365733;0.333694
2.78989;-0.360687;0.333694
2.88919;-0.366675;0.338821
2.8697;-0.36342;0.338821
2.85041;-0.360166;0.338821
2.64235;-0.357088;0.323537
2.60362;-0.349766;0.323537
2.56579;-0.342443;0.323537
2.73416;-0.357088;0.330859
2.69373;-0.349766;0.330859
2.65422;-0.342443;0.330859
2.82454;-0.357088;0.338182
2.78241;-0.349766;0.338182
2.74124;-0.342443;0.338182
2.31411;-0.338182;0.304631
2.28174;-0.330859;0.304631
2.25014;-0.323537;0.304631
2.40368;-0.338182;0.311953
2.36974;-0.330859;0.311953
2.33661;-0.323537;0.311953
2.49273;-0.338182;0.319275
2.4572;-0.330859;0.319275
2.4225;-0.323537;0.319275
2.2321;-0.319275;0.304631
2.20169;-0.311953;0.304631
2.17201;-0.304631;0.304631
2.31769;-0.319275;0.311953
2.28578;-0.311953;0.311953
2.25463;-0.304631;0.311953
2.40267;-0.319275;0.319275
2.36924;-0.311953;0.319275
2.33659;-0.304631;0.319275
2.54417;-0.338182;0.323537
2.5077;-0.330859;0.323537
2.47208;-0.323537;0.323537
2.63165;-0.338182;0.330859
2.59356;-0.330859;0.330859
2.55635;-0.323537;0.330859
2.7177;-0.338182;0.338182
2.678;-0.330859;0.338182
2.63919;-0.323537;0.338182
2.45173;-0.319275;0.323537
2.4174;-0.311953;0.323537
2.38387;-0.304631;0.323537
2.53509;-0.319275;0.330859
2.49922;-0.311953;0.330859
2.46417;-0.304631;0.330859
2.61702;-0.319275;0.338182
2.5796;-0.311953;0.338182
2.54304;-0.304631;0.338182
2.90668;-0.364771;0.341149
2.89205;-0.362348;0.341149
2.87753;-0.359924;0.341149
2.92732;-0.36236;0.344023
2.91896;-0.360989;0.344023
2.91064;-0.359618;0.344023
2.94719;-0.359929;0.346897
2.94528;-0.359619;0.346897
2.94337;-0.359309;0.346897
2.86068;-0.357088;0.341149
2.81786;-0.349766;0.341149
2.77601;-0.342443;0.341149
2.89539;-0.357088;0.344023
2.85191;-0.349766;0.344023
2.8094;-0.342443;0.344023
2.92978;-0.357088;0.346897
2.88564;-0.349766;0.346897
2.84249;-0.342443;0.346897
2.94811;-0.355956;0.349027
2.9066;-0.349128;0.349027
2.86596;-0.342299;0.349027
2.97564;-0.352034;0.353476
2.94413;-0.346918;0.353476
2.91312;-0.341801;0.353476
3.00119;-0.348062;0.357924
2.98011;-0.344679;0.357924
2.95924;-0.341297;0.357924
3.00925;-0.346897;0.359309
3.01267;-0.346897;0.359619
3.01609;-0.346897;0.359929
2.99465;-0.344023;0.359618
3.00961;-0.344023;0.360989
3.02448;-0.344023;0.36236
2.98012;-0.341149;0.359924
3.00627;-0.341149;0.362348
3.03213;-0.341149;0.364771
2.767;-0.338182;0.342443
2.72636;-0.330859;0.342443
2.68663;-0.323537;0.342443
2.85016;-0.338182;0.349766
2.80792;-0.330859;0.349766
2.76663;-0.323537;0.349766
2.93113;-0.338182;0.357088
2.88731;-0.330859;0.357088
2.84447;-0.323537;0.357088
2.66393;-0.319275;0.342443
2.62562;-0.311953;0.342443
2.58818;-0.304631;0.342443
2.74303;-0.319275;0.349766
2.7032;-0.311953;0.349766
2.66427;-0.304631;0.349766
2.81999;-0.319275;0.357088
2.77866;-0.311953;0.357088
2.73826;-0.304631;0.357088
2.90589;-0.326437;0.36135
2.98042;-0.326437;0.368672
3.05217;-0.326437;0.375994
2.89285;-0.324241;0.36135
2.96694;-0.324241;0.368672
3.03826;-0.324241;0.375994
2.8799;-0.322045;0.36135
2.95355;-0.322045;0.368672
3.02444;-0.322045;0.375994
2.96837;-0.338821;0.360166
3.00315;-0.338821;0.36342
3.03741;-0.338821;0.366675
2.9426;-0.333694;0.360687
2.99544;-0.333694;0.365733
3.04698;-0.333694;0.370779
2.91708;-0.328568;0.361201
2.98696;-0.328568;0.368014
3.05445;-0.328568;0.374827
2.8637;-0.319275;0.36135
2.82152;-0.311953;0.36135
2.78028;-0.304631;0.36135
2.93679;-0.319275;0.368672
2.89317;-0.311953;0.368672
2.85052;-0.304631;0.368672
3.00715;-0.319275;0.375994
2.96213;-0.311953;0.375994
2.91811;-0.304631;0.375994
3.07308;-0.326437;0.378187
3.0751;-0.326437;0.3784
3.07712;-0.326437;0.378613
3.06105;-0.324241;0.378399
3.06989;-0.324241;0.379342
3.07868;-0.324241;0.380285
3.04906;-0.322045;0.37861
3.06456;-0.322045;0.380279
3.0799;-0.322045;0.381947
2.95075;-0.303736;0.380256
3.0136;-0.303736;0.387578
3.07333;-0.303736;0.3949
2.9475;-0.303197;0.380256
3.01026;-0.303197;0.387578
3.0699;-0.303197;0.3949
2.94425;-0.302657;0.380256
3.00692;-0.302657;0.387578
3.06647;-0.302657;0.3949
3.03482;-0.319433;0.378854
3.05783;-0.319433;0.381358
3.08047;-0.319433;0.383862
2.99819;-0.31265;0.379472
3.03949;-0.31265;0.384103
3.07956;-0.31265;0.388734
2.9621;-0.305867;0.380081
3.02031;-0.305867;0.386801
3.07589;-0.305867;0.393522
3.09021;-0.303736;0.397045
3.09057;-0.303736;0.397092
3.09094;-0.303736;0.397139
3.08711;-0.303197;0.397092
3.08873;-0.303197;0.3973
3.09035;-0.303197;0.397508
3.08402;-0.302657;0.397139
3.08688;-0.302657;0.397507
3.08974;-0.302657;0.397876
2.15506;-0.300369;0.304631
2.1265;-0.293047;0.304631
2.09863;-0.285725;0.304631
2.23684;-0.300369;0.311953
2.20684;-0.293047;0.311953
2.17756;-0.285725;0.311953
2.31794;-0.300369;0.319275
2.28649;-0.293047;0.319275
2.25577;-0.285725;0.319275
2.08272;-0.281463;0.304631
2.05591;-0.274141;0.304631
2.02974;-0.266818;0.304631
2.16084;-0.281463;0.311953
2.13265;-0.274141;0.311953
2.10513;-0.266818;0.311953
2.23823;-0.281463;0.319275
2.20864;-0.274141;0.319275
2.17975;-0.266818;0.319275
2.36471;-0.300369;0.323537
2.3324;-0.293047;0.323537
2.30085;-0.285725;0.323537
2.44414;-0.300369;0.330859
2.41036;-0.293047;0.330859
2.37736;-0.285725;0.330859
2.52215;-0.300369;0.338182
2.4869;-0.293047;0.338182
2.45245;-0.285725;0.338182
2.28282;-0.281463;0.323537
2.25242;-0.274141;0.323537
2.22272;-0.266818;0.323537
2.3585;-0.281463;0.330859
2.32669;-0.274141;0.330859
2.29561;-0.266818;0.330859
2.43276;-0.281463;0.338182
2.39955;-0.274141;0.338182
2.3671;-0.266818;0.338182
2.01481;-0.262557;0.304631
1.98964;-0.255234;0.304631
1.96509;-0.247912;0.304631
2.08942;-0.262557;0.311953
2.06293;-0.255234;0.311953
2.03707;-0.247912;0.311953
2.16325;-0.262557;0.319275
2.13542;-0.255234;0.319275
2.10826;-0.247912;0.319275
1.95107;-0.24365;0.304631
1.92746;-0.236328;0.304631
1.90442;-0.229006;0.304631
2.02231;-0.24365;0.311953
1.99743;-0.236328;0.311953
1.97314;-0.229006;0.311953
2.09274;-0.24365;0.319275
2.06658;-0.236328;0.319275
2.04104;-0.229006;0.319275
2.20576;-0.262557;0.323537
2.17716;-0.255234;0.323537
2.14922;-0.247912;0.323537
2.27786;-0.262557;0.330859
2.24791;-0.255234;0.330859
2.21866;-0.247912;0.330859
2.34856;-0.262557;0.338182
2.31728;-0.255234;0.338182
2.28672;-0.247912;0.338182
2.13326;-0.24365;0.323537
2.10636;-0.236328;0.323537
2.08008;-0.229006;0.323537
2.20195;-0.24365;0.330859
2.17376;-0.236328;0.330859
2.14622;-0.229006;0.330859
2.26925;-0.24365;0.338182
2.23979;-0.236328;0.338182
2.211;-0.229006;0.338182
2.56679;-0.300369;0.342443
2.53069;-0.293047;0.342443
2.4954;-0.285725;0.342443
2.64201;-0.300369;0.349766
2.60447;-0.293047;0.349766
2.56777;-0.285725;0.349766
2.71517;-0.300369;0.357088
2.6762;-0.293047;0.357088
2.63811;-0.285725;0.357088
2.47524;-0.281463;0.342443
2.44122;-0.274141;0.342443
2.40798;-0.266818;0.342443
2.54679;-0.281463;0.349766
2.51139;-0.274141;0.349766
2.4768;-0.266818;0.349766
2.61633;-0.281463;0.357088
2.57959;-0.274141;0.357088
2.54367;-0.266818;0.357088
2.75671;-0.300369;0.36135
2.71692;-0.293047;0.36135
2.67803;-0.285725;0.36135
2.82614;-0.300369;0.368672
2.78499;-0.293047;0.368672
2.74476;-0.285725;0.368672
2.89295;-0.300369;0.375994
2.85047;-0.293047;0.375994
2.80894;-0.285725;0.375994
2.6558;-0.281463;0.36135
2.61828;-0.274141;0.36135
2.58161;-0.266818;0.36135
2.72176;-0.281463;0.368672
2.68294;-0.274141;0.368672
2.64499;-0.266818;0.368672
2.7852;-0.281463;0.375994
2.74512;-0.274141;0.375994
2.70594;-0.266818;0.375994
2.38898;-0.262557;0.342443
2.35693;-0.255234;0.342443
2.32561;-0.247912;0.342443
2.45703;-0.262557;0.349766
2.42367;-0.255234;0.349766
2.39106;-0.247912;0.349766
2.52314;-0.262557;0.357088
2.48849;-0.255234;0.357088
2.45463;-0.247912;0.357088
2.30771;-0.24365;0.342443
2.27751;-0.236328;0.342443
2.248;-0.229006;0.342443
2.37243;-0.24365;0.349766
2.34098;-0.236328;0.349766
2.31025;-0.229006;0.349766
2.43527;-0.24365;0.357088
2.4026;-0.236328;0.357088
2.37068;-0.229006;0.357088
2.56064;-0.262557;0.36135
2.52526;-0.255234;0.36135
2.49068;-0.247912;0.36135
2.6233;-0.262557;0.368672
2.58668;-0.255234;0.368672
2.55089;-0.247912;0.368672
2.68354;-0.262557;0.375994
2.64573;-0.255234;0.375994
2.60877;-0.247912;0.375994
2.47091;-0.24365;0.36135
2.43755;-0.236328;0.36135
2.40494;-0.229006;0.36135
2.53043;-0.24365;0.368672
2.49589;-0.236328;0.368672
2.46214;-0.229006;0.368672
2.58764;-0.24365;0.375994
2.55197;-0.236328;0.375994
2.5171;-0.229006;0.375994
1.89127;-0.224744;0.304631
1.86912;-0.217422;0.304631
1.84751;-0.2101;0.304631
1.95928;-0.224744;0.311953
1.93591;-0.217422;0.311953
1.91311;-0.2101;0.311953
2.02645;-0.224744;0.319275
2.00185;-0.217422;0.319275
1.97784;-0.2101;0.319275
1.83518;-0.205838;0.304631
1.8144;-0.198516;0.304631
1.79414;-0.191193;0.304631
1.90009;-0.205838;0.311953
1.87814;-0.198516;0.311953
1.85673;-0.191193;0.311953
1.96413;-0.205838;0.319275
1.94102;-0.198516;0.319275
1.91845;-0.191193;0.319275
2.06507;-0.224744;0.323537
2.03976;-0.217422;0.323537
2.01505;-0.2101;0.323537
2.13049;-0.224744;0.330859
2.10396;-0.217422;0.330859
2.07805;-0.2101;0.330859
2.19456;-0.224744;0.338182
2.16681;-0.217422;0.338182
2.13971;-0.2101;0.338182
2.00094;-0.205838;0.323537
1.97714;-0.198516;0.323537
1.9539;-0.191193;0.323537
2.06324;-0.205838;0.330859
2.03828;-0.198516;0.330859
2.01389;-0.191193;0.330859
2.12422;-0.205838;0.338182
2.09809;-0.198516;0.338182
2.07257;-0.191193;0.338182
1.78258;-0.186932;0.304631
1.7631;-0.179609;0.304631
1.74411;-0.172287;0.304631
1.84451;-0.186932;0.311953
1.82391;-0.179609;0.311953
1.80381;-0.172287;0.311953
1.90557;-0.186932;0.319275
1.88385;-0.179609;0.319275
1.86264;-0.172287;0.319275
1.73327;-0.168025;0.304631
1.71501;-0.160703;0.304631
1.69721;-0.153381;0.304631
1.79234;-0.168025;0.311953
1.77301;-0.160703;0.311953
1.75415;-0.153381;0.311953
1.85054;-0.168025;0.319275
1.83013;-0.160703;0.319275
1.81021;-0.153381;0.319275
1.94063;-0.186932;0.323537
1.91826;-0.179609;0.323537
1.89641;-0.172287;0.323537
1.99996;-0.186932;0.330859
1.97647;-0.179609;0.330859
1.95353;-0.172287;0.330859
2.05799;-0.186932;0.338182
2.03339;-0.179609;0.338182
2.00937;-0.172287;0.338182
1.88394;-0.168025;0.323537
1.86291;-0.160703;0.323537
1.84237;-0.153381;0.323537
1.94042;-0.168025;0.330859
1.91833;-0.160703;0.330859
1.89674;-0.153381;0.330859
1.99564;-0.168025;0.338182
1.97249;-0.160703;0.338182
1.94987;-0.153381;0.338182
2.23114;-0.224744;0.342443
2.2027;-0.217422;0.342443
2.17491;-0.2101;0.342443
2.29269;-0.224744;0.349766
2.26306;-0.217422;0.349766
2.2341;-0.2101;0.349766
2.35243;-0.224744;0.357088
2.32164;-0.217422;0.357088
2.29154;-0.2101;0.357088
2.15903;-0.205838;0.342443
2.13223;-0.198516;0.342443
2.10606;-0.191193;0.342443
2.21756;-0.205838;0.349766
2.18963;-0.198516;0.349766
2.16235;-0.191193;0.349766
2.27434;-0.205838;0.357088
2.24531;-0.198516;0.357088
2.21694;-0.191193;0.357088
2.3863;-0.224744;0.36135
2.35484;-0.217422;0.36135
2.32409;-0.2101;0.36135
2.44284;-0.224744;0.368672
2.41027;-0.217422;0.368672
2.37843;-0.2101;0.368672
2.49717;-0.224744;0.375994
2.46352;-0.217422;0.375994
2.43063;-0.2101;0.375994
2.30652;-0.205838;0.36135
2.27686;-0.198516;0.36135
2.24787;-0.191193;0.36135
2.36023;-0.205838;0.368672
2.32951;-0.198516;0.368672
2.29949;-0.191193;0.368672
2.41182;-0.205838;0.375994
2.38008;-0.198516;0.375994
2.34906;-0.191193;0.375994
2.0911;-0.186932;0.342443
2.06587;-0.179609;0.342443
2.04122;-0.172287;0.342443
2.14676;-0.186932;0.349766
2.12045;-0.179609;0.349766
2.09474;-0.172287;0.349766
2.20073;-0.186932;0.357088
2.17337;-0.179609;0.357088
2.14663;-0.172287;0.357088
2.02713;-0.168025;0.342443
2.00338;-0.160703;0.342443
1.98016;-0.153381;0.342443
2.08005;-0.168025;0.349766
2.05527;-0.160703;0.349766
2.03105;-0.153381;0.349766
2.13135;-0.168025;0.357088
2.10556;-0.160703;0.357088
2.08036;-0.153381;0.357088
2.2313;-0.186932;0.36135
2.20335;-0.179609;0.36135
2.17602;-0.172287;0.36135
2.28233;-0.186932;0.368672
2.25336;-0.179609;0.368672
2.22505;-0.172287;0.368672
2.33132;-0.186932;0.375994
2.30138;-0.179609;0.375994
2.27212;-0.172287;0.375994
2.1604;-0.168025;0.36135
2.13404;-0.160703;0.36135
2.10828;-0.153381;0.36135
2.20887;-0.168025;0.368672
2.18155;-0.160703;0.368672
2.15486;-0.153381;0.368672
2.25539;-0.168025;0.375994
2.22716;-0.160703;0.375994
2.19955;-0.153381;0.375994
2.93054;-0.300369;0.380256
2.88732;-0.293047;0.380256
2.84505;-0.285725;0.380256
2.99281;-0.300369;0.387578
2.94834;-0.293047;0.387578
2.90486;-0.285725;0.387578
3.05199;-0.300369;0.3949
3.00632;-0.293047;0.3949
2.96167;-0.285725;0.3949
2.82089;-0.281463;0.380256
2.7801;-0.274141;0.380256
2.74023;-0.266818;0.380256
2.87999;-0.281463;0.387578
2.83802;-0.274141;0.387578
2.79699;-0.266818;0.387578
2.93614;-0.281463;0.3949
2.89304;-0.274141;0.3949
2.8509;-0.266818;0.3949
3.0709;-0.300369;0.397329
3.07877;-0.300369;0.398353
3.08657;-0.300369;0.399377
3.02939;-0.293047;0.397931
3.05235;-0.293047;0.401022
3.07471;-0.293047;0.404113
2.98862;-0.285725;0.398522
3.0254;-0.285725;0.403645
3.06056;-0.285725;0.408769
2.93439;-0.275952;0.399162
2.98478;-0.275952;0.406484
3.0319;-0.275952;0.413807
2.90541;-0.271035;0.399162
2.95512;-0.271035;0.406484
3.00159;-0.271035;0.413807
2.87687;-0.266118;0.399162
2.92589;-0.266118;0.406484
2.97173;-0.266118;0.413807
2.97304;-0.282894;0.398746
3.01478;-0.282894;0.404637
3.05438;-0.282894;0.410528
2.95983;-0.280488;0.398928
3.00551;-0.280488;0.405446
3.04858;-0.280488;0.411964
2.94671;-0.278082;0.399109
2.99621;-0.278082;0.406251
3.04258;-0.278082;0.413393
2.71743;-0.262557;0.380256
2.67894;-0.255234;0.380256
2.64132;-0.247912;0.380256
2.77352;-0.262557;0.387578
2.73392;-0.255234;0.387578
2.69519;-0.247912;0.387578
2.8268;-0.262557;0.3949
2.78613;-0.255234;0.3949
2.74635;-0.247912;0.3949
2.61981;-0.24365;0.380256
2.5835;-0.236328;0.380256
2.548;-0.229006;0.380256
2.67305;-0.24365;0.387578
2.63568;-0.236328;0.387578
2.59914;-0.229006;0.387578
2.72361;-0.24365;0.3949
2.68522;-0.236328;0.3949
2.64769;-0.229006;0.3949
2.85646;-0.262557;0.399162
2.81518;-0.255234;0.399162
2.77482;-0.247912;0.399162
2.905;-0.262557;0.406484
2.86274;-0.255234;0.406484
2.82142;-0.247912;0.406484
2.95037;-0.262557;0.413807
2.9072;-0.255234;0.413807
2.86497;-0.247912;0.413807
2.75175;-0.24365;0.399162
2.71279;-0.236328;0.399162
2.6747;-0.229006;0.399162
2.79779;-0.24365;0.406484
2.75791;-0.236328;0.406484
2.7189;-0.229006;0.406484
2.84083;-0.24365;0.413807
2.80007;-0.236328;0.413807
2.76022;-0.229006;0.413807
3.04561;-0.275952;0.416043
3.04781;-0.275952;0.416407
3.05;-0.275952;0.41677
3.01727;-0.271035;0.416404
3.02674;-0.271035;0.418008
3.03605;-0.271035;0.419612
2.98929;-0.266118;0.416762
3.00561;-0.266118;0.419593
3.02142;-0.266118;0.422425
2.88169;-0.246663;0.418068
2.92007;-0.246663;0.425391
2.95517;-0.246663;0.432713
2.87948;-0.246278;0.418068
2.91782;-0.246278;0.425391
2.95288;-0.246278;0.432713
2.87727;-0.245893;0.418068
2.91557;-0.245893;0.425391
2.95059;-0.245893;0.432713
2.96983;-0.262669;0.417003
2.99058;-0.262669;0.420663
3.01048;-0.262669;0.424323
2.93118;-0.255731;0.417472
2.96007;-0.255731;0.422746
2.98723;-0.255731;0.428019
2.89324;-0.248793;0.417935
2.92959;-0.248793;0.424799
2.96304;-0.248793;0.431663
2.86445;-0.24365;0.418068
2.82321;-0.236328;0.418068
2.78289;-0.229006;0.418068
2.90252;-0.24365;0.425391
2.8605;-0.236328;0.425391
2.81942;-0.229006;0.425391
2.93732;-0.24365;0.432713
2.89459;-0.236328;0.432713
2.85281;-0.229006;0.432713
2.96478;-0.246663;0.434851
2.96489;-0.246663;0.434876
2.965;-0.246663;0.434901
2.96259;-0.246278;0.434876
2.96309;-0.246278;0.434987
2.96358;-0.246278;0.435099
2.96041;-0.245893;0.434901
2.96128;-0.245893;0.435099
2.96215;-0.245893;0.435296
2.94767;-0.24365;0.435039
2.9506;-0.24365;0.435711
2.9535;-0.24365;0.436382
2.90664;-0.236328;0.435484
2.91587;-0.236328;0.437685
2.9248;-0.236328;0.439885
2.86644;-0.229006;0.435923
2.8814;-0.229006;0.439632
2.89552;-0.229006;0.443341
2.52771;-0.224744;0.380256
2.49345;-0.217422;0.380256
2.45996;-0.2101;0.380256
2.57825;-0.224744;0.387578
2.54299;-0.217422;0.387578
2.50851;-0.2101;0.387578
2.62623;-0.224744;0.3949
2.59;-0.217422;0.3949
2.55458;-0.2101;0.3949
2.44082;-0.205838;0.380256
2.4085;-0.198516;0.380256
2.37691;-0.191193;0.380256
2.48879;-0.205838;0.387578
2.45552;-0.198516;0.387578
2.42299;-0.191193;0.387578
2.53432;-0.205838;0.3949
2.50014;-0.198516;0.3949
2.46671;-0.191193;0.3949
2.65292;-0.224744;0.399162
2.61616;-0.217422;0.399162
2.58021;-0.2101;0.399162
2.6966;-0.224744;0.406484
2.65896;-0.217422;0.406484
2.62214;-0.2101;0.406484
2.73742;-0.224744;0.413807
2.69895;-0.217422;0.413807
2.66133;-0.2101;0.413807
2.55965;-0.205838;0.399162
2.52496;-0.198516;0.399162
2.49103;-0.191193;0.399162
2.60109;-0.205838;0.406484
2.56556;-0.198516;0.406484
2.53081;-0.191193;0.406484
2.63981;-0.205838;0.413807
2.60349;-0.198516;0.413807
2.56798;-0.191193;0.413807
2.35885;-0.186932;0.380256
2.32837;-0.179609;0.380256
2.29856;-0.172287;0.380256
2.40439;-0.186932;0.387578
2.373;-0.179609;0.387578
2.3423;-0.172287;0.387578
2.4476;-0.186932;0.3949
2.41534;-0.179609;0.3949
2.38379;-0.172287;0.3949
2.28153;-0.168025;0.380256
2.25277;-0.160703;0.380256
2.22466;-0.153381;0.380256
2.32475;-0.168025;0.387578
2.29513;-0.160703;0.387578
2.26618;-0.153381;0.387578
2.36576;-0.168025;0.3949
2.33532;-0.160703;0.3949
2.30555;-0.153381;0.3949
2.47163;-0.186932;0.399162
2.43889;-0.179609;0.399162
2.40687;-0.172287;0.399162
2.51094;-0.186932;0.406484
2.47741;-0.179609;0.406484
2.44461;-0.172287;0.406484
2.54767;-0.186932;0.413807
2.51339;-0.179609;0.413807
2.47987;-0.172287;0.413807
2.38856;-0.168025;0.399162
2.35766;-0.160703;0.399162
2.32745;-0.153381;0.399162
2.42586;-0.168025;0.406484
2.39421;-0.160703;0.406484
2.36325;-0.153381;0.406484
2.4607;-0.168025;0.413807
2.42834;-0.160703;0.413807
2.39669;-0.153381;0.413807
2.75983;-0.224744;0.418068
2.7209;-0.217422;0.418068
2.68283;-0.2101;0.418068
2.79592;-0.224744;0.425391
2.75626;-0.217422;0.425391
2.71747;-0.2101;0.425391
2.82891;-0.224744;0.432713
2.78858;-0.217422;0.432713
2.74913;-0.2101;0.432713
2.66106;-0.205838;0.418068
2.62431;-0.198516;0.418068
2.58837;-0.191193;0.418068
2.69529;-0.205838;0.425391
2.65784;-0.198516;0.425391
2.62122;-0.191193;0.425391
2.72657;-0.205838;0.432713
2.68849;-0.198516;0.432713
2.65124;-0.191193;0.432713
2.7642;-0.209736;0.436975
2.79096;-0.209736;0.444297
2.81457;-0.209736;0.451619
2.76006;-0.208965;0.436975
2.78677;-0.208965;0.444297
2.81032;-0.208965;0.451619
2.75593;-0.208193;0.436975
2.78258;-0.208193;0.444297
2.80609;-0.208193;0.451619
2.84459;-0.224969;0.436155
2.8624;-0.224969;0.440663
2.87897;-0.224969;0.44517
2.80961;-0.218418;0.436516
2.83156;-0.218418;0.442261
2.85153;-0.218418;0.448006
2.77528;-0.211867;0.436872
2.80102;-0.211867;0.443841
2.82389;-0.211867;0.45081
2.74339;-0.205838;0.436975
2.70496;-0.198516;0.436975
2.66738;-0.191193;0.436975
2.76986;-0.205838;0.444297
2.73089;-0.198516;0.444297
2.69278;-0.191193;0.444297
2.79321;-0.205838;0.451619
2.75376;-0.198516;0.451619
2.71518;-0.191193;0.451619
2.56782;-0.186932;0.418068
2.53313;-0.179609;0.418068
2.49921;-0.172287;0.418068
2.60028;-0.186932;0.425391
2.56493;-0.179609;0.425391
2.53036;-0.172287;0.425391
2.62994;-0.186932;0.432713
2.59399;-0.179609;0.432713
2.55883;-0.172287;0.432713
2.47981;-0.168025;0.418068
2.44706;-0.160703;0.418068
2.41504;-0.153381;0.418068
2.51059;-0.168025;0.425391
2.47722;-0.160703;0.425391
2.44458;-0.153381;0.425391
2.53872;-0.168025;0.432713
2.50477;-0.160703;0.432713
2.47158;-0.153381;0.432713
2.64589;-0.186932;0.436975
2.60961;-0.179609;0.436975
2.57413;-0.172287;0.436975
2.67099;-0.186932;0.444297
2.6342;-0.179609;0.444297
2.59821;-0.172287;0.444297
2.69312;-0.186932;0.451619
2.65587;-0.179609;0.451619
2.61945;-0.172287;0.451619
2.55384;-0.168025;0.436975
2.51959;-0.160703;0.436975
2.48609;-0.153381;0.436975
2.57763;-0.168025;0.444297
2.54289;-0.160703;0.444297
2.50892;-0.153381;0.444297
2.59862;-0.168025;0.451619
2.56345;-0.160703;0.451619
2.52905;-0.153381;0.451619
1.68705;-0.149119;0.304631
1.66995;-0.141797;0.304631
1.65326;-0.134475;0.304631
1.74338;-0.149119;0.311953
1.72524;-0.141797;0.311953
1.70755;-0.134475;0.311953
1.79884;-0.149119;0.319275
1.77966;-0.141797;0.319275
1.76095;-0.134475;0.319275
1.64375;-0.130213;0.304631
1.62772;-0.122891;0.304631
1.61209;-0.115568;0.304631
1.69745;-0.130213;0.311953
1.68043;-0.122891;0.311953
1.66383;-0.115568;0.311953
1.75027;-0.130213;0.319275
1.73226;-0.122891;0.319275
1.71469;-0.115568;0.319275
1.83065;-0.149119;0.323537
1.81088;-0.141797;0.323537
1.79158;-0.134475;0.323537
1.88442;-0.149119;0.330859
1.86363;-0.141797;0.330859
1.84333;-0.134475;0.330859
1.93695;-0.149119;0.338182
1.91516;-0.141797;0.338182
1.89387;-0.134475;0.338182
1.78056;-0.130213;0.323537
1.76198;-0.122891;0.323537
1.74385;-0.115568;0.323537
1.83173;-0.130213;0.330859
1.81218;-0.122891;0.330859
1.79309;-0.115568;0.330859
1.88171;-0.130213;0.338182
1.8612;-0.122891;0.338182
1.84116;-0.115568;0.338182
1.60318;-0.111307;0.304631
1.58817;-0.103984;0.304631
1.57353;-0.096662;0.304631
1.65435;-0.111307;0.311953
1.63839;-0.103984;0.311953
1.62282;-0.096662;0.311953
1.70466;-0.111307;0.319275
1.68775;-0.103984;0.319275
1.67125;-0.096662;0.319275
1.56518;-0.0924005;0.304631
1.55112;-0.0850781;0.304631
1.53742;-0.0777558;0.304631
1.61393;-0.0924005;0.311953
1.59896;-0.0850781;0.311953
1.58436;-0.0777558;0.311953
1.66183;-0.0924005;0.319275
1.64595;-0.0850781;0.319275
1.63046;-0.0777558;0.319275
1.73349;-0.111307;0.323537
1.71604;-0.103984;0.323537
1.699;-0.096662;0.323537
1.78219;-0.111307;0.330859
1.7638;-0.103984;0.330859
1.74585;-0.096662;0.330859
1.82972;-0.111307;0.338182
1.81042;-0.103984;0.338182
1.79156;-0.096662;0.338182
1.68927;-0.0924005;0.323537
1.67287;-0.0850781;0.323537
1.65686;-0.0777558;0.323537
1.7356;-0.0924005;0.330859
1.71831;-0.0850781;0.330859
1.70143;-0.0777558;0.330859
1.78079;-0.0924005;0.338182
1.76263;-0.0850781;0.338182
1.74489;-0.0777558;0.338182
1.9669;-0.149119;0.342443
1.94453;-0.141797;0.342443
1.92268;-0.134475;0.342443
2.01721;-0.149119;0.349766
1.99386;-0.141797;0.349766
1.97105;-0.134475;0.349766
2.06596;-0.149119;0.357088
2.04166;-0.141797;0.357088
2.01791;-0.134475;0.357088
1.91019;-0.130213;0.342443
1.88913;-0.122891;0.342443
1.86855;-0.115568;0.342443
1.95802;-0.130213;0.349766
1.93602;-0.122891;0.349766
1.91454;-0.115568;0.349766
2.00434;-0.130213;0.357088
1.98144;-0.122891;0.357088
1.95906;-0.115568;0.357088
2.09356;-0.149119;0.36135
2.06872;-0.141797;0.36135
2.04444;-0.134475;0.36135
2.1396;-0.149119;0.368672
2.11385;-0.141797;0.368672
2.08867;-0.134475;0.368672
2.18378;-0.149119;0.375994
2.15715;-0.141797;0.375994
2.13111;-0.134475;0.375994
2.03056;-0.130213;0.36135
2.00715;-0.122891;0.36135
1.98426;-0.115568;0.36135
2.07429;-0.130213;0.368672
2.05001;-0.122891;0.368672
2.02627;-0.115568;0.368672
2.11623;-0.130213;0.375994
2.09112;-0.122891;0.375994
2.06657;-0.115568;0.375994
1.8568;-0.111307;0.342443
1.83697;-0.103984;0.342443
1.8176;-0.096662;0.342443
1.90226;-0.111307;0.349766
1.88154;-0.103984;0.349766
1.86131;-0.096662;0.349766
1.94627;-0.111307;0.357088
1.9247;-0.103984;0.357088
1.90361;-0.096662;0.357088
1.80654;-0.0924005;0.342443
1.78788;-0.0850781;0.342443
1.76965;-0.0777558;0.342443
1.84974;-0.0924005;0.349766
1.83023;-0.0850781;0.349766
1.81118;-0.0777558;0.349766
1.89156;-0.0924005;0.357088
1.87123;-0.0850781;0.357088
1.85136;-0.0777558;0.357088
1.97118;-0.111307;0.36135
1.94912;-0.103984;0.36135
1.92755;-0.096662;0.36135
2.01271;-0.111307;0.368672
1.98982;-0.103984;0.368672
1.96745;-0.096662;0.368672
2.05254;-0.111307;0.375994
2.02886;-0.103984;0.375994
2.00571;-0.096662;0.375994
1.91522;-0.0924005;0.36135
1.89442;-0.0850781;0.36135
1.8741;-0.0777558;0.36135
1.95466;-0.0924005;0.368672
1.93308;-0.0850781;0.368672
1.91199;-0.0777558;0.368672
1.99247;-0.0924005;0.375994
1.97014;-0.0850781;0.375994
1.94831;-0.0777558;0.375994
1.5296;-0.0734942;0.304631
1.51644;-0.0661719;0.304631
1.50361;-0.0588495;0.304631
1.57603;-0.0734942;0.311953
1.56199;-0.0661719;0.311953
1.5483;-0.0588495;0.311953
1.62162;-0.0734942;0.319275
1.60671;-0.0661719;0.319275
1.59217;-0.0588495;0.319275
1.49629;-0.054588;0.304631
1.48397;-0.0472656;0.304631
1.47195;-0.0399433;0.304631
1.54049;-0.054588;0.311953
1.52732;-0.0472656;0.311953
1.51449;-0.0399433;0.311953
1.58387;-0.054588;0.319275
1.56988;-0.0472656;0.319275
1.55622;-0.0399433;0.319275
1.64773;-0.0734942;0.323537
1.63232;-0.0661719;0.323537
1.61729;-0.0588495;0.323537
1.69179;-0.0734942;0.330859
1.67554;-0.0661719;0.330859
1.65967;-0.0588495;0.330859
1.73476;-0.0734942;0.338182
1.71767;-0.0661719;0.338182
1.70098;-0.0588495;0.338182
1.6087;-0.054588;0.323537
1.59423;-0.0472656;0.323537
1.58011;-0.0399433;0.323537
1.6506;-0.054588;0.330859
1.63532;-0.0472656;0.330859
1.6204;-0.0399433;0.330859
1.69145;-0.054588;0.338182
1.67537;-0.0472656;0.338182
1.65967;-0.0399433;0.338182
1.4651;-0.0356817;0.304631
1.45357;-0.0283594;0.304631
1.44233;-0.021037;0.304631
1.50716;-0.0356817;0.311953
1.49483;-0.0283594;0.311953
1.48279;-0.021037;0.311953
1.54843;-0.0356817;0.319275
1.5353;-0.0283594;0.319275
1.52249;-0.021037;0.319275
1.43591;-0.0167755;0.304631
1.42512;-0.00945312;0.304631
1.4146;-0.00213077;0.304631
1.47593;-0.0167755;0.311953
1.46436;-0.00945312;0.311953
1.45308;-0.00213077;0.311953
1.51517;-0.0167755;0.319275
1.50285;-0.00945312;0.319275
1.49082;-0.00213077;0.319275
1.57205;-0.0356817;0.323537
1.55846;-0.0283594;0.323537
1.5452;-0.021037;0.323537
1.61188;-0.0356817;0.330859
1.59752;-0.0283594;0.330859
1.5835;-0.021037;0.330859
1.65071;-0.0356817;0.338182
1.63558;-0.0283594;0.338182
1.62081;-0.021037;0.338182
1.53763;-0.0167755;0.323537
1.52486;-0.00945312;0.323537
1.51241;-0.00213077;0.323537
1.57549;-0.0167755;0.330859
1.56199;-0.00945312;0.330859
1.54881;-0.00213077;0.330859
1.61238;-0.0167755;0.338182
1.59815;-0.00945312;0.338182
1.58426;-0.00213077;0.338182
1.75923;-0.0734942;0.342443
1.74167;-0.0661719;0.342443
1.72451;-0.0588495;0.342443
1.80029;-0.0734942;0.349766
1.78191;-0.0661719;0.349766
1.76397;-0.0588495;0.349766
1.84001;-0.0734942;0.357088
1.82086;-0.0661719;0.357088
1.80214;-0.0588495;0.357088
1.71471;-0.054588;0.342443
1.69817;-0.0472656;0.342443
1.68203;-0.0399433;0.342443
1.75371;-0.054588;0.349766
1.73641;-0.0472656;0.349766
1.71951;-0.0399433;0.349766
1.79145;-0.054588;0.357088
1.7734;-0.0472656;0.357088
1.75577;-0.0399433;0.357088
1.86248;-0.0734942;0.36135
1.84289;-0.0661719;0.36135
1.82373;-0.0588495;0.36135
1.89993;-0.0734942;0.368672
1.87959;-0.0661719;0.368672
1.85971;-0.0588495;0.368672
1.93583;-0.0734942;0.375994
1.91477;-0.0661719;0.375994
1.89419;-0.0588495;0.375994
1.81279;-0.054588;0.36135
1.79432;-0.0472656;0.36135
1.77627;-0.0399433;0.36135
1.84834;-0.054588;0.368672
1.82917;-0.0472656;0.368672
1.81043;-0.0399433;0.368672
1.88242;-0.054588;0.375994
1.86257;-0.0472656;0.375994
1.84316;-0.0399433;0.375994
1.6728;-0.0356817;0.342443
1.65724;-0.0283594;0.342443
1.64205;-0.021037;0.342443
1.70986;-0.0356817;0.349766
1.69357;-0.0283594;0.349766
1.67766;-0.021037;0.349766
1.74569;-0.0356817;0.357088
1.72869;-0.0283594;0.357088
1.71209;-0.021037;0.357088
1.63337;-0.0167755;0.342443
1.61873;-0.00945312;0.342443
1.60443;-0.00213077;0.342443
1.66856;-0.0167755;0.349766
1.65323;-0.00945312;0.349766
1.63825;-0.00213077;0.349766
1.70259;-0.0167755;0.357088
1.68658;-0.00945312;0.357088
1.67094;-0.00213077;0.357088
1.76596;-0.0356817;0.36135
1.74856;-0.0283594;0.36135
1.73155;-0.021037;0.36135
1.79971;-0.0356817;0.368672
1.78164;-0.0283594;0.368672
1.76397;-0.021037;0.368672
1.83206;-0.0356817;0.375994
1.81334;-0.0283594;0.375994
1.79504;-0.021037;0.375994
1.72183;-0.0167755;0.36135
1.70544;-0.00945312;0.36135
1.68942;-0.00213077;0.36135
1.75388;-0.0167755;0.368672
1.73684;-0.00945312;0.368672
1.72019;-0.00213077;0.368672
1.78458;-0.0167755;0.375994
1.76693;-0.00945312;0.375994
1.74968;-0.00213077;0.375994
2.20859;-0.149119;0.380256
2.18147;-0.141797;0.380256
2.15495;-0.134475;0.380256
2.24962;-0.149119;0.387578
2.22168;-0.141797;0.387578
2.19436;-0.134475;0.387578
2.28853;-0.149119;0.3949
2.25981;-0.141797;0.3949
2.23172;-0.134475;0.3949
2.13979;-0.130213;0.380256
2.11421;-0.122891;0.380256
2.0892;-0.115568;0.380256
2.17874;-0.130213;0.387578
2.15237;-0.122891;0.387578
2.1266;-0.115568;0.387578
2.21567;-0.130213;0.3949
2.18856;-0.122891;0.3949
2.16206;-0.115568;0.3949
2.31017;-0.149119;0.399162
2.28101;-0.141797;0.399162
2.2525;-0.134475;0.399162
2.34556;-0.149119;0.406484
2.31568;-0.141797;0.406484
2.28647;-0.134475;0.406484
2.3786;-0.149119;0.413807
2.34806;-0.141797;0.413807
2.31819;-0.134475;0.413807
2.2362;-0.130213;0.399162
2.20868;-0.122891;0.399162
2.18177;-0.115568;0.399162
2.26977;-0.130213;0.406484
2.24157;-0.122891;0.406484
2.214;-0.115568;0.406484
2.30111;-0.130213;0.413807
2.27228;-0.122891;0.413807
2.24409;-0.115568;0.413807
2.0749;-0.111307;0.380256
2.05077;-0.103984;0.380256
2.02719;-0.096662;0.380256
2.11187;-0.111307;0.387578
2.087;-0.103984;0.387578
2.06268;-0.096662;0.387578
2.14691;-0.111307;0.3949
2.12134;-0.103984;0.3949
2.09633;-0.096662;0.3949
2.0137;-0.0924005;0.380256
1.99094;-0.0850781;0.380256
1.9687;-0.0777558;0.380256
2.04878;-0.0924005;0.387578
2.02532;-0.0850781;0.387578
2.00239;-0.0777558;0.387578
2.08204;-0.0924005;0.3949
2.05791;-0.0850781;0.3949
2.03432;-0.0777558;0.3949
2.16639;-0.111307;0.399162
2.14043;-0.103984;0.399162
2.11504;-0.096662;0.399162
2.19824;-0.111307;0.406484
2.17163;-0.103984;0.406484
2.14561;-0.096662;0.406484
2.22797;-0.111307;0.413807
2.20076;-0.103984;0.413807
2.17416;-0.096662;0.413807
2.10052;-0.0924005;0.399162
2.07602;-0.0850781;0.399162
2.05207;-0.0777558;0.399162
2.13074;-0.0924005;0.406484
2.10563;-0.0850781;0.406484
2.08107;-0.0777558;0.406484
2.15894;-0.0924005;0.413807
2.13326;-0.0850781;0.413807
2.10815;-0.0777558;0.413807
2.39673;-0.149119;0.418068
2.36582;-0.141797;0.418068
2.33559;-0.134475;0.418068
2.42592;-0.149119;0.425391
2.39442;-0.141797;0.425391
2.36361;-0.134475;0.425391
2.45259;-0.149119;0.432713
2.42055;-0.141797;0.432713
2.38921;-0.134475;0.432713
2.31831;-0.130213;0.418068
2.28913;-0.122891;0.418068
2.2606;-0.115568;0.418068
2.34599;-0.130213;0.425391
2.31625;-0.122891;0.425391
2.28717;-0.115568;0.425391
2.37129;-0.130213;0.432713
2.34103;-0.122891;0.432713
2.31144;-0.115568;0.432713
2.46693;-0.149119;0.436975
2.43459;-0.141797;0.436975
2.40297;-0.134475;0.436975
2.48949;-0.149119;0.444297
2.45669;-0.141797;0.444297
2.42461;-0.134475;0.444297
2.50938;-0.149119;0.451619
2.47618;-0.141797;0.451619
2.4437;-0.134475;0.451619
2.38488;-0.130213;0.436975
2.35435;-0.122891;0.436975
2.32449;-0.115568;0.436975
2.40627;-0.130213;0.444297
2.3753;-0.122891;0.444297
2.34501;-0.115568;0.444297
2.42513;-0.130213;0.451619
2.39377;-0.122891;0.451619
2.36311;-0.115568;0.451619
2.24428;-0.111307;0.418068
2.21674;-0.103984;0.418068
2.18981;-0.096662;0.418068
2.27054;-0.111307;0.425391
2.24246;-0.103984;0.425391
2.21501;-0.096662;0.425391
2.29452;-0.111307;0.432713
2.26596;-0.103984;0.432713
2.23803;-0.096662;0.432713
2.17441;-0.0924005;0.418068
2.14841;-0.0850781;0.418068
2.12299;-0.0777558;0.418068
2.19931;-0.0924005;0.425391
2.17281;-0.0850781;0.425391
2.14689;-0.0777558;0.425391
2.22206;-0.0924005;0.432713
2.19509;-0.0850781;0.432713
2.16872;-0.0777558;0.432713
2.30741;-0.111307;0.436975
2.27859;-0.103984;0.436975
2.2504;-0.096662;0.436975
2.3277;-0.111307;0.444297
2.29846;-0.103984;0.444297
2.26986;-0.096662;0.444297
2.34557;-0.111307;0.451619
2.31597;-0.103984;0.451619
2.28702;-0.096662;0.451619
2.23428;-0.0924005;0.436975
2.20707;-0.0850781;0.436975
2.18045;-0.0777558;0.436975
2.25351;-0.0924005;0.444297
2.2259;-0.0850781;0.444297
2.1989;-0.0777558;0.444297
2.27046;-0.0924005;0.451619
2.24251;-0.0850781;0.451619
2.21517;-0.0777558;0.451619
1.95598;-0.0734942;0.380256
1.93452;-0.0661719;0.380256
1.91354;-0.0588495;0.380256
1.98928;-0.0734942;0.387578
1.96715;-0.0661719;0.387578
1.94551;-0.0588495;0.387578
2.02083;-0.0734942;0.3949
1.99807;-0.0661719;0.3949
1.97581;-0.0588495;0.3949
1.90155;-0.054588;0.380256
1.88131;-0.0472656;0.380256
1.86152;-0.0399433;0.380256
1.93315;-0.054588;0.387578
1.91227;-0.0472656;0.387578
1.89187;-0.0399433;0.387578
1.96309;-0.054588;0.3949
1.94161;-0.0472656;0.3949
1.92061;-0.0399433;0.3949
2.03837;-0.0734942;0.399162
2.01525;-0.0661719;0.399162
1.99265;-0.0588495;0.399162
2.06703;-0.0734942;0.406484
2.04334;-0.0661719;0.406484
2.02016;-0.0588495;0.406484
2.09379;-0.0734942;0.413807
2.06955;-0.0661719;0.413807
2.04585;-0.0588495;0.413807
1.97973;-0.054588;0.399162
1.95791;-0.0472656;0.399162
1.93659;-0.0399433;0.399162
2.00692;-0.054588;0.406484
1.98455;-0.0472656;0.406484
1.96269;-0.0399433;0.406484
2.03229;-0.054588;0.413807
2.00942;-0.0472656;0.413807
1.98705;-0.0399433;0.413807
1.85022;-0.0356817;0.380256
1.83113;-0.0283594;0.380256
1.81247;-0.021037;0.380256
1.8802;-0.0356817;0.387578
1.86051;-0.0283594;0.387578
1.84126;-0.021037;0.387578
1.90861;-0.0356817;0.3949
1.88835;-0.0283594;0.3949
1.86854;-0.021037;0.3949
1.80181;-0.0167755;0.380256
1.78381;-0.00945312;0.380256
1.76622;-0.00213077;0.380256
1.83026;-0.0167755;0.387578
1.81169;-0.00945312;0.387578
1.79353;-0.00213077;0.387578
1.85721;-0.0167755;0.3949
1.8381;-0.00945312;0.3949
1.81941;-0.00213077;0.3949
1.92439;-0.0356817;0.399162
1.90381;-0.0283594;0.399162
1.88369;-0.021037;0.399162
1.95019;-0.0356817;0.406484
1.92908;-0.0283594;0.406484
1.90845;-0.021037;0.406484
1.97426;-0.0356817;0.413807
1.95267;-0.0283594;0.413807
1.93155;-0.021037;0.413807
1.87219;-0.0167755;0.399162
1.85277;-0.00945312;0.399162
1.83378;-0.00213077;0.399162
1.89665;-0.0167755;0.406484
1.87674;-0.00945312;0.406484
1.85727;-0.00213077;0.406484
1.91948;-0.0167755;0.413807
1.8991;-0.00945312;0.413807
1.87918;-0.00213077;0.413807
2.10846;-0.0734942;0.418068
2.08392;-0.0661719;0.418068
2.05993;-0.0588495;0.418068
2.13207;-0.0734942;0.425391
2.10706;-0.0661719;0.425391
2.08259;-0.0588495;0.425391
2.15364;-0.0734942;0.432713
2.12819;-0.0661719;0.432713
2.10329;-0.0588495;0.432713
2.04621;-0.054588;0.418068
2.02305;-0.0472656;0.418068
2.0004;-0.0399433;0.418068
2.0686;-0.054588;0.425391
2.04499;-0.0472656;0.425391
2.0219;-0.0399433;0.425391
2.08906;-0.054588;0.432713
2.06503;-0.0472656;0.432713
2.04152;-0.0399433;0.432713
2.16523;-0.0734942;0.436975
2.13954;-0.0661719;0.436975
2.11441;-0.0588495;0.436975
2.18347;-0.0734942;0.444297
2.1574;-0.0661719;0.444297
2.13191;-0.0588495;0.444297
2.19954;-0.0734942;0.451619
2.17314;-0.0661719;0.451619
2.14733;-0.0588495;0.451619
2.10005;-0.054588;0.436975
2.07579;-0.0472656;0.436975
2.05207;-0.0399433;0.436975
2.11733;-0.054588;0.444297
2.09273;-0.0472656;0.444297
2.06866;-0.0399433;0.444297
2.13257;-0.054588;0.451619
2.10765;-0.0472656;0.451619
2.08328;-0.0399433;0.451619
1.98745;-0.0356817;0.418068
1.96559;-0.0283594;0.418068
1.94422;-0.021037;0.418068
2.00869;-0.0356817;0.425391
1.9864;-0.0283594;0.425391
1.9646;-0.021037;0.425391
2.02809;-0.0356817;0.432713
2.0054;-0.0283594;0.432713
1.98322;-0.021037;0.432713
1.932;-0.0167755;0.418068
1.91136;-0.00945312;0.418068
1.89119;-0.00213077;0.418068
1.95214;-0.0167755;0.425391
1.9311;-0.00945312;0.425391
1.91052;-0.00213077;0.425391
1.97053;-0.0167755;0.432713
1.94911;-0.00945312;0.432713
1.92817;-0.00213077;0.432713
2.03851;-0.0356817;0.436975
2.01561;-0.0283594;0.436975
1.99322;-0.021037;0.436975
2.0549;-0.0356817;0.444297
2.03167;-0.0283594;0.444297
2.00894;-0.021037;0.444297
2.06935;-0.0356817;0.451619
2.04582;-0.0283594;0.451619
2.02281;-0.021037;0.451619
1.98041;-0.0167755;0.436975
1.95879;-0.00945312;0.436975
1.93765;-0.00213077;0.436975
1.99595;-0.0167755;0.444297
1.97402;-0.00945312;0.444297
1.95256;-0.00213077;0.444297
2.00965;-0.0167755;0.451619
1.98743;-0.00945312;0.451619
1.96571;-0.00213077;0.451619
2.82087;-0.209736;0.453762
2.82099;-0.209736;0.453803
2.82111;-0.209736;0.453844
2.81673;-0.208965;0.453803
2.81725;-0.208965;0.453986
2.81777;-0.208965;0.454169
2.8126;-0.208193;0.453844
2.81352;-0.208193;0.454169
2.81444;-0.208193;0.454493
2.80001;-0.205838;0.453961
2.80205;-0.205838;0.454688
2.80406;-0.205838;0.455415
2.76141;-0.198516;0.45432
2.7667;-0.198516;0.456279
2.77176;-0.198516;0.458239
2.72363;-0.191193;0.454675
2.73185;-0.191193;0.457852
2.73948;-0.191193;0.46103
2.70199;-0.186932;0.454871
2.71171;-0.186932;0.458722
2.72059;-0.186932;0.462574
2.66538;-0.179609;0.455191
2.67738;-0.179609;0.460141
2.68801;-0.179609;0.465092
2.62955;-0.172287;0.455507
2.6436;-0.172287;0.461545
2.65565;-0.172287;0.467583
2.57814;-0.161543;0.455881
2.59428;-0.161543;0.463203
2.60755;-0.161543;0.470525
2.55676;-0.15705;0.455881
2.57269;-0.15705;0.463203
2.58579;-0.15705;0.470525
2.53566;-0.152557;0.455881
2.5514;-0.152557;0.463203
2.56433;-0.152557;0.470525
2.6153;-0.169333;0.45563
2.6301;-0.169333;0.462092
2.64262;-0.169333;0.468554
2.60175;-0.166503;0.45574
2.61717;-0.166503;0.462578
2.63007;-0.166503;0.469417
2.58831;-0.163673;0.455849
2.60434;-0.163673;0.463063
2.61756;-0.163673;0.470276
2.61094;-0.161543;0.472706
2.6112;-0.161543;0.472878
2.61145;-0.161543;0.47305
2.5894;-0.15705;0.472878
2.5905;-0.15705;0.473638
2.59157;-0.15705;0.474398
2.56814;-0.152557;0.473048
2.57003;-0.152557;0.474394
2.57182;-0.152557;0.475739
2.51971;-0.149119;0.455881
2.4863;-0.141797;0.455881
2.45361;-0.134475;0.455881
2.5353;-0.149119;0.463203
2.50156;-0.141797;0.463203
2.46856;-0.134475;0.463203
2.54811;-0.149119;0.470525
2.51411;-0.141797;0.470525
2.48085;-0.134475;0.470525
2.43492;-0.130213;0.455881
2.40337;-0.122891;0.455881
2.37251;-0.115568;0.455881
2.44969;-0.130213;0.463203
2.41784;-0.122891;0.463203
2.38668;-0.115568;0.463203
2.46184;-0.130213;0.470525
2.42973;-0.122891;0.470525
2.39833;-0.115568;0.470525
2.55204;-0.149119;0.473169
2.55447;-0.149119;0.474931
2.55672;-0.149119;0.476693
2.5183;-0.141797;0.473414
2.52172;-0.141797;0.476018
2.52479;-0.141797;0.478622
2.48529;-0.134475;0.473657
2.4896;-0.134475;0.477096
2.4933;-0.134475;0.480536
2.4664;-0.130213;0.473789
2.47114;-0.130213;0.477681
2.47513;-0.130213;0.481573
2.43447;-0.122891;0.473999
2.43985;-0.122891;0.478614
2.44418;-0.122891;0.483228
2.40323;-0.115568;0.474208
2.40917;-0.115568;0.479539
2.41375;-0.115568;0.484871
2.35486;-0.111307;0.455881
2.32506;-0.103984;0.455881
2.29593;-0.096662;0.455881
2.36886;-0.111307;0.463203
2.33878;-0.103984;0.463203
2.30936;-0.096662;0.463203
2.38037;-0.111307;0.470525
2.35006;-0.103984;0.470525
2.32041;-0.096662;0.470525
2.27926;-0.0924005;0.455881
2.25113;-0.0850781;0.455881
2.22362;-0.0777558;0.455881
2.29254;-0.0924005;0.463203
2.26413;-0.0850781;0.463203
2.23635;-0.0777558;0.463203
2.30345;-0.0924005;0.470525
2.27482;-0.0850781;0.470525
2.24682;-0.0777558;0.470525
2.38535;-0.111307;0.47432
2.39156;-0.111307;0.480036
2.39623;-0.111307;0.485752
2.35514;-0.103984;0.474496
2.36173;-0.103984;0.480817
2.36647;-0.103984;0.487139
2.32559;-0.096662;0.474671
2.33251;-0.096662;0.481594
2.33725;-0.096662;0.488517
2.297;-0.0894368;0.474787
2.30406;-0.0894368;0.482109
2.30874;-0.0894368;0.489432
2.2735;-0.0834081;0.474787
2.28045;-0.0834081;0.482109
2.28505;-0.0834081;0.489432
2.25044;-0.0773793;0.474787
2.25727;-0.0773793;0.482109
2.26179;-0.0773793;0.489432
2.31562;-0.0941548;0.474729
2.32264;-0.0941548;0.481852
2.32736;-0.0941548;0.488975
2.3105;-0.0928612;0.474754
2.31755;-0.0928612;0.481964
2.32227;-0.0928612;0.489174
2.30539;-0.0915676;0.47478
2.31249;-0.0915676;0.482077
2.31719;-0.0915676;0.489374
2.30966;-0.0894368;0.491597
2.30971;-0.0894368;0.491714
2.30975;-0.0894368;0.491832
2.286;-0.0834081;0.491714
2.28618;-0.0834081;0.492235
2.28636;-0.0834081;0.492756
2.26276;-0.0773793;0.491831
2.26307;-0.0773793;0.492754
2.26334;-0.0773793;0.493677
2.20788;-0.0734942;0.455881
2.18132;-0.0661719;0.455881
2.15534;-0.0588495;0.455881
2.22047;-0.0734942;0.463203
2.19365;-0.0661719;0.463203
2.16742;-0.0588495;0.463203
2.23081;-0.0734942;0.470525
2.20378;-0.0661719;0.470525
2.17734;-0.0588495;0.470525
2.14048;-0.054588;0.455881
2.1154;-0.0472656;0.455881
2.09087;-0.0399433;0.455881
2.15241;-0.054588;0.463203
2.12709;-0.0472656;0.463203
2.10232;-0.0399433;0.463203
2.16222;-0.054588;0.470525
2.1367;-0.0472656;0.470525
2.11173;-0.0399433;0.470525
2.23579;-0.0734942;0.474787
2.20866;-0.0661719;0.474787
2.18212;-0.0588495;0.474787
2.24255;-0.0734942;0.482109
2.21528;-0.0661719;0.482109
2.1886;-0.0588495;0.482109
2.24702;-0.0734942;0.489432
2.21965;-0.0661719;0.489432
2.19289;-0.0588495;0.489432
2.16694;-0.054588;0.474787
2.14132;-0.0472656;0.474787
2.11626;-0.0399433;0.474787
2.17335;-0.054588;0.482109
2.14759;-0.0472656;0.482109
2.1224;-0.0399433;0.482109
2.17758;-0.054588;0.489432
2.15174;-0.0472656;0.489432
2.12647;-0.0399433;0.489432
2.07685;-0.0356817;0.455881
2.05316;-0.0283594;0.455881
2.03;-0.021037;0.455881
2.08816;-0.0356817;0.463203
2.06424;-0.0283594;0.463203
2.04086;-0.021037;0.463203
2.09745;-0.0356817;0.470525
2.07335;-0.0283594;0.470525
2.04978;-0.021037;0.470525
2.01676;-0.0167755;0.455881
1.9944;-0.00945312;0.455881
1.97253;-0.00213077;0.455881
2.02748;-0.0167755;0.463203
2.0049;-0.00945312;0.463203
1.98282;-0.00213077;0.463203
2.03629;-0.0167755;0.470525
2.01353;-0.00945312;0.470525
1.99127;-0.00213077;0.470525
2.10193;-0.0356817;0.474787
2.07773;-0.0283594;0.474787
2.05407;-0.021037;0.474787
2.108;-0.0356817;0.482109
2.08368;-0.0283594;0.482109
2.05989;-0.021037;0.482109
2.11202;-0.0356817;0.489432
2.08761;-0.0283594;0.489432
2.06375;-0.021037;0.489432
2.04054;-0.0167755;0.474787
2.01769;-0.00945312;0.474787
1.99534;-0.00213077;0.474787
2.04629;-0.0167755;0.482109
2.02333;-0.00945312;0.482109
2.00087;-0.00213077;0.482109
2.0501;-0.0167755;0.489432
2.02706;-0.00945312;0.489432
2.00452;-0.00213077;0.489432
2.24801;-0.0734942;0.491897
2.24838;-0.0734942;0.493048
2.24869;-0.0734942;0.494198
2.22066;-0.0661719;0.492008
2.22112;-0.0661719;0.493537
2.22149;-0.0661719;0.495067
2.19391;-0.0588495;0.492118
2.19445;-0.0588495;0.494025
2.19485;-0.0588495;0.495933
2.17861;-0.054588;0.492172
2.17919;-0.054588;0.494269
2.17959;-0.054588;0.496365
2.15277;-0.0472656;0.492251
2.15339;-0.0472656;0.494617
2.15379;-0.0472656;0.496983
2.1275;-0.0399433;0.492329
2.12815;-0.0399433;0.494964
2.12854;-0.0399433;0.497599
2.11305;-0.0356817;0.492366
2.11371;-0.0356817;0.495126
2.11408;-0.0356817;0.497886
2.08864;-0.0283594;0.492413
2.08931;-0.0283594;0.495334
2.08967;-0.0283594;0.498255
2.06476;-0.021037;0.492459
2.06545;-0.021037;0.495542
2.06578;-0.021037;0.498624
2.05111;-0.0167755;0.492478
2.05179;-0.0167755;0.495623
2.05211;-0.0167755;0.498767
2.02805;-0.00945312;0.492493
2.02872;-0.00945312;0.495692
2.02903;-0.00945312;0.49889
2.00549;-0.00213077;0.492509
2.00616;-0.00213077;0.495761
2.00646;-0.00213077;0.499013
0.00914909;0.00213077;0.00213077
0.0290088;0.00945312;0.00213077
0.05002;0.0167755;0.00213077
0.0295954;0.00213077;0.00945312
0.0408741;0.00945312;0.00945312
0.0580086;0.0167755;0.00945312
0.0518035;0.00213077;0.0167755
0.0596776;0.00945312;0.0167755
0.0730177;0.0167755;0.0167755
0.0621301;0.021037;0.00213077
0.0826314;0.0283594;0.00213077
0.102715;0.0356817;0.00213077
0.0688581;0.021037;0.00945312
0.0879681;0.0283594;0.00945312
0.107179;0.0356817;0.00945312
0.0821526;0.021037;0.0167755
0.0990522;0.0283594;0.0167755
0.116702;0.0356817;0.0167755
0.0649253;0.00213077;0.021037
0.0718467;0.00945312;0.021037
0.0836361;0.0167755;0.021037
0.0877659;0.00213077;0.0283594
0.0938155;0.00945312;0.0283594
0.103793;0.0167755;0.0283594
0.111021;0.00213077;0.0356817
0.116685;0.00945312;0.0356817
0.125545;0.0167755;0.0356817
0.0919045;0.021037;0.021037
0.107531;0.0283594;0.021037
0.124177;0.0356817;0.021037
0.110902;0.021037;0.0283594
0.124639;0.0283594;0.0283594
0.139641;0.0356817;0.0283594
0.131841;0.021037;0.0356817
0.144108;0.0283594;0.0356817
0.157692;0.0356817;0.0356817
0.114208;0.0399433;0.00213077
0.133621;0.0472656;0.00213077
0.152614;0.054588;0.00213077
0.118298;0.0399433;0.00945312
0.137215;0.0472656;0.00945312
0.155834;0.054588;0.00945312
0.127116;0.0399433;0.0167755
0.145058;0.0472656;0.0167755
0.16292;0.054588;0.0167755
0.163477;0.0588495;0.00213077
0.181821;0.0661719;0.00213077
0.199765;0.0734942;0.00213077
0.166519;0.0588495;0.00945312
0.184606;0.0661719;0.00945312
0.202339;0.0734942;0.00945312
0.173237;0.0588495;0.0167755
0.190784;0.0661719;0.0167755
0.208069;0.0734942;0.0167755
0.134108;0.0399433;0.021037
0.15136;0.0472656;0.021037
0.168665;0.054588;0.021037
0.148736;0.0399433;0.0283594
0.164736;0.0472656;0.0283594
0.180989;0.054588;0.0283594
0.166018;0.0399433;0.0356817
0.180807;0.0472656;0.0356817
0.195987;0.054588;0.0356817
0.178706;0.0588495;0.021037
0.195841;0.0661719;0.021037
0.212777;0.0734942;0.021037
0.190493;0.0588495;0.0283594
0.206814;0.0661719;0.0283594
0.223048;0.0734942;0.0283594
0.204926;0.0588495;0.0356817
0.220367;0.0661719;0.0356817
0.235821;0.0734942;0.0356817
0.124773;0.00213077;0.0399433
0.130331;0.00945312;0.0399433
0.13874;0.0167755;0.0399433
0.148828;0.00213077;0.0472656
0.154314;0.00945312;0.0472656
0.162168;0.0167755;0.0472656
0.173484;0.00213077;0.054588
0.178975;0.00945312;0.054588
0.186452;0.0167755;0.054588
0.144679;0.021037;0.0399433
0.156259;0.0283594;0.0399433
0.169134;0.0356817;0.0399433
0.167635;0.021037;0.0472656
0.17826;0.0283594;0.0472656
0.190097;0.0356817;0.0472656
0.191572;0.021037;0.054588
0.201456;0.0283594;0.054588
0.212444;0.0356817;0.054588
0.188136;0.00213077;0.0588495
0.193646;0.00945312;0.0588495
0.200957;0.0167755;0.0588495
0.213874;0.00213077;0.0661719
0.219425;0.00945312;0.0661719
0.226505;0.0167755;0.0661719
0.240368;0.00213077;0.0734942
0.245954;0.00945312;0.0734942
0.252843;0.0167755;0.0734942
0.205915;0.021037;0.0588495
0.215439;0.0283594;0.0588495
0.226002;0.0356817;0.0588495
0.23123;0.021037;0.0661719
0.240227;0.0283594;0.0661719
0.25015;0.0356817;0.0661719
0.257373;0.021037;0.0734942
0.265924;0.0283594;0.0734942
0.275294;0.0356817;0.0734942
0.177057;0.0399433;0.0399433
0.19119;0.0472656;0.0399433
0.205768;0.054588;0.0399433
0.19741;0.0399433;0.0472656
0.210517;0.0472656;0.0472656
0.224121;0.054588;0.0472656
0.219239;0.0399433;0.054588
0.231448;0.0472656;0.054588
0.244167;0.054588;0.054588
0.214381;0.0588495;0.0399433
0.229304;0.0661719;0.0399433
0.244289;0.0734942;0.0399433
0.232196;0.0588495;0.0472656
0.246248;0.0661719;0.0472656
0.260427;0.0734942;0.0472656
0.251742;0.0588495;0.054588
0.264964;0.0661719;0.054588
0.278358;0.0734942;0.054588
0.232532;0.0399433;0.0588495
0.244271;0.0472656;0.0588495
0.256516;0.054588;0.0588495
0.256275;0.0399433;0.0661719
0.267282;0.0472656;0.0661719
0.278776;0.054588;0.0661719
0.281062;0.0399433;0.0734942
0.291417;0.0472656;0.0734942
0.302228;0.054588;0.0734942
0.263817;0.0588495;0.0588495
0.27658;0.0661719;0.0588495
0.289533;0.0734942;0.0588495
0.285638;0.0588495;0.0661719
0.297654;0.0661719;0.0661719
0.309877;0.0734942;0.0661719
0.308686;0.0588495;0.0734942
0.320006;0.0661719;0.0734942
0.331537;0.0734942;0.0734942
0.210027;0.0777558;0.00213077
0.227354;0.0850781;0.00213077
0.244302;0.0924005;0.00213077
0.212494;0.0777558;0.00945312
0.22966;0.0850781;0.00945312
0.24647;0.0924005;0.00945312
0.217996;0.0777558;0.0167755
0.234815;0.0850781;0.0167755
0.251322;0.0924005;0.0167755
0.253994;0.096662;0.00213077
0.270359;0.103984;0.00213077
0.286365;0.111307;0.00213077
0.256089;0.096662;0.00945312
0.272342;0.103984;0.00945312
0.288248;0.111307;0.00945312
0.260784;0.096662;0.0167755
0.27679;0.103984;0.0167755
0.292475;0.111307;0.0167755
0.222525;0.0777558;0.021037
0.23907;0.0850781;0.021037
0.255337;0.0924005;0.021037
0.23243;0.0777558;0.0283594
0.248407;0.0850781;0.0283594
0.264173;0.0924005;0.0283594
0.24479;0.0777558;0.0356817
0.260115;0.0850781;0.0356817
0.275296;0.0924005;0.0356817
0.264672;0.096662;0.021037
0.280479;0.103984;0.021037
0.295986;0.111307;0.021037
0.273241;0.096662;0.0283594
0.288627;0.103984;0.0283594
0.303754;0.111307;0.0283594
0.28405;0.096662;0.0356817
0.298934;0.103984;0.0356817
0.313605;0.111307;0.0356817
0.295519;0.115568;0.00213077
0.310973;0.122891;0.00213077
0.326089;0.130213;0.00213077
0.297348;0.115568;0.00945312
0.312718;0.122891;0.00945312
0.327757;0.130213;0.00945312
0.301457;0.115568;0.0167755
0.31664;0.122891;0.0167755
0.331509;0.130213;0.0167755
0.334734;0.134475;0.00213077
0.349329;0.141797;0.00213077
0.363604;0.149119;0.00213077
0.33636;0.134475;0.00945312
0.350888;0.141797;0.00945312
0.365101;0.149119;0.00945312
0.340019;0.134475;0.0167755
0.354398;0.141797;0.0167755
0.368474;0.149119;0.0167755
0.304873;0.115568;0.021037
0.319903;0.122891;0.021037
0.334632;0.130213;0.021037
0.312435;0.115568;0.0283594
0.327137;0.122891;0.0283594
0.341565;0.130213;0.0283594
0.322038;0.115568;0.0356817
0.33634;0.122891;0.0356817
0.350399;0.130213;0.0356817
0.343066;0.134475;0.021037
0.357323;0.141797;0.021037
0.371286;0.149119;0.021037
0.349835;0.134475;0.0283594
0.363826;0.141797;0.0283594
0.377541;0.149119;0.0283594
0.358467;0.134475;0.0356817
0.37213;0.141797;0.0356817
0.385539;0.149119;0.0356817
0.253006;0.0777558;0.0399433
0.267929;0.0850781;0.0399433
0.282743;0.0924005;0.0399433
0.268704;0.0777558;0.0472656
0.282918;0.0850781;0.0472656
0.297077;0.0924005;0.0472656
0.286198;0.0777558;0.054588
0.299699;0.0850781;0.054588
0.313189;0.0924005;0.054588
0.291298;0.096662;0.0399433
0.305865;0.103984;0.0399433
0.320242;0.111307;0.0399433
0.305274;0.096662;0.0472656
0.31926;0.103984;0.0472656
0.333099;0.111307;0.0472656
0.321016;0.096662;0.054588
0.334398;0.103984;0.054588
0.347669;0.111307;0.054588
0.297124;0.0777558;0.0588495
0.310215;0.0850781;0.0588495
0.323315;0.0924005;0.0588495
0.317055;0.0777558;0.0661719
0.329454;0.0850781;0.0661719
0.34189;0.0924005;0.0661719
0.338317;0.0777558;0.0734942
0.350047;0.0850781;0.0734942
0.361832;0.0924005;0.0734942
0.330924;0.096662;0.0588495
0.343948;0.103984;0.0588495
0.35688;0.111307;0.0588495
0.349127;0.096662;0.0661719
0.361532;0.103984;0.0661719
0.373874;0.111307;0.0661719
0.3687;0.096662;0.0734942
0.380488;0.103984;0.0734942
0.392236;0.111307;0.0734942
0.328514;0.115568;0.0399433
0.342558;0.122891;0.0399433
0.356376;0.130213;0.0399433
0.341076;0.115568;0.0472656
0.354639;0.122891;0.0472656
0.368007;0.130213;0.0472656
0.355331;0.115568;0.054588
0.368378;0.122891;0.054588
0.381261;0.130213;0.054588
0.364311;0.134475;0.0399433
0.377758;0.141797;0.0399433
0.390965;0.149119;0.0399433
0.375693;0.134475;0.0472656
0.388734;0.141797;0.0472656
0.401559;0.149119;0.0472656
0.388678;0.134475;0.054588
0.401275;0.141797;0.054588
0.413679;0.149119;0.054588
0.364354;0.115568;0.0588495
0.377089;0.122891;0.0588495
0.389677;0.130213;0.0588495
0.381016;0.115568;0.0661719
0.393205;0.122891;0.0661719
0.40527;0.130213;0.0661719
0.399044;0.115568;0.0734942
0.410674;0.122891;0.0734942
0.422203;0.130213;0.0734942
0.396929;0.134475;0.0588495
0.409254;0.141797;0.0588495
0.421401;0.149119;0.0588495
0.412229;0.134475;0.0661719
0.424069;0.141797;0.0661719
0.435752;0.149119;0.0661719
0.42886;0.134475;0.0734942
0.440197;0.141797;0.0734942
0.451398;0.149119;0.0734942
0.256154;0.00213077;0.0777558
0.261751;0.00945312;0.0777558
0.268538;0.0167755;0.0777558
0.283933;0.00213077;0.0850781
0.289527;0.00945312;0.0850781
0.296141;0.0167755;0.0850781
0.312568;0.00213077;0.0924005
0.318125;0.00945312;0.0924005
0.324558;0.0167755;0.0924005
0.272965;0.021037;0.0777558
0.281281;0.0283594;0.0777558
0.290359;0.0356817;0.0777558
0.300403;0.021037;0.0850781
0.308343;0.0283594;0.0850781
0.316952;0.0356817;0.0850781
0.328659;0.021037;0.0924005
0.336242;0.0283594;0.0924005
0.344413;0.0356817;0.0924005
0.329637;0.00213077;0.096662
0.335154;0.00945312;0.096662
0.341475;0.0167755;0.096662
0.359667;0.00213077;0.103984
0.365084;0.00945312;0.103984
0.371193;0.0167755;0.103984
0.390594;0.00213077;0.111307
0.395867;0.00945312;0.111307
0.401737;0.0167755;0.111307
0.345481;0.021037;0.096662
0.35286;0.0283594;0.096662
0.360784;0.0356817;0.096662
0.375033;0.021037;0.103984
0.382061;0.0283594;0.103984
0.389566;0.0356817;0.103984
0.4054;0.021037;0.111307
0.41207;0.0283594;0.111307
0.419157;0.0356817;0.111307
0.295936;0.0399433;0.0777558
0.305941;0.0472656;0.0777558
0.31638;0.054588;0.0777558
0.322225;0.0399433;0.0850781
0.331665;0.0472656;0.0850781
0.341503;0.054588;0.0850781
0.349401;0.0399433;0.0924005
0.358312;0.0472656;0.0924005
0.367583;0.054588;0.0924005
0.322617;0.0588495;0.0777558
0.333551;0.0661719;0.0777558
0.344696;0.0734942;0.0777558
0.347378;0.0588495;0.0850781
0.35768;0.0661719;0.0850781
0.368186;0.0734942;0.0850781
0.373116;0.0588495;0.0924005
0.382816;0.0661719;0.0924005
0.39271;0.0734942;0.0924005
0.365612;0.0399433;0.096662
0.374226;0.0472656;0.096662
0.383179;0.054588;0.096662
0.394126;0.0399433;0.103984
0.402242;0.0472656;0.103984
0.410663;0.054588;0.103984
0.42345;0.0399433;0.111307
0.431078;0.0472656;0.111307
0.438979;0.054588;0.111307
0.38852;0.0588495;0.096662
0.397881;0.0661719;0.096662
0.407429;0.0734942;0.096662
0.415683;0.0588495;0.103984
0.424475;0.0661719;0.103984
0.433441;0.0734942;0.103984
0.443683;0.0588495;0.111307
0.45192;0.0661719;0.111307
0.460316;0.0734942;0.111307
0.409006;0.00213077;0.115568
0.414174;0.00945312;0.115568
0.419892;0.0167755;0.115568
0.441348;0.00213077;0.122891
0.446301;0.00945312;0.122891
0.451731;0.0167755;0.122891
0.474571;0.00213077;0.130213
0.479264;0.00945312;0.130213
0.484372;0.0167755;0.130213
0.423447;0.021037;0.115568
0.429901;0.0283594;0.115568
0.436743;0.0356817;0.115568
0.455088;0.021037;0.122891
0.461159;0.0283594;0.122891
0.467571;0.0356817;0.122891
0.487517;0.021037;0.130213
0.493185;0.0283594;0.130213
0.499152;0.0356817;0.130213
0.494306;0.00213077;0.134475
0.498827;0.00945312;0.134475
0.503731;0.0167755;0.134475
0.528882;0.00213077;0.141797
0.533075;0.00945312;0.141797
0.537601;0.0167755;0.141797
0.564279;0.00213077;0.149119
0.568099;0.00945312;0.149119
0.572214;0.0167755;0.149119
0.506744;0.021037;0.134475
0.512168;0.0283594;0.134475
0.517869;0.0356817;0.134475
0.540376;0.021037;0.141797
0.545359;0.0283594;0.141797
0.550589;0.0356817;0.141797
0.574733;0.021037;0.149119
0.579252;0.0283594;0.149119
0.583991;0.0356817;0.149119
0.440881;0.0399433;0.115568
0.448226;0.0472656;0.115568
0.455825;0.054588;0.115568
0.47144;0.0399433;0.122891
0.478296;0.0472656;0.122891
0.48538;0.054588;0.122891
0.502747;0.0399433;0.130213
0.509109;0.0472656;0.130213
0.515674;0.054588;0.130213
0.460349;0.0588495;0.115568
0.468266;0.0661719;0.115568
0.476334;0.0734942;0.115568
0.489593;0.0588495;0.122891
0.496963;0.0661719;0.122891
0.504472;0.0734942;0.122891
0.519576;0.0588495;0.130213
0.526399;0.0661719;0.130213
0.53335;0.0734942;0.130213
0.521301;0.0399433;0.134475
0.52737;0.0472656;0.134475
0.533631;0.054588;0.134475
0.553734;0.0399433;0.141797
0.559292;0.0472656;0.141797
0.565022;0.054588;0.141797
0.586839;0.0399433;0.149119
0.591872;0.0472656;0.149119
0.597061;0.054588;0.149119
0.53735;0.0588495;0.134475
0.543855;0.0661719;0.134475
0.55048;0.0734942;0.134475
0.568426;0.0588495;0.141797
0.574378;0.0661719;0.141797
0.580441;0.0734942;0.141797
0.600144;0.0588495;0.149119
0.605537;0.0661719;0.149119
0.611032;0.0734942;0.149119
0.351253;0.0777558;0.0777558
0.362603;0.0850781;0.0777558
0.374017;0.0924005;0.0777558
0.374371;0.0777558;0.0850781
0.385087;0.0850781;0.0850781
0.395875;0.0924005;0.0850781
0.398538;0.0777558;0.0924005
0.408638;0.0850781;0.0924005
0.418815;0.0924005;0.0924005
0.380673;0.096662;0.0777558
0.392105;0.103984;0.0777558
0.403508;0.111307;0.0777558
0.402172;0.096662;0.0850781
0.412998;0.103984;0.0850781
0.42381;0.111307;0.0850781
0.42476;0.096662;0.0924005
0.434989;0.103984;0.0924005
0.445214;0.111307;0.0924005
0.413053;0.0777558;0.096662
0.422803;0.0850781;0.096662
0.432631;0.0924005;0.096662
0.438723;0.0777558;0.103984
0.447882;0.0850781;0.103984
0.457118;0.0924005;0.103984
0.465262;0.0777558;0.111307
0.47384;0.0850781;0.111307
0.482493;0.0924005;0.111307
0.438373;0.096662;0.096662
0.448258;0.103984;0.096662
0.458144;0.111307;0.096662
0.462517;0.096662;0.103984
0.471816;0.103984;0.103984
0.481124;0.111307;0.103984
0.487554;0.096662;0.111307
0.496273;0.103984;0.111307
0.505006;0.111307;0.111307
0.410119;0.115568;0.0777558
0.421422;0.122891;0.0777558
0.432635;0.130213;0.0777558
0.430085;0.115568;0.0850781
0.440823;0.122891;0.0850781
0.451488;0.130213;0.0850781
0.451154;0.115568;0.0924005
0.461326;0.122891;0.0924005
0.471439;0.130213;0.0924005
0.439113;0.134475;0.0777558
0.450152;0.141797;0.0777558
0.461065;0.149119;0.0777558
0.457655;0.134475;0.0850781
0.468173;0.141797;0.0850781
0.478582;0.149119;0.0850781
0.477292;0.134475;0.0924005
0.487283;0.141797;0.0924005
0.497178;0.149119;0.0924005
0.46389;0.115568;0.096662
0.473733;0.122891;0.096662
0.483525;0.130213;0.096662
0.486536;0.115568;0.103984
0.495815;0.122891;0.103984
0.505053;0.130213;0.103984
0.510086;0.115568;0.111307
0.518802;0.122891;0.111307
0.527486;0.130213;0.111307
0.489194;0.134475;0.096662
0.498874;0.141797;0.096662
0.508468;0.149119;0.096662
0.510405;0.134475;0.103984
0.51955;0.141797;0.103984
0.528621;0.149119;0.103984
0.532519;0.134475;0.111307
0.541126;0.141797;0.111307
0.549669;0.149119;0.111307
0.481087;0.0777558;0.115568
0.48933;0.0850781;0.115568
0.497647;0.0924005;0.115568
0.508895;0.0777558;0.122891
0.516567;0.0850781;0.122891
0.524309;0.0924005;0.122891
0.537444;0.0777558;0.130213
0.544546;0.0850781;0.130213
0.551715;0.0924005;0.130213
0.502511;0.096662;0.115568
0.510895;0.103984;0.115568
0.519295;0.111307;0.115568
0.528838;0.096662;0.122891
0.536648;0.103984;0.122891
0.544476;0.111307;0.122891
0.555911;0.096662;0.130213
0.563148;0.103984;0.130213
0.570406;0.111307;0.130213
0.554382;0.0777558;0.134475
0.561153;0.0850781;0.134475
0.567989;0.0924005;0.134475
0.584013;0.0777558;0.141797
0.590212;0.0850781;0.141797
0.596473;0.0924005;0.141797
0.614271;0.0777558;0.149119
0.619895;0.0850781;0.149119
0.625579;0.0924005;0.149119
0.57199;0.096662;0.134475
0.578893;0.103984;0.134475
0.585819;0.111307;0.134475
0.60014;0.096662;0.141797
0.606469;0.103984;0.141797
0.612823;0.111307;0.141797
0.62891;0.096662;0.149119
0.634663;0.103984;0.149119
0.640443;0.111307;0.149119
0.524183;0.115568;0.115568
0.532571;0.122891;0.115568
0.540932;0.130213;0.115568
0.549034;0.115568;0.122891
0.55686;0.122891;0.122891
0.564665;0.130213;0.122891
0.574633;0.115568;0.130213
0.581895;0.122891;0.130213
0.589143;0.130213;0.130213
0.54578;0.134475;0.115568
0.554072;0.141797;0.115568
0.562306;0.149119;0.115568
0.569193;0.134475;0.122891
0.576942;0.141797;0.122891
0.584643;0.149119;0.122891
0.593351;0.134475;0.130213
0.600554;0.141797;0.130213
0.607718;0.149119;0.130213
0.589855;0.115568;0.134475
0.596788;0.122891;0.134475
0.603711;0.130213;0.134475
0.616528;0.115568;0.141797
0.622895;0.122891;0.141797
0.629258;0.130213;0.141797
0.643814;0.115568;0.149119
0.649614;0.122891;0.149119
0.655414;0.130213;0.149119
0.607731;0.134475;0.134475
0.614616;0.141797;0.134475
0.621466;0.149119;0.134475
0.632955;0.134475;0.141797
0.63929;0.141797;0.141797
0.645598;0.149119;0.141797
0.658786;0.134475;0.149119
0.664568;0.141797;0.149119
0.67033;0.149119;0.149119
0.371767;0.153381;0.00213077
0.38555;0.160703;0.00213077
0.399031;0.168025;0.00213077
0.373231;0.153381;0.00945312
0.386959;0.160703;0.00945312
0.400388;0.168025;0.00945312
0.376528;0.153381;0.0167755
0.390133;0.160703;0.0167755
0.403448;0.168025;0.0167755
0.40674;0.172287;0.00213077
0.419756;0.179609;0.00213077
0.432487;0.186932;0.00213077
0.408069;0.172287;0.00945312
0.421039;0.179609;0.00945312
0.433726;0.186932;0.00945312
0.411066;0.172287;0.0167755
0.423932;0.179609;0.0167755
0.436521;0.186932;0.0167755
0.379278;0.153381;0.021037
0.392782;0.160703;0.021037
0.406002;0.168025;0.021037
0.385397;0.153381;0.0283594
0.39868;0.160703;0.0283594
0.411693;0.168025;0.0283594
0.393226;0.153381;0.0356817
0.406232;0.160703;0.0356817
0.418985;0.168025;0.0356817
0.413567;0.172287;0.021037
0.426348;0.179609;0.021037
0.438856;0.186932;0.021037
0.419143;0.172287;0.0283594
0.431734;0.179609;0.0283594
0.444065;0.186932;0.0283594
0.426291;0.172287;0.0356817
0.438645;0.179609;0.0356817
0.450751;0.186932;0.0356817
0.439767;0.191193;0.00213077
0.452058;0.198516;0.00213077
0.46408;0.205838;0.00213077
0.440982;0.191193;0.00945312
0.453233;0.198516;0.00945312
0.465218;0.205838;0.00945312
0.443723;0.191193;0.0167755
0.455885;0.198516;0.0167755
0.467785;0.205838;0.0167755
0.470955;0.2101;0.00213077
0.482563;0.217422;0.00213077
0.493915;0.224744;0.00213077
0.472071;0.2101;0.00945312
0.483644;0.217422;0.00945312
0.494964;0.224744;0.00945312
0.474592;0.2101;0.0167755
0.486086;0.217422;0.0167755
0.497331;0.224744;0.0167755
0.446013;0.191193;0.021037
0.458101;0.198516;0.021037
0.469931;0.205838;0.021037
0.451122;0.191193;0.0283594
0.463047;0.198516;0.0283594
0.474721;0.205838;0.0283594
0.457683;0.191193;0.0356817
0.469401;0.198516;0.0356817
0.480879;0.205838;0.0356817
0.476698;0.2101;0.021037
0.488128;0.217422;0.021037
0.499311;0.224744;0.021037
0.481402;0.2101;0.0283594
0.492688;0.217422;0.0283594
0.503734;0.224744;0.0283594
0.487449;0.2101;0.0356817
0.498552;0.217422;0.0356817
0.509424;0.224744;0.0356817
0.39854;0.153381;0.0399433
0.411363;0.160703;0.0399433
0.423943;0.168025;0.0399433
0.408921;0.153381;0.0472656
0.421395;0.160703;0.0472656
0.433644;0.168025;0.0472656
0.420808;0.153381;0.054588
0.432895;0.160703;0.054588
0.444778;0.168025;0.054588
0.431152;0.172287;0.0399433
0.443348;0.179609;0.0399433
0.455304;0.186932;0.0399433
0.440669;0.172287;0.0472656
0.452561;0.179609;0.0472656
0.464227;0.186932;0.0472656
0.451598;0.172287;0.054588
0.46315;0.179609;0.054588
0.474492;0.186932;0.054588
0.428384;0.153381;0.0588495
0.440233;0.160703;0.0588495
0.451888;0.168025;0.0588495
0.442476;0.153381;0.0661719
0.453894;0.160703;0.0661719
0.465135;0.168025;0.0661719
0.457849;0.153381;0.0734942
0.468814;0.160703;0.0734942
0.479621;0.168025;0.0734942
0.45858;0.172287;0.0588495
0.46992;0.179609;0.0588495
0.48106;0.186932;0.0588495
0.471595;0.172287;0.0661719
0.48255;0.179609;0.0661719
0.49332;0.186932;0.0661719
0.485835;0.172287;0.0734942
0.496381;0.179609;0.0734942
0.506758;0.186932;0.0734942
0.462152;0.191193;0.0399433
0.473731;0.198516;0.0399433
0.485076;0.205838;0.0399433
0.470914;0.191193;0.0472656
0.482225;0.198516;0.0472656
0.493314;0.205838;0.0472656
0.480997;0.191193;0.054588
0.492007;0.198516;0.054588
0.502808;0.205838;0.054588
0.491572;0.2101;0.0399433
0.502553;0.217422;0.0399433
0.513307;0.224744;0.0399433
0.499667;0.2101;0.0472656
0.510409;0.217422;0.0472656
0.520935;0.224744;0.0472656
0.508998;0.2101;0.054588
0.51947;0.217422;0.054588
0.529737;0.224744;0.054588
0.48745;0.191193;0.0588495
0.498271;0.198516;0.0588495
0.50889;0.205838;0.0588495
0.499502;0.191193;0.0661719
0.509976;0.198516;0.0661719
0.520262;0.205838;0.0661719
0.512718;0.191193;0.0734942
0.522822;0.198516;0.0734942
0.532751;0.205838;0.0734942
0.514978;0.2101;0.0588495
0.52528;0.217422;0.0588495
0.535383;0.224744;0.0588495
0.526162;0.2101;0.0661719
0.536151;0.217422;0.0661719
0.545953;0.224744;0.0661719
0.538449;0.2101;0.0734942
0.548101;0.217422;0.0734942
0.557578;0.224744;0.0734942
0.500407;0.229006;0.00213077
0.511369;0.236328;0.00213077
0.52209;0.24365;0.00213077
0.501437;0.229006;0.00945312
0.512368;0.236328;0.00945312
0.523059;0.24365;0.00945312
0.503763;0.229006;0.0167755
0.514625;0.236328;0.0167755
0.52525;0.24365;0.0167755
0.52822;0.247912;0.00213077
0.538572;0.255234;0.00213077
0.548696;0.262557;0.00213077
0.529174;0.247912;0.00945312
0.539497;0.255234;0.00945312
0.549595;0.262557;0.00945312
0.531327;0.247912;0.0167755
0.541589;0.255234;0.0167755
0.551628;0.262557;0.0167755
0.505709;0.229006;0.021037
0.516513;0.236328;0.021037
0.527083;0.24365;0.021037
0.510054;0.229006;0.0283594
0.520731;0.236328;0.0283594
0.531179;0.24365;0.0283594
0.515647;0.229006;0.0356817
0.52616;0.236328;0.0356817
0.536452;0.24365;0.0356817
0.533129;0.247912;0.021037
0.54334;0.255234;0.021037
0.553329;0.262557;0.021037
0.537156;0.247912;0.0283594
0.547252;0.255234;0.0283594
0.557131;0.262557;0.0283594
0.542342;0.247912;0.0356817
0.552291;0.255234;0.0356817
0.56203;0.262557;0.0356817
0.554485;0.266818;0.00213077
0.56426;0.274141;0.00213077
0.57382;0.281463;0.00213077
0.55537;0.266818;0.00945312
0.56512;0.274141;0.00945312
0.574657;0.281463;0.00945312
0.557369;0.266818;0.0167755
0.567064;0.274141;0.0167755
0.576547;0.281463;0.0167755
0.579288;0.285725;0.00213077
0.588518;0.293047;0.00213077
0.597547;0.300369;0.00213077
0.580111;0.285725;0.00945312
0.589319;0.293047;0.00945312
0.598326;0.300369;0.00945312
0.58197;0.285725;0.0167755
0.591128;0.293047;0.0167755
0.600086;0.300369;0.0167755
0.559042;0.266818;0.021037
0.56869;0.274141;0.021037
0.578129;0.281463;0.021037
0.562782;0.266818;0.0283594
0.572327;0.274141;0.0283594
0.581666;0.281463;0.0283594
0.567602;0.266818;0.0356817
0.577015;0.274141;0.0356817
0.586226;0.281463;0.0356817
0.583527;0.285725;0.021037
0.592643;0.293047;0.021037
0.60156;0.300369;0.021037
0.587008;0.285725;0.0283594
0.59603;0.293047;0.0283594
0.604857;0.300369;0.0283594
0.591496;0.285725;0.0356817
0.600398;0.293047;0.0356817
0.609108;0.300369;0.0356817
0.519463;0.229006;0.0399433
0.529867;0.236328;0.0399433
0.540053;0.24365;0.0399433
0.526962;0.229006;0.0472656
0.537152;0.236328;0.0472656
0.547133;0.24365;0.0472656
0.535619;0.229006;0.054588
0.545566;0.236328;0.054588
0.555313;0.24365;0.054588
0.545883;0.247912;0.0399433
0.555734;0.255234;0.0399433
0.565377;0.262557;0.0399433
0.552848;0.247912;0.0472656
0.562505;0.255234;0.0472656
0.571963;0.262557;0.0472656
0.560895;0.247912;0.054588
0.570332;0.255234;0.054588
0.579577;0.262557;0.054588
0.541173;0.229006;0.0588495
0.550965;0.236328;0.0588495
0.560564;0.24365;0.0588495
0.551572;0.229006;0.0661719
0.56108;0.236328;0.0661719
0.570405;0.24365;0.0661719
0.563013;0.229006;0.0734942
0.572214;0.236328;0.0734942
0.581242;0.24365;0.0734942
0.566063;0.247912;0.0588495
0.57536;0.255234;0.0588495
0.58447;0.262557;0.0588495
0.575748;0.247912;0.0661719
0.584786;0.255234;0.0661719
0.593645;0.262557;0.0661719
0.586416;0.247912;0.0734942
0.595173;0.255234;0.0734942
0.60376;0.262557;0.0734942
0.570895;0.266818;0.0399433
0.580218;0.274141;0.0399433
0.589343;0.281463;0.0399433
0.577376;0.266818;0.0472656
0.586523;0.274141;0.0472656
0.595479;0.281463;0.0472656
0.58487;0.266818;0.054588
0.593817;0.274141;0.054588
0.602579;0.281463;0.054588
0.594564;0.285725;0.0399433
0.603384;0.293047;0.0399433
0.612015;0.300369;0.0399433
0.600604;0.285725;0.0472656
0.609264;0.293047;0.0472656
0.617741;0.300369;0.0472656
0.607594;0.285725;0.054588
0.61607;0.293047;0.054588
0.62437;0.300369;0.054588
0.589686;0.266818;0.0588495
0.598505;0.274141;0.0588495
0.607143;0.281463;0.0588495
0.598719;0.266818;0.0661719
0.607301;0.274141;0.0661719
0.615709;0.281463;0.0661719
0.60868;0.266818;0.0734942
0.617002;0.274141;0.0734942
0.625161;0.281463;0.0734942
0.612089;0.285725;0.0588495
0.620448;0.293047;0.0588495
0.628634;0.300369;0.0588495
0.620525;0.285725;0.0661719
0.628665;0.293047;0.0661719
0.63664;0.300369;0.0661719
0.629834;0.285725;0.0734942
0.637736;0.293047;0.0734942
0.64548;0.300369;0.0734942
0.467353;0.153381;0.0777558
0.478047;0.160703;0.0777558
0.488592;0.168025;0.0777558
0.484585;0.153381;0.0850781
0.4948;0.160703;0.0850781
0.504883;0.168025;0.0850781
0.50289;0.153381;0.0924005
0.512616;0.160703;0.0924005
0.522224;0.168025;0.0924005
0.494658;0.172287;0.0777558
0.504957;0.179609;0.0777558
0.515095;0.186932;0.0777558
0.510688;0.172287;0.0850781
0.520549;0.179609;0.0850781
0.530264;0.186932;0.0850781
0.527759;0.172287;0.0924005
0.537167;0.179609;0.0924005
0.546444;0.186932;0.0924005
0.514008;0.153381;0.096662
0.523444;0.160703;0.096662
0.532771;0.168025;0.096662
0.533862;0.153381;0.103984
0.542795;0.160703;0.103984
0.551632;0.168025;0.103984
0.554608;0.153381;0.111307
0.563032;0.160703;0.111307
0.57137;0.168025;0.111307
0.538146;0.172287;0.096662
0.547286;0.179609;0.096662
0.556301;0.186932;0.096662
0.556727;0.172287;0.103984
0.565397;0.179609;0.103984
0.573954;0.186932;0.103984
0.576181;0.172287;0.111307
0.584371;0.179609;0.111307
0.592461;0.186932;0.111307
0.52092;0.191193;0.0777558
0.530799;0.198516;0.0777558
0.540511;0.205838;0.0777558
0.535849;0.191193;0.0850781
0.545326;0.198516;0.0850781
0.55465;0.205838;0.0850781
0.55178;0.191193;0.0924005
0.560839;0.198516;0.0924005
0.569758;0.205838;0.0924005
0.546086;0.2101;0.0777558
0.555532;0.217422;0.0777558
0.56481;0.224744;0.0777558
0.560004;0.2101;0.0850781
0.569082;0.217422;0.0850781
0.578003;0.224744;0.0850781
0.574883;0.2101;0.0924005
0.583575;0.217422;0.0924005
0.592122;0.224744;0.0924005
0.561488;0.191193;0.096662
0.570298;0.198516;0.096662
0.578975;0.205838;0.096662
0.578881;0.191193;0.103984
0.587252;0.198516;0.103984
0.595502;0.205838;0.103984
0.597121;0.191193;0.111307
0.605043;0.198516;0.111307
0.612855;0.205838;0.111307
0.583962;0.2101;0.096662
0.592422;0.217422;0.096662
0.600745;0.224744;0.096662
0.600246;0.2101;0.103984
0.608299;0.217422;0.103984
0.616224;0.224744;0.103984
0.617349;0.2101;0.111307
0.624982;0.217422;0.111307
0.632498;0.224744;0.111307
0.567068;0.153381;0.115568
0.575193;0.160703;0.115568
0.583238;0.168025;0.115568
0.589098;0.153381;0.122891
0.596705;0.160703;0.122891
0.604242;0.168025;0.122891
0.611865;0.153381;0.130213
0.618949;0.160703;0.130213
0.625974;0.168025;0.130213
0.587881;0.172287;0.115568
0.595789;0.179609;0.115568
0.603602;0.186932;0.115568
0.608595;0.172287;0.122891
0.616011;0.179609;0.122891
0.623344;0.186932;0.122891
0.630032;0.172287;0.130213
0.636951;0.179609;0.130213
0.643796;0.186932;0.130213
0.625432;0.153381;0.134475
0.63221;0.160703;0.134475
0.638934;0.168025;0.134475
0.649252;0.153381;0.141797
0.655501;0.160703;0.141797
0.661704;0.168025;0.141797
0.673671;0.153381;0.149119
0.679386;0.160703;0.149119
0.685064;0.168025;0.149119
0.64282;0.172287;0.134475
0.649446;0.179609;0.134475
0.656005;0.186932;0.134475
0.665291;0.172287;0.141797
0.671412;0.179609;0.141797
0.677474;0.186932;0.141797
0.68835;0.172287;0.149119
0.69396;0.179609;0.149119
0.699521;0.186932;0.149119
0.608104;0.191193;0.115568
0.615761;0.198516;0.115568
0.623313;0.205838;0.115568
0.627572;0.191193;0.122891
0.634764;0.198516;0.122891
0.641864;0.205838;0.122891
0.647745;0.191193;0.130213
0.654466;0.198516;0.130213
0.661105;0.205838;0.130213
0.62766;0.2101;0.115568
0.635043;0.217422;0.115568
0.642316;0.224744;0.115568
0.645952;0.2101;0.122891
0.652899;0.217422;0.122891
0.659746;0.224744;0.122891
0.664929;0.2101;0.130213
0.671431;0.217422;0.130213
0.677844;0.224744;0.130213
0.65979;0.191193;0.134475
0.666234;0.198516;0.134475
0.672601;0.205838;0.134475
0.680974;0.191193;0.141797
0.686937;0.198516;0.141797
0.692832;0.205838;0.141797
0.702733;0.191193;0.149119
0.708209;0.198516;0.149119
0.713626;0.205838;0.149119
0.67627;0.2101;0.134475
0.68251;0.217422;0.134475
0.688666;0.224744;0.134475
0.696231;0.2101;0.141797
0.702014;0.217422;0.141797
0.707723;0.224744;0.141797
0.716751;0.2101;0.149119
0.722072;0.217422;0.149119
0.727328;0.224744;0.149119
0.570132;0.229006;0.0777558
0.579145;0.236328;0.0777558
0.58799;0.24365;0.0777558
0.583123;0.229006;0.0850781
0.591796;0.236328;0.0850781
0.600313;0.24365;0.0850781
0.597029;0.229006;0.0924005
0.605346;0.236328;0.0924005
0.613517;0.24365;0.0924005
0.593061;0.247912;0.0777558
0.601644;0.255234;0.0777558
0.610063;0.262557;0.0777558
0.605198;0.247912;0.0850781
0.613469;0.255234;0.0850781
0.621585;0.262557;0.0850781
0.618206;0.247912;0.0924005
0.626147;0.255234;0.0924005
0.633943;0.262557;0.0924005
0.605525;0.229006;0.096662
0.613627;0.236328;0.096662
0.62159;0.24365;0.096662
0.620778;0.229006;0.103984
0.6285;0.236328;0.103984
0.636094;0.24365;0.103984
0.636819;0.229006;0.111307
0.644149;0.236328;0.111307
0.65136;0.24365;0.111307
0.62616;0.247912;0.096662
0.633902;0.255234;0.096662
0.641504;0.262557;0.096662
0.640454;0.247912;0.103984
0.647842;0.255234;0.103984
0.655101;0.262557;0.103984
0.655502;0.247912;0.111307
0.662524;0.255234;0.111307
0.669427;0.262557;0.111307
0.614888;0.266818;0.0777558
0.623052;0.274141;0.0777558
0.631055;0.281463;0.0777558
0.626238;0.266818;0.0850781
0.634113;0.274141;0.0850781
0.641836;0.281463;0.0850781
0.638414;0.266818;0.0924005
0.645984;0.274141;0.0924005
0.653411;0.281463;0.0924005
0.635641;0.285725;0.0777558
0.643396;0.293047;0.0777558
0.650997;0.300369;0.0777558
0.646263;0.285725;0.0850781
0.653751;0.293047;0.0850781
0.661093;0.300369;0.0850781
0.657669;0.285725;0.0924005
0.664874;0.293047;0.0924005
0.67194;0.300369;0.0924005
0.645865;0.266818;0.096662
0.65325;0.274141;0.096662
0.660497;0.281463;0.096662
0.659267;0.266818;0.103984
0.666322;0.274141;0.103984
0.67325;0.281463;0.103984
0.673389;0.266818;0.111307
0.680102;0.274141;0.111307
0.686697;0.281463;0.111307
0.664653;0.285725;0.096662
0.671686;0.293047;0.096662
0.678586;0.300369;0.096662
0.677223;0.285725;0.103984
0.68395;0.293047;0.103984
0.690551;0.300369;0.103984
0.69048;0.285725;0.111307
0.696887;0.293047;0.111307
0.703178;0.300369;0.111307
0.646497;0.229006;0.115568
0.653594;0.236328;0.115568
0.660577;0.24365;0.115568
0.663684;0.229006;0.122891
0.670371;0.236328;0.122891
0.676955;0.24365;0.122891
0.681534;0.229006;0.130213
0.687802;0.236328;0.130213
0.693977;0.24365;0.130213
0.664589;0.247912;0.115568
0.671393;0.255234;0.115568
0.678082;0.262557;0.115568
0.680739;0.247912;0.122891
0.687158;0.255234;0.122891
0.693473;0.262557;0.122891
0.697527;0.247912;0.130213
0.703552;0.255234;0.130213
0.709482;0.262557;0.130213
0.692209;0.229006;0.134475
0.698229;0.236328;0.134475
0.704162;0.24365;0.134475
0.711011;0.229006;0.141797
0.7166;0.236328;0.141797
0.72211;0.24365;0.141797
0.730356;0.229006;0.149119
0.735506;0.236328;0.149119
0.740588;0.24365;0.149119
0.707574;0.247912;0.134475
0.713365;0.255234;0.134475
0.719067;0.262557;0.134475
0.725281;0.247912;0.141797
0.730665;0.255234;0.141797
0.735969;0.262557;0.141797
0.743513;0.247912;0.149119
0.748482;0.255234;0.149119
0.75338;0.262557;0.149119
0.681923;0.266818;0.115568
0.688432;0.274141;0.115568
0.694827;0.281463;0.115568
0.697099;0.266818;0.122891
0.703248;0.274141;0.122891
0.709292;0.281463;0.122891
0.712889;0.266818;0.130213
0.718667;0.274141;0.130213
0.72435;0.281463;0.130213
0.698496;0.285725;0.115568
0.704712;0.293047;0.115568
0.710816;0.300369;0.115568
0.712761;0.285725;0.122891
0.71864;0.293047;0.122891
0.724414;0.300369;0.122891
0.727613;0.285725;0.130213
0.733144;0.293047;0.130213
0.738579;0.300369;0.130213
0.722344;0.266818;0.134475
0.727903;0.274141;0.134475
0.733371;0.281463;0.134475
0.739018;0.266818;0.141797
0.744193;0.274141;0.141797
0.749285;0.281463;0.141797
0.756198;0.266818;0.149119
0.760981;0.274141;0.149119
0.765691;0.281463;0.149119
0.736511;0.285725;0.134475
0.741835;0.293047;0.134475
0.747069;0.300369;0.134475
0.752211;0.285725;0.141797
0.757174;0.293047;0.141797
0.762055;0.300369;0.141797
0.768398;0.285725;0.149119
0.772992;0.293047;0.149119
0.777511;0.300369;0.149119
0.585243;0.00213077;0.153381
0.588828;0.00945312;0.153381
0.592688;0.0167755;0.153381
0.621862;0.00213077;0.160703
0.625012;0.00945312;0.160703
0.628406;0.0167755;0.160703
0.659199;0.00213077;0.168025
0.661876;0.00945312;0.168025
0.664773;0.0167755;0.168025
0.595049;0.021037;0.153381
0.599287;0.0283594;0.153381
0.60373;0.0356817;0.153381
0.630485;0.021037;0.160703
0.634218;0.0283594;0.160703
0.638138;0.0356817;0.160703
0.666552;0.021037;0.168025
0.669756;0.0283594;0.168025
0.673131;0.0356817;0.168025
0.681241;0.00213077;0.172287
0.683625;0.00945312;0.172287
0.686218;0.0167755;0.172287
0.719613;0.00213077;0.179609
0.721469;0.00945312;0.179609
0.723517;0.0167755;0.179609
0.758569;0.00213077;0.186932
0.759865;0.00945312;0.186932
0.761339;0.0167755;0.186932
0.687816;0.021037;0.172287
0.690701;0.0283594;0.172287
0.693749;0.0356817;0.172287
0.724791;0.021037;0.179609
0.727109;0.0283594;0.179609
0.729579;0.0356817;0.179609
0.762274;0.021037;0.186932
0.764004;0.0283594;0.186932
0.765877;0.0356817;0.186932
0.606401;0.0399433;0.153381
0.611122;0.0472656;0.153381
0.615991;0.054588;0.153381
0.640496;0.0399433;0.160703
0.644669;0.0472656;0.160703
0.648977;0.054588;0.160703
0.675166;0.0399433;0.168025
0.678774;0.0472656;0.168025
0.682509;0.054588;0.168025
0.618885;0.0588495;0.153381
0.623947;0.0661719;0.153381
0.62911;0.0734942;0.153381
0.65154;0.0588495;0.160703
0.656029;0.0661719;0.160703
0.660612;0.0734942;0.160703
0.684734;0.0588495;0.168025
0.688639;0.0661719;0.168025
0.692635;0.0734942;0.168025
0.695591;0.0399433;0.172287
0.698863;0.0472656;0.172287
0.702257;0.054588;0.172287
0.731081;0.0399433;0.179609
0.733763;0.0472656;0.179609
0.736562;0.054588;0.179609
0.767028;0.0399433;0.186932
0.769104;0.0472656;0.186932
0.771294;0.054588;0.186932
0.704284;0.0588495;0.172287
0.707844;0.0661719;0.172287
0.711493;0.0734942;0.172287
0.73824;0.0588495;0.179609
0.741199;0.0661719;0.179609
0.744245;0.0734942;0.179609
0.772616;0.0588495;0.186932
0.774963;0.0661719;0.186932
0.777398;0.0734942;0.186932
0.781487;0.00213077;0.191193
0.782443;0.00945312;0.191193
0.783572;0.0167755;0.191193
0.821246;0.00213077;0.198516
0.821596;0.00945312;0.198516
0.822111;0.0167755;0.198516
0.86143;0.00213077;0.205838
0.861148;0.00945312;0.205838
0.861026;0.0167755;0.205838
0.784303;0.021037;0.191193
0.785679;0.0283594;0.191193
0.787196;0.0356817;0.191193
0.822482;0.021037;0.198516
0.823236;0.0283594;0.198516
0.824127;0.0356817;0.198516
0.861026;0.021037;0.205838
0.861138;0.0283594;0.205838
0.861387;0.0356817;0.205838
0.884986;0.00213077;0.2101
0.884325;0.00945312;0.2101
0.883824;0.0167755;0.2101
0.925706;0.00213077;0.217422
0.924377;0.00945312;0.217422
0.923207;0.0167755;0.217422
0.966673;0.00213077;0.224744
0.964657;0.00945312;0.224744
0.962801;0.0167755;0.224744
0.883601;0.021037;0.2101
0.883333;0.0283594;0.2101
0.8832;0.0356817;0.2101
0.922596;0.021037;0.217422
0.921659;0.0283594;0.217422
0.92086;0.0356817;0.217422
0.961792;0.021037;0.224744
0.960174;0.0283594;0.224744
0.958696;0.0356817;0.224744
0.788139;0.0399433;0.191193
0.789856;0.0472656;0.191193
0.791685;0.054588;0.191193
0.824705;0.0399433;0.198516
0.825792;0.0472656;0.198516
0.826991;0.054588;0.198516
0.86159;0.0399433;0.205838
0.862034;0.0472656;0.205838
0.862592;0.054588;0.205838
0.792797;0.0588495;0.191193
0.794783;0.0661719;0.191193
0.796857;0.0734942;0.191193
0.827737;0.0588495;0.198516
0.829095;0.0661719;0.198516
0.830542;0.0734942;0.198516
0.862965;0.0588495;0.205838
0.863685;0.0661719;0.205838
0.864498;0.0734942;0.205838
0.883182;0.0399433;0.2101
0.883246;0.0472656;0.2101
0.883425;0.054588;0.2101
0.920456;0.0399433;0.217422
0.919858;0.0472656;0.217422
0.919378;0.054588;0.217422
0.957898;0.0399433;0.224744
0.956628;0.0472656;0.224744
0.95548;0.054588;0.224744
0.883578;0.0588495;0.2101
0.883923;0.0661719;0.2101
0.884363;0.0734942;0.2101
0.91915;0.0588495;0.217422
0.918843;0.0661719;0.217422
0.918636;0.0734942;0.217422
0.954866;0.0588495;0.224744
0.953899;0.0661719;0.224744
0.953039;0.0734942;0.224744
0.632153;0.0777558;0.153381
0.63744;0.0850781;0.153381
0.642787;0.0924005;0.153381
0.663317;0.0777558;0.160703
0.66802;0.0850781;0.160703
0.672782;0.0924005;0.160703
0.694996;0.0777558;0.168025
0.699109;0.0850781;0.168025
0.703281;0.0924005;0.168025
0.645921;0.096662;0.153381
0.651337;0.103984;0.153381
0.65678;0.111307;0.153381
0.675577;0.096662;0.160703
0.68041;0.103984;0.160703
0.685274;0.111307;0.160703
0.705732;0.096662;0.168025
0.709978;0.103984;0.168025
0.714258;0.111307;0.168025
0.713653;0.0777558;0.172287
0.717418;0.0850781;0.172287
0.721244;0.0924005;0.172287
0.746054;0.0777558;0.179609
0.749218;0.0850781;0.179609
0.752443;0.0924005;0.179609
0.778851;0.0777558;0.186932
0.781405;0.0850781;0.186932
0.784023;0.0924005;0.186932
0.723494;0.096662;0.172287
0.727396;0.103984;0.172287
0.731334;0.111307;0.172287
0.754345;0.096662;0.179609
0.757651;0.103984;0.179609
0.760998;0.111307;0.179609
0.785574;0.096662;0.186932
0.788279;0.103984;0.186932
0.791029;0.111307;0.186932
0.659958;0.115568;0.153381
0.665425;0.122891;0.153381
0.670896;0.130213;0.153381
0.688115;0.115568;0.160703
0.69301;0.122891;0.160703
0.697913;0.130213;0.160703
0.716762;0.115568;0.168025
0.721079;0.122891;0.168025
0.725411;0.130213;0.168025
0.674078;0.134475;0.153381
0.679538;0.141797;0.153381
0.68498;0.149119;0.153381
0.700767;0.134475;0.160703
0.705668;0.141797;0.160703
0.71056;0.149119;0.160703
0.727935;0.134475;0.168025
0.732275;0.141797;0.168025
0.736611;0.149119;0.168025
0.733639;0.115568;0.172287
0.737619;0.122891;0.172287
0.741616;0.130213;0.172287
0.762961;0.115568;0.179609
0.766357;0.122891;0.179609
0.769777;0.130213;0.179609
0.792648;0.115568;0.186932
0.795456;0.122891;0.186932
0.798294;0.130213;0.186932
0.743948;0.134475;0.172287
0.747959;0.141797;0.172287
0.751971;0.149119;0.172287
0.771775;0.134475;0.179609
0.775219;0.141797;0.179609
0.778671;0.149119;0.179609
0.799957;0.134475;0.186932
0.80283;0.141797;0.186932
0.805719;0.149119;0.186932
0.798101;0.0777558;0.191193
0.800297;0.0850781;0.191193
0.802559;0.0924005;0.191193
0.831423;0.0777558;0.198516
0.832997;0.0850781;0.198516
0.834642;0.0924005;0.198516
0.865011;0.0777558;0.205838
0.865957;0.0850781;0.205838
0.866978;0.0924005;0.205838
0.803903;0.096662;0.191193
0.806256;0.103984;0.191193
0.808656;0.111307;0.191193
0.835629;0.096662;0.198516
0.837372;0.103984;0.198516
0.839169;0.111307;0.198516
0.867605;0.096662;0.205838
0.868733;0.103984;0.205838
0.869922;0.111307;0.205838
0.88466;0.0777558;0.2101
0.885237;0.0850781;0.2101
0.885893;0.0924005;0.2101
0.918559;0.0777558;0.217422
0.918498;0.0850781;0.217422
0.918523;0.0924005;0.217422
0.952585;0.0777558;0.224744
0.951881;0.0850781;0.224744
0.951269;0.0924005;0.224744
0.886309;0.096662;0.2101
0.887077;0.103984;0.2101
0.88791;0.111307;0.2101
0.918574;0.096662;0.217422
0.918721;0.103984;0.217422
0.91894;0.111307;0.217422
0.950953;0.096662;0.224744
0.950476;0.103984;0.224744
0.950077;0.111307;0.224744
0.810073;0.115568;0.191193
0.812538;0.122891;0.191193
0.815036;0.130213;0.191193
0.840237;0.115568;0.198516
0.842108;0.122891;0.198516
0.844019;0.130213;0.198516
0.870639;0.115568;0.205838
0.871913;0.122891;0.205838
0.873233;0.130213;0.205838
0.816503;0.134475;0.191193
0.819042;0.141797;0.191193
0.821602;0.149119;0.191193
0.845147;0.134475;0.198516
0.847111;0.141797;0.198516
0.849103;0.149119;0.198516
0.874021;0.134475;0.205838
0.875407;0.141797;0.205838
0.876828;0.149119;0.205838
0.888423;0.115568;0.2101
0.889347;0.122891;0.2101
0.890322;0.130213;0.2101
0.919098;0.115568;0.217422
0.91942;0.122891;0.217422
0.919801;0.130213;0.217422
0.94988;0.115568;0.224744
0.949597;0.122891;0.224744
0.949382;0.130213;0.224744
0.890912;0.134475;0.2101
0.891959;0.141797;0.2101
0.893048;0.149119;0.2101
0.920048;0.134475;0.217422
0.920514;0.141797;0.217422
0.921029;0.149119;0.217422
0.949286;0.134475;0.224744
0.949169;0.141797;0.224744
0.949109;0.149119;0.224744
0.990601;0.00213077;0.229006
0.988177;0.00945312;0.229006
0.985915;0.0167755;0.229006
1.03181;0.00213077;0.236328
1.02867;0.00945312;0.236328
1.0257;0.0167755;0.236328
1.07308;0.00213077;0.24365
1.06922;0.00945312;0.24365
1.06552;0.0167755;0.24365
0.98467;0.021037;0.229006
0.982649;0.0283594;0.229006
0.980771;0.0356817;0.229006
1.02405;0.021037;0.236328
1.02133;0.0283594;0.236328
1.01875;0.0356817;0.236328
1.06345;0.021037;0.24365
1.06002;0.0283594;0.24365
1.05674;0.0356817;0.24365
1.09709;0.00213077;0.247912
1.0928;0.00945312;0.247912
1.08869;0.0167755;0.247912
1.13829;0.00213077;0.255234
1.13326;0.00945312;0.255234
1.12841;0.0167755;0.255234
1.17935;0.00213077;0.262557
1.17357;0.00945312;0.262557
1.16798;0.0167755;0.262557
1.08637;0.021037;0.247912
1.08252;0.0283594;0.247912
1.07883;0.0356817;0.247912
1.12567;0.021037;0.255234
1.1211;0.0283594;0.255234
1.1167;0.0356817;0.255234
1.16481;0.021037;0.262557
1.15952;0.0283594;0.262557
1.1544;0.0356817;0.262557
0.979741;0.0399433;0.229006
0.978075;0.0472656;0.229006
0.976536;0.054588;0.229006
1.01732;0.0399433;0.236328
1.01497;0.0472656;0.236328
1.01275;0.054588;0.236328
1.0549;0.0399433;0.24365
1.05186;0.0472656;0.24365
1.04896;0.054588;0.24365
0.975695;0.0588495;0.229006
0.974342;0.0661719;0.229006
0.973098;0.0734942;0.229006
1.01152;0.0588495;0.236328
1.00949;0.0661719;0.236328
1.00759;0.0734942;0.236328
1.04733;0.0588495;0.24365
1.04463;0.0661719;0.24365
1.04206;0.0734942;0.24365
1.07675;0.0399433;0.247912
1.0733;0.0472656;0.247912
1.07;0.054588;0.247912
1.11421;0.0399433;0.255234
1.11006;0.0472656;0.255234
1.10606;0.054588;0.255234
1.1515;0.0399433;0.262557
1.14665;0.0472656;0.262557
1.14196;0.054588;0.262557
1.06814;0.0588495;0.247912
1.06505;0.0661719;0.247912
1.06209;0.0734942;0.247912
1.10381;0.0588495;0.255234
1.10004;0.0661719;0.255234
1.09642;0.0734942;0.255234
1.1393;0.0588495;0.262557
1.13486;0.0661719;0.262557
1.13056;0.0734942;0.262557
1.20315;0.00213077;0.266818
1.19693;0.00945312;0.266818
1.19091;0.0167755;0.266818
1.24382;0.00213077;0.274141
1.23685;0.00945312;0.274141
1.23008;0.0167755;0.274141
1.28415;0.00213077;0.281463
1.27642;0.00945312;0.281463
1.26891;0.0167755;0.281463
1.18749;0.021037;0.266818
1.18177;0.0283594;0.266818
1.17624;0.0356817;0.266818
1.22624;0.021037;0.274141
1.21979;0.0283594;0.274141
1.21353;0.0356817;0.274141
1.26464;0.021037;0.281463
1.25746;0.0283594;0.281463
1.25049;0.0356817;0.281463
1.30743;0.00213077;0.285725
1.29926;0.00945312;0.285725
1.29132;0.0167755;0.285725
1.34706;0.00213077;0.293047
1.33814;0.00945312;0.293047
1.32945;0.0167755;0.293047
1.38614;0.00213077;0.300369
1.37646;0.00945312;0.300369
1.36704;0.0167755;0.300369
1.2868;0.021037;0.285725
1.2792;0.0283594;0.285725
1.27181;0.0356817;0.285725
1.3245;0.021037;0.293047
1.31618;0.0283594;0.293047
1.30808;0.0356817;0.293047
1.36167;0.021037;0.300369
1.35263;0.0283594;0.300369
1.34382;0.0356817;0.300369
1.17309;0.0399433;0.266818
1.16783;0.0472656;0.266818
1.16274;0.054588;0.266818
1.20998;0.0399433;0.274141
1.20402;0.0472656;0.274141
1.19823;0.054588;0.274141
1.24652;0.0399433;0.281463
1.23986;0.0472656;0.281463
1.23338;0.054588;0.281463
1.15985;0.0588495;0.266818
1.15502;0.0661719;0.266818
1.15033;0.0734942;0.266818
1.19495;0.0588495;0.274141
1.18943;0.0661719;0.274141
1.18408;0.0734942;0.274141
1.2297;0.0588495;0.281463
1.22351;0.0661719;0.281463
1.2175;0.0734942;0.281463
1.2676;0.0399433;0.285725
1.26053;0.0472656;0.285725
1.25366;0.054588;0.285725
1.30346;0.0399433;0.293047
1.2957;0.0472656;0.293047
1.28814;0.054588;0.293047
1.3388;0.0399433;0.300369
1.33035;0.0472656;0.300369
1.32212;0.054588;0.300369
1.24975;0.0588495;0.285725
1.24317;0.0661719;0.285725
1.23678;0.0734942;0.285725
1.28384;0.0588495;0.293047
1.2766;0.0661719;0.293047
1.26955;0.0734942;0.293047
1.31743;0.0588495;0.300369
1.30953;0.0661719;0.300369
1.30183;0.0734942;0.300369
0.972423;0.0777558;0.229006
0.971343;0.0850781;0.229006
0.970359;0.0924005;0.229006
1.00653;0.0777558;0.236328
1.0048;0.0850781;0.236328
1.00318;0.0924005;0.236328
1.04062;0.0777558;0.24365
1.03824;0.0850781;0.24365
1.03597;0.0924005;0.24365
0.969829;0.096662;0.229006
0.968987;0.103984;0.229006
0.968228;0.111307;0.229006
1.00228;0.096662;0.236328
1.00081;0.103984;0.236328
0.99943;0.111307;0.236328
1.0347;0.096662;0.24365
1.0326;0.103984;0.24365
1.0306;0.111307;0.24365
1.06043;0.0777558;0.247912
1.05767;0.0850781;0.247912
1.05503;0.0924005;0.247912
1.09437;0.0777558;0.255234
1.09095;0.0850781;0.255234
1.08766;0.0924005;0.255234
1.12813;0.0777558;0.262557
1.12406;0.0850781;0.262557
1.12013;0.0924005;0.262557
1.05354;0.096662;0.247912
1.05107;0.103984;0.247912
1.04871;0.111307;0.247912
1.08581;0.096662;0.255234
1.08271;0.103984;0.255234
1.07973;0.111307;0.255234
1.11791;0.096662;0.262557
1.11418;0.103984;0.262557
1.11058;0.111307;0.262557
0.967824;0.115568;0.229006
0.967188;0.122891;0.229006
0.966625;0.130213;0.229006
0.998668;0.115568;0.236328
0.997426;0.122891;0.236328
0.996266;0.130213;0.236328
1.02948;0.115568;0.24365
1.02764;0.122891;0.24365
1.02588;0.130213;0.24365
0.966329;0.134475;0.229006
0.965873;0.141797;0.229006
0.965478;0.149119;0.229006
0.995626;0.134475;0.236328
0.994585;0.141797;0.236328
0.993615;0.149119;0.236328
1.02489;0.134475;0.24365
1.02327;0.141797;0.24365
1.02173;0.149119;0.24365
1.04738;0.115568;0.247912
1.04518;0.122891;0.247912
1.04308;0.130213;0.247912
1.07805;0.115568;0.255234
1.07524;0.122891;0.255234
1.07254;0.130213;0.255234
1.10854;0.115568;0.262557
1.10513;0.122891;0.262557
1.10184;0.130213;0.262557
1.04189;0.134475;0.247912
1.03993;0.141797;0.247912
1.03805;0.149119;0.247912
1.07101;0.134475;0.255234
1.06847;0.141797;0.255234
1.06602;0.149119;0.255234
1.09997;0.134475;0.262557
1.09685;0.141797;0.262557
1.09383;0.149119;0.262557
1.14768;0.0777558;0.266818
1.14323;0.0850781;0.266818
1.13893;0.0924005;0.266818
1.18105;0.0777558;0.274141
1.17595;0.0850781;0.274141
1.171;0.0924005;0.274141
1.21408;0.0777558;0.281463
1.20834;0.0850781;0.281463
1.20276;0.0924005;0.281463
1.13648;0.096662;0.266818
1.13239;0.103984;0.266818
1.12844;0.111307;0.266818
1.16819;0.096662;0.274141
1.16348;0.103984;0.274141
1.15891;0.111307;0.274141
1.19959;0.096662;0.281463
1.19425;0.103984;0.281463
1.18907;0.111307;0.281463
1.23314;0.0777558;0.285725
1.22702;0.0850781;0.285725
1.22107;0.0924005;0.285725
1.26553;0.0777558;0.293047
1.25878;0.0850781;0.293047
1.25221;0.0924005;0.293047
1.29745;0.0777558;0.300369
1.29006;0.0850781;0.300369
1.28287;0.0924005;0.300369
1.21769;0.096662;0.285725
1.212;0.103984;0.285725
1.20646;0.111307;0.285725
1.24846;0.096662;0.293047
1.24216;0.103984;0.293047
1.23603;0.111307;0.293047
1.27877;0.096662;0.300369
1.27187;0.103984;0.300369
1.26514;0.111307;0.300369
1.12619;0.115568;0.266818
1.12243;0.122891;0.266818
1.11879;0.130213;0.266818
1.15631;0.115568;0.274141
1.15195;0.122891;0.274141
1.14773;0.130213;0.274141
1.18613;0.115568;0.281463
1.18118;0.122891;0.281463
1.17636;0.130213;0.281463
1.11673;0.134475;0.266818
1.11327;0.141797;0.266818
1.10992;0.149119;0.266818
1.14532;0.134475;0.274141
1.14129;0.141797;0.274141
1.13738;0.149119;0.274141
1.17363;0.134475;0.281463
1.16903;0.141797;0.281463
1.16456;0.149119;0.281463
1.20332;0.115568;0.285725
1.19802;0.122891;0.285725
1.19287;0.130213;0.285725
1.23253;0.115568;0.293047
1.22666;0.122891;0.293047
1.22094;0.130213;0.293047
1.26131;0.115568;0.300369
1.25486;0.122891;0.300369
1.24857;0.130213;0.300369
1.18994;0.134475;0.285725
1.18502;0.141797;0.285725
1.18023;0.149119;0.285725
1.21768;0.134475;0.293047
1.2122;0.141797;0.293047
1.20686;0.149119;0.293047
1.24499;0.134475;0.300369
1.23896;0.141797;0.300369
1.23308;0.149119;0.300369
0.688137;0.153381;0.153381
0.693541;0.160703;0.153381
0.698912;0.168025;0.153381
0.7134;0.153381;0.160703
0.718264;0.160703;0.160703
0.723104;0.168025;0.160703
0.739132;0.153381;0.168025
0.743453;0.160703;0.168025
0.747759;0.168025;0.168025
0.702021;0.172287;0.153381
0.707331;0.179609;0.153381
0.712598;0.186932;0.153381
0.725908;0.172287;0.160703
0.730701;0.179609;0.160703
0.735458;0.186932;0.160703
0.750255;0.172287;0.168025
0.754526;0.179609;0.168025
0.758771;0.186932;0.168025
0.754305;0.153381;0.172287
0.758309;0.160703;0.172287
0.762301;0.168025;0.172287
0.780682;0.153381;0.179609
0.784138;0.160703;0.179609
0.787591;0.168025;0.179609
0.807406;0.153381;0.186932
0.810311;0.160703;0.186932
0.81322;0.168025;0.186932
0.764618;0.172287;0.172287
0.768584;0.179609;0.172287
0.772529;0.186932;0.172287
0.789597;0.172287;0.179609
0.793036;0.179609;0.179609
0.796462;0.186932;0.179609
0.814914;0.172287;0.186932
0.817823;0.179609;0.186932
0.820728;0.186932;0.186932
0.715641;0.191193;0.153381
0.720831;0.198516;0.153381
0.725968;0.205838;0.153381
0.73821;0.191193;0.160703
0.742905;0.198516;0.160703
0.747556;0.205838;0.160703
0.761228;0.191193;0.168025
0.765424;0.198516;0.168025
0.769586;0.205838;0.168025
0.728933;0.2101;0.153381
0.733981;0.217422;0.153381
0.738971;0.224744;0.153381
0.750242;0.2101;0.160703
0.754819;0.217422;0.160703
0.759347;0.224744;0.160703
0.77199;0.2101;0.168025
0.776092;0.217422;0.168025
0.780152;0.224744;0.168025
0.774813;0.191193;0.172287
0.778717;0.198516;0.172287
0.782592;0.205838;0.172287
0.798449;0.191193;0.179609
0.801848;0.198516;0.179609
0.805226;0.205838;0.179609
0.822415;0.191193;0.186932
0.825306;0.198516;0.186932
0.828186;0.205838;0.186932
0.784832;0.2101;0.172287
0.788654;0.217422;0.172287
0.792441;0.224744;0.172287
0.807182;0.2101;0.179609
0.810523;0.217422;0.179609
0.813836;0.224744;0.179609
0.829855;0.2101;0.186932
0.83271;0.217422;0.186932
0.835548;0.224744;0.186932
0.823099;0.153381;0.191193
0.825682;0.160703;0.191193
0.828274;0.168025;0.191193
0.850273;0.153381;0.198516
0.8523;0.160703;0.198516
0.854345;0.168025;0.198516
0.87767;0.153381;0.205838
0.87914;0.160703;0.205838
0.880635;0.168025;0.205838
0.829785;0.172287;0.191193
0.832385;0.179609;0.191193
0.834985;0.186932;0.191193
0.855542;0.172287;0.198516
0.857608;0.179609;0.198516
0.859682;0.186932;0.198516
0.881516;0.172287;0.205838
0.883046;0.179609;0.205838
0.884594;0.186932;0.205838
0.893698;0.153381;0.2101
0.894842;0.160703;0.2101
0.896018;0.168025;0.2101
0.921349;0.153381;0.217422
0.921934;0.160703;0.217422
0.922558;0.168025;0.217422
0.949099;0.153381;0.224744
0.949123;0.160703;0.224744
0.949195;0.168025;0.224744
0.896715;0.172287;0.2101
0.897932;0.179609;0.2101
0.899172;0.186932;0.2101
0.922938;0.172287;0.217422
0.923617;0.179609;0.217422
0.924328;0.186932;0.217422
0.949257;0.172287;0.224744
0.949399;0.179609;0.224744
0.949581;0.186932;0.224744
0.836497;0.191193;0.191193
0.839092;0.198516;0.191193
0.841679;0.205838;0.191193
0.860893;0.191193;0.198516
0.862976;0.198516;0.198516
0.865061;0.205838;0.198516
0.885501;0.191193;0.205838
0.887071;0.198516;0.205838
0.888651;0.205838;0.205838
0.843181;0.2101;0.191193
0.845753;0.217422;0.191193
0.848312;0.224744;0.191193
0.866274;0.2101;0.198516
0.868357;0.217422;0.198516
0.870436;0.224744;0.198516
0.889575;0.2101;0.205838
0.891167;0.217422;0.205838
0.892764;0.224744;0.205838
0.899903;0.191193;0.2101
0.901173;0.198516;0.2101
0.902459;0.205838;0.2101
0.924756;0.191193;0.217422
0.925511;0.198516;0.217422
0.926291;0.205838;0.217422
0.949704;0.191193;0.224744
0.949944;0.198516;0.224744
0.950217;0.205838;0.224744
0.903214;0.2101;0.2101
0.90452;0.217422;0.2101
0.905836;0.224744;0.2101
0.926755;0.2101;0.217422
0.927569;0.217422;0.217422
0.928401;0.224744;0.217422
0.950391;0.2101;0.224744
0.950712;0.217422;0.224744
0.951061;0.224744;0.224744
0.741847;0.229006;0.153381
0.746739;0.236328;0.153381
0.751567;0.24365;0.153381
0.761958;0.229006;0.160703
0.766402;0.236328;0.160703
0.770792;0.24365;0.160703
0.782496;0.229006;0.168025
0.786488;0.236328;0.168025
0.790434;0.24365;0.168025
0.754348;0.247912;0.153381
0.759073;0.255234;0.153381
0.763732;0.262557;0.153381
0.773322;0.247912;0.160703
0.777623;0.255234;0.160703
0.781866;0.262557;0.160703
0.792709;0.247912;0.168025
0.796581;0.255234;0.168025
0.800404;0.262557;0.168025
0.794628;0.229006;0.172287
0.798354;0.236328;0.172287
0.80204;0.24365;0.172287
0.815752;0.229006;0.179609
0.819019;0.236328;0.179609
0.822255;0.24365;0.179609
0.83719;0.229006;0.186932
0.839995;0.236328;0.186932
0.842778;0.24365;0.186932
0.804167;0.247912;0.172287
0.807786;0.255234;0.172287
0.811362;0.262557;0.172287
0.824123;0.247912;0.179609
0.827306;0.255234;0.179609
0.830454;0.262557;0.179609
0.844386;0.247912;0.186932
0.847129;0.255234;0.186932
0.849846;0.262557;0.186932
0.766413;0.266818;0.153381
0.770965;0.274141;0.153381
0.775449;0.281463;0.153381
0.784309;0.266818;0.160703
0.78846;0.274141;0.160703
0.792551;0.281463;0.160703
0.802606;0.266818;0.168025
0.806349;0.274141;0.168025
0.810042;0.281463;0.168025
0.778027;0.285725;0.153381
0.782402;0.293047;0.153381
0.786709;0.300369;0.153381
0.794904;0.285725;0.160703
0.7989;0.293047;0.160703
0.802834;0.300369;0.160703
0.812167;0.285725;0.168025
0.815777;0.293047;0.168025
0.819335;0.300369;0.168025
0.813422;0.266818;0.172287
0.816927;0.274141;0.172287
0.820385;0.281463;0.172287
0.83227;0.266818;0.179609
0.83536;0.274141;0.179609
0.838413;0.281463;0.179609
0.851414;0.266818;0.186932
0.854087;0.274141;0.186932
0.85673;0.281463;0.186932
0.822376;0.285725;0.172287
0.82576;0.293047;0.172287
0.829097;0.300369;0.172287
0.840172;0.285725;0.179609
0.843163;0.293047;0.179609
0.846115;0.300369;0.179609
0.858255;0.285725;0.186932
0.86085;0.293047;0.186932
0.863414;0.300369;0.186932
0.849795;0.229006;0.191193
0.852329;0.236328;0.191193
0.854846;0.24365;0.191193
0.871643;0.229006;0.198516
0.873711;0.236328;0.198516
0.87577;0.24365;0.198516
0.893695;0.229006;0.205838
0.895295;0.236328;0.205838
0.896895;0.24365;0.205838
0.856303;0.247912;0.191193
0.858789;0.255234;0.191193
0.861253;0.262557;0.191193
0.876964;0.247912;0.198516
0.879006;0.255234;0.198516
0.881035;0.262557;0.198516
0.897825;0.247912;0.205838
0.899421;0.255234;0.205838
0.901013;0.262557;0.205838
0.906605;0.229006;0.2101
0.907933;0.236328;0.2101
0.909265;0.24365;0.2101
0.928893;0.229006;0.217422
0.929751;0.236328;0.217422
0.930622;0.24365;0.217422
0.951275;0.229006;0.224744
0.951663;0.236328;0.224744
0.952073;0.24365;0.224744
0.910041;0.247912;0.2101
0.911377;0.255234;0.2101
0.912714;0.262557;0.2101
0.931134;0.247912;0.217422
0.932023;0.255234;0.217422
0.93292;0.262557;0.217422
0.952321;0.247912;0.224744
0.952762;0.255234;0.224744
0.95322;0.262557;0.224744
0.862677;0.266818;0.191193
0.865105;0.274141;0.191193
0.867509;0.281463;0.191193
0.88221;0.266818;0.198516
0.884216;0.274141;0.198516
0.886206;0.281463;0.198516
0.901937;0.266818;0.205838
0.903519;0.274141;0.205838
0.905093;0.281463;0.205838
0.868896;0.285725;0.191193
0.871259;0.293047;0.191193
0.873596;0.300369;0.191193
0.887356;0.285725;0.198516
0.889318;0.293047;0.198516
0.891262;0.300369;0.198516
0.906005;0.285725;0.205838
0.907565;0.293047;0.205838
0.909114;0.300369;0.205838
0.913492;0.266818;0.2101
0.914826;0.274141;0.2101
0.916158;0.281463;0.2101
0.933446;0.266818;0.217422
0.934355;0.274141;0.217422
0.935269;0.281463;0.217422
0.953494;0.266818;0.224744
0.953977;0.274141;0.224744
0.954473;0.281463;0.224744
0.916931;0.285725;0.2101
0.918256;0.293047;0.2101
0.919575;0.300369;0.2101
0.935803;0.285725;0.217422
0.936723;0.293047;0.217422
0.937645;0.300369;0.217422
0.954768;0.285725;0.224744
0.955283;0.293047;0.224744
0.955808;0.300369;0.224744
0.965276;0.153381;0.229006
0.964973;0.160703;0.229006
0.964723;0.168025;0.229006
0.993083;0.153381;0.236328
0.992219;0.160703;0.236328
0.991417;0.168025;0.236328
1.02086;0.153381;0.24365
1.01944;0.160703;0.24365
1.01809;0.168025;0.24365
0.964601;0.172287;0.229006
0.964429;0.179609;0.229006
0.964303;0.186932;0.229006
0.990978;0.172287;0.236328
0.990269;0.179609;0.236328
0.989614;0.186932;0.236328
1.01733;0.172287;0.24365
1.01608;0.179609;0.24365
1.0149;0.186932;0.24365
1.037;0.153381;0.247912
1.03525;0.160703;0.247912
1.03358;0.168025;0.247912
1.06463;0.153381;0.255234
1.06233;0.160703;0.255234
1.06011;0.168025;0.255234
1.09212;0.153381;0.262557
1.08926;0.160703;0.262557
1.08649;0.168025;0.262557
1.03264;0.172287;0.247912
1.03108;0.179609;0.247912
1.02959;0.186932;0.247912
1.05885;0.172287;0.255234
1.05676;0.179609;0.255234
1.05475;0.186932;0.255234
1.08493;0.172287;0.262557
1.08231;0.179609;0.262557
1.07977;0.186932;0.262557
0.96425;0.191193;0.229006
0.96419;0.198516;0.229006
0.964169;0.205838;0.229006
0.989257;0.191193;0.236328
0.988683;0.198516;0.236328
0.988156;0.205838;0.236328
1.01424;0.191193;0.24365
1.01316;0.198516;0.24365
1.01212;0.205838;0.24365
0.964173;0.2101;0.229006
0.964208;0.217422;0.229006
0.964275;0.224744;0.229006
0.98787;0.2101;0.236328
0.987414;0.217422;0.236328
0.986998;0.224744;0.236328
1.01155;0.2101;0.24365
1.0106;0.217422;0.24365
1.00971;0.224744;0.24365
1.02876;0.191193;0.247912
1.02737;0.198516;0.247912
1.02605;0.205838;0.247912
1.05362;0.191193;0.255234
1.05172;0.198516;0.255234
1.0499;0.205838;0.255234
1.07834;0.191193;0.262557
1.07594;0.198516;0.262557
1.07362;0.205838;0.262557
1.02531;0.2101;0.247912
1.02408;0.217422;0.247912
1.0229;0.224744;0.247912
1.04887;0.2101;0.255234
1.04715;0.217422;0.255234
1.0455;0.224744;0.255234
1.0723;0.2101;0.262557
1.0701;0.217422;0.262557
1.06798;0.224744;0.262557
1.10802;0.153381;0.266818
1.10484;0.160703;0.266818
1.10176;0.168025;0.266818
1.13516;0.153381;0.274141
1.13143;0.160703;0.274141
1.12781;0.168025;0.274141
1.16202;0.153381;0.281463
1.15775;0.160703;0.281463
1.1536;0.168025;0.281463
1.10001;0.172287;0.266818
1.09709;0.179609;0.266818
1.09425;0.186932;0.266818
1.12576;0.172287;0.274141
1.12231;0.179609;0.274141
1.11896;0.186932;0.274141
1.15124;0.172287;0.281463
1.14727;0.179609;0.281463
1.14341;0.186932;0.281463
1.1775;0.153381;0.285725
1.17292;0.160703;0.285725
1.16846;0.168025;0.285725
1.20382;0.153381;0.293047
1.1987;0.160703;0.293047
1.19372;0.168025;0.293047
1.22973;0.153381;0.300369
1.22409;0.160703;0.300369
1.21859;0.168025;0.300369
1.16592;0.172287;0.285725
1.16166;0.179609;0.285725
1.15751;0.186932;0.285725
1.19089;0.172287;0.293047
1.18611;0.179609;0.293047
1.18146;0.186932;0.293047
1.21546;0.172287;0.300369
1.21019;0.179609;0.300369
1.20505;0.186932;0.300369
1.09265;0.191193;0.266818
1.08995;0.198516;0.266818
1.08734;0.205838;0.266818
1.11706;0.191193;0.274141
1.11387;0.198516;0.274141
1.11077;0.205838;0.274141
1.14122;0.191193;0.281463
1.13753;0.198516;0.281463
1.13395;0.205838;0.281463
1.08587;0.2101;0.266818
1.08339;0.217422;0.266818
1.08098;0.224744;0.266818
1.10901;0.2101;0.274141
1.10605;0.217422;0.274141
1.10318;0.224744;0.274141
1.13191;0.2101;0.281463
1.12848;0.217422;0.281463
1.12515;0.224744;0.281463
1.15515;0.191193;0.285725
1.15117;0.198516;0.285725
1.14731;0.205838;0.285725
1.17882;0.191193;0.293047
1.17436;0.198516;0.293047
1.17002;0.205838;0.293047
1.20212;0.191193;0.300369
1.19719;0.198516;0.300369
1.19238;0.205838;0.300369
1.14511;0.2101;0.285725
1.14141;0.217422;0.285725
1.13782;0.224744;0.285725
1.16755;0.2101;0.293047
1.16339;0.217422;0.293047
1.15934;0.224744;0.293047
1.18964;0.2101;0.300369
1.18503;0.217422;0.300369
1.18053;0.224744;0.300369
0.964329;0.229006;0.229006
0.964443;0.236328;0.229006
0.964584;0.24365;0.229006
0.986775;0.229006;0.236328
0.98642;0.236328;0.236328
0.986101;0.24365;0.236328
1.00921;0.229006;0.24365
1.00839;0.236328;0.24365
1.00761;0.24365;0.24365
0.964678;0.247912;0.229006
0.964859;0.255234;0.229006
0.965062;0.262557;0.229006
0.985932;0.247912;0.236328
0.985665;0.255234;0.236328
0.98543;0.262557;0.236328
1.00717;0.247912;0.24365
1.00646;0.255234;0.24365
1.00579;0.262557;0.24365
1.02224;0.229006;0.247912
1.02115;0.236328;0.247912
1.0201;0.24365;0.247912
1.04457;0.229006;0.255234
1.04301;0.236328;0.255234
1.04151;0.24365;0.255234
1.06677;0.229006;0.262557
1.06475;0.236328;0.262557
1.0628;0.24365;0.262557
1.01952;0.247912;0.247912
1.01855;0.255234;0.247912
1.01762;0.262557;0.247912
1.04066;0.247912;0.255234
1.03925;0.255234;0.255234
1.03789;0.262557;0.255234
1.0617;0.247912;0.262557
1.05985;0.255234;0.262557
1.05806;0.262557;0.262557
0.96519;0.266818;0.229006
0.965425;0.274141;0.229006
0.965678;0.281463;0.229006
0.985307;0.266818;0.236328
0.985116;0.274141;0.236328
0.984953;0.281463;0.236328
1.00542;0.266818;0.24365
1.0048;0.274141;0.24365
1.00422;0.281463;0.24365
0.965833;0.285725;0.229006
0.966113;0.293047;0.229006
0.966407;0.300369;0.229006
0.984869;0.285725;0.236328
0.984744;0.293047;0.236328
0.984642;0.300369;0.236328
1.0039;0.285725;0.24365
1.00337;0.293047;0.24365
1.00288;0.300369;0.24365
1.0171;0.266818;0.247912
1.01624;0.274141;0.247912
1.01542;0.281463;0.247912
1.03713;0.266818;0.255234
1.03585;0.274141;0.255234
1.03461;0.281463;0.255234
1.05704;0.266818;0.262557
1.05535;0.274141;0.262557
1.05371;0.281463;0.262557
1.01496;0.285725;0.247912
1.0142;0.293047;0.247912
1.01347;0.300369;0.247912
1.03392;0.285725;0.255234
1.03276;0.293047;0.255234
1.03164;0.300369;0.255234
1.05277;0.285725;0.262557
1.05122;0.293047;0.262557
1.04971;0.300369;0.262557
1.07962;0.229006;0.266818
1.07734;0.236328;0.266818
1.07513;0.24365;0.266818
1.10155;0.229006;0.274141
1.09882;0.236328;0.274141
1.09616;0.24365;0.274141
1.12326;0.229006;0.281463
1.12007;0.236328;0.281463
1.11697;0.24365;0.281463
1.07387;0.247912;0.266818
1.07177;0.255234;0.266818
1.06973;0.262557;0.266818
1.09465;0.247912;0.274141
1.09211;0.255234;0.274141
1.08965;0.262557;0.274141
1.11521;0.247912;0.281463
1.11225;0.255234;0.281463
1.10937;0.262557;0.281463
1.13577;0.229006;0.285725
1.13232;0.236328;0.285725
1.12897;0.24365;0.285725
1.15703;0.229006;0.293047
1.15315;0.236328;0.293047
1.14937;0.24365;0.293047
1.17797;0.229006;0.300369
1.17365;0.236328;0.300369
1.16945;0.24365;0.300369
1.12706;0.247912;0.285725
1.12386;0.255234;0.285725
1.12073;0.262557;0.285725
1.14721;0.247912;0.293047
1.14359;0.255234;0.293047
1.14005;0.262557;0.293047
1.16705;0.247912;0.300369
1.16301;0.255234;0.300369
1.15908;0.262557;0.300369
1.06857;0.266818;0.266818
1.06664;0.274141;0.266818
1.06476;0.281463;0.266818
1.08825;0.266818;0.274141
1.0859;0.274141;0.274141
1.08362;0.281463;0.274141
1.10773;0.266818;0.281463
1.10497;0.274141;0.281463
1.10229;0.281463;0.281463
1.06369;0.285725;0.266818
1.0619;0.293047;0.266818
1.06017;0.300369;0.266818
1.08232;0.285725;0.274141
1.08014;0.293047;0.274141
1.07803;0.300369;0.274141
1.10076;0.285725;0.281463
1.0982;0.293047;0.281463
1.0957;0.300369;0.281463
1.11896;0.266818;0.285725
1.11597;0.274141;0.285725
1.11306;0.281463;0.285725
1.13804;0.266818;0.293047
1.13465;0.274141;0.293047
1.13135;0.281463;0.293047
1.15683;0.266818;0.300369
1.15305;0.274141;0.300369
1.14937;0.281463;0.300369
1.1114;0.285725;0.285725
1.10861;0.293047;0.285725
1.1059;0.300369;0.285725
1.12947;0.285725;0.293047
1.12631;0.293047;0.293047
1.12322;0.300369;0.293047
1.14727;0.285725;0.300369
1.14373;0.293047;0.300369
1.14028;0.300369;0.300369
0.602709;0.304631;0.00213077
0.611426;0.311953;0.00213077
0.619952;0.319275;0.00213077
0.603476;0.304631;0.00945312
0.612173;0.311953;0.00945312
0.620679;0.319275;0.00945312
0.605209;0.304631;0.0167755
0.61386;0.311953;0.0167755
0.622321;0.319275;0.0167755
0.624827;0.323537;0.00213077
0.633059;0.330859;0.00213077
0.64111;0.338182;0.00213077
0.625543;0.323537;0.00945312
0.633756;0.330859;0.00945312
0.641789;0.338182;0.00945312
0.62716;0.323537;0.0167755
0.635331;0.330859;0.0167755
0.643323;0.338182;0.0167755
0.60666;0.304631;0.021037
0.615272;0.311953;0.021037
0.623697;0.319275;0.021037
0.609906;0.304631;0.0283594
0.618432;0.311953;0.0283594
0.626774;0.319275;0.0283594
0.614091;0.304631;0.0356817
0.622508;0.311953;0.0356817
0.630743;0.319275;0.0356817
0.628515;0.323537;0.021037
0.63665;0.330859;0.021037
0.644608;0.338182;0.021037
0.631545;0.323537;0.0283594
0.639602;0.330859;0.0283594
0.647484;0.338182;0.0283594
0.635454;0.323537;0.0356817
0.64341;0.330859;0.0356817
0.651194;0.338182;0.0356817
0.645714;0.342443;0.00213077
0.653488;0.349766;0.00213077
0.66109;0.357088;0.00213077
0.646383;0.342443;0.00945312
0.654139;0.349766;0.00945312
0.661725;0.357088;0.00945312
0.647894;0.342443;0.0167755
0.655612;0.349766;0.0167755
0.66316;0.357088;0.0167755
0.665438;0.36135;0.00213077
0.672779;0.368672;0.00213077
0.679958;0.375994;0.00213077
0.666063;0.36135;0.00945312
0.673388;0.368672;0.00945312
0.680553;0.375994;0.00945312
0.667477;0.36135;0.0167755
0.674767;0.368672;0.0167755
0.681896;0.375994;0.0167755
0.64916;0.342443;0.021037
0.656845;0.349766;0.021037
0.664362;0.357088;0.021037
0.651992;0.342443;0.0283594
0.659605;0.349766;0.0283594
0.667052;0.357088;0.0283594
0.655647;0.342443;0.0356817
0.663167;0.349766;0.0356817
0.670524;0.357088;0.0356817
0.668661;0.36135;0.021037
0.675921;0.368672;0.021037
0.683021;0.375994;0.021037
0.671312;0.36135;0.0283594
0.678504;0.368672;0.0283594
0.68554;0.375994;0.0283594
0.674733;0.36135;0.0356817
0.681839;0.368672;0.0356817
0.688792;0.375994;0.0356817
0.616954;0.304631;0.0399433
0.625295;0.311953;0.0399433
0.633458;0.319275;0.0399433
0.622591;0.304631;0.0472656
0.630786;0.311953;0.0472656
0.638807;0.319275;0.0472656
0.62912;0.304631;0.054588
0.637146;0.311953;0.054588
0.645003;0.319275;0.054588
0.638128;0.323537;0.0399433
0.646015;0.330859;0.0399433
0.653733;0.338182;0.0399433
0.643396;0.323537;0.0472656
0.651149;0.330859;0.0472656
0.658736;0.338182;0.0472656
0.6495;0.323537;0.054588
0.657097;0.330859;0.054588
0.664534;0.338182;0.054588
0.633319;0.304631;0.0588495
0.641238;0.311953;0.0588495
0.648991;0.319275;0.0588495
0.641206;0.304631;0.0661719
0.648923;0.311953;0.0661719
0.656482;0.319275;0.0661719
0.649915;0.304631;0.0734942
0.657412;0.311953;0.0734942
0.664757;0.319275;0.0734942
0.653428;0.323537;0.0588495
0.660926;0.330859;0.0588495
0.668266;0.338182;0.0588495
0.660808;0.323537;0.0661719
0.66812;0.330859;0.0661719
0.67528;0.338182;0.0661719
0.668963;0.323537;0.0734942
0.676072;0.330859;0.0734942
0.683034;0.338182;0.0734942
0.658148;0.342443;0.0399433
0.665604;0.349766;0.0399433
0.6729;0.357088;0.0399433
0.663077;0.342443;0.0472656
0.670409;0.349766;0.0472656
0.677584;0.357088;0.0472656
0.668789;0.342443;0.054588
0.675978;0.349766;0.054588
0.683014;0.357088;0.054588
0.677074;0.36135;0.0399433
0.684122;0.368672;0.0399433
0.691018;0.375994;0.0399433
0.681689;0.36135;0.0472656
0.688622;0.368672;0.0472656
0.695406;0.375994;0.0472656
0.687039;0.36135;0.054588
0.69384;0.368672;0.054588
0.700495;0.375994;0.054588
0.672467;0.342443;0.0588495
0.679564;0.349766;0.0588495
0.68651;0.357088;0.0588495
0.679379;0.342443;0.0661719
0.686304;0.349766;0.0661719
0.693083;0.357088;0.0661719
0.68702;0.342443;0.0734942
0.693756;0.349766;0.0734942
0.700353;0.357088;0.0734942
0.690485;0.36135;0.0588495
0.697201;0.368672;0.0588495
0.703773;0.375994;0.0588495
0.696964;0.36135;0.0661719
0.703519;0.368672;0.0661719
0.709937;0.375994;0.0661719
0.704129;0.36135;0.0734942
0.710509;0.368672;0.0734942
0.716757;0.375994;0.0734942
0.684064;0.380256;0.00213077
0.690996;0.387578;0.00213077
0.697776;0.3949;0.00213077
0.68465;0.380256;0.00945312
0.691567;0.387578;0.00945312
0.698333;0.3949;0.00945312
0.685973;0.380256;0.0167755
0.692858;0.387578;0.0167755
0.699591;0.3949;0.0167755
0.701653;0.399162;0.00213077
0.708199;0.406484;0.00213077
0.714601;0.413807;0.00213077
0.702202;0.399162;0.00945312
0.708734;0.406484;0.00945312
0.715123;0.413807;0.00945312
0.703442;0.399162;0.0167755
0.709944;0.406484;0.0167755
0.716304;0.413807;0.0167755
0.687082;0.380256;0.021037
0.693939;0.387578;0.021037
0.700646;0.3949;0.021037
0.689564;0.380256;0.0283594
0.69636;0.387578;0.0283594
0.703006;0.3949;0.0283594
0.692769;0.380256;0.0356817
0.699484;0.387578;0.0356817
0.706054;0.3949;0.0356817
0.704482;0.399162;0.021037
0.710958;0.406484;0.021037
0.717293;0.413807;0.021037
0.706808;0.399162;0.0283594
0.713227;0.406484;0.0283594
0.719506;0.413807;0.0283594
0.709812;0.399162;0.0356817
0.716158;0.406484;0.0356817
0.722365;0.413807;0.0356817
0.718263;0.418068;0.00213077
0.724444;0.425391;0.00213077
0.73049;0.432713;0.00213077
0.718777;0.418068;0.00945312
0.724946;0.425391;0.00945312
0.73098;0.432713;0.00945312
0.719941;0.418068;0.0167755
0.726081;0.425391;0.0167755
0.732088;0.432713;0.0167755
0.733948;0.436975;0.00213077
0.739785;0.444297;0.00213077
0.745495;0.451619;0.00213077
0.734431;0.436975;0.00945312
0.740256;0.444297;0.00945312
0.745954;0.451619;0.00945312
0.735522;0.436975;0.0167755
0.741322;0.444297;0.0167755
0.746994;0.451619;0.0167755
0.720915;0.418068;0.021037
0.727032;0.425391;0.021037
0.733015;0.432713;0.021037
0.723098;0.418068;0.0283594
0.729161;0.425391;0.0283594
0.735093;0.432713;0.0283594
0.725915;0.418068;0.0356817
0.731911;0.425391;0.0356817
0.737776;0.432713;0.0356817
0.736437;0.436975;0.021037
0.742214;0.444297;0.021037
0.747865;0.451619;0.021037
0.738485;0.436975;0.0283594
0.744213;0.444297;0.0283594
0.749816;0.451619;0.0283594
0.74113;0.436975;0.0356817
0.746794;0.444297;0.0356817
0.752335;0.451619;0.0356817
0.694962;0.380256;0.0399433
0.701624;0.387578;0.0399433
0.708141;0.3949;0.0399433
0.699287;0.380256;0.0472656
0.705842;0.387578;0.0472656
0.712255;0.3949;0.0472656
0.704303;0.380256;0.054588
0.710734;0.387578;0.054588
0.717028;0.3949;0.054588
0.711868;0.399162;0.0399433
0.718164;0.406484;0.0399433
0.724322;0.413807;0.0399433
0.715924;0.399162;0.0472656
0.72212;0.406484;0.0472656
0.728183;0.413807;0.0472656
0.720629;0.399162;0.054588
0.726711;0.406484;0.054588
0.732662;0.413807;0.054588
0.707534;0.380256;0.0588495
0.713886;0.387578;0.0588495
0.720103;0.3949;0.0588495
0.71361;0.380256;0.0661719
0.719814;0.387578;0.0661719
0.725887;0.3949;0.0661719
0.720332;0.380256;0.0734942
0.726374;0.387578;0.0734942
0.732288;0.3949;0.0734942
0.72366;0.399162;0.0588495
0.729669;0.406484;0.0588495
0.735548;0.413807;0.0588495
0.729362;0.399162;0.0661719
0.735233;0.406484;0.0661719
0.740978;0.413807;0.0661719
0.735673;0.399162;0.0734942
0.741392;0.406484;0.0734942
0.74699;0.413807;0.0734942
0.727845;0.418068;0.0399433
0.733793;0.425391;0.0399433
0.739613;0.432713;0.0399433
0.731651;0.418068;0.0472656
0.737507;0.425391;0.0472656
0.743237;0.432713;0.0472656
0.736066;0.418068;0.054588
0.741816;0.425391;0.054588
0.747442;0.432713;0.054588
0.742941;0.436975;0.0399433
0.748562;0.444297;0.0399433
0.75406;0.451619;0.0399433
0.746514;0.436975;0.0472656
0.752049;0.444297;0.0472656
0.757464;0.451619;0.0472656
0.750661;0.436975;0.054588
0.756097;0.444297;0.054588
0.761415;0.451619;0.054588
0.738912;0.418068;0.0588495
0.744594;0.425391;0.0588495
0.750153;0.432713;0.0588495
0.744266;0.418068;0.0661719
0.749819;0.425391;0.0661719
0.755254;0.432713;0.0661719
0.750193;0.418068;0.0734942
0.755605;0.425391;0.0734942
0.760902;0.432713;0.0734942
0.753334;0.436975;0.0588495
0.758705;0.444297;0.0588495
0.763962;0.451619;0.0588495
0.758363;0.436975;0.0661719
0.763615;0.444297;0.0661719
0.768755;0.451619;0.0661719
0.763932;0.436975;0.0734942
0.769052;0.444297;0.0734942
0.774063;0.451619;0.0734942
0.65535;0.304631;0.0777558
0.662712;0.311953;0.0777558
0.669925;0.319275;0.0777558
0.665299;0.304631;0.0850781
0.672413;0.311953;0.0850781
0.679386;0.319275;0.0850781
0.67599;0.304631;0.0924005
0.682841;0.311953;0.0924005
0.689558;0.319275;0.0924005
0.674055;0.323537;0.0777558
0.681037;0.330859;0.0777558
0.687877;0.338182;0.0777558
0.683379;0.323537;0.0850781
0.690132;0.330859;0.0850781
0.696749;0.338182;0.0850781
0.693406;0.323537;0.0924005
0.699914;0.330859;0.0924005
0.706293;0.338182;0.0924005
0.68254;0.304631;0.096662
0.689231;0.311953;0.096662
0.695793;0.319275;0.096662
0.694336;0.304631;0.103984
0.700742;0.311953;0.103984
0.707025;0.319275;0.103984
0.706785;0.304631;0.111307
0.712892;0.311953;0.111307
0.718885;0.319275;0.111307
0.699552;0.323537;0.096662
0.705911;0.330859;0.096662
0.712145;0.338182;0.096662
0.710626;0.323537;0.103984
0.716719;0.330859;0.103984
0.722693;0.338182;0.103984
0.722321;0.323537;0.111307
0.728135;0.330859;0.111307
0.733838;0.338182;0.111307
0.691793;0.342443;0.0777558
0.698412;0.349766;0.0777558
0.704895;0.357088;0.0777558
0.700538;0.342443;0.0850781
0.706944;0.349766;0.0850781
0.713219;0.357088;0.0850781
0.709946;0.342443;0.0924005
0.716124;0.349766;0.0924005
0.722178;0.357088;0.0924005
0.708606;0.36135;0.0777558
0.714878;0.368672;0.0777558
0.721019;0.375994;0.0777558
0.716812;0.36135;0.0850781
0.722885;0.368672;0.0850781
0.728833;0.375994;0.0850781
0.725645;0.36135;0.0924005
0.731506;0.368672;0.0924005
0.737247;0.375994;0.0924005
0.715716;0.342443;0.096662
0.721756;0.349766;0.096662
0.727674;0.357088;0.096662
0.726117;0.342443;0.103984
0.731907;0.349766;0.103984
0.737583;0.357088;0.103984
0.737106;0.342443;0.111307
0.742636;0.349766;0.111307
0.748058;0.357088;0.111307
0.731064;0.36135;0.096662
0.736795;0.368672;0.096662
0.74241;0.375994;0.096662
0.740835;0.36135;0.103984
0.746334;0.368672;0.103984
0.751723;0.375994;0.103984
0.751165;0.36135;0.111307
0.75642;0.368672;0.111307
0.761571;0.375994;0.111307
0.714317;0.304631;0.115568
0.720245;0.311953;0.115568
0.726064;0.319275;0.115568
0.727728;0.304631;0.122891
0.733339;0.311953;0.122891
0.738849;0.319275;0.122891
0.741699;0.304631;0.130213
0.746984;0.311953;0.130213
0.752175;0.319275;0.130213
0.7294;0.323537;0.115568
0.735046;0.330859;0.115568
0.740586;0.338182;0.115568
0.742009;0.323537;0.122891
0.747359;0.330859;0.122891
0.75261;0.338182;0.122891
0.755154;0.323537;0.130213
0.760197;0.330859;0.130213
0.765149;0.338182;0.130213
0.750073;0.304631;0.134475
0.755165;0.311953;0.134475
0.760166;0.319275;0.134475
0.764857;0.304631;0.141797
0.769608;0.311953;0.141797
0.774277;0.319275;0.141797
0.780107;0.304631;0.149119
0.78451;0.311953;0.149119
0.788839;0.319275;0.149119
0.763036;0.323537;0.134475
0.767898;0.330859;0.134475
0.772671;0.338182;0.134475
0.776957;0.323537;0.141797
0.781499;0.330859;0.141797
0.785959;0.338182;0.141797
0.791325;0.323537;0.149119
0.795539;0.330859;0.149119
0.799679;0.338182;0.149119
0.743761;0.342443;0.115568
0.749134;0.349766;0.115568
0.754403;0.357088;0.115568
0.75562;0.342443;0.122891
0.760715;0.349766;0.122891
0.765714;0.357088;0.122891
0.767989;0.342443;0.130213
0.772796;0.349766;0.130213
0.777514;0.357088;0.130213
0.757423;0.36135;0.115568
0.762531;0.368672;0.115568
0.767539;0.375994;0.115568
0.768579;0.36135;0.122891
0.773426;0.368672;0.122891
0.77818;0.375994;0.122891
0.780219;0.36135;0.130213
0.784797;0.368672;0.130213
0.789288;0.375994;0.130213
0.775409;0.342443;0.134475
0.780045;0.349766;0.134475
0.784596;0.357088;0.134475
0.788519;0.342443;0.141797
0.792854;0.349766;0.141797
0.79711;0.357088;0.141797
0.802055;0.342443;0.149119
0.806082;0.349766;0.149119
0.810037;0.357088;0.149119
0.787205;0.36135;0.134475
0.791622;0.368672;0.134475
0.795955;0.375994;0.134475
0.799552;0.36135;0.141797
0.803685;0.368672;0.141797
0.807742;0.375994;0.141797
0.812306;0.36135;0.149119
0.816149;0.368672;0.149119
0.819922;0.375994;0.149119
0.724535;0.380256;0.0777558
0.730475;0.387578;0.0777558
0.736291;0.3949;0.0777558
0.732239;0.380256;0.0850781
0.737994;0.387578;0.0850781
0.743629;0.3949;0.0850781
0.740534;0.380256;0.0924005
0.746091;0.387578;0.0924005
0.751534;0.3949;0.0924005
0.739619;0.399162;0.0777558
0.745243;0.406484;0.0777558
0.750749;0.413807;0.0777558
0.746855;0.399162;0.0850781
0.752307;0.406484;0.0850781
0.757645;0.413807;0.0850781
0.75465;0.399162;0.0924005
0.759917;0.406484;0.0924005
0.765074;0.413807;0.0924005
0.745626;0.380256;0.096662
0.751062;0.387578;0.096662
0.756387;0.3949;0.096662
0.75481;0.380256;0.103984
0.760028;0.387578;0.103984
0.765142;0.3949;0.103984
0.764522;0.380256;0.111307
0.769513;0.387578;0.111307
0.774404;0.3949;0.111307
0.759436;0.399162;0.096662
0.764589;0.406484;0.096662
0.769636;0.413807;0.096662
0.76807;0.399162;0.103984
0.77302;0.406484;0.103984
0.777869;0.413807;0.103984
0.777205;0.399162;0.111307
0.781941;0.406484;0.111307
0.786582;0.413807;0.111307
0.7539;0.418068;0.0777558
0.759223;0.425391;0.0777558
0.764434;0.432713;0.0777558
0.7607;0.418068;0.0850781
0.765862;0.425391;0.0850781
0.770916;0.432713;0.0850781
0.768026;0.418068;0.0924005
0.773016;0.425391;0.0924005
0.777901;0.432713;0.0924005
0.767416;0.436975;0.0777558
0.772454;0.444297;0.0777558
0.777384;0.451619;0.0777558
0.773808;0.436975;0.0850781
0.778695;0.444297;0.0850781
0.783478;0.451619;0.0850781
0.780697;0.436975;0.0924005
0.785422;0.444297;0.0924005
0.790048;0.451619;0.0924005
0.772526;0.418068;0.096662
0.777409;0.425391;0.096662
0.782191;0.432713;0.096662
0.780646;0.418068;0.103984
0.785339;0.425391;0.103984
0.789936;0.432713;0.103984
0.78924;0.418068;0.111307
0.793733;0.425391;0.111307
0.798134;0.432713;0.111307
0.784929;0.436975;0.096662
0.789554;0.444297;0.096662
0.794084;0.451619;0.096662
0.792567;0.436975;0.103984
0.797015;0.444297;0.103984
0.801371;0.451619;0.103984
0.800654;0.436975;0.111307
0.804914;0.444297;0.111307
0.809087;0.451619;0.111307
0.770408;0.380256;0.115568
0.775261;0.387578;0.115568
0.780018;0.3949;0.115568
0.780905;0.380256;0.122891
0.785513;0.387578;0.122891
0.790032;0.3949;0.122891
0.791862;0.380256;0.130213
0.796217;0.387578;0.130213
0.800488;0.3949;0.130213
0.782742;0.399162;0.115568
0.78735;0.406484;0.115568
0.791865;0.413807;0.115568
0.79262;0.399162;0.122891
0.796999;0.406484;0.122891
0.80129;0.413807;0.122891
0.802936;0.399162;0.130213
0.807076;0.406484;0.130213
0.811136;0.413807;0.130213
0.79844;0.380256;0.134475
0.802644;0.387578;0.134475
0.806767;0.3949;0.134475
0.810069;0.380256;0.141797
0.814006;0.387578;0.141797
0.81787;0.3949;0.141797
0.822086;0.380256;0.149119
0.82575;0.387578;0.149119
0.829346;0.3949;0.149119
0.80913;0.399162;0.134475
0.813128;0.406484;0.134475
0.817049;0.413807;0.134475
0.820084;0.399162;0.141797
0.823832;0.406484;0.141797
0.827508;0.413807;0.141797
0.831408;0.399162;0.149119
0.834899;0.406484;0.149119
0.838323;0.413807;0.149119
0.794451;0.418068;0.115568
0.798823;0.425391;0.115568
0.803106;0.432713;0.115568
0.803749;0.418068;0.122891
0.807906;0.425391;0.122891
0.811979;0.432713;0.122891
0.813461;0.418068;0.130213
0.817395;0.425391;0.130213
0.821251;0.432713;0.130213
0.805559;0.436975;0.115568
0.809706;0.444297;0.115568
0.813768;0.451619;0.115568
0.814312;0.436975;0.122891
0.818257;0.444297;0.122891
0.822122;0.451619;0.122891
0.823459;0.436975;0.130213
0.827194;0.444297;0.130213
0.830854;0.451619;0.130213
0.819295;0.418068;0.134475
0.823095;0.425391;0.134475
0.826821;0.432713;0.134475
0.829615;0.418068;0.141797
0.833179;0.425391;0.141797
0.836675;0.432713;0.141797
0.840286;0.418068;0.149119
0.843608;0.425391;0.149119
0.846867;0.432713;0.149119
0.828955;0.436975;0.134475
0.832564;0.444297;0.134475
0.836102;0.451619;0.134475
0.838677;0.436975;0.141797
0.842065;0.444297;0.141797
0.845387;0.451619;0.141797
0.848734;0.436975;0.149119
0.851894;0.444297;0.149119
0.854993;0.451619;0.149119
0.74876;0.455881;0.00213077
0.754272;0.463203;0.00213077
0.759664;0.470525;0.00213077
0.749213;0.455881;0.00945312
0.754715;0.463203;0.00945312
0.760095;0.470525;0.00945312
0.750238;0.455881;0.0167755
0.755715;0.463203;0.0167755
0.761072;0.470525;0.0167755
0.762747;0.474787;0.00213077
0.767952;0.482109;0.00213077
0.773044;0.489432;0.00213077
0.763173;0.474787;0.00945312
0.768368;0.482109;0.00945312
0.77345;0.489432;0.00945312
0.764136;0.474787;0.0167755
0.769308;0.482109;0.0167755
0.774367;0.489432;0.0167755
0.751097;0.455881;0.021037
0.756553;0.463203;0.021037
0.76189;0.470525;0.021037
0.75302;0.455881;0.0283594
0.75843;0.463203;0.0283594
0.763723;0.470525;0.0283594
0.755504;0.455881;0.0356817
0.760855;0.463203;0.0356817
0.766089;0.470525;0.0356817
0.764942;0.474787;0.021037
0.770096;0.482109;0.021037
0.775136;0.489432;0.021037
0.766749;0.474787;0.0283594
0.77186;0.482109;0.0283594
0.776858;0.489432;0.0283594
0.769083;0.474787;0.0356817
0.774138;0.482109;0.0356817
0.779083;0.489432;0.0356817
0.77515;0.492509;0.00213077
0.777355;0.495761;0.00213077
0.779538;0.499013;0.00213077
0.775541;0.492493;0.00945312
0.777706;0.495692;0.00945312
0.779849;0.49889;0.00945312
0.776439;0.492478;0.0167755
0.778558;0.495623;0.0167755
0.780657;0.498767;0.0167755
0.777188;0.492459;0.021037
0.779258;0.495542;0.021037
0.781308;0.498624;0.021037
0.778862;0.492413;0.0283594
0.780808;0.495334;0.0283594
0.782737;0.498255;0.0283594
0.781034;0.492366;0.0356817
0.782853;0.495126;0.0356817
0.784658;0.497886;0.0356817
0.757205;0.455881;0.0399433
0.762515;0.463203;0.0399433
0.76771;0.470525;0.0399433
0.760561;0.455881;0.0472656
0.765792;0.463203;0.0472656
0.770909;0.470525;0.0472656
0.764457;0.455881;0.054588
0.769595;0.463203;0.054588
0.774622;0.470525;0.054588
0.770681;0.474787;0.0399433
0.775699;0.482109;0.0399433
0.780606;0.489432;0.0399433
0.773835;0.474787;0.0472656
0.778778;0.482109;0.0472656
0.783613;0.489432;0.0472656
0.777497;0.474787;0.054588
0.782353;0.482109;0.054588
0.787104;0.489432;0.054588
0.766968;0.455881;0.0588495
0.772047;0.463203;0.0588495
0.777015;0.470525;0.0588495
0.771695;0.455881;0.0661719
0.776661;0.463203;0.0661719
0.781521;0.470525;0.0661719
0.77693;0.455881;0.0734942
0.781773;0.463203;0.0734942
0.786512;0.470525;0.0734942
0.779858;0.474787;0.0588495
0.784658;0.482109;0.0588495
0.789354;0.489432;0.0588495
0.784301;0.474787;0.0661719
0.788997;0.482109;0.0661719
0.793592;0.489432;0.0661719
0.789224;0.474787;0.0734942
0.793804;0.482109;0.0734942
0.798286;0.489432;0.0734942
0.782519;0.492329;0.0399433
0.784243;0.494964;0.0399433
0.785954;0.497599;0.0399433
0.785446;0.492251;0.0472656
0.786973;0.494617;0.0472656
0.788489;0.496983;0.0472656
0.788855;0.492172;0.054588
0.790185;0.494269;0.054588
0.791507;0.496365;0.054588
0.791052;0.492118;0.0588495
0.792249;0.494025;0.0588495
0.793439;0.495933;0.0588495
0.795184;0.492008;0.0661719
0.796124;0.493537;0.0661719
0.79706;0.495067;0.0661719
0.799774;0.491897;0.0734942
0.800464;0.493048;0.0734942
0.801152;0.494198;0.0734942
0.780205;0.455881;0.0777558
0.784971;0.463203;0.0777558
0.789636;0.470525;0.0777558
0.786216;0.455881;0.0850781
0.790841;0.463203;0.0850781
0.795368;0.470525;0.0850781
0.792696;0.455881;0.0924005
0.797169;0.463203;0.0924005
0.801548;0.470525;0.0924005
0.792026;0.474787;0.0773793
0.796541;0.482109;0.0773793
0.800959;0.489432;0.0773793
0.796629;0.474787;0.0834081
0.801036;0.482109;0.0834081
0.805349;0.489432;0.0834081
0.801535;0.474787;0.0894368
0.805827;0.482109;0.0894368
0.810029;0.489432;0.0894368
0.803335;0.47478;0.0915676
0.807571;0.482077;0.0915676
0.811718;0.489374;0.0915676
0.804434;0.474754;0.0928612
0.808595;0.481964;0.0928612
0.812669;0.489174;0.0928612
0.805546;0.474729;0.0941548
0.809632;0.481852;0.0941548
0.813634;0.488975;0.0941548
0.796676;0.455881;0.096662
0.801057;0.463203;0.096662
0.805346;0.470525;0.096662
0.803864;0.455881;0.103984
0.808078;0.463203;0.103984
0.812204;0.470525;0.103984
0.811476;0.455881;0.111307
0.815513;0.463203;0.111307
0.819468;0.470525;0.111307
0.807734;0.474671;0.096662
0.811659;0.481594;0.096662
0.815505;0.488517;0.096662
0.814405;0.474496;0.103984
0.817858;0.480817;0.103984
0.821249;0.487139;0.103984
0.821484;0.47432;0.111307
0.824481;0.480036;0.111307
0.82743;0.485752;0.111307
0.802386;0.491831;0.0773793
0.802932;0.492754;0.0773793
0.803477;0.493677;0.0773793
0.806675;0.491714;0.0834081
0.806976;0.492235;0.0834081
0.807277;0.492756;0.0834081
0.811254;0.491597;0.0894368
0.811321;0.491714;0.0894368
0.811387;0.491832;0.0894368
0.816093;0.455881;0.115568
0.820024;0.463203;0.115568
0.823875;0.470525;0.115568
0.824336;0.455881;0.122891
0.828077;0.463203;0.122891
0.831743;0.470525;0.122891
0.832951;0.455881;0.130213
0.836495;0.463203;0.130213
0.839968;0.470525;0.130213
0.825781;0.474208;0.115568
0.828506;0.479539;0.115568
0.831189;0.484871;0.115568
0.833455;0.473999;0.122891
0.835705;0.478614;0.122891
0.837925;0.483228;0.122891
0.841493;0.473789;0.130213
0.843294;0.477681;0.130213
0.845075;0.481573;0.130213
0.838128;0.455881;0.134475
0.841554;0.463203;0.134475
0.844912;0.470525;0.134475
0.847289;0.455881;0.141797
0.850507;0.463203;0.141797
0.853662;0.470525;0.141797
0.856768;0.455881;0.149119
0.859772;0.463203;0.149119
0.862716;0.470525;0.149119
0.846327;0.473657;0.134475
0.847867;0.477096;0.134475
0.849393;0.480536;0.134475
0.854888;0.473414;0.141797
0.855986;0.476018;0.141797
0.857076;0.478622;0.141797
0.863765;0.473169;0.149119
0.86446;0.474931;0.149119
0.865151;0.476693;0.149119
0.789183;0.304631;0.153381
0.79338;0.311953;0.153381
0.797508;0.319275;0.153381
0.805096;0.304631;0.160703
0.808935;0.311953;0.160703
0.812712;0.319275;0.160703
0.821382;0.304631;0.168025
0.824856;0.311953;0.168025
0.828277;0.319275;0.168025
0.799879;0.323537;0.153381
0.803898;0.330859;0.153381
0.807849;0.338182;0.153381
0.814883;0.323537;0.160703
0.818564;0.330859;0.160703
0.822184;0.338182;0.160703
0.830244;0.323537;0.168025
0.833581;0.330859;0.168025
0.836864;0.338182;0.168025
0.831016;0.304631;0.172287
0.834276;0.311953;0.172287
0.837488;0.319275;0.172287
0.847815;0.304631;0.179609
0.850703;0.311953;0.179609
0.853551;0.319275;0.179609
0.864891;0.304631;0.186932
0.867404;0.311953;0.186932
0.869885;0.319275;0.186932
0.839334;0.323537;0.172287
0.842469;0.330859;0.172287
0.845554;0.338182;0.172287
0.85519;0.323537;0.179609
0.857972;0.330859;0.179609
0.860714;0.338182;0.179609
0.871313;0.323537;0.186932
0.87374;0.330859;0.186932
0.876134;0.338182;0.186932
0.810117;0.342443;0.153381
0.813961;0.349766;0.153381
0.817737;0.357088;0.153381
0.824263;0.342443;0.160703
0.827787;0.349766;0.160703
0.831251;0.357088;0.160703
0.838751;0.342443;0.168025
0.84195;0.349766;0.168025
0.845097;0.357088;0.168025
0.819904;0.36135;0.153381
0.823574;0.368672;0.153381
0.827179;0.375994;0.153381
0.83324;0.36135;0.160703
0.836609;0.368672;0.160703
0.83992;0.375994;0.160703
0.846904;0.36135;0.168025
0.849967;0.368672;0.168025
0.852978;0.375994;0.168025
0.847327;0.342443;0.172287
0.850335;0.349766;0.172287
0.853295;0.357088;0.172287
0.86229;0.342443;0.179609
0.864966;0.349766;0.179609
0.8676;0.357088;0.179609
0.877511;0.342443;0.186932
0.87985;0.349766;0.186932
0.882156;0.357088;0.186932
0.854995;0.36135;0.172287
0.857877;0.368672;0.172287
0.860711;0.375994;0.172287
0.869114;0.36135;0.179609
0.871683;0.368672;0.179609
0.87421;0.375994;0.179609
0.883481;0.36135;0.186932
0.885732;0.368672;0.186932
0.887948;0.375994;0.186932
0.874943;0.304631;0.191193
0.877236;0.311953;0.191193
0.879501;0.319275;0.191193
0.892385;0.304631;0.198516
0.894298;0.311953;0.198516
0.89619;0.319275;0.198516
0.91001;0.304631;0.205838
0.911541;0.311953;0.205838
0.913059;0.319275;0.205838
0.880806;0.323537;0.191193
0.883025;0.330859;0.191193
0.885214;0.338182;0.191193
0.897282;0.323537;0.198516
0.899141;0.330859;0.198516
0.900978;0.338182;0.198516
0.913937;0.323537;0.205838
0.915433;0.330859;0.205838
0.916915;0.338182;0.205838
0.920339;0.304631;0.2101
0.921647;0.311953;0.2101
0.922946;0.319275;0.2101
0.938183;0.304631;0.217422
0.939106;0.311953;0.217422
0.940029;0.319275;0.217422
0.956118;0.304631;0.224744
0.956657;0.311953;0.224744
0.957203;0.319275;0.224744
0.923698;0.323537;0.2101
0.924983;0.330859;0.2101
0.926258;0.338182;0.2101
0.940566;0.323537;0.217422
0.941486;0.330859;0.217422
0.942404;0.338182;0.217422
0.957524;0.323537;0.224744
0.958079;0.330859;0.224744
0.958639;0.338182;0.224744
0.886475;0.342443;0.191193
0.888617;0.349766;0.191193
0.890729;0.357088;0.191193
0.902036;0.342443;0.198516
0.903838;0.349766;0.198516
0.905616;0.357088;0.198516
0.917771;0.342443;0.205838
0.919229;0.349766;0.205838
0.920671;0.357088;0.205838
0.891945;0.36135;0.191193
0.894009;0.368672;0.191193
0.896042;0.375994;0.191193
0.90664;0.36135;0.198516
0.908382;0.368672;0.198516
0.910099;0.375994;0.198516
0.921503;0.36135;0.205838
0.92292;0.368672;0.205838
0.924319;0.375994;0.205838
0.926995;0.342443;0.2101
0.928252;0.349766;0.2101
0.929498;0.357088;0.2101
0.942937;0.342443;0.217422
0.943849;0.349766;0.217422
0.944756;0.357088;0.217422
0.958967;0.342443;0.224744
0.959533;0.349766;0.224744
0.960101;0.357088;0.224744
0.930218;0.36135;0.2101
0.931444;0.368672;0.2101
0.932658;0.375994;0.2101
0.945282;0.36135;0.217422
0.946181;0.368672;0.217422
0.947074;0.375994;0.217422
0.960433;0.36135;0.224744
0.961004;0.368672;0.224744
0.961576;0.375994;0.224744
0.829247;0.380256;0.153381
0.832749;0.387578;0.153381
0.836187;0.3949;0.153381
0.84182;0.380256;0.160703
0.845038;0.387578;0.160703
0.848198;0.3949;0.160703
0.854706;0.380256;0.168025
0.857635;0.387578;0.168025
0.860513;0.3949;0.168025
0.838158;0.399162;0.153381
0.841496;0.406484;0.153381
0.844771;0.413807;0.153381
0.850011;0.399162;0.160703
0.853082;0.406484;0.160703
0.856096;0.413807;0.160703
0.862164;0.399162;0.168025
0.864962;0.406484;0.168025
0.867709;0.413807;0.168025
0.862339;0.380256;0.172287
0.865097;0.387578;0.172287
0.867808;0.3949;0.172287
0.875662;0.380256;0.179609
0.878123;0.387578;0.179609
0.880544;0.3949;0.179609
0.889222;0.380256;0.186932
0.891384;0.387578;0.186932
0.893511;0.3949;0.186932
0.869364;0.399162;0.172287
0.872001;0.406484;0.172287
0.874591;0.413807;0.172287
0.881935;0.399162;0.179609
0.884291;0.406484;0.179609
0.886608;0.413807;0.179609
0.894733;0.399162;0.186932
0.896806;0.406484;0.186932
0.898844;0.413807;0.186932
0.846649;0.418068;0.153381
0.849827;0.425391;0.153381
0.852945;0.432713;0.153381
0.857824;0.418068;0.160703
0.860751;0.425391;0.160703
0.863622;0.432713;0.160703
0.869286;0.418068;0.168025
0.871955;0.425391;0.168025
0.874575;0.432713;0.168025
0.854732;0.436975;0.153381
0.857756;0.444297;0.153381
0.860722;0.451619;0.153381
0.865269;0.436975;0.160703
0.868056;0.444297;0.160703
0.87079;0.451619;0.160703
0.876078;0.436975;0.168025
0.878623;0.444297;0.168025
0.88112;0.451619;0.168025
0.876077;0.418068;0.172287
0.878594;0.425391;0.172287
0.881067;0.432713;0.172287
0.887937;0.418068;0.179609
0.89019;0.425391;0.179609
0.892404;0.432713;0.179609
0.900015;0.418068;0.186932
0.902;0.425391;0.186932
0.903952;0.432713;0.186932
0.882485;0.436975;0.172287
0.884886;0.444297;0.172287
0.887243;0.451619;0.172287
0.893674;0.436975;0.179609
0.895826;0.444297;0.179609
0.89794;0.451619;0.179609
0.905072;0.436975;0.186932
0.906971;0.444297;0.186932
0.908837;0.451619;0.186932
0.897212;0.380256;0.191193
0.899197;0.387578;0.191193
0.901152;0.3949;0.191193
0.911088;0.380256;0.198516
0.912768;0.387578;0.198516
0.914424;0.3949;0.198516
0.925126;0.380256;0.205838
0.926498;0.387578;0.205838
0.927853;0.3949;0.205838
0.902275;0.399162;0.191193
0.904181;0.406484;0.191193
0.906057;0.413807;0.191193
0.915376;0.399162;0.198516
0.916994;0.406484;0.198516
0.918587;0.413807;0.198516
0.928633;0.399162;0.205838
0.92996;0.406484;0.205838
0.931269;0.413807;0.205838
0.933358;0.380256;0.2101
0.934551;0.387578;0.2101
0.93573;0.3949;0.2101
0.947591;0.380256;0.217422
0.948474;0.387578;0.217422
0.949349;0.3949;0.217422
0.961909;0.380256;0.224744
0.962481;0.387578;0.224744
0.963052;0.3949;0.224744
0.936409;0.399162;0.2101
0.937566;0.406484;0.2101
0.938708;0.413807;0.2101
0.949855;0.399162;0.217422
0.950718;0.406484;0.217422
0.951573;0.413807;0.217422
0.963384;0.399162;0.224744
0.963953;0.406484;0.224744
0.96452;0.413807;0.224744
0.907134;0.418068;0.191193
0.908962;0.425391;0.191193
0.91076;0.432713;0.191193
0.919503;0.418068;0.198516
0.921058;0.425391;0.198516
0.922589;0.432713;0.198516
0.932022;0.418068;0.205838
0.933302;0.425391;0.205838
0.934563;0.432713;0.205838
0.911792;0.436975;0.191193
0.913542;0.444297;0.191193
0.915263;0.451619;0.191193
0.923469;0.436975;0.198516
0.924961;0.444297;0.198516
0.92643;0.451619;0.198516
0.935289;0.436975;0.205838
0.936522;0.444297;0.205838
0.937736;0.451619;0.205838
0.939366;0.418068;0.2101
0.940485;0.425391;0.2101
0.941589;0.432713;0.2101
0.952067;0.418068;0.217422
0.952908;0.425391;0.217422
0.953741;0.432713;0.217422
0.964849;0.418068;0.224744
0.965411;0.425391;0.224744
0.965971;0.432713;0.224744
0.939118;0.436975;0.208193
0.940266;0.444297;0.208193
0.941398;0.451619;0.208193
0.940374;0.436975;0.208965
0.941495;0.444297;0.208965
0.9426;0.451619;0.208965
0.941632;0.436975;0.209736
0.942725;0.444297;0.209736
0.943803;0.451619;0.209736
0.945097;0.436872;0.211867
0.946066;0.443841;0.211867
0.947022;0.45081;0.211867
0.95581;0.436516;0.218418
0.956425;0.442261;0.218418
0.957034;0.448006;0.218418
0.966606;0.436155;0.224969
0.966942;0.440663;0.224969
0.967278;0.44517;0.224969
0.966584;0.304631;0.229006
0.966899;0.311953;0.229006
0.967226;0.319275;0.229006
0.984592;0.304631;0.236328
0.984523;0.311953;0.236328
0.984474;0.319275;0.236328
1.0026;0.304631;0.24365
1.00215;0.311953;0.24365
1.00172;0.319275;0.24365
0.967421;0.323537;0.229006
0.967764;0.330859;0.229006
0.968116;0.338182;0.229006
0.984453;0.323537;0.236328
0.984431;0.330859;0.236328
0.984426;0.338182;0.236328
1.00149;0.323537;0.24365
1.0011;0.330859;0.24365
1.00074;0.338182;0.24365
1.01307;0.304631;0.247912
1.01239;0.311953;0.247912
1.01175;0.319275;0.247912
1.03101;0.304631;0.255234
1.02995;0.311953;0.255234
1.02894;0.319275;0.255234
1.04885;0.304631;0.262557
1.04742;0.311953;0.262557
1.04604;0.319275;0.262557
1.01139;0.323537;0.247912
1.01079;0.330859;0.247912
1.01023;0.338182;0.247912
1.02836;0.323537;0.255234
1.02741;0.330859;0.255234
1.02648;0.338182;0.255234
1.04525;0.323537;0.262557
1.04394;0.330859;0.262557
1.04266;0.338182;0.262557
0.968325;0.342443;0.229006
0.968689;0.349766;0.229006
0.96906;0.357088;0.229006
0.98443;0.342443;0.236328
0.984448;0.349766;0.236328
0.984481;0.357088;0.236328
1.00054;0.342443;0.24365
1.00021;0.349766;0.24365
0.999908;0.357088;0.24365
0.969279;0.36135;0.229006
0.969659;0.368672;0.229006
0.970044;0.375994;0.229006
0.984505;0.36135;0.236328
0.984557;0.368672;0.236328
0.984621;0.375994;0.236328
0.99974;0.36135;0.24365
0.999464;0.368672;0.24365
0.999207;0.375994;0.24365
1.00991;0.342443;0.247912
1.00938;0.349766;0.247912
1.00888;0.357088;0.247912
1.02596;0.342443;0.255234
1.02509;0.349766;0.255234
1.02426;0.357088;0.255234
1.04194;0.342443;0.262557
1.04073;0.349766;0.262557
1.03956;0.357088;0.262557
1.0086;0.36135;0.247912
1.00813;0.368672;0.247912
1.00769;0.375994;0.247912
1.02378;0.36135;0.255234
1.02299;0.368672;0.255234
1.02223;0.375994;0.255234
1.0389;0.36135;0.262557
1.03779;0.368672;0.262557
1.03671;0.375994;0.262557
1.05919;0.304631;0.266818
1.05754;0.311953;0.266818
1.05594;0.319275;0.266818
1.07682;0.304631;0.274141
1.0748;0.311953;0.274141
1.07284;0.319275;0.274141
1.09428;0.304631;0.281463
1.0919;0.311953;0.281463
1.08957;0.319275;0.281463
1.05503;0.323537;0.266818
1.05351;0.330859;0.266818
1.05203;0.338182;0.266818
1.07172;0.323537;0.274141
1.06985;0.330859;0.274141
1.06803;0.338182;0.274141
1.08825;0.323537;0.281463
1.08603;0.330859;0.281463
1.08386;0.338182;0.281463
1.10435;0.304631;0.285725
1.10175;0.311953;0.285725
1.09922;0.319275;0.285725
1.12146;0.304631;0.293047
1.11851;0.311953;0.293047
1.11562;0.319275;0.293047
1.13832;0.304631;0.300369
1.135;0.311953;0.300369
1.13178;0.319275;0.300369
1.09778;0.323537;0.285725
1.09536;0.330859;0.285725
1.09299;0.338182;0.285725
1.11398;0.323537;0.293047
1.11121;0.330859;0.293047
1.10852;0.338182;0.293047
1.12993;0.323537;0.300369
1.12683;0.330859;0.300369
1.12381;0.338182;0.300369
1.05119;0.342443;0.266818
1.04979;0.349766;0.266818
1.04843;0.357088;0.266818
1.06699;0.342443;0.274141
1.06525;0.349766;0.274141
1.06356;0.357088;0.274141
1.08263;0.342443;0.281463
1.08056;0.349766;0.281463
1.07854;0.357088;0.281463
1.04765;0.36135;0.266818
1.04635;0.368672;0.266818
1.04509;0.375994;0.266818
1.0626;0.36135;0.274141
1.06098;0.368672;0.274141
1.05941;0.375994;0.274141
1.07739;0.36135;0.281463
1.07546;0.368672;0.281463
1.07358;0.375994;0.281463
1.09165;0.342443;0.285725
1.08939;0.349766;0.285725
1.08718;0.357088;0.285725
1.10698;0.342443;0.293047
1.1044;0.349766;0.293047
1.10188;0.357088;0.293047
1.12208;0.342443;0.300369
1.11918;0.349766;0.300369
1.11635;0.357088;0.300369
1.08593;0.36135;0.285725
1.08382;0.368672;0.285725
1.08176;0.375994;0.285725
1.10044;0.36135;0.293047
1.09802;0.368672;0.293047
1.09566;0.375994;0.293047
1.11473;0.36135;0.300369
1.11201;0.368672;0.300369
1.10935;0.375994;0.300369
0.97027;0.380256;0.229006
0.97066;0.387578;0.229006
0.971054;0.3949;0.229006
0.984663;0.380256;0.236328
0.984743;0.387578;0.236328
0.984832;0.3949;0.236328
0.999066;0.380256;0.24365
0.998836;0.387578;0.24365
0.998621;0.3949;0.24365
0.971285;0.399162;0.229006
0.971682;0.406484;0.229006
0.972081;0.413807;0.229006
0.984888;0.399162;0.236328
0.984991;0.406484;0.236328
0.985102;0.413807;0.236328
0.998504;0.399162;0.24365
0.998313;0.406484;0.24365
0.998136;0.413807;0.24365
1.00744;0.380256;0.247912
1.00703;0.387578;0.247912
1.00664;0.3949;0.247912
1.0218;0.380256;0.255234
1.02108;0.387578;0.255234
1.02039;0.3949;0.255234
1.0361;0.380256;0.262557
1.03507;0.387578;0.262557
1.03408;0.3949;0.262557
1.00642;0.399162;0.247912
1.00606;0.406484;0.247912
1.00572;0.413807;0.247912
1.02;0.399162;0.255234
1.01935;0.406484;0.255234
1.01872;0.413807;0.255234
1.03352;0.399162;0.262557
1.03257;0.406484;0.262557
1.03166;0.413807;0.262557
0.972314;0.418068;0.229006
0.972715;0.425391;0.229006
0.973116;0.432713;0.229006
0.98517;0.418068;0.236328
0.985292;0.425391;0.236328
0.98542;0.432713;0.236328
0.998039;0.418068;0.24365
0.997882;0.425391;0.24365
0.997738;0.432713;0.24365
0.973292;0.435923;0.229006
0.973495;0.439632;0.229006
0.973698;0.443341;0.229006
0.98547;0.435484;0.236328
0.98551;0.437685;0.236328
0.985551;0.439885;0.236328
0.997695;0.435039;0.24365
0.997682;0.435711;0.24365
0.99767;0.436382;0.24365
1.00198;0.418068;0.245893
1.00174;0.425391;0.245893
1.00151;0.432713;0.245893
1.00265;0.418068;0.246278
1.0024;0.425391;0.246278
1.00216;0.432713;0.246278
1.00333;0.418068;0.246663
1.00306;0.425391;0.246663
1.0028;0.432713;0.246663
1.00708;0.417935;0.248793
1.00675;0.424799;0.248793
1.00643;0.431663;0.248793
1.01928;0.417472;0.255731
1.01883;0.422746;0.255731
1.0184;0.428019;0.255731
1.03147;0.417003;0.262669
1.03102;0.420663;0.262669
1.03059;0.424323;0.262669
1.00144;0.434901;0.245893
1.00144;0.435099;0.245893
1.00143;0.435296;0.245893
1.00209;0.434876;0.246278
1.00208;0.434987;0.246278
1.00208;0.435099;0.246278
1.00273;0.434851;0.246663
1.00273;0.434876;0.246663
1.00273;0.434901;0.246663
1.04438;0.380256;0.266818
1.04317;0.387578;0.266818
1.04201;0.3949;0.266818
1.05851;0.380256;0.274141
1.05701;0.387578;0.274141
1.05555;0.3949;0.274141
1.07251;0.380256;0.281463
1.07071;0.387578;0.281463
1.06896;0.3949;0.281463
1.04006;0.399162;0.266118
1.03898;0.406484;0.266118
1.03793;0.413807;0.266118
1.04906;0.399162;0.271035
1.04779;0.406484;0.271035
1.04655;0.413807;0.271035
1.05801;0.399162;0.275952
1.05654;0.406484;0.275952
1.05511;0.413807;0.275952
1.06188;0.399109;0.278082
1.06036;0.406251;0.278082
1.05889;0.413393;0.278082
1.06626;0.398928;0.280488
1.06479;0.405446;0.280488
1.06336;0.411964;0.280488
1.07063;0.398746;0.282894
1.06923;0.404637;0.282894
1.06786;0.410528;0.282894
1.08059;0.380256;0.285725
1.07862;0.387578;0.285725
1.07669;0.3949;0.285725
1.09432;0.380256;0.293047
1.09205;0.387578;0.293047
1.08985;0.3949;0.293047
1.10784;0.380256;0.300369
1.10529;0.387578;0.300369
1.1028;0.3949;0.300369
1.07576;0.398522;0.285725
1.07447;0.403645;0.285725
1.07319;0.408769;0.285725
1.08895;0.397931;0.293047
1.08804;0.401022;0.293047
1.08715;0.404113;0.293047
1.10199;0.397329;0.300369
1.10165;0.398353;0.300369
1.10131;0.399377;0.300369
1.03751;0.416762;0.266118
1.03712;0.419593;0.266118
1.03673;0.422425;0.266118
1.04611;0.416404;0.271035
1.04585;0.418008;0.271035
1.04559;0.419612;0.271035
1.05468;0.416043;0.275952
1.05462;0.416407;0.275952
1.05455;0.41677;0.275952
0.861322;0.455881;0.152557
0.864223;0.463203;0.152557
0.867067;0.470525;0.152557
0.867367;0.455881;0.15705
0.870131;0.463203;0.15705
0.872842;0.470525;0.15705
0.873513;0.455881;0.161543
0.87614;0.463203;0.161543
0.878715;0.470525;0.161543
0.876451;0.455849;0.163673
0.878974;0.463063;0.163673
0.881449;0.470276;0.163673
0.880364;0.45574;0.166503
0.882674;0.462578;0.166503
0.884944;0.469417;0.166503
0.884315;0.45563;0.169333
0.886421;0.462092;0.169333
0.888492;0.468554;0.169333
0.868033;0.473048;0.152557
0.868546;0.474394;0.152557
0.869058;0.475739;0.152557
0.873702;0.472878;0.15705
0.873978;0.473638;0.15705
0.874255;0.474398;0.15705
0.879473;0.472706;0.161543
0.879533;0.472878;0.161543
0.879592;0.47305;0.161543
0.888477;0.455507;0.172287
0.890369;0.461545;0.172287
0.892232;0.467583;0.172287
0.898957;0.455191;0.179609
0.900351;0.460141;0.179609
0.901729;0.465092;0.179609
0.909655;0.454871;0.186932
0.910616;0.458722;0.186932
0.911568;0.462574;0.186932
0.915972;0.454675;0.191193
0.916704;0.457852;0.191193
0.917431;0.46103;0.191193
0.926965;0.45432;0.198516
0.927352;0.456279;0.198516
0.927737;0.458239;0.198516
0.93812;0.453961;0.205838
0.938239;0.454688;0.205838
0.938358;0.455415;0.205838
0.941739;0.453844;0.208193
0.941788;0.454169;0.208193
0.941838;0.454493;0.208193
0.942926;0.453803;0.208965
0.942954;0.453986;0.208965
0.942981;0.454169;0.208965
0.944116;0.453762;0.209736
0.944122;0.453803;0.209736
0.944128;0.453844;0.209736
1.4086;0.00213077;0.304631
1.39849;0.00945312;0.304631
1.38864;0.0167755;0.304631
1.44665;0.00213077;0.311953
1.43581;0.00945312;0.311953
1.42524;0.0167755;0.311953
1.48396;0.00213077;0.319275
1.47239;0.00945312;0.319275
1.46111;0.0167755;0.319275
1.38303;0.021037;0.304631
1.37357;0.0283594;0.304631
1.36436;0.0356817;0.304631
1.41921;0.021037;0.311953
1.40905;0.0283594;0.311953
1.39914;0.0356817;0.311953
1.45467;0.021037;0.319275
1.44381;0.0283594;0.319275
1.43322;0.0356817;0.319275
1.5053;0.00213077;0.323537
1.49332;0.00945312;0.323537
1.48162;0.0167755;0.323537
1.54128;0.00213077;0.330859
1.52859;0.00945312;0.330859
1.5162;0.0167755;0.330859
1.57633;0.00213077;0.338182
1.56294;0.00945312;0.338182
1.54988;0.0167755;0.338182
1.47495;0.021037;0.323537
1.46369;0.0283594;0.323537
1.45271;0.0356817;0.323537
1.50913;0.021037;0.330859
1.4972;0.0283594;0.330859
1.48556;0.0356817;0.330859
1.54241;0.021037;0.338182
1.52983;0.0283594;0.338182
1.51754;0.0356817;0.338182
1.35911;0.0399433;0.304631
1.35026;0.0472656;0.304631
1.34164;0.054588;0.304631
1.39349;0.0399433;0.311953
1.38397;0.0472656;0.311953
1.37468;0.054588;0.311953
1.42718;0.0399433;0.319275
1.417;0.0472656;0.319275
1.40706;0.054588;0.319275
1.33672;0.0588495;0.304631
1.32844;0.0661719;0.304631
1.32037;0.0734942;0.304631
1.36939;0.0588495;0.311953
1.36046;0.0661719;0.311953
1.35176;0.0734942;0.311953
1.40139;0.0588495;0.319275
1.39183;0.0661719;0.319275
1.38251;0.0734942;0.319275
1.44645;0.0399433;0.323537
1.43588;0.0472656;0.323537
1.42557;0.054588;0.323537
1.47891;0.0399433;0.330859
1.4677;0.0472656;0.330859
1.45676;0.054588;0.330859
1.51052;0.0399433;0.338182
1.49868;0.0472656;0.338182
1.48713;0.054588;0.338182
1.41969;0.0588495;0.323537
1.40977;0.0661719;0.323537
1.40009;0.0734942;0.323537
1.45051;0.0588495;0.330859
1.43998;0.0661719;0.330859
1.4297;0.0734942;0.330859
1.48052;0.0588495;0.338182
1.46939;0.0661719;0.338182
1.45852;0.0734942;0.338182
1.59626;0.00213077;0.342443
1.58249;0.00945312;0.342443
1.56903;0.0167755;0.342443
1.62969;0.00213077;0.349766
1.61525;0.00945312;0.349766
1.60114;0.0167755;0.349766
1.662;0.00213077;0.357088
1.64691;0.00945312;0.357088
1.63218;0.0167755;0.357088
1.56135;0.021037;0.342443
1.54839;0.0283594;0.342443
1.53573;0.0356817;0.342443
1.59308;0.021037;0.349766
1.57949;0.0283594;0.349766
1.56621;0.0356817;0.349766
1.62376;0.021037;0.357088
1.60955;0.0283594;0.357088
1.59567;0.0356817;0.357088
1.68026;0.00213077;0.36135
1.66481;0.00945312;0.36135
1.64972;0.0167755;0.36135
1.71068;0.00213077;0.368672
1.69462;0.00945312;0.368672
1.67893;0.0167755;0.368672
1.73981;0.00213077;0.375994
1.72317;0.00945312;0.375994
1.70691;0.0167755;0.375994
1.64109;0.021037;0.36135
1.62654;0.0283594;0.36135
1.61232;0.0356817;0.36135
1.66996;0.021037;0.368672
1.65483;0.0283594;0.368672
1.64004;0.0356817;0.368672
1.69761;0.021037;0.375994
1.68192;0.0283594;0.375994
1.66658;0.0356817;0.375994
1.5285;0.0399433;0.342443
1.5163;0.0472656;0.342443
1.50439;0.054588;0.342443
1.55862;0.0399433;0.349766
1.54583;0.0472656;0.349766
1.53333;0.054588;0.349766
1.58774;0.0399433;0.357088
1.57436;0.0472656;0.357088
1.56128;0.054588;0.357088
1.49759;0.0588495;0.342443
1.48612;0.0661719;0.342443
1.47491;0.0734942;0.342443
1.52618;0.0588495;0.349766
1.51414;0.0661719;0.349766
1.50237;0.0734942;0.349766
1.55381;0.0588495;0.357088
1.54121;0.0661719;0.357088
1.5289;0.0734942;0.357088
1.60419;0.0399433;0.36135
1.59048;0.0472656;0.36135
1.57708;0.054588;0.36135
1.63158;0.0399433;0.368672
1.61732;0.0472656;0.368672
1.60338;0.054588;0.368672
1.65782;0.0399433;0.375994
1.64303;0.0472656;0.375994
1.62857;0.054588;0.375994
1.56943;0.0588495;0.36135
1.55651;0.0661719;0.36135
1.54389;0.0734942;0.36135
1.59542;0.0588495;0.368672
1.58198;0.0661719;0.368672
1.56884;0.0734942;0.368672
1.62031;0.0588495;0.375994
1.60636;0.0661719;0.375994
1.59273;0.0734942;0.375994
1.31577;0.0777558;0.304631
1.30803;0.0850781;0.304631
1.30048;0.0924005;0.304631
1.3468;0.0777558;0.311953
1.33844;0.0850781;0.311953
1.33028;0.0924005;0.311953
1.37719;0.0777558;0.319275
1.36822;0.0850781;0.319275
1.35947;0.0924005;0.319275
1.29617;0.096662;0.304631
1.28892;0.103984;0.304631
1.28186;0.111307;0.304631
1.32563;0.096662;0.311953
1.31779;0.103984;0.311953
1.31015;0.111307;0.311953
1.35448;0.096662;0.319275
1.34607;0.103984;0.319275
1.33786;0.111307;0.319275
1.39456;0.0777558;0.323537
1.38525;0.0850781;0.323537
1.37616;0.0924005;0.323537
1.42383;0.0777558;0.330859
1.41393;0.0850781;0.330859
1.40427;0.0924005;0.330859
1.45231;0.0777558;0.338182
1.44184;0.0850781;0.338182
1.43162;0.0924005;0.338182
1.37097;0.096662;0.323537
1.36223;0.103984;0.323537
1.35369;0.111307;0.323537
1.39875;0.096662;0.330859
1.38945;0.103984;0.330859
1.38037;0.111307;0.330859
1.42578;0.096662;0.338182
1.41594;0.103984;0.338182
1.40632;0.111307;0.338182
1.27783;0.115568;0.304631
1.27105;0.122891;0.304631
1.26444;0.130213;0.304631
1.30579;0.115568;0.311953
1.29845;0.122891;0.311953
1.29129;0.130213;0.311953
1.33317;0.115568;0.319275
1.32528;0.122891;0.319275
1.31758;0.130213;0.319275
1.26067;0.134475;0.304631
1.25432;0.141797;0.304631
1.24813;0.149119;0.304631
1.2872;0.134475;0.311953
1.28032;0.141797;0.311953
1.27361;0.149119;0.311953
1.31318;0.134475;0.319275
1.30577;0.141797;0.319275
1.29855;0.149119;0.319275
1.34882;0.115568;0.323537
1.34061;0.122891;0.323537
1.3326;0.130213;0.323537
1.37518;0.115568;0.330859
1.36644;0.122891;0.330859
1.35791;0.130213;0.330859
1.40083;0.115568;0.338182
1.39157;0.122891;0.338182
1.38253;0.130213;0.338182
1.32803;0.134475;0.323537
1.32032;0.141797;0.323537
1.3128;0.149119;0.323537
1.35304;0.134475;0.330859
1.34482;0.141797;0.330859
1.3368;0.149119;0.330859
1.37737;0.134475;0.338182
1.36866;0.141797;0.338182
1.36016;0.149119;0.338182
1.46851;0.0777558;0.342443
1.45772;0.0850781;0.342443
1.44717;0.0924005;0.342443
1.49565;0.0777558;0.349766
1.48431;0.0850781;0.349766
1.47323;0.0924005;0.349766
1.52186;0.0777558;0.357088
1.50999;0.0850781;0.357088
1.4984;0.0924005;0.357088
1.44115;0.096662;0.342443
1.431;0.103984;0.342443
1.42108;0.111307;0.342443
1.4669;0.096662;0.349766
1.45622;0.103984;0.349766
1.4458;0.111307;0.349766
1.49177;0.096662;0.357088
1.48059;0.103984;0.357088
1.46967;0.111307;0.357088
1.53668;0.0777558;0.36135
1.52451;0.0850781;0.36135
1.51262;0.0924005;0.36135
1.56133;0.0777558;0.368672
1.54867;0.0850781;0.368672
1.53629;0.0924005;0.368672
1.58494;0.0777558;0.375994
1.5718;0.0850781;0.375994
1.55895;0.0924005;0.375994
1.50582;0.096662;0.36135
1.49436;0.103984;0.36135
1.48316;0.111307;0.36135
1.52921;0.096662;0.368672
1.51728;0.103984;0.368672
1.50561;0.111307;0.368672
1.55161;0.096662;0.375994
1.53921;0.103984;0.375994
1.5271;0.111307;0.375994
1.41541;0.115568;0.342443
1.40586;0.122891;0.342443
1.39653;0.130213;0.342443
1.43984;0.115568;0.349766
1.42979;0.122891;0.349766
1.41997;0.130213;0.349766
1.46343;0.115568;0.357088
1.4529;0.122891;0.357088
1.44262;0.130213;0.357088
1.3912;0.134475;0.342443
1.38221;0.141797;0.342443
1.37343;0.149119;0.342443
1.41437;0.134475;0.349766
1.40491;0.141797;0.349766
1.39567;0.149119;0.349766
1.43674;0.134475;0.357088
1.42683;0.141797;0.357088
1.41714;0.149119;0.357088
1.47676;0.115568;0.36135
1.46596;0.122891;0.36135
1.45541;0.130213;0.36135
1.49894;0.115568;0.368672
1.48769;0.122891;0.368672
1.4767;0.130213;0.368672
1.52018;0.115568;0.375994
1.5085;0.122891;0.375994
1.49708;0.130213;0.375994
1.44938;0.134475;0.36135
1.43921;0.141797;0.36135
1.42927;0.149119;0.36135
1.47042;0.134475;0.368672
1.45982;0.141797;0.368672
1.44946;0.149119;0.368672
1.49055;0.134475;0.375994
1.47954;0.141797;0.375994
1.46878;0.149119;0.375994
1.75616;0.00213077;0.380256
1.73919;0.00945312;0.380256
1.7226;0.0167755;0.380256
1.78316;0.00213077;0.387578
1.76564;0.00945312;0.387578
1.74852;0.0167755;0.387578
1.80872;0.00213077;0.3949
1.79069;0.00945312;0.3949
1.77306;0.0167755;0.3949
1.71312;0.021037;0.380256
1.69712;0.0283594;0.380256
1.68147;0.0356817;0.380256
1.73873;0.021037;0.387578
1.72221;0.0283594;0.387578
1.70606;0.0356817;0.387578
1.76298;0.021037;0.3949
1.74597;0.0283594;0.3949
1.72934;0.0356817;0.3949
1.82293;0.00213077;0.399162
1.80461;0.00945312;0.399162
1.7867;0.0167755;0.399162
1.84614;0.00213077;0.406484
1.82734;0.00945312;0.406484
1.80897;0.0167755;0.406484
1.86779;0.00213077;0.413807
1.84856;0.00945312;0.413807
1.82975;0.0167755;0.413807
1.77646;0.021037;0.399162
1.75917;0.0283594;0.399162
1.74227;0.0356817;0.399162
1.79847;0.021037;0.406484
1.78074;0.0283594;0.406484
1.7634;0.0356817;0.406484
1.819;0.021037;0.413807
1.80085;0.0283594;0.413807
1.78311;0.0356817;0.413807
1.67253;0.0399433;0.380256
1.65744;0.0472656;0.380256
1.64269;0.054588;0.380256
1.69683;0.0399433;0.387578
1.68125;0.0472656;0.387578
1.66602;0.054588;0.387578
1.71983;0.0399433;0.3949
1.70379;0.0472656;0.3949
1.6881;0.054588;0.3949
1.63426;0.0588495;0.380256
1.62004;0.0661719;0.380256
1.60613;0.0734942;0.380256
1.65731;0.0588495;0.387578
1.64262;0.0661719;0.387578
1.62825;0.0734942;0.387578
1.67913;0.0588495;0.3949
1.66399;0.0661719;0.3949
1.64919;0.0734942;0.3949
1.73261;0.0399433;0.399162
1.71631;0.0472656;0.399162
1.70036;0.054588;0.399162
1.75349;0.0399433;0.406484
1.73676;0.0472656;0.406484
1.7204;0.054588;0.406484
1.77296;0.0399433;0.413807
1.75583;0.0472656;0.413807
1.73908;0.054588;0.413807
1.69125;0.0588495;0.399162
1.67586;0.0661719;0.399162
1.66082;0.0734942;0.399162
1.71104;0.0588495;0.406484
1.69526;0.0661719;0.406484
1.67982;0.0734942;0.406484
1.72951;0.0588495;0.413807
1.71335;0.0661719;0.413807
1.69754;0.0734942;0.413807
1.87965;0.00213077;0.418068
1.86018;0.00945312;0.418068
1.84114;0.0167755;0.418068
1.89876;0.00213077;0.425391
1.8789;0.00945312;0.425391
1.85947;0.0167755;0.425391
1.91619;0.00213077;0.432713
1.89598;0.00945312;0.432713
1.87621;0.0167755;0.432713
1.83025;0.021037;0.418068
1.81188;0.0283594;0.418068
1.79391;0.0356817;0.418068
1.84837;0.021037;0.425391
1.82962;0.0283594;0.425391
1.81129;0.0356817;0.425391
1.8649;0.021037;0.432713
1.84582;0.0283594;0.432713
1.82715;0.0356817;0.432713
1.92556;0.00213077;0.436975
1.90515;0.00945312;0.436975
1.8852;0.0167755;0.436975
1.9403;0.00213077;0.444297
1.91959;0.00945312;0.444297
1.89934;0.0167755;0.444297
1.95328;0.00213077;0.451619
1.93231;0.00945312;0.451619
1.91179;0.0167755;0.451619
1.87378;0.021037;0.436975
1.85452;0.0283594;0.436975
1.83568;0.0356817;0.436975
1.88775;0.021037;0.444297
1.8682;0.0283594;0.444297
1.84908;0.0356817;0.444297
1.90006;0.021037;0.451619
1.88026;0.0283594;0.451619
1.86089;0.0356817;0.451619
1.78363;0.0399433;0.418068
1.76629;0.0472656;0.418068
1.74932;0.054588;0.418068
1.80081;0.0399433;0.425391
1.78311;0.0472656;0.425391
1.76581;0.054588;0.425391
1.81648;0.0399433;0.432713
1.79847;0.0472656;0.432713
1.78085;0.054588;0.432713
1.73963;0.0588495;0.418068
1.72326;0.0661719;0.418068
1.70725;0.0734942;0.418068
1.75591;0.0588495;0.425391
1.73921;0.0661719;0.425391
1.72288;0.0734942;0.425391
1.77077;0.0588495;0.432713
1.75377;0.0661719;0.432713
1.73714;0.0734942;0.432713
1.8249;0.0399433;0.436975
1.80672;0.0472656;0.436975
1.78893;0.054588;0.436975
1.83815;0.0399433;0.444297
1.81969;0.0472656;0.444297
1.80164;0.054588;0.444297
1.84982;0.0399433;0.451619
1.83112;0.0472656;0.451619
1.81283;0.054588;0.451619
1.77876;0.0588495;0.436975
1.76159;0.0661719;0.436975
1.7448;0.0734942;0.436975
1.79131;0.0588495;0.444297
1.77389;0.0661719;0.444297
1.75684;0.0734942;0.444297
1.80238;0.0588495;0.451619
1.78472;0.0661719;0.451619
1.76746;0.0734942;0.451619
1.59818;0.0777558;0.380256
1.58477;0.0850781;0.380256
1.57166;0.0924005;0.380256
1.62004;0.0777558;0.387578
1.60618;0.0850781;0.387578
1.59263;0.0924005;0.387578
1.64073;0.0777558;0.3949
1.62645;0.0850781;0.3949
1.61249;0.0924005;0.3949
1.56416;0.096662;0.380256
1.55151;0.103984;0.380256
1.53915;0.111307;0.380256
1.58489;0.096662;0.387578
1.57182;0.103984;0.387578
1.55904;0.111307;0.387578
1.60451;0.096662;0.3949
1.59104;0.103984;0.3949
1.57788;0.111307;0.3949
1.65223;0.0777558;0.399162
1.63771;0.0850781;0.399162
1.62352;0.0924005;0.399162
1.671;0.0777558;0.406484
1.6561;0.0850781;0.406484
1.64154;0.0924005;0.406484
1.6885;0.0777558;0.413807
1.67325;0.0850781;0.413807
1.65834;0.0924005;0.413807
1.61541;0.096662;0.399162
1.60172;0.103984;0.399162
1.58833;0.111307;0.399162
1.63321;0.096662;0.406484
1.61915;0.103984;0.406484
1.60541;0.111307;0.406484
1.64981;0.096662;0.413807
1.63541;0.103984;0.413807
1.62134;0.111307;0.413807
1.53209;0.115568;0.380256
1.52016;0.122891;0.380256
1.50851;0.130213;0.380256
1.55174;0.115568;0.387578
1.53942;0.122891;0.387578
1.52737;0.130213;0.387578
1.57035;0.115568;0.3949
1.55764;0.122891;0.3949
1.54522;0.130213;0.3949
1.50184;0.134475;0.380256
1.4906;0.141797;0.380256
1.47961;0.149119;0.380256
1.52048;0.134475;0.387578
1.50886;0.141797;0.387578
1.49749;0.149119;0.387578
1.53812;0.134475;0.3949
1.52614;0.141797;0.3949
1.51442;0.149119;0.3949
1.58068;0.115568;0.399162
1.56776;0.122891;0.399162
1.55513;0.130213;0.399162
1.59755;0.115568;0.406484
1.58429;0.122891;0.406484
1.57132;0.130213;0.406484
1.61329;0.115568;0.413807
1.59971;0.122891;0.413807
1.58642;0.130213;0.413807
1.54791;0.134475;0.399162
1.53573;0.141797;0.399162
1.52382;0.149119;0.399162
1.56391;0.134475;0.406484
1.5514;0.141797;0.406484
1.53916;0.149119;0.406484
1.57883;0.134475;0.413807
1.56601;0.141797;0.413807
1.55347;0.149119;0.413807
1.6981;0.0777558;0.418068
1.68265;0.0850781;0.418068
1.66754;0.0924005;0.418068
1.71354;0.0777558;0.425391
1.69777;0.0850781;0.425391
1.68235;0.0924005;0.425391
1.72763;0.0777558;0.432713
1.71157;0.0850781;0.432713
1.69587;0.0924005;0.432713
1.6589;0.096662;0.418068
1.64432;0.103984;0.418068
1.63006;0.111307;0.418068
1.67354;0.096662;0.425391
1.65866;0.103984;0.425391
1.64411;0.111307;0.425391
1.6869;0.096662;0.432713
1.67174;0.103984;0.432713
1.65692;0.111307;0.432713
1.7352;0.0777558;0.436975
1.71899;0.0850781;0.436975
1.70314;0.0924005;0.436975
1.7471;0.0777558;0.444297
1.73064;0.0850781;0.444297
1.71455;0.0924005;0.444297
1.75758;0.0777558;0.451619
1.74092;0.0850781;0.451619
1.72462;0.0924005;0.451619
1.69407;0.096662;0.436975
1.67877;0.103984;0.436975
1.66381;0.111307;0.436975
1.70535;0.096662;0.444297
1.68982;0.103984;0.444297
1.67463;0.111307;0.444297
1.71529;0.096662;0.451619
1.69956;0.103984;0.451619
1.68417;0.111307;0.451619
1.62191;0.115568;0.418068
1.60815;0.122891;0.418068
1.5947;0.130213;0.418068
1.63579;0.115568;0.425391
1.62174;0.122891;0.425391
1.60801;0.130213;0.425391
1.64845;0.115568;0.432713
1.63414;0.122891;0.432713
1.62015;0.130213;0.432713
1.587;0.134475;0.418068
1.57401;0.141797;0.418068
1.56132;0.149119;0.418068
1.60015;0.134475;0.425391
1.5869;0.141797;0.425391
1.57393;0.149119;0.425391
1.61215;0.134475;0.432713
1.59865;0.141797;0.432713
1.58545;0.149119;0.432713
1.65525;0.115568;0.436975
1.6408;0.122891;0.436975
1.62668;0.130213;0.436975
1.66594;0.115568;0.444297
1.65128;0.122891;0.444297
1.63694;0.130213;0.444297
1.67536;0.115568;0.451619
1.66051;0.122891;0.451619
1.64598;0.130213;0.451619
1.6186;0.134475;0.436975
1.60496;0.141797;0.436975
1.59163;0.149119;0.436975
1.62874;0.134475;0.444297
1.61489;0.141797;0.444297
1.60135;0.149119;0.444297
1.63767;0.134475;0.451619
1.62364;0.141797;0.451619
1.60992;0.149119;0.451619
1.2446;0.153381;0.304631
1.23866;0.160703;0.304631
1.23287;0.168025;0.304631
1.26978;0.153381;0.311953
1.26332;0.160703;0.311953
1.25703;0.168025;0.311953
1.29442;0.153381;0.319275
1.28747;0.160703;0.319275
1.28069;0.168025;0.319275
1.22957;0.172287;0.304631
1.22401;0.179609;0.304631
1.21859;0.186932;0.304631
1.25344;0.172287;0.311953
1.2474;0.179609;0.311953
1.2415;0.186932;0.311953
1.27682;0.172287;0.319275
1.27029;0.179609;0.319275
1.26393;0.186932;0.319275
1.3085;0.153381;0.323537
1.30127;0.160703;0.323537
1.2942;0.168025;0.323537
1.33222;0.153381;0.330859
1.3245;0.160703;0.330859
1.31697;0.168025;0.330859
1.3553;0.153381;0.338182
1.34711;0.160703;0.338182
1.33911;0.168025;0.338182
1.29017;0.172287;0.323537
1.28338;0.179609;0.323537
1.27674;0.186932;0.323537
1.31266;0.172287;0.330859
1.30541;0.179609;0.330859
1.29833;0.186932;0.330859
1.33455;0.172287;0.338182
1.32684;0.179609;0.338182
1.31932;0.186932;0.338182
1.2155;0.191193;0.304631
1.21029;0.198516;0.304631
1.20522;0.205838;0.304631
1.23813;0.191193;0.311953
1.23246;0.198516;0.311953
1.22694;0.205838;0.311953
1.26029;0.191193;0.319275
1.25417;0.198516;0.319275
1.2482;0.205838;0.319275
1.20232;0.2101;0.304631
1.19745;0.217422;0.304631
1.1927;0.224744;0.304631
1.22378;0.2101;0.311953
1.21847;0.217422;0.311953
1.21328;0.224744;0.311953
1.24479;0.2101;0.319275
1.23904;0.217422;0.319275
1.23343;0.224744;0.319275
1.27296;0.191193;0.323537
1.26657;0.198516;0.323537
1.26035;0.205838;0.323537
1.29428;0.191193;0.330859
1.28746;0.198516;0.330859
1.28081;0.205838;0.330859
1.31503;0.191193;0.338182
1.30778;0.198516;0.338182
1.30071;0.205838;0.338182
1.25679;0.2101;0.323537
1.2508;0.217422;0.323537
1.24495;0.224744;0.323537
1.277;0.2101;0.330859
1.2706;0.217422;0.330859
1.26434;0.224744;0.330859
1.29667;0.2101;0.338182
1.28985;0.217422;0.338182
1.2832;0.224744;0.338182
1.36842;0.153381;0.342443
1.35996;0.160703;0.342443
1.3517;0.168025;0.342443
1.39039;0.153381;0.349766
1.38148;0.160703;0.349766
1.37278;0.168025;0.349766
1.4116;0.153381;0.357088
1.40227;0.160703;0.357088
1.39314;0.168025;0.357088
1.34698;0.172287;0.342443
1.33903;0.179609;0.342443
1.33126;0.186932;0.342443
1.36781;0.172287;0.349766
1.35943;0.179609;0.349766
1.35124;0.186932;0.349766
1.38793;0.172287;0.357088
1.37914;0.179609;0.357088
1.37054;0.186932;0.357088
1.42359;0.153381;0.36135
1.41401;0.160703;0.36135
1.40464;0.168025;0.36135
1.44354;0.153381;0.368672
1.43355;0.160703;0.368672
1.42378;0.168025;0.368672
1.46263;0.153381;0.375994
1.45225;0.160703;0.375994
1.4421;0.168025;0.375994
1.39929;0.172287;0.36135
1.39027;0.179609;0.36135
1.38145;0.186932;0.36135
1.4182;0.172287;0.368672
1.40879;0.179609;0.368672
1.39959;0.186932;0.368672
1.4363;0.172287;0.375994
1.42652;0.179609;0.375994
1.41695;0.186932;0.375994
1.32682;0.191193;0.342443
1.31933;0.198516;0.342443
1.31202;0.205838;0.342443
1.34657;0.191193;0.349766
1.33867;0.198516;0.349766
1.33097;0.205838;0.349766
1.36563;0.191193;0.357088
1.35735;0.198516;0.357088
1.34926;0.205838;0.357088
1.30784;0.2101;0.342443
1.3008;0.217422;0.342443
1.29392;0.224744;0.342443
1.32656;0.2101;0.349766
1.31913;0.217422;0.349766
1.31188;0.224744;0.349766
1.34464;0.2101;0.357088
1.33683;0.217422;0.357088
1.32921;0.224744;0.357088
1.37641;0.191193;0.36135
1.3679;0.198516;0.36135
1.35959;0.205838;0.36135
1.39433;0.191193;0.368672
1.38546;0.198516;0.368672
1.37679;0.205838;0.368672
1.41148;0.191193;0.375994
1.40226;0.198516;0.375994
1.39324;0.205838;0.375994
1.35484;0.2101;0.36135
1.34683;0.217422;0.36135
1.33901;0.224744;0.36135
1.37183;0.2101;0.368672
1.36347;0.217422;0.368672
1.3553;0.224744;0.368672
1.38809;0.2101;0.375994
1.37939;0.217422;0.375994
1.37089;0.224744;0.375994
1.18999;0.229006;0.304631
1.18542;0.236328;0.304631
1.18097;0.24365;0.304631
1.21032;0.229006;0.311953
1.20534;0.236328;0.311953
1.20048;0.24365;0.311953
1.23023;0.229006;0.319275
1.22484;0.236328;0.319275
1.21958;0.24365;0.319275
1.17844;0.247912;0.304631
1.17416;0.255234;0.304631
1.17;0.262557;0.304631
1.19771;0.247912;0.311953
1.19303;0.255234;0.311953
1.18847;0.262557;0.311953
1.21657;0.247912;0.319275
1.21151;0.255234;0.319275
1.20657;0.262557;0.319275
1.24161;0.229006;0.323537
1.23598;0.236328;0.323537
1.23049;0.24365;0.323537
1.26077;0.229006;0.330859
1.25474;0.236328;0.330859
1.24886;0.24365;0.330859
1.2794;0.229006;0.338182
1.27299;0.236328;0.338182
1.26673;0.24365;0.338182
1.22735;0.247912;0.323537
1.22206;0.255234;0.323537
1.2169;0.262557;0.323537
1.2455;0.247912;0.330859
1.23984;0.255234;0.330859
1.23431;0.262557;0.330859
1.26316;0.247912;0.338182
1.25713;0.255234;0.338182
1.25124;0.262557;0.338182
1.16762;0.266818;0.304631
1.16362;0.274141;0.304631
1.15971;0.281463;0.304631
1.18587;0.266818;0.311953
1.18149;0.274141;0.311953
1.17721;0.281463;0.311953
1.20374;0.266818;0.319275
1.19899;0.274141;0.319275
1.19435;0.281463;0.319275
1.15748;0.285725;0.304631
1.15373;0.293047;0.304631
1.15008;0.300369;0.304631
1.17477;0.285725;0.311953
1.17066;0.293047;0.311953
1.16665;0.300369;0.311953
1.1917;0.285725;0.319275
1.18724;0.293047;0.319275
1.18288;0.300369;0.319275
1.21396;0.266818;0.323537
1.20899;0.274141;0.323537
1.20414;0.281463;0.323537
1.23115;0.266818;0.330859
1.22583;0.274141;0.330859
1.22063;0.281463;0.330859
1.24788;0.266818;0.338182
1.24221;0.274141;0.338182
1.23667;0.281463;0.338182
1.20137;0.285725;0.323537
1.19671;0.293047;0.323537
1.19215;0.300369;0.323537
1.21766;0.285725;0.330859
1.21266;0.293047;0.330859
1.20777;0.300369;0.330859
1.23351;0.285725;0.338182
1.22817;0.293047;0.338182
1.22296;0.300369;0.338182
1.28999;0.229006;0.342443
1.28336;0.236328;0.342443
1.27689;0.24365;0.342443
1.30773;0.229006;0.349766
1.30074;0.236328;0.349766
1.2939;0.24365;0.349766
1.32486;0.229006;0.357088
1.31751;0.236328;0.357088
1.31033;0.24365;0.357088
1.27319;0.247912;0.342443
1.26696;0.255234;0.342443
1.26087;0.262557;0.342443
1.29;0.247912;0.349766
1.28342;0.255234;0.349766
1.27698;0.262557;0.349766
1.30623;0.247912;0.357088
1.29931;0.255234;0.357088
1.29255;0.262557;0.357088
1.33453;0.229006;0.36135
1.32699;0.236328;0.36135
1.31961;0.24365;0.36135
1.35063;0.229006;0.368672
1.34275;0.236328;0.368672
1.33505;0.24365;0.368672
1.36604;0.229006;0.375994
1.35784;0.236328;0.375994
1.34983;0.24365;0.375994
1.3154;0.247912;0.36135
1.30829;0.255234;0.36135
1.30134;0.262557;0.36135
1.33065;0.247912;0.368672
1.32322;0.255234;0.368672
1.31597;0.262557;0.368672
1.34525;0.247912;0.375994
1.33752;0.255234;0.375994
1.32996;0.262557;0.375994
1.25739;0.266818;0.342443
1.25152;0.274141;0.342443
1.24579;0.281463;0.342443
1.27331;0.266818;0.349766
1.26711;0.274141;0.349766
1.26105;0.281463;0.349766
1.28868;0.266818;0.357088
1.28217;0.274141;0.357088
1.2758;0.281463;0.357088
1.24251;0.285725;0.342443
1.23699;0.293047;0.342443
1.23159;0.300369;0.342443
1.25759;0.285725;0.349766
1.25176;0.293047;0.349766
1.24606;0.300369;0.349766
1.27216;0.285725;0.357088
1.26602;0.293047;0.357088
1.26002;0.300369;0.357088
1.29737;0.266818;0.36135
1.29067;0.274141;0.36135
1.28412;0.281463;0.36135
1.31182;0.266818;0.368672
1.30482;0.274141;0.368672
1.29798;0.281463;0.368672
1.32565;0.266818;0.375994
1.31836;0.274141;0.375994
1.31124;0.281463;0.375994
1.28038;0.285725;0.36135
1.27407;0.293047;0.36135
1.26791;0.300369;0.36135
1.29407;0.285725;0.368672
1.28748;0.293047;0.368672
1.28103;0.300369;0.368672
1.30717;0.285725;0.375994
1.3003;0.293047;0.375994
1.29359;0.300369;0.375994
1.47333;0.153381;0.380256
1.46273;0.160703;0.380256
1.45237;0.168025;0.380256
1.491;0.153381;0.387578
1.48004;0.160703;0.387578
1.46932;0.168025;0.387578
1.50772;0.153381;0.3949
1.49642;0.160703;0.3949
1.48536;0.168025;0.3949
1.44645;0.172287;0.380256
1.43645;0.179609;0.380256
1.42668;0.186932;0.380256
1.46319;0.172287;0.387578
1.45286;0.179609;0.387578
1.44275;0.186932;0.387578
1.47905;0.172287;0.3949
1.46838;0.179609;0.3949
1.45796;0.186932;0.3949
1.51701;0.153381;0.399162
1.50551;0.160703;0.399162
1.49427;0.168025;0.399162
1.53217;0.153381;0.406484
1.52036;0.160703;0.406484
1.50882;0.168025;0.406484
1.54631;0.153381;0.413807
1.53421;0.160703;0.413807
1.52238;0.168025;0.413807
1.48785;0.172287;0.399162
1.477;0.179609;0.399162
1.4664;0.186932;0.399162
1.50222;0.172287;0.406484
1.49108;0.179609;0.406484
1.48019;0.186932;0.406484
1.51562;0.172287;0.413807
1.5042;0.179609;0.413807
1.49304;0.186932;0.413807
1.4211;0.191193;0.380256
1.41168;0.198516;0.380256
1.40247;0.205838;0.380256
1.43697;0.191193;0.387578
1.42722;0.198516;0.387578
1.41769;0.205838;0.387578
1.452;0.191193;0.3949
1.44194;0.198516;0.3949
1.4321;0.205838;0.3949
1.3972;0.2101;0.380256
1.38832;0.217422;0.380256
1.37964;0.224744;0.380256
1.41225;0.2101;0.387578
1.40305;0.217422;0.387578
1.39406;0.224744;0.387578
1.42648;0.2101;0.3949
1.417;0.217422;0.3949
1.40772;0.224744;0.3949
1.46034;0.191193;0.399162
1.45011;0.198516;0.399162
1.44011;0.205838;0.399162
1.47396;0.191193;0.406484
1.46345;0.198516;0.406484
1.45317;0.205838;0.406484
1.48666;0.191193;0.413807
1.47589;0.198516;0.413807
1.46535;0.205838;0.413807
1.43439;0.2101;0.399162
1.42474;0.217422;0.399162
1.4153;0.224744;0.399162
1.44729;0.2101;0.406484
1.43738;0.217422;0.406484
1.42768;0.224744;0.406484
1.45933;0.2101;0.413807
1.44916;0.217422;0.413807
1.43922;0.224744;0.413807
1.55405;0.153381;0.418068
1.5418;0.160703;0.418068
1.52981;0.168025;0.418068
1.56652;0.153381;0.425391
1.55401;0.160703;0.425391
1.54177;0.168025;0.425391
1.57789;0.153381;0.432713
1.56515;0.160703;0.432713
1.55268;0.168025;0.432713
1.52296;0.172287;0.418068
1.51139;0.179609;0.418068
1.50008;0.186932;0.418068
1.53477;0.172287;0.425391
1.52296;0.179609;0.425391
1.51141;0.186932;0.425391
1.54555;0.172287;0.432713
1.53352;0.179609;0.432713
1.52176;0.186932;0.432713
1.584;0.153381;0.436975
1.57113;0.160703;0.436975
1.55854;0.168025;0.436975
1.59361;0.153381;0.444297
1.58054;0.160703;0.444297
1.56776;0.168025;0.444297
1.60207;0.153381;0.451619
1.58883;0.160703;0.451619
1.57587;0.168025;0.451619
1.55134;0.172287;0.436975
1.53919;0.179609;0.436975
1.52731;0.186932;0.436975
1.56045;0.172287;0.444297
1.54811;0.179609;0.444297
1.53604;0.186932;0.444297
1.56847;0.172287;0.451619
1.55596;0.179609;0.451619
1.54373;0.186932;0.451619
1.49362;0.191193;0.418068
1.4827;0.198516;0.418068
1.47203;0.205838;0.418068
1.50481;0.191193;0.425391
1.49366;0.198516;0.425391
1.48276;0.205838;0.425391
1.51503;0.191193;0.432713
1.50367;0.198516;0.432713
1.49256;0.205838;0.432713
1.46592;0.2101;0.418068
1.45562;0.217422;0.418068
1.44555;0.224744;0.418068
1.47653;0.2101;0.425391
1.46601;0.217422;0.425391
1.45572;0.224744;0.425391
1.48621;0.2101;0.432713
1.47549;0.217422;0.432713
1.465;0.224744;0.432713
1.52051;0.191193;0.436975
1.50904;0.198516;0.436975
1.49782;0.205838;0.436975
1.52914;0.191193;0.444297
1.51749;0.198516;0.444297
1.5061;0.205838;0.444297
1.53674;0.191193;0.451619
1.52493;0.198516;0.451619
1.51339;0.205838;0.451619
1.49427;0.208193;0.436975
1.50249;0.208193;0.444297
1.50973;0.208193;0.451619
1.49311;0.208965;0.436975
1.50131;0.208965;0.444297
1.50853;0.208965;0.451619
1.49195;0.209736;0.436975
1.50013;0.209736;0.444297
1.50734;0.209736;0.451619
1.48865;0.211867;0.436872
1.49643;0.211867;0.443841
1.50332;0.211867;0.45081
1.47859;0.218418;0.436516
1.48498;0.218418;0.442261
1.49079;0.218418;0.448006
1.46873;0.224969;0.436155
1.47373;0.224969;0.440663
1.47837;0.224969;0.44517
1.37467;0.229006;0.380256
1.3663;0.236328;0.380256
1.35811;0.24365;0.380256
1.38893;0.229006;0.387578
1.38026;0.236328;0.387578
1.37178;0.24365;0.387578
1.40242;0.229006;0.3949
1.39347;0.236328;0.3949
1.38472;0.24365;0.3949
1.35343;0.247912;0.380256
1.34553;0.255234;0.380256
1.33781;0.262557;0.380256
1.36693;0.247912;0.387578
1.35876;0.255234;0.387578
1.35076;0.262557;0.387578
1.37972;0.247912;0.3949
1.37127;0.255234;0.3949
1.36302;0.262557;0.3949
1.40991;0.229006;0.399162
1.4008;0.236328;0.399162
1.3919;0.24365;0.399162
1.42214;0.229006;0.406484
1.41278;0.236328;0.406484
1.40363;0.24365;0.406484
1.43354;0.229006;0.413807
1.42395;0.236328;0.413807
1.41456;0.24365;0.413807
1.38681;0.247912;0.399162
1.37822;0.255234;0.399162
1.36982;0.262557;0.399162
1.3984;0.247912;0.406484
1.38957;0.255234;0.406484
1.38094;0.262557;0.406484
1.4092;0.247912;0.413807
1.40015;0.255234;0.413807
1.3913;0.262557;0.413807
1.3334;0.266818;0.380256
1.32595;0.274141;0.380256
1.31867;0.281463;0.380256
1.34619;0.266818;0.387578
1.33848;0.274141;0.387578
1.33094;0.281463;0.387578
1.3583;0.266818;0.3949
1.35034;0.274141;0.3949
1.34255;0.281463;0.3949
1.31451;0.285725;0.380256
1.30749;0.293047;0.380256
1.30063;0.300369;0.380256
1.32663;0.285725;0.387578
1.31936;0.293047;0.387578
1.31225;0.300369;0.387578
1.3381;0.285725;0.3949
1.33059;0.293047;0.3949
1.32325;0.300369;0.3949
1.36581;0.266118;0.399162
1.37681;0.266118;0.406484
1.38706;0.266118;0.413807
1.36033;0.271035;0.399162
1.37118;0.271035;0.406484
1.38129;0.271035;0.413807
1.35494;0.275952;0.399162
1.36564;0.275952;0.406484
1.37561;0.275952;0.413807
1.35255;0.278082;0.399109
1.36293;0.278082;0.406251
1.37263;0.278082;0.413393
1.34969;0.280488;0.398928
1.35914;0.280488;0.405446
1.36803;0.280488;0.411964
1.34685;0.282894;0.398746
1.35537;0.282894;0.404637
1.36344;0.282894;0.410528
1.34353;0.285725;0.398522
1.35092;0.285725;0.403645
1.35797;0.285725;0.408769
1.33505;0.293047;0.397931
1.33947;0.293047;0.401022
1.34378;0.293047;0.404113
1.32675;0.300369;0.397329
1.32821;0.300369;0.398353
1.32965;0.300369;0.399377
1.43979;0.229006;0.418068
1.43006;0.236328;0.418068
1.42056;0.24365;0.418068
1.44984;0.229006;0.425391
1.43991;0.236328;0.425391
1.43019;0.24365;0.425391
1.45901;0.229006;0.432713
1.44889;0.236328;0.432713
1.43899;0.24365;0.432713
1.41769;0.245893;0.418068
1.42726;0.245893;0.425391
1.436;0.245893;0.432713
1.4172;0.246278;0.418068
1.42676;0.246278;0.425391
1.43549;0.246278;0.432713
1.41671;0.246663;0.418068
1.42626;0.246663;0.425391
1.43498;0.246663;0.432713
1.41382;0.248793;0.417935
1.42277;0.248793;0.424799
1.43098;0.248793;0.431663
1.40454;0.255731;0.417472
1.41137;0.255731;0.422746
1.41779;0.255731;0.428019
1.39544;0.262669;0.417003
1.40016;0.262669;0.420663
1.40468;0.262669;0.424323
1.46275;0.229006;0.435923
1.46685;0.229006;0.439632
1.47072;0.229006;0.443341
1.45206;0.236328;0.435484
1.45449;0.236328;0.437685
1.45683;0.236328;0.439885
1.4416;0.24365;0.435039
1.44234;0.24365;0.435711
1.44307;0.24365;0.436382
1.43845;0.245893;0.434901
1.43867;0.245893;0.435099
1.43888;0.245893;0.435296
1.43791;0.246278;0.434876
1.43803;0.246278;0.434987
1.43815;0.246278;0.435099
1.43737;0.246663;0.434851
1.4374;0.246663;0.434876
1.43742;0.246663;0.434901
1.39098;0.266118;0.416762
1.39463;0.266118;0.419593
1.39815;0.266118;0.422425
1.3847;0.271035;0.416404
1.38675;0.271035;0.418008
1.38877;0.271035;0.419612
1.37851;0.275952;0.416043
1.37897;0.275952;0.416407
1.37943;0.275952;0.41677
1.96002;0.00213077;0.455881
1.93891;0.00945312;0.455881
1.91826;0.0167755;0.455881
1.97019;0.00213077;0.463203
1.94887;0.00945312;0.463203
1.92802;0.0167755;0.463203
1.97854;0.00213077;0.470525
1.95705;0.00945312;0.470525
1.93603;0.0167755;0.470525
1.90646;0.021037;0.455881
1.88652;0.0283594;0.455881
1.86702;0.0356817;0.455881
1.91609;0.021037;0.463203
1.89596;0.0283594;0.463203
1.87627;0.0356817;0.463203
1.92401;0.021037;0.470525
1.90372;0.0283594;0.470525
1.88387;0.0356817;0.470525
1.98256;0.00213077;0.474787
1.96099;0.00945312;0.474787
1.93989;0.0167755;0.474787
1.98802;0.00213077;0.482109
1.96633;0.00945312;0.482109
1.94512;0.0167755;0.482109
1.99163;0.00213077;0.489432
1.96987;0.00945312;0.489432
1.94859;0.0167755;0.489432
1.92782;0.021037;0.474787
1.90745;0.0283594;0.474787
1.88753;0.0356817;0.474787
1.93299;0.021037;0.482109
1.91252;0.0283594;0.482109
1.89249;0.0356817;0.482109
1.93641;0.021037;0.489432
1.91587;0.0283594;0.489432
1.89577;0.0356817;0.489432
1.85588;0.0399433;0.455881
1.83705;0.0472656;0.455881
1.81865;0.054588;0.455881
1.86501;0.0399433;0.463203
1.846;0.0472656;0.463203
1.82741;0.054588;0.463203
1.87252;0.0399433;0.470525
1.85335;0.0472656;0.470525
1.83461;0.054588;0.470525
1.80812;0.0588495;0.455881
1.79035;0.0661719;0.455881
1.77297;0.0734942;0.455881
1.81678;0.0588495;0.463203
1.79883;0.0661719;0.463203
1.78127;0.0734942;0.463203
1.82389;0.0588495;0.470525
1.8058;0.0661719;0.470525
1.7881;0.0734942;0.470525
1.87613;0.0399433;0.474787
1.85689;0.0472656;0.474787
1.83808;0.054588;0.474787
1.88103;0.0399433;0.482109
1.8617;0.0472656;0.482109
1.84278;0.054588;0.482109
1.88428;0.0399433;0.489432
1.86487;0.0472656;0.489432
1.84589;0.054588;0.489432
1.82732;0.0588495;0.474787
1.80915;0.0661719;0.474787
1.79139;0.0734942;0.474787
1.83197;0.0588495;0.482109
1.8137;0.0661719;0.482109
1.79584;0.0734942;0.482109
1.83504;0.0588495;0.489432
1.81671;0.0661719;0.489432
1.79879;0.0734942;0.489432
1.99259;0.00213077;0.492509
1.99325;0.00213077;0.495761
1.99355;0.00213077;0.499013
1.97081;0.00945312;0.492493
1.97145;0.00945312;0.495692
1.97174;0.00945312;0.49889
1.9495;0.0167755;0.492478
1.95012;0.0167755;0.495623
1.95042;0.0167755;0.498767
1.93732;0.021037;0.492459
1.93792;0.021037;0.495542
1.93822;0.021037;0.498624
1.91674;0.0283594;0.492413
1.91731;0.0283594;0.495334
1.91761;0.0283594;0.498255
1.89661;0.0356817;0.492366
1.89715;0.0356817;0.495126
1.89746;0.0356817;0.497886
1.8851;0.0399433;0.492329
1.88562;0.0399433;0.494964
1.88592;0.0399433;0.497599
1.86566;0.0472656;0.492251
1.86613;0.0472656;0.494617
1.86644;0.0472656;0.496983
1.84664;0.054588;0.492172
1.84707;0.054588;0.494269
1.84736;0.054588;0.496365
1.83577;0.0588495;0.492118
1.83616;0.0588495;0.494025
1.83644;0.0588495;0.495933
1.81741;0.0661719;0.492008
1.81773;0.0661719;0.493537
1.81798;0.0661719;0.495067
1.79944;0.0734942;0.491897
1.79969;0.0734942;0.493048
1.7999;0.0734942;0.494198
1.76303;0.0777558;0.455881
1.74625;0.0850781;0.455881
1.72984;0.0924005;0.455881
1.77124;0.0777558;0.463203
1.75429;0.0850781;0.463203
1.73771;0.0924005;0.463203
1.77798;0.0777558;0.470525
1.76089;0.0850781;0.470525
1.74418;0.0924005;0.470525
1.72045;0.096662;0.455881
1.70461;0.103984;0.455881
1.68912;0.111307;0.455881
1.72823;0.096662;0.463203
1.71223;0.103984;0.463203
1.69658;0.111307;0.463203
1.73463;0.096662;0.470525
1.71849;0.103984;0.470525
1.70271;0.111307;0.470525
1.78212;0.0773793;0.474787
1.78653;0.0773793;0.482109
1.78944;0.0773793;0.489432
1.76795;0.0834081;0.474787
1.77229;0.0834081;0.482109
1.77515;0.0834081;0.489432
1.75404;0.0894368;0.474787
1.7583;0.0894368;0.482109
1.76112;0.0894368;0.489432
1.74918;0.0915676;0.47478
1.75341;0.0915676;0.482077
1.75621;0.0915676;0.489374
1.74623;0.0928612;0.474754
1.7504;0.0928612;0.481964
1.75319;0.0928612;0.489174
1.74329;0.0941548;0.474729
1.74741;0.0941548;0.481852
1.75018;0.0941548;0.488975
1.73763;0.096662;0.474671
1.74163;0.096662;0.481594
1.74437;0.096662;0.488517
1.72131;0.103984;0.474496
1.72497;0.103984;0.480817
1.7276;0.103984;0.487139
1.70536;0.111307;0.47432
1.70867;0.111307;0.480036
1.71115;0.111307;0.485752
1.68026;0.115568;0.455881
1.6653;0.122891;0.455881
1.65067;0.130213;0.455881
1.68763;0.115568;0.463203
1.67252;0.122891;0.463203
1.65774;0.130213;0.463203
1.69369;0.115568;0.470525
1.67845;0.122891;0.470525
1.66355;0.130213;0.470525
1.6423;0.134475;0.455881
1.62818;0.141797;0.455881
1.61436;0.149119;0.455881
1.64929;0.134475;0.463203
1.63502;0.141797;0.463203
1.62107;0.149119;0.463203
1.65503;0.134475;0.470525
1.64064;0.141797;0.470525
1.62657;0.149119;0.470525
1.69623;0.115568;0.474208
1.69932;0.115568;0.479539
1.7017;0.115568;0.484871
1.68081;0.122891;0.473999
1.6835;0.122891;0.478614
1.68566;0.122891;0.483228
1.66573;0.130213;0.473789
1.668;0.130213;0.477681
1.66991;0.130213;0.481573
1.6571;0.134475;0.473657
1.65911;0.134475;0.477096
1.66085;0.134475;0.480536
1.64253;0.141797;0.473414
1.64406;0.141797;0.476018
1.64543;0.141797;0.478622
1.62827;0.149119;0.473169
1.62931;0.149119;0.474931
1.63028;0.149119;0.476693
1.79007;0.0773793;0.491831
1.79027;0.0773793;0.492754
1.79045;0.0773793;0.493677
1.77574;0.0834081;0.491714
1.77586;0.0834081;0.492235
1.77597;0.0834081;0.492756
1.76168;0.0894368;0.491597
1.7617;0.0894368;0.491714
1.76173;0.0894368;0.491832
1.60798;0.152557;0.455881
1.61462;0.152557;0.463203
1.62008;0.152557;0.470525
1.59975;0.15705;0.455881
1.6063;0.15705;0.463203
1.61168;0.15705;0.470525
1.59162;0.161543;0.455881
1.59809;0.161543;0.463203
1.60341;0.161543;0.470525
1.58777;0.163673;0.455849
1.59412;0.163673;0.463063
1.59936;0.163673;0.470276
1.58264;0.166503;0.45574
1.58865;0.166503;0.462578
1.59368;0.166503;0.469417
1.57755;0.169333;0.45563
1.58323;0.169333;0.462092
1.58803;0.169333;0.468554
1.57228;0.172287;0.455507
1.57758;0.172287;0.461545
1.58212;0.172287;0.467583
1.5594;0.179609;0.455191
1.56375;0.179609;0.460141
1.56759;0.179609;0.465092
1.54681;0.186932;0.454871
1.55019;0.186932;0.458722
1.55327;0.186932;0.462574
1.62168;0.152557;0.473048
1.62248;0.152557;0.474394
1.62323;0.152557;0.475739
1.61316;0.15705;0.472878
1.61362;0.15705;0.473638
1.61406;0.15705;0.474398
1.60477;0.161543;0.472706
1.60487;0.161543;0.472878
1.60497;0.161543;0.47305
1.5396;0.191193;0.454675
1.54239;0.191193;0.457852
1.54497;0.191193;0.46103
1.52742;0.198516;0.45432
1.52914;0.198516;0.456279
1.53078;0.198516;0.458239
1.51551;0.205838;0.453961
1.51614;0.205838;0.454688
1.51677;0.205838;0.455415
1.51173;0.208193;0.453844
1.51201;0.208193;0.454169
1.5123;0.208193;0.454493
1.5105;0.208965;0.453803
1.51066;0.208965;0.453986
1.51082;0.208965;0.454169
1.50926;0.209736;0.453762
1.5093;0.209736;0.453803
1.50934;0.209736;0.453844
1.14799;0.304631;0.304631
1.14448;0.311953;0.304631
1.14105;0.319275;0.304631
1.16436;0.304631;0.311953
1.16051;0.311953;0.311953
1.15674;0.319275;0.311953
1.18039;0.304631;0.319275
1.1762;0.311953;0.319275
1.17211;0.319275;0.319275
1.13909;0.323537;0.304631
1.1358;0.330859;0.304631
1.13259;0.338182;0.304631
1.15459;0.323537;0.311953
1.15097;0.330859;0.311953
1.14744;0.338182;0.311953
1.16977;0.323537;0.319275
1.16583;0.330859;0.319275
1.16199;0.338182;0.319275
1.18955;0.304631;0.323537
1.18517;0.311953;0.323537
1.18089;0.319275;0.323537
1.20498;0.304631;0.330859
1.20027;0.311953;0.330859
1.19568;0.319275;0.330859
1.21998;0.304631;0.338182
1.21496;0.311953;0.338182
1.21006;0.319275;0.338182
1.17844;0.323537;0.323537
1.17432;0.330859;0.323537
1.1703;0.338182;0.323537
1.19305;0.323537;0.330859
1.18863;0.330859;0.330859
1.1843;0.338182;0.330859
1.20726;0.323537;0.338182
1.20254;0.330859;0.338182
1.19792;0.338182;0.338182
1.13075;0.342443;0.304631
1.12767;0.349766;0.304631
1.12465;0.357088;0.304631
1.14543;0.342443;0.311953
1.14203;0.349766;0.311953
1.13872;0.357088;0.311953
1.1598;0.342443;0.319275
1.1561;0.349766;0.319275
1.15249;0.357088;0.319275
1.12294;0.36135;0.304631
1.12004;0.368672;0.304631
1.11722;0.375994;0.304631
1.13682;0.36135;0.311953
1.13364;0.368672;0.311953
1.13052;0.375994;0.311953
1.15042;0.36135;0.319275
1.14695;0.368672;0.319275
1.14356;0.375994;0.319275
1.16801;0.342443;0.323537
1.16414;0.349766;0.323537
1.16036;0.357088;0.323537
1.18184;0.342443;0.330859
1.17767;0.349766;0.330859
1.17361;0.357088;0.330859
1.19529;0.342443;0.338182
1.19084;0.349766;0.338182
1.1865;0.357088;0.338182
1.15549;0.36135;0.322045
1.15191;0.368672;0.322045
1.14841;0.375994;0.322045
1.15947;0.36135;0.324241
1.1558;0.368672;0.324241
1.15223;0.375994;0.324241
1.16342;0.36135;0.326437
1.15967;0.368672;0.326437
1.15601;0.375994;0.326437
1.16731;0.361201;0.328568
1.16374;0.368014;0.328568
1.16025;0.374827;0.328568
1.17663;0.360687;0.333694
1.17384;0.365733;0.333694
1.1711;0.370779;0.333694
1.18581;0.360166;0.338821
1.18392;0.36342;0.338821
1.18205;0.366675;0.338821
1.22851;0.304631;0.342443
1.22331;0.311953;0.342443
1.21824;0.319275;0.342443
1.2428;0.304631;0.349766
1.2373;0.311953;0.349766
1.23193;0.319275;0.349766
1.25659;0.304631;0.357088
1.25081;0.311953;0.357088
1.24516;0.319275;0.357088
1.21534;0.323537;0.342443
1.21044;0.330859;0.342443
1.20567;0.338182;0.342443
1.22886;0.323537;0.349766
1.22369;0.330859;0.349766
1.21863;0.338182;0.349766
1.24193;0.323537;0.357088
1.23648;0.330859;0.357088
1.23115;0.338182;0.357088
1.26438;0.304631;0.36135
1.25844;0.311953;0.36135
1.25262;0.319275;0.36135
1.27735;0.304631;0.368672
1.27113;0.311953;0.368672
1.26505;0.319275;0.368672
1.28975;0.304631;0.375994
1.28328;0.311953;0.375994
1.27695;0.319275;0.375994
1.25046;0.322045;0.36135
1.26279;0.322045;0.368672
1.27459;0.322045;0.375994
1.24876;0.324241;0.36135
1.26101;0.324241;0.368672
1.27274;0.324241;0.375994
1.24707;0.326437;0.36135
1.25924;0.326437;0.368672
1.27089;0.326437;0.375994
1.24519;0.328568;0.361201
1.25647;0.328568;0.368014
1.26731;0.328568;0.374827
1.24046;0.333694;0.360687
1.24876;0.333694;0.365733
1.25682;0.333694;0.370779
1.23581;0.338821;0.360166
1.24113;0.338821;0.36342
1.24635;0.338821;0.366675
1.20063;0.342443;0.341149
1.19607;0.349766;0.341149
1.19162;0.357088;0.341149
1.20573;0.342443;0.344023
1.20107;0.349766;0.344023
1.19651;0.357088;0.344023
1.21078;0.342443;0.346897
1.20601;0.349766;0.346897
1.20135;0.357088;0.346897
1.21457;0.342299;0.349027
1.21004;0.349128;0.349027
1.20561;0.355956;0.349027
1.22251;0.341801;0.353476
1.21899;0.346918;0.353476
1.21553;0.352034;0.353476
1.23031;0.341297;0.357924
1.22791;0.344679;0.357924
1.22552;0.348062;0.357924
1.18992;0.359924;0.341149
1.18849;0.362348;0.341149
1.18706;0.364771;0.341149
1.19496;0.359618;0.344023
1.19413;0.360989;0.344023
1.1933;0.36236;0.344023
1.19995;0.359309;0.346897
1.19976;0.359619;0.346897
1.19957;0.359929;0.346897
1.23372;0.341149;0.359924
1.23766;0.341149;0.362348
1.24156;0.341149;0.364771
1.23114;0.344023;0.359618
1.23337;0.344023;0.360989
1.23557;0.344023;0.36236
1.22859;0.346897;0.359309
1.22909;0.346897;0.359619
1.22959;0.346897;0.359929
1.11202;0.380256;0.302657
1.10938;0.387578;0.302657
1.1068;0.3949;0.302657
1.113;0.380256;0.303197
1.11034;0.387578;0.303197
1.10775;0.3949;0.303197
1.11398;0.380256;0.303736
1.1113;0.387578;0.303736
1.10869;0.3949;0.303736
1.11791;0.380081;0.305867
1.11537;0.386801;0.305867
1.11289;0.393522;0.305867
1.13031;0.379472;0.31265
1.12839;0.384103;0.31265
1.1265;0.388734;0.31265
1.14253;0.378854;0.319433
1.1414;0.381358;0.319433
1.14027;0.383862;0.319433
1.10603;0.397139;0.302657
1.1059;0.397507;0.302657
1.10578;0.397876;0.302657
1.10698;0.397092;0.303197
1.10691;0.3973;0.303197
1.10684;0.397508;0.303197
1.10793;0.397045;0.303736
1.10792;0.397092;0.303736
1.1079;0.397139;0.303736
1.14718;0.37861;0.322045
1.1464;0.380279;0.322045
1.14563;0.381947;0.322045
1.15107;0.378399;0.324241
1.15062;0.379342;0.324241
1.15017;0.380285;0.324241
1.15493;0.378187;0.326437
1.15483;0.3784;0.326437
1.15472;0.378613;0.326437
1.29852;0.302657;0.380256
1.31006;0.302657;0.387578
1.32099;0.302657;0.3949
1.29802;0.303197;0.380256
1.30955;0.303197;0.387578
1.32045;0.303197;0.3949
1.29753;0.303736;0.380256
1.30903;0.303736;0.387578
1.31992;0.303736;0.3949
1.2953;0.305867;0.380081
1.30583;0.305867;0.386801
1.31585;0.305867;0.393522
1.28823;0.31265;0.379472
1.29543;0.31265;0.384103
1.3024;0.31265;0.388734
1.28131;0.319433;0.378854
1.28517;0.319433;0.381358
1.28897;0.319433;0.383862
1.27867;0.322045;0.37861
1.28124;0.322045;0.380279
1.28378;0.322045;0.381947
1.27647;0.324241;0.378399
1.27792;0.324241;0.379342
1.27935;0.324241;0.380285
1.27428;0.326437;0.378187
1.2746;0.326437;0.3784
1.27493;0.326437;0.378613
1.3242;0.302657;0.397139
1.32472;0.302657;0.397507
1.32524;0.302657;0.397876
1.3236;0.303197;0.397092
1.32389;0.303197;0.3973
1.32418;0.303197;0.397508
1.32299;0.303736;0.397045
1.32306;0.303736;0.397092
1.32313;0.303736;0.397139
